t,T_0.0,T_0.1,T_0.2,T_0.3,T_0.4,T_0.5,T_0.6,T_0.7,T_0.8,T_0.9,T_1.0,T_1.1,T_1.2,T_1.3,T_1.4,T_1.5,T_1.6,T_1.7,T_1.8,T_1.9,T_2.0,X_0.0,X_0.1,X_0.2,X_0.3,X_0.4,X_0.5,X_0.6,X_0.7,X_0.8,X_0.9,X_1.0,X_1.1,X_1.2,X_1.3,X_1.4,X_1.5,X_1.6,X_1.7,X_1.8,X_1.9,X_2.0
1.0000,28.0000,28.0000,28.0000,28.0000,28.0000,28.0000,28.0000,28.0000,28.0000,28.0000,28.0000,28.0000,28.0000,28.0000,28.0000,28.0000,28.0000,28.0000,28.0000,28.0000,28.0002,2.5500,2.5500,2.5500,2.5500,2.5500,2.5500,2.5500,2.5500,2.5500,2.5500,2.5500,2.5500,2.5500,2.5500,2.5500,2.5500,2.5500,2.5500,2.5500,2.5500,2.5177
2.0000,28.0000,28.0000,28.0000,28.0000,28.0000,28.0000,28.0000,28.0000,28.0000,28.0000,28.0000,28.0000,28.0000,28.0000,28.0000,28.0000,28.0000,28.0000,28.0000,28.0000,28.0005,2.5500,2.5500,2.5500,2.5500,2.5500,2.5500,2.5500,2.5500,2.5500,2.5500,2.5500,2.5500,2.5500,2.5500,2.5500,2.5500,2.5500,2.5500,2.5500,2.5500,2.5045
3.0000,28.0000,28.0000,28.0000,28.0000,28.0000,28.0000,28.0000,28.0000,28.0000,28.0000,28.0000,28.0000,28.0000,28.0000,28.0000,28.0000,28.0000,28.0000,28.0000,28.0001,28.0010,2.5500,2.5500,2.5500,2.5500,2.5500,2.5500,2.5500,2.5500,2.5500,2.5500,2.5500,2.5500,2.5500,2.5500,2.5500,2.5500,2.5500,2.5500,2.5500,2.5500,2.4944
4.0000,28.0000,28.0000,28.0000,28.0000,28.0000,28.0000,28.0000,28.0000,28.0000,28.0000,28.0000,28.0000,28.0000,28.0000,28.0000,28.0000,28.0000,28.0000,28.0000,28.0002,28.0015,2.5500,2.5500,2.5500,2.5500,2.5500,2.5500,2.5500,2.5500,2.5500,2.5500,2.5500,2.5500,2.5500,2.5500,2.5500,2.5500,2.5500,2.5500,2.5500,2.5500,2.4859
5.0000,28.0000,28.0000,28.0000,28.0000,28.0000,28.0000,28.0000,28.0000,28.0000,28.0000,28.0000,28.0000,28.0000,28.0000,28.0000,28.0000,28.0000,28.0000,28.0001,28.0004,28.0021,2.5500,2.5500,2.5500,2.5500,2.5500,2.5500,2.5500,2.5500,2.5500,2.5500,2.5500,2.5500,2.5500,2.5500,2.5500,2.5500,2.5500,2.5500,2.5500,2.5500,2.4785
6.0000,28.0000,28.0000,28.0000,28.0000,28.0000,28.0000,28.0000,28.0000,28.0000,28.0000,28.0000,28.0000,28.0000,28.0000,28.0000,28.0000,28.0000,28.0000,28.0001,28.0006,28.0027,2.5500,2.5500,2.5500,2.5500,2.5500,2.5500,2.5500,2.5500,2.5500,2.5500,2.5500,2.5500,2.5500,2.5500,2.5500,2.5500,2.5500,2.5500,2.5500,2.5500,2.4717
7.0000,28.0000,28.0000,28.0000,28.0000,28.0000,28.0000,28.0000,28.0000,28.0000,28.0000,28.0000,28.0000,28.0000,28.0000,28.0000,28.0000,28.0000,28.0000,28.0002,28.0009,28.0034,2.5500,2.5500,2.5500,2.5500,2.5500,2.5500,2.5500,2.5500,2.5500,2.5500,2.5500,2.5500,2.5500,2.5500,2.5500,2.5500,2.5500,2.5500,2.5500,2.5500,2.4656
8.0000,28.0000,28.0000,28.0000,28.0000,28.0000,28.0000,28.0000,28.0000,28.0000,28.0000,28.0000,28.0000,28.0000,28.0000,28.0000,28.0000,28.0000,28.0001,28.0003,28.0012,28.0041,2.5500,2.5500,2.5500,2.5500,2.5500,2.5500,2.5500,2.5500,2.5500,2.5500,2.5500,2.5500,2.5500,2.5500,2.5500,2.5500,2.5500,2.5500,2.5500,2.5500,2.4599
9.0000,28.0000,28.0000,28.0000,28.0000,28.0000,28.0000,28.0000,28.0000,28.0000,28.0000,28.0000,28.0000,28.0000,28.0000,28.0000,28.0000,28.0000,28.0001,28.0004,28.0016,28.0049,2.5500,2.5500,2.5500,2.5500,2.5500,2.5500,2.5500,2.5500,2.5500,2.5500,2.5500,2.5500,2.5500,2.5500,2.5500,2.5500,2.5500,2.5500,2.5500,2.5500,2.4545
10.0000,28.0000,28.0000,28.0000,28.0000,28.0000,28.0000,28.0000,28.0000,28.0000,28.0000,28.0000,28.0000,28.0000,28.0000,28.0000,28.0000,28.0000,28.0001,28.0006,28.0020,28.0058,2.5500,2.5500,2.5500,2.5500,2.5500,2.5500,2.5500,2.5500,2.5500,2.5500,2.5500,2.5500,2.5500,2.5500,2.5500,2.5500,2.5500,2.5500,2.5500,2.5499,2.4495
11.0000,28.0000,28.0000,28.0000,28.0000,28.0000,28.0000,28.0000,28.0000,28.0000,28.0000,28.0000,28.0000,28.0000,28.0000,28.0000,28.0000,28.0000,28.0002,28.0007,28.0024,28.0066,2.5500,2.5500,2.5500,2.5500,2.5500,2.5500,2.5500,2.5500,2.5500,2.5500,2.5500,2.5500,2.5500,2.5500,2.5500,2.5500,2.5500,2.5500,2.5500,2.5499,2.4447
12.0000,28.0000,28.0000,28.0000,28.0000,28.0000,28.0000,28.0000,28.0000,28.0000,28.0000,28.0000,28.0000,28.0000,28.0000,28.0000,28.0000,28.0001,28.0003,28.0009,28.0029,28.0075,2.5500,2.5500,2.5500,2.5500,2.5500,2.5500,2.5500,2.5500,2.5500,2.5500,2.5500,2.5500,2.5500,2.5500,2.5500,2.5500,2.5500,2.5500,2.5500,2.5498,2.4401
13.0000,28.0000,28.0000,28.0000,28.0000,28.0000,28.0000,28.0000,28.0000,28.0000,28.0000,28.0000,28.0000,28.0000,28.0000,28.0000,28.0000,28.0001,28.0003,28.0012,28.0033,28.0085,2.5500,2.5500,2.5500,2.5500,2.5500,2.5500,2.5500,2.5500,2.5500,2.5500,2.5500,2.5500,2.5500,2.5500,2.5500,2.5500,2.5500,2.5500,2.5500,2.5498,2.4358
14.0000,28.0000,28.0000,28.0000,28.0000,28.0000,28.0000,28.0000,28.0000,28.0000,28.0000,28.0000,28.0000,28.0000,28.0000,28.0000,28.0000,28.0001,28.0004,28.0014,28.0039,28.0095,2.5500,2.5500,2.5500,2.5500,2.5500,2.5500,2.5500,2.5500,2.5500,2.5500,2.5500,2.5500,2.5500,2.5500,2.5500,2.5500,2.5500,2.5500,2.5500,2.5497,2.4316
15.0000,28.0000,28.0000,28.0000,28.0000,28.0000,28.0000,28.0000,28.0000,28.0000,28.0000,28.0000,28.0000,28.0000,28.0000,28.0000,28.0000,28.0002,28.0006,28.0017,28.0044,28.0105,2.5500,2.5500,2.5500,2.5500,2.5500,2.5500,2.5500,2.5500,2.5500,2.5500,2.5500,2.5500,2.5500,2.5500,2.5500,2.5500,2.5500,2.5500,2.5500,2.5495,2.4275
16.0000,28.0000,28.0000,28.0000,28.0000,28.0000,28.0000,28.0000,28.0000,28.0000,28.0000,28.0000,28.0000,28.0000,28.0000,28.0000,28.0001,28.0002,28.0007,28.0020,28.0050,28.0115,2.5500,2.5500,2.5500,2.5500,2.5500,2.5500,2.5500,2.5500,2.5500,2.5500,2.5500,2.5500,2.5500,2.5500,2.5500,2.5500,2.5500,2.5500,2.5500,2.5494,2.4236
17.0000,28.0000,28.0000,28.0000,28.0000,28.0000,28.0000,28.0000,28.0000,28.0000,28.0000,28.0000,28.0000,28.0000,28.0000,28.0000,28.0001,28.0003,28.0008,28.0023,28.0057,28.0126,2.5500,2.5500,2.5500,2.5500,2.5500,2.5500,2.5500,2.5500,2.5500,2.5500,2.5500,2.5500,2.5500,2.5500,2.5500,2.5500,2.5500,2.5500,2.5500,2.5492,2.4198
18.0000,28.0000,28.0000,28.0000,28.0000,28.0000,28.0000,28.0000,28.0000,28.0000,28.0000,28.0000,28.0000,28.0000,28.0000,28.0000,28.0001,28.0003,28.0010,28.0026,28.0063,28.0137,2.5500,2.5500,2.5500,2.5500,2.5500,2.5500,2.5500,2.5500,2.5500,2.5500,2.5500,2.5500,2.5500,2.5500,2.5500,2.5500,2.5500,2.5500,2.5500,2.5490,2.4162
19.0000,28.0000,28.0000,28.0000,28.0000,28.0000,28.0000,28.0000,28.0000,28.0000,28.0000,28.0000,28.0000,28.0000,28.0000,28.0000,28.0001,28.0004,28.0012,28.0030,28.0070,28.0149,2.5500,2.5500,2.5500,2.5500,2.5500,2.5500,2.5500,2.5500,2.5500,2.5500,2.5500,2.5500,2.5500,2.5500,2.5500,2.5500,2.5500,2.5500,2.5500,2.5487,2.4126
20.0000,28.0000,28.0000,28.0000,28.0000,28.0000,28.0000,28.0000,28.0000,28.0000,28.0000,28.0000,28.0000,28.0000,28.0000,28.0000,28.0002,28.0005,28.0014,28.0034,28.0077,28.0160,2.5500,2.5500,2.5500,2.5500,2.5500,2.5500,2.5500,2.5500,2.5500,2.5500,2.5500,2.5500,2.5500,2.5500,2.5500,2.5500,2.5500,2.5500,2.5500,2.5485,2.4092
21.0000,28.0000,28.0000,28.0000,28.0000,28.0000,28.0000,28.0000,28.0000,28.0000,28.0000,28.0000,28.0000,28.0000,28.0000,28.0001,28.0002,28.0006,28.0016,28.0038,28.0084,28.0172,2.5500,2.5500,2.5500,2.5500,2.5500,2.5500,2.5500,2.5500,2.5500,2.5500,2.5500,2.5500,2.5500,2.5500,2.5500,2.5500,2.5500,2.5500,2.5500,2.5482,2.4058
22.0000,28.0000,28.0000,28.0000,28.0000,28.0000,28.0000,28.0000,28.0000,28.0000,28.0000,28.0000,28.0000,28.0000,28.0000,28.0001,28.0002,28.0007,28.0018,28.0042,28.0092,28.0184,2.5500,2.5500,2.5500,2.5500,2.5500,2.5500,2.5500,2.5500,2.5500,2.5500,2.5500,2.5500,2.5500,2.5500,2.5500,2.5500,2.5500,2.5500,2.5500,2.5478,2.4025
23.0000,28.0000,28.0000,28.0000,28.0000,28.0000,28.0000,28.0000,28.0000,28.0000,28.0000,28.0000,28.0000,28.0000,28.0000,28.0001,28.0003,28.0008,28.0020,28.0047,28.0100,28.0197,2.5500,2.5500,2.5500,2.5500,2.5500,2.5500,2.5500,2.5500,2.5500,2.5500,2.5500,2.5500,2.5500,2.5500,2.5500,2.5500,2.5500,2.5500,2.5500,2.5475,2.3993
24.0000,28.0000,28.0000,28.0000,28.0000,28.0000,28.0000,28.0000,28.0000,28.0000,28.0000,28.0000,28.0000,28.0000,28.0000,28.0001,28.0004,28.0009,28.0023,28.0052,28.0108,28.0210,2.5500,2.5500,2.5500,2.5500,2.5500,2.5500,2.5500,2.5500,2.5500,2.5500,2.5500,2.5500,2.5500,2.5500,2.5500,2.5500,2.5500,2.5500,2.5500,2.5471,2.3962
25.0000,28.0000,28.0000,28.0000,28.0000,28.0000,28.0000,28.0000,28.0000,28.0000,28.0000,28.0000,28.0000,28.0000,28.0000,28.0002,28.0004,28.0011,28.0026,28.0057,28.0116,28.0223,2.5500,2.5500,2.5500,2.5500,2.5500,2.5500,2.5500,2.5500,2.5500,2.5500,2.5500,2.5500,2.5500,2.5500,2.5500,2.5500,2.5500,2.5500,2.5500,2.5467,2.3931
26.0000,28.0000,28.0000,28.0000,28.0000,28.0000,28.0000,28.0000,28.0000,28.0000,28.0000,28.0000,28.0000,28.0000,28.0001,28.0002,28.0005,28.0012,28.0029,28.0062,28.0125,28.0236,2.5500,2.5500,2.5500,2.5500,2.5500,2.5500,2.5500,2.5500,2.5500,2.5500,2.5500,2.5500,2.5500,2.5500,2.5500,2.5500,2.5500,2.5500,2.5500,2.5462,2.3901
27.0000,28.0000,28.0000,28.0000,28.0000,28.0000,28.0000,28.0000,28.0000,28.0000,28.0000,28.0000,28.0000,28.0000,28.0001,28.0002,28.0006,28.0014,28.0032,28.0068,28.0134,28.0249,2.5500,2.5500,2.5500,2.5500,2.5500,2.5500,2.5500,2.5500,2.5500,2.5500,2.5500,2.5500,2.5500,2.5500,2.5500,2.5500,2.5500,2.5500,2.5500,2.5458,2.3872
28.0000,28.0000,28.0000,28.0000,28.0000,28.0000,28.0000,28.0000,28.0000,28.0000,28.0000,28.0000,28.0000,28.0000,28.0001,28.0003,28.0007,28.0016,28.0035,28.0073,28.0143,28.0263,2.5500,2.5500,2.5500,2.5500,2.5500,2.5500,2.5500,2.5500,2.5500,2.5500,2.5500,2.5500,2.5500,2.5500,2.5500,2.5500,2.5500,2.5500,2.5500,2.5453,2.3843
29.0000,28.0000,28.0000,28.0000,28.0000,28.0000,28.0000,28.0000,28.0000,28.0000,28.0000,28.0000,28.0000,28.0000,28.0001,28.0003,28.0008,28.0018,28.0039,28.0079,28.0152,28.0277,2.5500,2.5500,2.5500,2.5500,2.5500,2.5500,2.5500,2.5500,2.5500,2.5500,2.5500,2.5500,2.5500,2.5500,2.5500,2.5500,2.5500,2.5500,2.5500,2.5448,2.3815
30.0000,28.0000,28.0000,28.0000,28.0000,28.0000,28.0000,28.0000,28.0000,28.0000,28.0000,28.0000,28.0000,28.0000,28.0001,28.0003,28.0009,28.0020,28.0042,28.0085,28.0162,28.0291,2.5500,2.5500,2.5500,2.5500,2.5500,2.5500,2.5500,2.5500,2.5500,2.5500,2.5500,2.5500,2.5500,2.5500,2.5500,2.5500,2.5500,2.5500,2.5500,2.5442,2.3787
31.0000,28.0000,28.0000,28.0000,28.0000,28.0000,28.0000,28.0000,28.0000,28.0000,28.0000,28.0000,28.0000,28.0001,28.0002,28.0004,28.0010,28.0022,28.0046,28.0091,28.0172,28.0305,2.5500,2.5500,2.5500,2.5500,2.5500,2.5500,2.5500,2.5500,2.5500,2.5500,2.5500,2.5500,2.5500,2.5500,2.5500,2.5500,2.5500,2.5500,2.5500,2.5437,2.3760
32.0000,28.0000,28.0000,28.0000,28.0000,28.0000,28.0000,28.0000,28.0000,28.0000,28.0000,28.0000,28.0000,28.0001,28.0002,28.0005,28.0011,28.0024,28.0050,28.0098,28.0182,28.0320,2.5500,2.5500,2.5500,2.5500,2.5500,2.5500,2.5500,2.5500,2.5500,2.5500,2.5500,2.5500,2.5500,2.5500,2.5500,2.5500,2.5500,2.5500,2.5500,2.5431,2.3734
33.0000,28.0000,28.0000,28.0000,28.0000,28.0000,28.0000,28.0000,28.0000,28.0000,28.0000,28.0000,28.0000,28.0001,28.0002,28.0005,28.0012,28.0026,28.0054,28.0105,28.0192,28.0335,2.5500,2.5500,2.5500,2.5500,2.5500,2.5500,2.5500,2.5500,2.5500,2.5500,2.5500,2.5500,2.5500,2.5500,2.5500,2.5500,2.5500,2.5500,2.5500,2.5425,2.3707
34.0000,28.0000,28.0000,28.0000,28.0000,28.0000,28.0000,28.0000,28.0000,28.0000,28.0000,28.0000,28.0000,28.0001,28.0002,28.0006,28.0013,28.0029,28.0058,28.0111,28.0202,28.0350,2.5500,2.5500,2.5500,2.5500,2.5500,2.5500,2.5500,2.5500,2.5500,2.5500,2.5500,2.5500,2.5500,2.5500,2.5500,2.5500,2.5500,2.5500,2.5500,2.5419,2.3681
35.0000,28.0000,28.0000,28.0000,28.0000,28.0000,28.0000,28.0000,28.0000,28.0000,28.0000,28.0000,28.0000,28.0001,28.0003,28.0007,28.0015,28.0031,28.0063,28.0118,28.0213,28.0365,2.5500,2.5500,2.5500,2.5500,2.5500,2.5500,2.5500,2.5500,2.5500,2.5500,2.5500,2.5500,2.5500,2.5500,2.5500,2.5500,2.5500,2.5500,2.5500,2.5413,2.3656
36.0000,28.0000,28.0000,28.0000,28.0000,28.0000,28.0000,28.0000,28.0000,28.0000,28.0000,28.0000,28.0001,28.0001,28.0003,28.0008,28.0016,28.0034,28.0067,28.0126,28.0224,28.0380,2.5500,2.5500,2.5500,2.5500,2.5500,2.5500,2.5500,2.5500,2.5500,2.5500,2.5500,2.5500,2.5500,2.5500,2.5500,2.5500,2.5500,2.5500,2.5499,2.5407,2.3631
37.0000,28.0000,28.0000,28.0000,28.0000,28.0000,28.0000,28.0000,28.0000,28.0000,28.0000,28.0000,28.0001,28.0002,28.0004,28.0008,28.0018,28.0037,28.0072,28.0133,28.0235,28.0396,2.5500,2.5500,2.5500,2.5500,2.5500,2.5500,2.5500,2.5500,2.5500,2.5500,2.5500,2.5500,2.5500,2.5500,2.5500,2.5500,2.5500,2.5500,2.5499,2.5400,2.3606
38.0000,28.0000,28.0000,28.0000,28.0000,28.0000,28.0000,28.0000,28.0000,28.0000,28.0000,28.0000,28.0001,28.0002,28.0004,28.0009,28.0020,28.0040,28.0077,28.0141,28.0246,28.0412,2.5500,2.5500,2.5500,2.5500,2.5500,2.5500,2.5500,2.5500,2.5500,2.5500,2.5500,2.5500,2.5500,2.5500,2.5500,2.5500,2.5500,2.5500,2.5499,2.5393,2.3582
39.0000,28.0000,28.0000,28.0000,28.0000,28.0000,28.0000,28.0000,28.0000,28.0000,28.0000,28.0000,28.0001,28.0002,28.0005,28.0010,28.0022,28.0043,28.0082,28.0149,28.0257,28.0428,2.5500,2.5500,2.5500,2.5500,2.5500,2.5500,2.5500,2.5500,2.5500,2.5500,2.5500,2.5500,2.5500,2.5500,2.5500,2.5500,2.5500,2.5500,2.5499,2.5386,2.3558
40.0000,28.0000,28.0000,28.0000,28.0000,28.0000,28.0000,28.0000,28.0000,28.0000,28.0000,28.0000,28.0001,28.0002,28.0005,28.0011,28.0024,28.0046,28.0087,28.0156,28.0269,28.0444,2.5500,2.5500,2.5500,2.5500,2.5500,2.5500,2.5500,2.5500,2.5500,2.5500,2.5500,2.5500,2.5500,2.5500,2.5500,2.5500,2.5500,2.5500,2.5499,2.5380,2.3534
41.0000,28.0000,28.0000,28.0000,28.0000,28.0000,28.0000,28.0000,28.0000,28.0000,28.0000,28.0000,28.0001,28.0003,28.0006,28.0013,28.0026,28.0050,28.0093,28.0165,28.0281,28.0460,2.5500,2.5500,2.5500,2.5500,2.5500,2.5500,2.5500,2.5500,2.5500,2.5500,2.5500,2.5500,2.5500,2.5500,2.5500,2.5500,2.5500,2.5500,2.5499,2.5372,2.3511
42.0000,28.0000,28.0000,28.0000,28.0000,28.0000,28.0000,28.0000,28.0000,28.0000,28.0000,28.0001,28.0001,28.0003,28.0006,28.0014,28.0028,28.0053,28.0098,28.0173,28.0293,28.0477,2.5500,2.5500,2.5500,2.5500,2.5500,2.5500,2.5500,2.5500,2.5500,2.5500,2.5500,2.5500,2.5500,2.5500,2.5500,2.5500,2.5500,2.5500,2.5499,2.5365,2.3488
43.0000,28.0000,28.0000,28.0000,28.0000,28.0000,28.0000,28.0000,28.0000,28.0000,28.0000,28.0001,28.0001,28.0003,28.0007,28.0015,28.0030,28.0057,28.0104,28.0181,28.0305,28.0494,2.5500,2.5500,2.5500,2.5500,2.5500,2.5500,2.5500,2.5500,2.5500,2.5500,2.5500,2.5500,2.5500,2.5500,2.5500,2.5500,2.5500,2.5500,2.5498,2.5358,2.3465
44.0000,28.0000,28.0000,28.0000,28.0000,28.0000,28.0000,28.0000,28.0000,28.0000,28.0000,28.0001,28.0002,28.0004,28.0008,28.0016,28.0032,28.0061,28.0110,28.0190,28.0317,28.0510,2.5500,2.5500,2.5500,2.5500,2.5500,2.5500,2.5500,2.5500,2.5500,2.5500,2.5500,2.5500,2.5500,2.5500,2.5500,2.5500,2.5500,2.5500,2.5498,2.5350,2.3443
45.0000,28.0000,28.0000,28.0000,28.0000,28.0000,28.0000,28.0000,28.0000,28.0000,28.0000,28.0001,28.0002,28.0004,28.0009,28.0018,28.0035,28.0064,28.0116,28.0199,28.0330,28.0528,2.5500,2.5500,2.5500,2.5500,2.5500,2.5500,2.5500,2.5500,2.5500,2.5500,2.5500,2.5500,2.5500,2.5500,2.5500,2.5500,2.5500,2.5500,2.5498,2.5343,2.3421
46.0000,28.0000,28.0000,28.0000,28.0000,28.0000,28.0000,28.0000,28.0000,28.0000,28.0000,28.0001,28.0002,28.0005,28.0010,28.0019,28.0037,28.0068,28.0122,28.0208,28.0343,28.0545,2.5500,2.5500,2.5500,2.5500,2.5500,2.5500,2.5500,2.5500,2.5500,2.5500,2.5500,2.5500,2.5500,2.5500,2.5500,2.5500,2.5500,2.5500,2.5498,2.5335,2.3399
47.0000,28.0000,28.0000,28.0000,28.0000,28.0000,28.0000,28.0000,28.0000,28.0000,28.0000,28.0001,28.0002,28.0005,28.0010,28.0021,28.0040,28.0073,28.0128,28.0217,28.0356,28.0562,2.5500,2.5500,2.5500,2.5500,2.5500,2.5500,2.5500,2.5500,2.5500,2.5500,2.5500,2.5500,2.5500,2.5500,2.5500,2.5500,2.5500,2.5500,2.5497,2.5327,2.3377
48.0000,28.0000,28.0000,28.0000,28.0000,28.0000,28.0000,28.0000,28.0000,28.0000,28.0000,28.0001,28.0003,28.0006,28.0011,28.0022,28.0042,28.0077,28.0134,28.0227,28.0369,28.0580,2.5500,2.5500,2.5500,2.5500,2.5500,2.5500,2.5500,2.5500,2.5500,2.5500,2.5500,2.5500,2.5500,2.5500,2.5500,2.5500,2.5500,2.5500,2.5497,2.5319,2.3356
49.0000,28.0000,28.0000,28.0000,28.0000,28.0000,28.0000,28.0000,28.0000,28.0000,28.0001,28.0001,28.0003,28.0006,28.0012,28.0024,28.0045,28.0081,28.0141,28.0236,28.0382,28.0597,2.5500,2.5500,2.5500,2.5500,2.5500,2.5500,2.5500,2.5500,2.5500,2.5500,2.5500,2.5500,2.5500,2.5500,2.5500,2.5500,2.5500,2.5500,2.5497,2.5312,2.3335
50.0000,28.0000,28.0000,28.0000,28.0000,28.0000,28.0000,28.0000,28.0000,28.0000,28.0001,28.0001,28.0003,28.0007,28.0013,28.0026,28.0048,28.0086,28.0148,28.0246,28.0395,28.0615,2.5500,2.5500,2.5500,2.5500,2.5500,2.5500,2.5500,2.5500,2.5500,2.5500,2.5500,2.5500,2.5500,2.5500,2.5500,2.5500,2.5500,2.5500,2.5496,2.5303,2.3314
51.0000,28.0000,28.0000,28.0000,28.0000,28.0000,28.0000,28.0000,28.0000,28.0000,28.0001,28.0002,28.0004,28.0007,28.0014,28.0028,28.0051,28.0090,28.0155,28.0256,28.0409,28.0633,2.5500,2.5500,2.5500,2.5500,2.5500,2.5500,2.5500,2.5500,2.5500,2.5500,2.5500,2.5500,2.5500,2.5500,2.5500,2.5500,2.5500,2.5500,2.5496,2.5295,2.3293
52.0000,28.0000,28.0000,28.0000,28.0000,28.0000,28.0000,28.0000,28.0000,28.0000,28.0001,28.0002,28.0004,28.0008,28.0016,28.0030,28.0054,28.0095,28.0162,28.0266,28.0423,28.0652,2.5500,2.5500,2.5500,2.5500,2.5500,2.5500,2.5500,2.5500,2.5500,2.5500,2.5500,2.5500,2.5500,2.5500,2.5500,2.5500,2.5500,2.5500,2.5495,2.5287,2.3273
53.0000,28.0000,28.0000,28.0000,28.0000,28.0000,28.0000,28.0000,28.0000,28.0000,28.0001,28.0002,28.0004,28.0009,28.0017,28.0032,28.0057,28.0100,28.0169,28.0276,28.0436,28.0670,2.5500,2.5500,2.5500,2.5500,2.5500,2.5500,2.5500,2.5500,2.5500,2.5500,2.5500,2.5500,2.5500,2.5500,2.5500,2.5500,2.5500,2.5500,2.5495,2.5279,2.3252
54.0000,28.0000,28.0000,28.0000,28.0000,28.0000,28.0000,28.0000,28.0000,28.0000,28.0001,28.0002,28.0005,28.0009,28.0018,28.0034,28.0060,28.0105,28.0176,28.0286,28.0451,28.0689,2.5500,2.5500,2.5500,2.5500,2.5500,2.5500,2.5500,2.5500,2.5500,2.5500,2.5500,2.5500,2.5500,2.5500,2.5500,2.5500,2.5500,2.5500,2.5494,2.5271,2.3232
55.0000,28.0000,28.0000,28.0000,28.0000,28.0000,28.0000,28.0000,28.0000,28.0001,28.0001,28.0002,28.0005,28.0010,28.0019,28.0036,28.0064,28.0110,28.0184,28.0297,28.0465,28.0707,2.5500,2.5500,2.5500,2.5500,2.5500,2.5500,2.5500,2.5500,2.5500,2.5500,2.5500,2.5500,2.5500,2.5500,2.5500,2.5500,2.5500,2.5500,2.5494,2.5262,2.3213
56.0000,28.0000,28.0000,28.0000,28.0000,28.0000,28.0000,28.0000,28.0000,28.0001,28.0001,28.0003,28.0006,28.0011,28.0021,28.0038,28.0067,28.0115,28.0191,28.0307,28.0479,28.0726,2.5500,2.5500,2.5500,2.5500,2.5500,2.5500,2.5500,2.5500,2.5500,2.5500,2.5500,2.5500,2.5500,2.5500,2.5500,2.5500,2.5500,2.5500,2.5493,2.5254,2.3193
57.0000,28.0000,28.0000,28.0000,28.0000,28.0000,28.0000,28.0000,28.0000,28.0001,28.0001,28.0003,28.0006,28.0012,28.0022,28.0040,28.0071,28.0121,28.0199,28.0318,28.0494,28.0745,2.5500,2.5500,2.5500,2.5500,2.5500,2.5500,2.5500,2.5500,2.5500,2.5500,2.5500,2.5500,2.5500,2.5500,2.5500,2.5500,2.5500,2.5500,2.5493,2.5245,2.3173
58.0000,28.0000,28.0000,28.0000,28.0000,28.0000,28.0000,28.0000,28.0000,28.0001,28.0002,28.0003,28.0007,28.0013,28.0024,28.0043,28.0075,28.0126,28.0207,28.0329,28.0508,28.0764,2.5500,2.5500,2.5500,2.5500,2.5500,2.5500,2.5500,2.5500,2.5500,2.5500,2.5500,2.5500,2.5500,2.5500,2.5500,2.5500,2.5500,2.5500,2.5492,2.5237,2.3154
59.0000,28.0000,28.0000,28.0000,28.0000,28.0000,28.0000,28.0000,28.0000,28.0001,28.0002,28.0004,28.0007,28.0014,28.0025,28.0045,28.0078,28.0132,28.0215,28.0340,28.0523,28.0784,2.5500,2.5500,2.5500,2.5500,2.5500,2.5500,2.5500,2.5500,2.5500,2.5500,2.5500,2.5500,2.5500,2.5500,2.5500,2.5500,2.5500,2.5500,2.5491,2.5228,2.3135
60.0000,28.0000,28.0000,28.0000,28.0000,28.0000,28.0000,28.0000,28.0000,28.0001,28.0002,28.0004,28.0008,28.0015,28.0027,28.0048,28.0082,28.0137,28.0223,28.0351,28.0538,28.0803,2.5500,2.5500,2.5500,2.5500,2.5500,2.5500,2.5500,2.5500,2.5500,2.5500,2.5500,2.5500,2.5500,2.5500,2.5500,2.5500,2.5500,2.5500,2.5491,2.5220,2.3116
61.0000,28.0000,28.0000,28.0000,28.0000,28.0000,28.0000,28.0000,28.0000,28.0001,28.0002,28.0004,28.0008,28.0016,28.0029,28.0050,28.0086,28.0143,28.0231,28.0363,28.0553,28.0823,2.5500,2.5500,2.5500,2.5500,2.5500,2.5500,2.5500,2.5500,2.5500,2.5500,2.5500,2.5500,2.5500,2.5500,2.5500,2.5500,2.5500,2.5500,2.5490,2.5211,2.3098
62.0000,28.0000,28.0000,28.0000,28.0000,28.0000,28.0000,28.0000,28.0001,28.0001,28.0002,28.0005,28.0009,28.0017,28.0030,28.0053,28.0090,28.0149,28.0240,28.0374,28.0569,28.0844,2.5500,2.5500,2.5500,2.5500,2.5500,2.5500,2.5500,2.5500,2.5500,2.5500,2.5500,2.5500,2.5500,2.5500,2.5500,2.5500,2.5500,2.5500,2.5489,2.5202,2.3079
63.0000,28.0000,28.0000,28.0000,28.0000,28.0000,28.0000,28.0000,28.0001,28.0001,28.0003,28.0005,28.0010,28.0018,28.0032,28.0056,28.0095,28.0155,28.0248,28.0386,28.0584,28.0865,2.5500,2.5500,2.5500,2.5500,2.5500,2.5500,2.5500,2.5500,2.5500,2.5500,2.5500,2.5500,2.5500,2.5500,2.5500,2.5500,2.5500,2.5500,2.5488,2.5194,2.3061
64.0000,28.0000,28.0000,28.0000,28.0000,28.0000,28.0000,28.0000,28.0001,28.0001,28.0003,28.0005,28.0010,28.0019,28.0034,28.0059,28.0099,28.0162,28.0257,28.0398,28.0600,28.0886,2.5500,2.5500,2.5500,2.5500,2.5500,2.5500,2.5500,2.5500,2.5500,2.5500,2.5500,2.5500,2.5500,2.5500,2.5500,2.5500,2.5500,2.5500,2.5487,2.5185,2.3042
65.0000,28.0000,28.0000,28.0000,28.0000,28.0000,28.0000,28.0000,28.0001,28.0002,28.0003,28.0006,28.0011,28.0020,28.0036,28.0062,28.0103,28.0168,28.0266,28.0410,28.0616,28.0908,2.5500,2.5500,2.5500,2.5500,2.5500,2.5500,2.5500,2.5500,2.5500,2.5500,2.5500,2.5500,2.5500,2.5500,2.5500,2.5500,2.5500,2.5500,2.5487,2.5176,2.3024
66.0000,28.0000,28.0000,28.0000,28.0000,28.0000,28.0000,28.0000,28.0001,28.0002,28.0003,28.0006,28.0012,28.0022,28.0038,28.0065,28.0108,28.0174,28.0275,28.0422,28.0633,28.0930,2.5500,2.5500,2.5500,2.5500,2.5500,2.5500,2.5500,2.5500,2.5500,2.5500,2.5500,2.5500,2.5500,2.5500,2.5500,2.5500,2.5500,2.5500,2.5486,2.5167,2.3007
67.0000,28.0000,28.0000,28.0000,28.0000,28.0000,28.0000,28.0000,28.0001,28.0002,28.0004,28.0007,28.0013,28.0023,28.0040,28.0068,28.0112,28.0181,28.0284,28.0434,28.0650,28.0952,2.5500,2.5500,2.5500,2.5500,2.5500,2.5500,2.5500,2.5500,2.5500,2.5500,2.5500,2.5500,2.5500,2.5500,2.5500,2.5500,2.5500,2.5500,2.5485,2.5158,2.2989
68.0000,28.0000,28.0000,28.0000,28.0000,28.0000,28.0000,28.0000,28.0001,28.0002,28.0004,28.0007,28.0014,28.0024,28.0042,28.0071,28.0117,28.0188,28.0293,28.0447,28.0667,28.0974,2.5500,2.5500,2.5500,2.5500,2.5500,2.5500,2.5500,2.5500,2.5500,2.5500,2.5500,2.5500,2.5500,2.5500,2.5500,2.5500,2.5500,2.5500,2.5484,2.5150,2.2971
69.0000,28.0000,28.0000,28.0000,28.0000,28.0000,28.0000,28.0001,28.0001,28.0002,28.0004,28.0008,28.0014,28.0026,28.0044,28.0074,28.0122,28.0195,28.0303,28.0460,28.0684,28.0997,2.5500,2.5500,2.5500,2.5500,2.5500,2.5500,2.5500,2.5500,2.5500,2.5500,2.5500,2.5500,2.5500,2.5500,2.5500,2.5500,2.5500,2.5500,2.5483,2.5141,2.2954
70.0000,28.0000,28.0000,28.0000,28.0000,28.0000,28.0000,28.0001,28.0001,28.0002,28.0005,28.0008,28.0015,28.0027,28.0047,28.0078,28.0127,28.0201,28.0312,28.0473,28.0701,28.1020,2.5500,2.5500,2.5500,2.5500,2.5500,2.5500,2.5500,2.5500,2.5500,2.5500,2.5500,2.5500,2.5500,2.5500,2.5500,2.5500,2.5500,2.5500,2.5482,2.5132,2.2936
71.0000,28.0000,28.0000,28.0000,28.0000,28.0000,28.0000,28.0001,28.0001,28.0003,28.0005,28.0009,28.0016,28.0029,28.0049,28.0081,28.0132,28.0209,28.0322,28.0486,28.0719,28.1043,2.5500,2.5500,2.5500,2.5500,2.5500,2.5500,2.5500,2.5500,2.5500,2.5500,2.5500,2.5500,2.5500,2.5500,2.5500,2.5500,2.5500,2.5500,2.5481,2.5123,2.2919
72.0000,28.0000,28.0000,28.0000,28.0000,28.0000,28.0000,28.0001,28.0001,28.0003,28.0005,28.0010,28.0017,28.0030,28.0051,28.0085,28.0137,28.0216,28.0332,28.0500,28.0737,28.1066,2.5500,2.5500,2.5500,2.5500,2.5500,2.5500,2.5500,2.5500,2.5500,2.5500,2.5500,2.5500,2.5500,2.5500,2.5500,2.5500,2.5500,2.5500,2.5479,2.5114,2.2902
73.0000,28.0000,28.0000,28.0000,28.0000,28.0000,28.0000,28.0001,28.0002,28.0003,28.0006,28.0010,28.0018,28.0032,28.0054,28.0089,28.0142,28.0223,28.0342,28.0513,28.0755,28.1090,2.5500,2.5500,2.5500,2.5500,2.5500,2.5500,2.5500,2.5500,2.5500,2.5500,2.5500,2.5500,2.5500,2.5500,2.5500,2.5500,2.5500,2.5500,2.5478,2.5105,2.2885
74.0000,28.0000,28.0000,28.0000,28.0000,28.0000,28.0000,28.0001,28.0002,28.0003,28.0006,28.0011,28.0019,28.0033,28.0056,28.0092,28.0148,28.0231,28.0352,28.0527,28.0773,28.1114,2.5500,2.5500,2.5500,2.5500,2.5500,2.5500,2.5500,2.5500,2.5500,2.5500,2.5500,2.5500,2.5500,2.5500,2.5500,2.5500,2.5500,2.5500,2.5477,2.5096,2.2868
75.0000,28.0000,28.0000,28.0000,28.0000,28.0000,28.0000,28.0001,28.0002,28.0004,28.0007,28.0012,28.0021,28.0035,28.0059,28.0096,28.0153,28.0238,28.0363,28.0541,28.0792,28.1138,2.5500,2.5500,2.5500,2.5500,2.5500,2.5500,2.5500,2.5500,2.5500,2.5500,2.5500,2.5500,2.5500,2.5500,2.5500,2.5500,2.5500,2.5500,2.5476,2.5087,2.2852
76.0000,28.0000,28.0000,28.0000,28.0000,28.0000,28.0001,28.0001,28.0002,28.0004,28.0007,28.0012,28.0022,28.0037,28.0062,28.0100,28.0159,28.0246,28.0373,28.0555,28.0811,28.1162,2.5500,2.5500,2.5500,2.5500,2.5500,2.5500,2.5500,2.5500,2.5500,2.5500,2.5500,2.5500,2.5500,2.5500,2.5500,2.5500,2.5500,2.5499,2.5475,2.5078,2.2835
77.0000,28.0000,28.0000,28.0000,28.0000,28.0000,28.0001,28.0001,28.0002,28.0004,28.0007,28.0013,28.0023,28.0039,28.0064,28.0104,28.0164,28.0254,28.0384,28.0570,28.0830,28.1187,2.5500,2.5500,2.5500,2.5500,2.5500,2.5500,2.5500,2.5500,2.5500,2.5500,2.5500,2.5500,2.5500,2.5500,2.5500,2.5500,2.5500,2.5499,2.5473,2.5069,2.2819
78.0000,28.0000,28.0000,28.0000,28.0000,28.0000,28.0001,28.0001,28.0002,28.0004,28.0008,28.0014,28.0024,28.0041,28.0067,28.0108,28.0170,28.0262,28.0395,28.0584,28.0849,28.1212,2.5500,2.5500,2.5500,2.5500,2.5500,2.5500,2.5500,2.5500,2.5500,2.5500,2.5500,2.5500,2.5500,2.5500,2.5500,2.5500,2.5500,2.5499,2.5472,2.5060,2.2803
79.0000,28.0000,28.0000,28.0000,28.0000,28.0000,28.0001,28.0001,28.0003,28.0005,28.0008,28.0015,28.0025,28.0043,28.0070,28.0112,28.0176,28.0270,28.0406,28.0599,28.0868,28.1236,2.5500,2.5500,2.5500,2.5500,2.5500,2.5500,2.5500,2.5500,2.5500,2.5500,2.5500,2.5500,2.5500,2.5500,2.5500,2.5500,2.5500,2.5499,2.5470,2.5050,2.2786
80.0000,28.0000,28.0000,28.0000,28.0000,28.0000,28.0001,28.0001,28.0003,28.0005,28.0009,28.0016,28.0027,28.0045,28.0073,28.0116,28.0182,28.0278,28.0417,28.0614,28.0888,28.1262,2.5500,2.5500,2.5500,2.5500,2.5500,2.5500,2.5500,2.5500,2.5500,2.5500,2.5500,2.5500,2.5500,2.5500,2.5500,2.5500,2.5500,2.5499,2.5469,2.5041,2.2770
81.0000,28.0000,28.0000,28.0000,28.0000,28.0000,28.0001,28.0002,28.0003,28.0005,28.0010,28.0017,28.0028,28.0047,28.0076,28.0121,28.0188,28.0287,28.0429,28.0629,28.0908,28.1287,2.5500,2.5500,2.5500,2.5500,2.5500,2.5500,2.5500,2.5500,2.5500,2.5500,2.5500,2.5500,2.5500,2.5500,2.5500,2.5500,2.5500,2.5499,2.5468,2.5032,2.2754
82.0000,28.0000,28.0000,28.0000,28.0000,28.0001,28.0001,28.0002,28.0003,28.0006,28.0010,28.0018,28.0030,28.0049,28.0079,28.0125,28.0194,28.0295,28.0440,28.0645,28.0928,28.1312,2.5500,2.5500,2.5500,2.5500,2.5500,2.5500,2.5500,2.5500,2.5500,2.5500,2.5500,2.5500,2.5500,2.5500,2.5500,2.5500,2.5500,2.5499,2.5466,2.5023,2.2739
83.0000,28.0000,28.0000,28.0000,28.0000,28.0001,28.0001,28.0002,28.0003,28.0006,28.0011,28.0018,28.0031,28.0051,28.0082,28.0130,28.0201,28.0304,28.0452,28.0660,28.0948,28.1338,2.5500,2.5500,2.5500,2.5500,2.5500,2.5500,2.5500,2.5500,2.5500,2.5500,2.5500,2.5500,2.5500,2.5500,2.5500,2.5500,2.5500,2.5499,2.5465,2.5014,2.2723
84.0000,28.0000,28.0000,28.0000,28.0000,28.0001,28.0001,28.0002,28.0004,28.0007,28.0011,28.0019,28.0033,28.0053,28.0086,28.0135,28.0207,28.0313,28.0464,28.0676,28.0968,28.1364,2.5500,2.5500,2.5500,2.5500,2.5500,2.5500,2.5500,2.5500,2.5500,2.5500,2.5500,2.5500,2.5500,2.5500,2.5500,2.5500,2.5500,2.5499,2.5463,2.5005,2.2707
85.0000,28.0000,28.0000,28.0000,28.0000,28.0001,28.0001,28.0002,28.0004,28.0007,28.0012,28.0020,28.0034,28.0056,28.0089,28.0139,28.0214,28.0322,28.0476,28.0692,28.0989,28.1390,2.5500,2.5500,2.5500,2.5500,2.5500,2.5500,2.5500,2.5500,2.5500,2.5500,2.5500,2.5500,2.5500,2.5500,2.5500,2.5500,2.5500,2.5499,2.5461,2.4996,2.2692
86.0000,28.0000,28.0000,28.0000,28.0000,28.0001,28.0001,28.0002,28.0004,28.0007,28.0013,28.0022,28.0036,28.0058,28.0092,28.0144,28.0220,28.0331,28.0488,28.0708,28.1009,28.1416,2.5500,2.5500,2.5500,2.5500,2.5500,2.5500,2.5500,2.5500,2.5500,2.5500,2.5500,2.5500,2.5500,2.5500,2.5500,2.5500,2.5500,2.5499,2.5460,2.4987,2.2676
87.0000,28.0000,28.0000,28.0000,28.0000,28.0001,28.0001,28.0003,28.0004,28.0008,28.0013,28.0023,28.0037,28.0060,28.0096,28.0149,28.0227,28.0340,28.0501,28.0724,28.1030,28.1442,2.5500,2.5500,2.5500,2.5500,2.5500,2.5500,2.5500,2.5500,2.5500,2.5500,2.5500,2.5500,2.5500,2.5500,2.5500,2.5500,2.5500,2.5499,2.5458,2.4978,2.2661
88.0000,28.0000,28.0000,28.0000,28.0000,28.0001,28.0002,28.0003,28.0005,28.0008,28.0014,28.0024,28.0039,28.0063,28.0099,28.0154,28.0234,28.0350,28.0513,28.0741,28.1051,28.1469,2.5500,2.5500,2.5500,2.5500,2.5500,2.5500,2.5500,2.5500,2.5500,2.5500,2.5500,2.5500,2.5500,2.5500,2.5500,2.5500,2.5500,2.5499,2.5456,2.4968,2.2646
89.0000,28.0000,28.0000,28.0000,28.0001,28.0001,28.0002,28.0003,28.0005,28.0009,28.0015,28.0025,28.0041,28.0065,28.0103,28.0159,28.0241,28.0359,28.0526,28.0757,28.1073,28.1496,2.5500,2.5500,2.5500,2.5500,2.5500,2.5500,2.5500,2.5500,2.5500,2.5500,2.5500,2.5500,2.5500,2.5500,2.5500,2.5500,2.5500,2.5499,2.5455,2.4959,2.2631
90.0000,28.0000,28.0000,28.0000,28.0001,28.0001,28.0002,28.0003,28.0005,28.0009,28.0016,28.0026,28.0043,28.0068,28.0107,28.0164,28.0249,28.0369,28.0539,28.0774,28.1094,28.1523,2.5500,2.5500,2.5500,2.5500,2.5500,2.5500,2.5500,2.5500,2.5500,2.5500,2.5500,2.5500,2.5500,2.5500,2.5500,2.5500,2.5500,2.5498,2.5453,2.4950,2.2616
91.0000,28.0000,28.0000,28.0000,28.0001,28.0001,28.0002,28.0003,28.0006,28.0010,28.0017,28.0027,28.0044,28.0071,28.0111,28.0170,28.0256,28.0379,28.0552,28.0791,28.1116,28.1550,2.5500,2.5500,2.5500,2.5500,2.5500,2.5500,2.5500,2.5500,2.5500,2.5500,2.5500,2.5500,2.5500,2.5500,2.5500,2.5500,2.5500,2.5498,2.5451,2.4941,2.2601
92.0000,28.0000,28.0000,28.0000,28.0001,28.0001,28.0002,28.0004,28.0006,28.0010,28.0017,28.0029,28.0046,28.0074,28.0115,28.0175,28.0263,28.0389,28.0565,28.0808,28.1138,28.1577,2.5500,2.5500,2.5500,2.5500,2.5500,2.5500,2.5500,2.5500,2.5500,2.5500,2.5500,2.5500,2.5500,2.5500,2.5500,2.5500,2.5500,2.5498,2.5449,2.4932,2.2586
93.0000,28.0000,28.0000,28.0000,28.0001,28.0001,28.0002,28.0004,28.0007,28.0011,28.0018,28.0030,28.0048,28.0076,28.0119,28.0181,28.0271,28.0399,28.0579,28.0825,28.1160,28.1604,2.5500,2.5500,2.5500,2.5500,2.5500,2.5500,2.5500,2.5500,2.5500,2.5500,2.5500,2.5500,2.5500,2.5500,2.5500,2.5500,2.5500,2.5498,2.5447,2.4923,2.2571
94.0000,28.0000,28.0000,28.0001,28.0001,28.0001,28.0002,28.0004,28.0007,28.0012,28.0019,28.0031,28.0050,28.0079,28.0123,28.0186,28.0278,28.0409,28.0592,28.0843,28.1182,28.1632,2.5500,2.5500,2.5500,2.5500,2.5500,2.5500,2.5500,2.5500,2.5500,2.5500,2.5500,2.5500,2.5500,2.5500,2.5500,2.5500,2.5500,2.5498,2.5446,2.4914,2.2557
95.0000,28.0000,28.0000,28.0001,28.0001,28.0001,28.0003,28.0004,28.0007,28.0012,28.0020,28.0033,28.0052,28.0082,28.0127,28.0192,28.0286,28.0420,28.0606,28.0860,28.1204,28.1660,2.5500,2.5500,2.5500,2.5500,2.5500,2.5500,2.5500,2.5500,2.5500,2.5500,2.5500,2.5500,2.5500,2.5500,2.5500,2.5500,2.5500,2.5498,2.5444,2.4904,2.2542
96.0000,28.0000,28.0000,28.0001,28.0001,28.0002,28.0003,28.0005,28.0008,28.0013,28.0021,28.0034,28.0054,28.0085,28.0131,28.0198,28.0294,28.0430,28.0619,28.0878,28.1227,28.1688,2.5500,2.5500,2.5500,2.5500,2.5500,2.5500,2.5500,2.5500,2.5500,2.5500,2.5500,2.5500,2.5500,2.5500,2.5500,2.5500,2.5500,2.5498,2.5442,2.4895,2.2527
97.0000,28.0000,28.0000,28.0001,28.0001,28.0002,28.0003,28.0005,28.0008,28.0014,28.0022,28.0036,28.0057,28.0088,28.0135,28.0204,28.0302,28.0441,28.0633,28.0896,28.1249,28.1716,2.5500,2.5500,2.5500,2.5500,2.5500,2.5500,2.5500,2.5500,2.5500,2.5500,2.5500,2.5500,2.5500,2.5500,2.5500,2.5500,2.5500,2.5497,2.5440,2.4886,2.2513
98.0000,28.0000,28.0001,28.0001,28.0001,28.0002,28.0003,28.0005,28.0009,28.0014,28.0023,28.0037,28.0059,28.0091,28.0140,28.0210,28.0310,28.0452,28.0648,28.0914,28.1272,28.1744,2.5500,2.5500,2.5500,2.5500,2.5500,2.5500,2.5500,2.5500,2.5500,2.5500,2.5500,2.5500,2.5500,2.5500,2.5500,2.5500,2.5500,2.5497,2.5438,2.4877,2.2499
99.0000,28.0000,28.0001,28.0001,28.0001,28.0002,28.0003,28.0005,28.0009,28.0015,28.0024,28.0039,28.0061,28.0095,28.0144,28.0216,28.0319,28.0463,28.0662,28.0933,28.1295,28.1772,2.5500,2.5500,2.5500,2.5500,2.5500,2.5500,2.5500,2.5500,2.5500,2.5500,2.5500,2.5500,2.5500,2.5500,2.5500,2.5500,2.5500,2.5497,2.5436,2.4868,2.2485
100.0000,28.0001,28.0001,28.0001,28.0001,28.0002,28.0003,28.0006,28.0010,28.0016,28.0025,28.0040,28.0063,28.0098,28.0149,28.0222,28.0327,28.0474,28.0676,28.0951,28.1318,28.1801,2.5500,2.5500,2.5500,2.5500,2.5500,2.5500,2.5500,2.5500,2.5500,2.5500,2.5500,2.5500,2.5500,2.5500,2.5500,2.5500,2.5500,2.5497,2.5433,2.4859,2.2470
101.0000,28.0001,28.0001,28.0001,28.0001,28.0002,28.0004,28.0006,28.0010,28.0016,28.0027,28.0042,28.0066,28.0101,28.0153,28.0229,28.0336,28.0485,28.0691,28.0970,28.1341,28.1829,2.5500,2.5500,2.5500,2.5500,2.5500,2.5500,2.5500,2.5500,2.5500,2.5500,2.5500,2.5500,2.5500,2.5500,2.5500,2.5500,2.5500,2.5497,2.5431,2.4850,2.2456
102.0000,28.0001,28.0001,28.0001,28.0001,28.0002,28.0004,28.0006,28.0011,28.0017,28.0028,28.0044,28.0068,28.0105,28.0158,28.0235,28.0344,28.0496,28.0706,28.0988,28.1365,28.1858,2.5500,2.5500,2.5500,2.5500,2.5500,2.5500,2.5500,2.5500,2.5500,2.5500,2.5500,2.5500,2.5500,2.5500,2.5500,2.5500,2.5500,2.5497,2.5429,2.4841,2.2442
103.0000,28.0001,28.0001,28.0001,28.0002,28.0003,28.0004,28.0007,28.0011,28.0018,28.0029,28.0046,28.0071,28.0108,28.0163,28.0242,28.0353,28.0508,28.0720,28.1007,28.1388,28.1887,2.5500,2.5500,2.5500,2.5500,2.5500,2.5500,2.5500,2.5500,2.5500,2.5500,2.5500,2.5500,2.5500,2.5500,2.5500,2.5500,2.5500,2.5496,2.5427,2.4831,2.2428
104.0000,28.0001,28.0001,28.0001,28.0002,28.0003,28.0004,28.0007,28.0012,28.0019,28.0030,28.0047,28.0073,28.0112,28.0168,28.0248,28.0362,28.0520,28.0735,28.1026,28.1412,28.1916,2.5500,2.5500,2.5500,2.5500,2.5500,2.5500,2.5500,2.5500,2.5500,2.5500,2.5500,2.5500,2.5500,2.5500,2.5500,2.5500,2.5500,2.5496,2.5425,2.4822,2.2415
105.0000,28.0001,28.0001,28.0001,28.0002,28.0003,28.0005,28.0008,28.0012,28.0020,28.0031,28.0049,28.0076,28.0115,28.0173,28.0255,28.0371,28.0531,28.0751,28.1046,28.1436,28.1946,2.5500,2.5500,2.5500,2.5500,2.5500,2.5500,2.5500,2.5500,2.5500,2.5500,2.5500,2.5500,2.5500,2.5500,2.5500,2.5500,2.5500,2.5496,2.5423,2.4813,2.2401
106.0000,28.0001,28.0001,28.0001,28.0002,28.0003,28.0005,28.0008,28.0013,28.0021,28.0033,28.0051,28.0079,28.0119,28.0178,28.0262,28.0380,28.0543,28.0766,28.1065,28.1460,28.1975,2.5500,2.5500,2.5500,2.5500,2.5500,2.5500,2.5500,2.5500,2.5500,2.5500,2.5500,2.5500,2.5500,2.5500,2.5500,2.5500,2.5500,2.5496,2.5420,2.4804,2.2387
107.0000,28.0001,28.0001,28.0001,28.0002,28.0003,28.0005,28.0008,28.0014,28.0022,28.0034,28.0053,28.0081,28.0123,28.0183,28.0269,28.0389,28.0555,28.0781,28.1084,28.1484,28.2005,2.5500,2.5500,2.5500,2.5500,2.5500,2.5500,2.5500,2.5500,2.5500,2.5500,2.5500,2.5500,2.5500,2.5500,2.5500,2.5500,2.5500,2.5496,2.5418,2.4795,2.2374
108.0000,28.0001,28.0001,28.0001,28.0002,28.0003,28.0006,28.0009,28.0014,28.0023,28.0035,28.0055,28.0084,28.0127,28.0188,28.0276,28.0399,28.0568,28.0797,28.1104,28.1509,28.2034,2.5500,2.5500,2.5500,2.5500,2.5500,2.5500,2.5500,2.5500,2.5500,2.5500,2.5500,2.5500,2.5500,2.5500,2.5500,2.5500,2.5500,2.5495,2.5416,2.4786,2.2360
109.0000,28.0001,28.0001,28.0002,28.0002,28.0004,28.0006,28.0009,28.0015,28.0024,28.0037,28.0057,28.0087,28.0131,28.0194,28.0283,28.0408,28.0580,28.0813,28.1124,28.1533,28.2064,2.5500,2.5500,2.5500,2.5500,2.5500,2.5500,2.5500,2.5500,2.5500,2.5500,2.5500,2.5500,2.5500,2.5500,2.5500,2.5500,2.5500,2.5495,2.5413,2.4777,2.2347
110.0000,28.0001,28.0001,28.0002,28.0003,28.0004,28.0006,28.0010,28.0016,28.0025,28.0038,28.0059,28.0090,28.0135,28.0199,28.0290,28.0418,28.0592,28.0829,28.1144,28.1558,28.2094,2.5500,2.5500,2.5500,2.5500,2.5500,2.5500,2.5500,2.5500,2.5500,2.5500,2.5500,2.5500,2.5500,2.5500,2.5500,2.5500,2.5500,2.5495,2.5411,2.4768,2.2333
111.0000,28.0001,28.0001,28.0002,28.0003,28.0004,28.0006,28.0010,28.0016,28.0026,28.0040,28.0061,28.0093,28.0139,28.0205,28.0298,28.0427,28.0605,28.0845,28.1164,28.1583,28.2124,2.5500,2.5500,2.5500,2.5500,2.5500,2.5500,2.5500,2.5500,2.5500,2.5500,2.5500,2.5500,2.5500,2.5500,2.5500,2.5500,2.5500,2.5495,2.5409,2.4759,2.2320
112.0000,28.0001,28.0001,28.0002,28.0003,28.0004,28.0007,28.0011,28.0017,28.0027,28.0041,28.0063,28.0096,28.0143,28.0210,28.0305,28.0437,28.0618,28.0861,28.1184,28.1608,28.2154,2.5500,2.5500,2.5500,2.5500,2.5500,2.5500,2.5500,2.5500,2.5500,2.5500,2.5500,2.5500,2.5500,2.5500,2.5500,2.5500,2.5500,2.5494,2.5406,2.4750,2.2307
113.0000,28.0001,28.0002,28.0002,28.0003,28.0005,28.0007,28.0011,28.0018,28.0028,28.0043,28.0066,28.0099,28.0147,28.0216,28.0313,28.0447,28.0630,28.0877,28.1205,28.1633,28.2185,2.5500,2.5500,2.5500,2.5500,2.5500,2.5500,2.5500,2.5500,2.5500,2.5500,2.5500,2.5500,2.5500,2.5500,2.5500,2.5500,2.5500,2.5494,2.5404,2.4741,2.2294
114.0000,28.0002,28.0002,28.0002,28.0003,28.0005,28.0008,28.0012,28.0019,28.0029,28.0045,28.0068,28.0102,28.0151,28.0222,28.0321,28.0457,28.0643,28.0894,28.1225,28.1658,28.2215,2.5500,2.5500,2.5500,2.5500,2.5500,2.5500,2.5500,2.5500,2.5500,2.5500,2.5500,2.5500,2.5500,2.5500,2.5500,2.5500,2.5500,2.5494,2.5401,2.4732,2.2280
115.0000,28.0002,28.0002,28.0002,28.0003,28.0005,28.0008,28.0012,28.0019,28.0030,28.0046,28.0070,28.0105,28.0156,28.0228,28.0328,28.0467,28.0657,28.0910,28.1246,28.1684,28.2246,2.5500,2.5500,2.5500,2.5500,2.5500,2.5500,2.5500,2.5500,2.5500,2.5500,2.5500,2.5500,2.5500,2.5500,2.5500,2.5500,2.5500,2.5493,2.5399,2.4723,2.2267
116.0000,28.0002,28.0002,28.0002,28.0004,28.0005,28.0008,28.0013,28.0020,28.0031,28.0048,28.0073,28.0109,28.0160,28.0234,28.0336,28.0478,28.0670,28.0927,28.1267,28.1709,28.2277,2.5500,2.5500,2.5500,2.5500,2.5500,2.5500,2.5500,2.5500,2.5500,2.5500,2.5500,2.5500,2.5500,2.5500,2.5500,2.5500,2.5500,2.5493,2.5396,2.4714,2.2254
117.0000,28.0002,28.0002,28.0003,28.0004,28.0006,28.0009,28.0014,28.0021,28.0033,28.0050,28.0075,28.0112,28.0165,28.0240,28.0344,28.0488,28.0683,28.0944,28.1288,28.1735,28.2308,2.5500,2.5500,2.5500,2.5500,2.5500,2.5500,2.5500,2.5500,2.5500,2.5500,2.5500,2.5500,2.5500,2.5500,2.5500,2.5500,2.5500,2.5493,2.5393,2.4705,2.2241
118.0000,28.0002,28.0002,28.0003,28.0004,28.0006,28.0009,28.0014,28.0022,28.0034,28.0051,28.0077,28.0115,28.0169,28.0246,28.0352,28.0499,28.0697,28.0961,28.1309,28.1761,28.2339,2.5500,2.5500,2.5500,2.5500,2.5500,2.5500,2.5500,2.5500,2.5500,2.5500,2.5500,2.5500,2.5500,2.5500,2.5500,2.5500,2.5500,2.5493,2.5391,2.4696,2.2229
119.0000,28.0002,28.0002,28.0003,28.0004,28.0006,28.0010,28.0015,28.0023,28.0035,28.0053,28.0080,28.0119,28.0174,28.0252,28.0361,28.0509,28.0710,28.0978,28.1330,28.1787,28.2370,2.5500,2.5500,2.5500,2.5500,2.5500,2.5500,2.5500,2.5500,2.5500,2.5500,2.5500,2.5500,2.5500,2.5500,2.5500,2.5500,2.5500,2.5492,2.5388,2.4687,2.2216
120.0000,28.0002,28.0002,28.0003,28.0004,28.0007,28.0010,28.0016,28.0024,28.0036,28.0055,28.0083,28.0122,28.0179,28.0259,28.0369,28.0520,28.0724,28.0995,28.1352,28.1813,28.2401,2.5500,2.5500,2.5500,2.5500,2.5500,2.5500,2.5500,2.5500,2.5500,2.5500,2.5500,2.5500,2.5500,2.5500,2.5500,2.5500,2.5500,2.5492,2.5386,2.4678,2.2203
121.0000,28.0002,28.0003,28.0003,28.0005,28.0007,28.0011,28.0016,28.0025,28.0038,28.0057,28.0085,28.0126,28.0184,28.0265,28.0377,28.0531,28.0738,28.1013,28.1373,28.1839,28.2432,2.5500,2.5500,2.5500,2.5500,2.5500,2.5500,2.5500,2.5500,2.5500,2.5500,2.5500,2.5500,2.5500,2.5500,2.5500,2.5500,2.5500,2.5492,2.5383,2.4669,2.2190
122.0000,28.0003,28.0003,28.0004,28.0005,28.0007,28.0011,28.0017,28.0026,28.0039,28.0059,28.0088,28.0130,28.0189,28.0272,28.0386,28.0542,28.0752,28.1030,28.1395,28.1865,28.2463,2.5500,2.5500,2.5500,2.5500,2.5500,2.5500,2.5500,2.5500,2.5500,2.5500,2.5500,2.5500,2.5500,2.5500,2.5500,2.5500,2.5500,2.5491,2.5380,2.4660,2.2178
123.0000,28.0003,28.0003,28.0004,28.0005,28.0008,28.0012,28.0018,28.0027,28.0041,28.0061,28.0091,28.0133,28.0194,28.0278,28.0395,28.0553,28.0766,28.1048,28.1417,28.1891,28.2493,2.5500,2.5500,2.5500,2.5500,2.5500,2.5500,2.5500,2.5500,2.5500,2.5500,2.5500,2.5500,2.5500,2.5500,2.5500,2.5500,2.5500,2.5491,2.5378,2.4651,2.2165
124.0000,28.0003,28.0003,28.0004,28.0006,28.0008,28.0012,28.0018,28.0028,28.0042,28.0063,28.0093,28.0137,28.0199,28.0285,28.0403,28.0564,28.0780,28.1066,28.1439,28.1918,28.2523,2.5500,2.5500,2.5500,2.5500,2.5500,2.5500,2.5500,2.5500,2.5500,2.5500,2.5500,2.5500,2.5500,2.5500,2.5500,2.5500,2.5500,2.5490,2.5375,2.4642,2.2153
125.0000,28.0003,28.0003,28.0004,28.0006,28.0008,28.0013,28.0019,28.0029,28.0044,28.0065,28.0096,28.0141,28.0204,28.0292,28.0412,28.0576,28.0795,28.1084,28.1460,28.1944,28.2553,2.5500,2.5500,2.5500,2.5500,2.5500,2.5500,2.5500,2.5500,2.5500,2.5500,2.5500,2.5500,2.5500,2.5500,2.5500,2.5500,2.5500,2.5490,2.5372,2.4633,2.2140
126.0000,28.0003,28.0004,28.0004,28.0006,28.0009,28.0013,28.0020,28.0030,28.0045,28.0067,28.0099,28.0145,28.0209,28.0299,28.0421,28.0587,28.0809,28.1102,28.1483,28.1970,28.2584,2.5500,2.5500,2.5500,2.5500,2.5500,2.5500,2.5500,2.5500,2.5500,2.5500,2.5500,2.5500,2.5500,2.5500,2.5500,2.5500,2.5500,2.5490,2.5369,2.4625,2.2128
127.0000,28.0003,28.0004,28.0005,28.0006,28.0009,28.0014,28.0021,28.0031,28.0047,28.0069,28.0102,28.0149,28.0214,28.0306,28.0430,28.0599,28.0824,28.1120,28.1505,28.1996,28.2614,2.5500,2.5500,2.5500,2.5500,2.5500,2.5500,2.5500,2.5500,2.5500,2.5500,2.5500,2.5500,2.5500,2.5500,2.5500,2.5500,2.5500,2.5489,2.5366,2.4616,2.2116
128.0000,28.0004,28.0004,28.0005,28.0007,28.0010,28.0014,28.0022,28.0032,28.0048,28.0072,28.0105,28.0153,28.0220,28.0313,28.0439,28.0611,28.0839,28.1138,28.1527,28.2022,28.2643,2.5500,2.5500,2.5500,2.5500,2.5500,2.5500,2.5500,2.5500,2.5500,2.5500,2.5500,2.5500,2.5500,2.5500,2.5500,2.5500,2.5500,2.5489,2.5364,2.4607,2.2103
129.0000,28.0004,28.0004,28.0005,28.0007,28.0010,28.0015,28.0022,28.0034,28.0050,28.0074,28.0108,28.0157,28.0225,28.0320,28.0449,28.0623,28.0854,28.1157,28.1549,28.2049,28.2673,2.5500,2.5500,2.5500,2.5500,2.5500,2.5500,2.5500,2.5500,2.5500,2.5500,2.5500,2.5500,2.5500,2.5500,2.5500,2.5500,2.5500,2.5488,2.5361,2.4598,2.2091
130.0000,28.0004,28.0004,28.0005,28.0007,28.0011,28.0016,28.0023,28.0035,28.0052,28.0076,28.0111,28.0161,28.0231,28.0327,28.0458,28.0635,28.0869,28.1175,28.1571,28.2075,28.2703,2.5500,2.5500,2.5500,2.5500,2.5500,2.5500,2.5500,2.5500,2.5500,2.5500,2.5500,2.5500,2.5500,2.5500,2.5500,2.5500,2.5499,2.5488,2.5358,2.4589,2.2079
131.0000,28.0004,28.0005,28.0006,28.0008,28.0011,28.0016,28.0024,28.0036,28.0053,28.0079,28.0115,28.0165,28.0237,28.0334,28.0468,28.0647,28.0884,28.1194,28.1594,28.2101,28.2733,2.5500,2.5500,2.5500,2.5500,2.5500,2.5500,2.5500,2.5500,2.5500,2.5500,2.5500,2.5500,2.5500,2.5500,2.5500,2.5500,2.5499,2.5488,2.5355,2.4580,2.2067
132.0000,28.0005,28.0005,28.0006,28.0008,28.0012,28.0017,28.0025,28.0037,28.0055,28.0081,28.0118,28.0170,28.0242,28.0342,28.0477,28.0659,28.0899,28.1213,28.1616,28.2127,28.2763,2.5500,2.5500,2.5500,2.5500,2.5500,2.5500,2.5500,2.5500,2.5500,2.5500,2.5500,2.5500,2.5500,2.5500,2.5500,2.5500,2.5499,2.5487,2.5352,2.4572,2.2055
133.0000,28.0005,28.0005,28.0006,28.0009,28.0012,28.0018,28.0026,28.0039,28.0057,28.0083,28.0121,28.0174,28.0248,28.0349,28.0487,28.0671,28.0914,28.1231,28.1639,28.2153,28.2793,2.5500,2.5500,2.5500,2.5500,2.5500,2.5500,2.5500,2.5500,2.5500,2.5500,2.5500,2.5500,2.5500,2.5500,2.5500,2.5500,2.5499,2.5487,2.5349,2.4563,2.2043
134.0000,28.0005,28.0005,28.0007,28.0009,28.0013,28.0018,28.0027,28.0040,28.0059,28.0086,28.0125,28.0179,28.0254,28.0357,28.0497,28.0683,28.0930,28.1250,28.1661,28.2179,28.2823,2.5500,2.5500,2.5500,2.5500,2.5500,2.5500,2.5500,2.5500,2.5500,2.5500,2.5500,2.5500,2.5500,2.5500,2.5500,2.5500,2.5499,2.5486,2.5346,2.4554,2.2031
135.0000,28.0005,28.0006,28.0007,28.0009,28.0013,28.0019,28.0028,28.0041,28.0061,28.0088,28.0128,28.0183,28.0260,28.0365,28.0507,28.0696,28.0945,28.1269,28.1684,28.2206,28.2853,2.5500,2.5500,2.5500,2.5500,2.5500,2.5500,2.5500,2.5500,2.5500,2.5500,2.5500,2.5500,2.5500,2.5500,2.5500,2.5500,2.5499,2.5486,2.5343,2.4545,2.2019
136.0000,28.0006,28.0006,28.0007,28.0010,28.0014,28.0020,28.0029,28.0043,28.0063,28.0091,28.0131,28.0188,28.0266,28.0373,28.0517,28.0709,28.0961,28.1288,28.1706,28.2232,28.2883,2.5500,2.5500,2.5500,2.5500,2.5500,2.5500,2.5500,2.5500,2.5500,2.5500,2.5500,2.5500,2.5500,2.5500,2.5500,2.5500,2.5499,2.5485,2.5340,2.4537,2.2007
137.0000,28.0006,28.0006,28.0008,28.0010,28.0014,28.0021,28.0030,28.0044,28.0065,28.0094,28.0135,28.0193,28.0272,28.0381,28.0527,28.0721,28.0977,28.1307,28.1729,28.2258,28.2913,2.5500,2.5500,2.5500,2.5500,2.5500,2.5500,2.5500,2.5500,2.5500,2.5500,2.5500,2.5500,2.5500,2.5500,2.5500,2.5500,2.5499,2.5485,2.5337,2.4528,2.1995
138.0000,28.0006,28.0007,28.0008,28.0011,28.0015,28.0022,28.0031,28.0046,28.0067,28.0096,28.0139,28.0197,28.0278,28.0389,28.0537,28.0734,28.0992,28.1326,28.1751,28.2285,28.2943,2.5500,2.5500,2.5500,2.5500,2.5500,2.5500,2.5500,2.5500,2.5500,2.5500,2.5500,2.5500,2.5500,2.5500,2.5500,2.5500,2.5499,2.5484,2.5334,2.4519,2.1984
139.0000,28.0006,28.0007,28.0008,28.0011,28.0016,28.0022,28.0032,28.0047,28.0069,28.0099,28.0142,28.0202,28.0285,28.0397,28.0547,28.0747,28.1008,28.1345,28.1774,28.2311,28.2973,2.5500,2.5500,2.5500,2.5500,2.5500,2.5500,2.5500,2.5500,2.5500,2.5500,2.5500,2.5500,2.5500,2.5500,2.5500,2.5500,2.5499,2.5484,2.5331,2.4510,2.1972
140.0000,28.0007,28.0007,28.0009,28.0012,28.0016,28.0023,28.0034,28.0049,28.0071,28.0102,28.0146,28.0207,28.0291,28.0405,28.0558,28.0760,28.1024,28.1365,28.1797,28.2337,28.3003,2.5500,2.5500,2.5500,2.5500,2.5500,2.5500,2.5500,2.5500,2.5500,2.5500,2.5500,2.5500,2.5500,2.5500,2.5500,2.5500,2.5499,2.5483,2.5328,2.4502,2.1960
141.0000,28.0007,28.0008,28.0009,28.0012,28.0017,28.0024,28.0035,28.0050,28.0073,28.0105,28.0150,28.0212,28.0297,28.0413,28.0568,28.0773,28.1040,28.1384,28.1820,28.2364,28.3033,2.5500,2.5500,2.5500,2.5500,2.5500,2.5500,2.5500,2.5500,2.5500,2.5500,2.5500,2.5500,2.5500,2.5500,2.5500,2.5500,2.5499,2.5483,2.5325,2.4493,2.1949
142.0000,28.0007,28.0008,28.0010,28.0013,28.0018,28.0025,28.0036,28.0052,28.0075,28.0108,28.0154,28.0217,28.0304,28.0422,28.0579,28.0786,28.1056,28.1403,28.1843,28.2390,28.3063,2.5500,2.5500,2.5500,2.5500,2.5500,2.5500,2.5500,2.5500,2.5500,2.5500,2.5500,2.5500,2.5500,2.5500,2.5500,2.5500,2.5499,2.5482,2.5322,2.4484,2.1937
143.0000,28.0008,28.0008,28.0010,28.0013,28.0018,28.0026,28.0037,28.0054,28.0077,28.0111,28.0157,28.0222,28.0311,28.0430,28.0589,28.0799,28.1073,28.1423,28.1866,28.2417,28.3093,2.5500,2.5500,2.5500,2.5500,2.5500,2.5500,2.5500,2.5500,2.5500,2.5500,2.5500,2.5500,2.5500,2.5500,2.5500,2.5500,2.5499,2.5482,2.5318,2.4476,2.1926
144.0000,28.0008,28.0009,28.0010,28.0014,28.0019,28.0027,28.0038,28.0055,28.0080,28.0114,28.0161,28.0227,28.0317,28.0439,28.0600,28.0813,28.1089,28.1442,28.1889,28.2443,28.3123,2.5500,2.5500,2.5500,2.5500,2.5500,2.5500,2.5500,2.5500,2.5500,2.5500,2.5500,2.5500,2.5500,2.5500,2.5500,2.5500,2.5499,2.5481,2.5315,2.4467,2.1914
145.0000,28.0009,28.0009,28.0011,28.0014,28.0020,28.0028,28.0040,28.0057,28.0082,28.0117,28.0165,28.0233,28.0324,28.0447,28.0611,28.0826,28.1105,28.1462,28.1912,28.2470,28.3153,2.5500,2.5500,2.5500,2.5500,2.5500,2.5500,2.5500,2.5500,2.5500,2.5500,2.5500,2.5500,2.5500,2.5500,2.5500,2.5500,2.5499,2.5480,2.5312,2.4458,2.1903
146.0000,28.0009,28.0010,28.0011,28.0015,28.0020,28.0029,28.0041,28.0059,28.0084,28.0120,28.0170,28.0238,28.0331,28.0456,28.0622,28.0840,28.1122,28.1482,28.1935,28.2497,28.3183,2.5500,2.5500,2.5500,2.5500,2.5500,2.5500,2.5500,2.5500,2.5500,2.5500,2.5500,2.5500,2.5500,2.5500,2.5500,2.5500,2.5499,2.5480,2.5309,2.4450,2.1892
147.0000,28.0009,28.0010,28.0012,28.0015,28.0021,28.0030,28.0042,28.0061,28.0087,28.0123,28.0174,28.0243,28.0338,28.0465,28.0633,28.0853,28.1138,28.1501,28.1958,28.2523,28.3214,2.5500,2.5500,2.5500,2.5500,2.5500,2.5500,2.5500,2.5500,2.5500,2.5500,2.5500,2.5500,2.5500,2.5500,2.5500,2.5500,2.5499,2.5479,2.5306,2.4441,2.1880
148.0000,28.0010,28.0010,28.0012,28.0016,28.0022,28.0031,28.0044,28.0062,28.0089,28.0126,28.0178,28.0249,28.0345,28.0474,28.0644,28.0867,28.1155,28.1521,28.1981,28.2550,28.3244,2.5500,2.5500,2.5500,2.5500,2.5500,2.5500,2.5500,2.5500,2.5500,2.5500,2.5500,2.5500,2.5500,2.5500,2.5500,2.5500,2.5499,2.5479,2.5302,2.4432,2.1869
149.0000,28.0010,28.0011,28.0013,28.0017,28.0023,28.0032,28.0045,28.0064,28.0091,28.0130,28.0182,28.0254,28.0352,28.0483,28.0655,28.0881,28.1172,28.1541,28.2004,28.2577,28.3274,2.5500,2.5500,2.5500,2.5500,2.5500,2.5500,2.5500,2.5500,2.5500,2.5500,2.5500,2.5500,2.5500,2.5500,2.5500,2.5500,2.5499,2.5478,2.5299,2.4424,2.1858
150.0000,28.0011,28.0011,28.0013,28.0017,28.0024,28.0033,28.0047,28.0066,28.0094,28.0133,28.0187,28.0260,28.0359,28.0492,28.0667,28.0895,28.1188,28.1561,28.2028,28.2603,28.3305,2.5500,2.5500,2.5500,2.5500,2.5500,2.5500,2.5500,2.5500,2.5500,2.5500,2.5500,2.5500,2.5500,2.5500,2.5500,2.5500,2.5499,2.5477,2.5296,2.4415,2.1847
151.0000,28.0011,28.0012,28.0014,28.0018,28.0024,28.0034,28.0048,28.0068,28.0097,28.0136,28.0191,28.0266,28.0366,28.0501,28.0678,28.0909,28.1205,28.1581,28.2051,28.2630,28.3335,2.5500,2.5500,2.5500,2.5500,2.5500,2.5500,2.5500,2.5500,2.5500,2.5500,2.5500,2.5500,2.5500,2.5500,2.5500,2.5500,2.5499,2.5477,2.5293,2.4407,2.1835
152.0000,28.0012,28.0012,28.0015,28.0019,28.0025,28.0035,28.0050,28.0070,28.0099,28.0140,28.0195,28.0271,28.0374,28.0510,28.0690,28.0923,28.1222,28.1601,28.2074,28.2657,28.3365,2.5500,2.5500,2.5500,2.5500,2.5500,2.5500,2.5500,2.5500,2.5500,2.5500,2.5500,2.5500,2.5500,2.5500,2.5500,2.5500,2.5498,2.5476,2.5289,2.4398,2.1824
153.0000,28.0012,28.0013,28.0015,28.0019,28.0026,28.0036,28.0051,28.0072,28.0102,28.0143,28.0200,28.0277,28.0381,28.0519,28.0701,28.0937,28.1239,28.1621,28.2098,28.2684,28.3396,2.5500,2.5500,2.5500,2.5500,2.5500,2.5500,2.5500,2.5500,2.5500,2.5500,2.5500,2.5500,2.5500,2.5500,2.5500,2.5500,2.5498,2.5475,2.5286,2.4390,2.1813
154.0000,28.0013,28.0013,28.0016,28.0020,28.0027,28.0038,28.0053,28.0074,28.0105,28.0147,28.0205,28.0283,28.0389,28.0529,28.0713,28.0951,28.1256,28.1642,28.2121,28.2711,28.3426,2.5500,2.5500,2.5500,2.5500,2.5500,2.5500,2.5500,2.5500,2.5500,2.5500,2.5500,2.5500,2.5500,2.5500,2.5500,2.5500,2.5498,2.5475,2.5283,2.4381,2.1802
155.0000,28.0013,28.0014,28.0016,28.0021,28.0028,28.0039,28.0054,28.0076,28.0107,28.0150,28.0209,28.0289,28.0396,28.0538,28.0725,28.0966,28.1274,28.1662,28.2145,28.2738,28.3457,2.5500,2.5500,2.5500,2.5500,2.5500,2.5500,2.5500,2.5500,2.5500,2.5500,2.5500,2.5500,2.5500,2.5500,2.5500,2.5500,2.5498,2.5474,2.5279,2.4373,2.1791
156.0000,28.0014,28.0014,28.0017,28.0022,28.0029,28.0040,28.0056,28.0079,28.0110,28.0154,28.0214,28.0295,28.0404,28.0548,28.0736,28.0980,28.1291,28.1682,28.2168,28.2765,28.3487,2.5500,2.5500,2.5500,2.5500,2.5500,2.5500,2.5500,2.5500,2.5500,2.5500,2.5500,2.5500,2.5500,2.5500,2.5500,2.5500,2.5498,2.5473,2.5276,2.4364,2.1780
157.0000,28.0014,28.0015,28.0018,28.0023,28.0030,28.0041,28.0058,28.0081,28.0113,28.0158,28.0219,28.0301,28.0412,28.0558,28.0748,28.0994,28.1308,28.1703,28.2192,28.2792,28.3518,2.5500,2.5500,2.5500,2.5500,2.5500,2.5500,2.5500,2.5500,2.5500,2.5500,2.5500,2.5500,2.5500,2.5500,2.5500,2.5500,2.5498,2.5473,2.5272,2.4356,2.1770
158.0000,28.0015,28.0016,28.0018,28.0023,28.0031,28.0043,28.0059,28.0083,28.0116,28.0161,28.0224,28.0307,28.0419,28.0567,28.0760,28.1009,28.1325,28.1723,28.2216,28.2819,28.3549,2.5500,2.5500,2.5500,2.5500,2.5500,2.5500,2.5500,2.5500,2.5500,2.5500,2.5500,2.5500,2.5500,2.5500,2.5500,2.5500,2.5498,2.5472,2.5269,2.4347,2.1759
159.0000,28.0015,28.0016,28.0019,28.0024,28.0032,28.0044,28.0061,28.0085,28.0119,28.0165,28.0228,28.0314,28.0427,28.0577,28.0772,28.1024,28.1343,28.1744,28.2240,28.2846,28.3579,2.5500,2.5500,2.5500,2.5500,2.5500,2.5500,2.5500,2.5500,2.5500,2.5500,2.5500,2.5500,2.5500,2.5500,2.5500,2.5500,2.5498,2.5471,2.5266,2.4339,2.1748
160.0000,28.0016,28.0017,28.0020,28.0025,28.0033,28.0045,28.0063,28.0087,28.0122,28.0169,28.0233,28.0320,28.0435,28.0587,28.0785,28.1038,28.1360,28.1764,28.2264,28.2874,28.3610,2.5500,2.5500,2.5500,2.5500,2.5500,2.5500,2.5500,2.5500,2.5500,2.5500,2.5500,2.5500,2.5500,2.5500,2.5500,2.5500,2.5498,2.5470,2.5262,2.4330,2.1737
161.0000,28.0017,28.0018,28.0021,28.0026,28.0034,28.0047,28.0065,28.0090,28.0125,28.0173,28.0238,28.0326,28.0443,28.0597,28.0797,28.1053,28.1378,28.1785,28.2287,28.2901,28.3641,2.5500,2.5500,2.5500,2.5500,2.5500,2.5500,2.5500,2.5500,2.5500,2.5500,2.5500,2.5500,2.5500,2.5500,2.5500,2.5500,2.5498,2.5470,2.5259,2.4322,2.1726
162.0000,28.0017,28.0018,28.0021,28.0027,28.0035,28.0048,28.0066,28.0092,28.0128,28.0177,28.0244,28.0333,28.0451,28.0607,28.0809,28.1068,28.1396,28.1805,28.2311,28.2928,28.3672,2.5500,2.5500,2.5500,2.5500,2.5500,2.5500,2.5500,2.5500,2.5500,2.5500,2.5500,2.5500,2.5500,2.5500,2.5500,2.5500,2.5498,2.5469,2.5255,2.4314,2.1716
163.0000,28.0018,28.0019,28.0022,28.0028,28.0037,28.0050,28.0068,28.0095,28.0131,28.0181,28.0249,28.0339,28.0460,28.0617,28.0821,28.1083,28.1413,28.1826,28.2335,28.2956,28.3703,2.5500,2.5500,2.5500,2.5500,2.5500,2.5500,2.5500,2.5500,2.5500,2.5500,2.5500,2.5500,2.5500,2.5500,2.5500,2.5500,2.5498,2.5468,2.5252,2.4305,2.1705
164.0000,28.0019,28.0020,28.0023,28.0029,28.0038,28.0051,28.0070,28.0097,28.0134,28.0185,28.0254,28.0346,28.0468,28.0627,28.0834,28.1098,28.1431,28.1847,28.2359,28.2983,28.3734,2.5500,2.5500,2.5500,2.5500,2.5500,2.5500,2.5500,2.5500,2.5500,2.5500,2.5500,2.5500,2.5500,2.5500,2.5500,2.5500,2.5497,2.5467,2.5248,2.4297,2.1694
165.0000,28.0019,28.0020,28.0024,28.0030,28.0039,28.0053,28.0072,28.0100,28.0138,28.0189,28.0259,28.0353,28.0476,28.0638,28.0846,28.1113,28.1449,28.1868,28.2384,28.3011,28.3765,2.5500,2.5500,2.5500,2.5500,2.5500,2.5500,2.5500,2.5500,2.5500,2.5500,2.5500,2.5500,2.5500,2.5500,2.5500,2.5500,2.5497,2.5467,2.5245,2.4289,2.1684
166.0000,28.0020,28.0021,28.0025,28.0031,28.0040,28.0054,28.0074,28.0102,28.0141,28.0193,28.0265,28.0359,28.0485,28.0648,28.0859,28.1128,28.1467,28.1889,28.2408,28.3038,28.3796,2.5500,2.5500,2.5500,2.5500,2.5500,2.5500,2.5500,2.5500,2.5500,2.5500,2.5500,2.5500,2.5500,2.5500,2.5500,2.5500,2.5497,2.5466,2.5241,2.4280,2.1673
167.0000,28.0021,28.0022,28.0025,28.0032,28.0041,28.0056,28.0076,28.0105,28.0144,28.0198,28.0270,28.0366,28.0493,28.0659,28.0872,28.1143,28.1485,28.1910,28.2432,28.3066,28.3827,2.5500,2.5500,2.5500,2.5500,2.5500,2.5500,2.5500,2.5500,2.5500,2.5500,2.5500,2.5500,2.5500,2.5500,2.5500,2.5500,2.5497,2.5465,2.5238,2.4272,2.1663
168.0000,28.0022,28.0023,28.0026,28.0033,28.0043,28.0057,28.0078,28.0107,28.0148,28.0202,28.0275,28.0373,28.0502,28.0669,28.0885,28.1159,28.1503,28.1931,28.2456,28.3094,28.3858,2.5500,2.5500,2.5500,2.5500,2.5500,2.5500,2.5500,2.5500,2.5500,2.5500,2.5500,2.5500,2.5500,2.5500,2.5500,2.5500,2.5497,2.5464,2.5234,2.4264,2.1652
169.0000,28.0022,28.0023,28.0027,28.0034,28.0044,28.0059,28.0080,28.0110,28.0151,28.0206,28.0281,28.0380,28.0510,28.0680,28.0897,28.1174,28.1521,28.1952,28.2481,28.3121,28.3889,2.5500,2.5500,2.5500,2.5500,2.5500,2.5500,2.5500,2.5500,2.5500,2.5500,2.5500,2.5500,2.5500,2.5500,2.5500,2.5500,2.5497,2.5463,2.5231,2.4255,2.1642
170.0000,28.0023,28.0024,28.0028,28.0035,28.0045,28.0061,28.0083,28.0113,28.0154,28.0211,28.0287,28.0387,28.0519,28.0690,28.0910,28.1189,28.1540,28.1974,28.2505,28.3149,28.3920,2.5500,2.5500,2.5500,2.5500,2.5500,2.5500,2.5500,2.5500,2.5500,2.5500,2.5500,2.5500,2.5500,2.5500,2.5500,2.5500,2.5497,2.5462,2.5227,2.4247,2.1632
171.0000,28.0024,28.0025,28.0029,28.0036,28.0047,28.0062,28.0085,28.0116,28.0158,28.0215,28.0292,28.0394,28.0528,28.0701,28.0923,28.1205,28.1558,28.1995,28.2530,28.3177,28.3952,2.5500,2.5500,2.5500,2.5500,2.5500,2.5500,2.5500,2.5500,2.5500,2.5500,2.5500,2.5500,2.5500,2.5500,2.5500,2.5500,2.5497,2.5462,2.5223,2.4239,2.1621
172.0000,28.0025,28.0026,28.0030,28.0037,28.0048,28.0064,28.0087,28.0118,28.0162,28.0220,28.0298,28.0401,28.0537,28.0712,28.0936,28.1221,28.1576,28.2016,28.2554,28.3205,28.3983,2.5500,2.5500,2.5500,2.5500,2.5500,2.5500,2.5500,2.5500,2.5500,2.5500,2.5500,2.5500,2.5500,2.5500,2.5500,2.5500,2.5497,2.5461,2.5220,2.4230,2.1611
173.0000,28.0026,28.0027,28.0031,28.0038,28.0050,28.0066,28.0089,28.0121,28.0165,28.0225,28.0304,28.0409,28.0546,28.0723,28.0950,28.1236,28.1595,28.2038,28.2579,28.3233,28.4014,2.5500,2.5500,2.5500,2.5500,2.5500,2.5500,2.5500,2.5500,2.5500,2.5500,2.5500,2.5500,2.5500,2.5500,2.5500,2.5500,2.5497,2.5460,2.5216,2.4222,2.1601
174.0000,28.0027,28.0028,28.0032,28.0039,28.0051,28.0068,28.0091,28.0124,28.0169,28.0229,28.0310,28.0416,28.0555,28.0734,28.0963,28.1252,28.1613,28.2059,28.2603,28.3261,28.4046,2.5500,2.5500,2.5500,2.5500,2.5500,2.5500,2.5500,2.5500,2.5500,2.5500,2.5500,2.5500,2.5500,2.5500,2.5500,2.5500,2.5496,2.5459,2.5213,2.4214,2.1590
175.0000,28.0027,28.0029,28.0033,28.0041,28.0052,28.0070,28.0094,28.0127,28.0173,28.0234,28.0316,28.0423,28.0564,28.0745,28.0976,28.1268,28.1632,28.2081,28.2628,28.3289,28.4077,2.5500,2.5500,2.5500,2.5500,2.5500,2.5500,2.5500,2.5500,2.5500,2.5500,2.5500,2.5500,2.5500,2.5500,2.5500,2.5500,2.5496,2.5458,2.5209,2.4206,2.1580
176.0000,28.0028,28.0030,28.0034,28.0042,28.0054,28.0071,28.0096,28.0130,28.0176,28.0239,28.0322,28.0431,28.0573,28.0756,28.0989,28.1284,28.1650,28.2102,28.2653,28.3317,28.4109,2.5500,2.5500,2.5500,2.5500,2.5500,2.5500,2.5500,2.5500,2.5500,2.5500,2.5500,2.5500,2.5500,2.5500,2.5500,2.5500,2.5496,2.5457,2.5205,2.4197,2.1570
177.0000,28.0029,28.0031,28.0035,28.0043,28.0056,28.0073,28.0099,28.0133,28.0180,28.0244,28.0328,28.0438,28.0582,28.0767,28.1003,28.1300,28.1669,28.2124,28.2678,28.3345,28.4140,2.5500,2.5500,2.5500,2.5500,2.5500,2.5500,2.5500,2.5500,2.5500,2.5500,2.5500,2.5500,2.5500,2.5500,2.5500,2.5500,2.5496,2.5456,2.5202,2.4189,2.1560
178.0000,28.0030,28.0032,28.0036,28.0045,28.0057,28.0075,28.0101,28.0136,28.0184,28.0248,28.0334,28.0446,28.0591,28.0778,28.1016,28.1316,28.1688,28.2146,28.2702,28.3373,28.4172,2.5500,2.5500,2.5500,2.5500,2.5500,2.5500,2.5500,2.5500,2.5500,2.5500,2.5500,2.5500,2.5500,2.5500,2.5500,2.5500,2.5496,2.5455,2.5198,2.4181,2.1550
179.0000,28.0031,28.0033,28.0037,28.0046,28.0059,28.0077,28.0103,28.0139,28.0188,28.0253,28.0340,28.0453,28.0601,28.0790,28.1030,28.1332,28.1707,28.2167,28.2727,28.3401,28.4204,2.5500,2.5500,2.5500,2.5500,2.5500,2.5500,2.5500,2.5500,2.5500,2.5500,2.5500,2.5500,2.5500,2.5500,2.5500,2.5500,2.5496,2.5454,2.5194,2.4173,2.1540
180.0000,28.0032,28.0034,28.0039,28.0047,28.0060,28.0079,28.0106,28.0143,28.0192,28.0258,28.0346,28.0461,28.0610,28.0801,28.1044,28.1348,28.1726,28.2189,28.2752,28.3429,28.4235,2.5500,2.5500,2.5500,2.5500,2.5500,2.5500,2.5500,2.5500,2.5500,2.5500,2.5500,2.5500,2.5500,2.5500,2.5500,2.5500,2.5496,2.5453,2.5191,2.4165,2.1530
181.0000,28.0033,28.0035,28.0040,28.0049,28.0062,28.0081,28.0109,28.0146,28.0196,28.0263,28.0352,28.0469,28.0620,28.0813,28.1057,28.1364,28.1744,28.2211,28.2777,28.3458,28.4267,2.5500,2.5500,2.5500,2.5500,2.5500,2.5500,2.5500,2.5500,2.5500,2.5500,2.5500,2.5500,2.5500,2.5500,2.5500,2.5500,2.5495,2.5452,2.5187,2.4157,2.1520
182.0000,28.0034,28.0036,28.0041,28.0050,28.0064,28.0084,28.0111,28.0149,28.0200,28.0269,28.0359,28.0477,28.0629,28.0824,28.1071,28.1380,28.1764,28.2233,28.2803,28.3486,28.4297,2.5500,2.5500,2.5500,2.5500,2.5500,2.5500,2.5500,2.5500,2.5500,2.5500,2.5500,2.5500,2.5500,2.5500,2.5500,2.5500,2.5495,2.5451,2.5183,2.4149,2.1510
183.0000,28.0036,28.0037,28.0042,28.0051,28.0065,28.0086,28.0114,28.0152,28.0204,28.0274,28.0365,28.0485,28.0639,28.0836,28.1085,28.1397,28.1783,28.2255,28.2828,28.3514,28.4328,2.5500,2.5500,2.5500,2.5500,2.5500,2.5500,2.5500,2.5500,2.5500,2.5500,2.5500,2.5500,2.5500,2.5500,2.5500,2.5500,2.5495,2.5450,2.5179,2.4140,2.1500
184.0000,28.0037,28.0038,28.0044,28.0053,28.0067,28.0088,28.0117,28.0156,28.0209,28.0279,28.0372,28.0493,28.0649,28.0848,28.1099,28.1413,28.1802,28.2277,28.2853,28.3542,28.4359,2.5500,2.5500,2.5500,2.5500,2.5500,2.5500,2.5500,2.5500,2.5500,2.5500,2.5500,2.5500,2.5500,2.5500,2.5500,2.5500,2.5495,2.5449,2.5176,2.4132,2.1490
185.0000,28.0038,28.0040,28.0045,28.0054,28.0069,28.0090,28.0119,28.0159,28.0213,28.0284,28.0378,28.0501,28.0658,28.0859,28.1113,28.1430,28.1821,28.2299,28.2878,28.3571,28.4389,2.5500,2.5500,2.5500,2.5500,2.5500,2.5500,2.5500,2.5500,2.5500,2.5500,2.5500,2.5500,2.5500,2.5500,2.5500,2.5500,2.5495,2.5448,2.5172,2.4124,2.1480
186.0000,28.0039,28.0041,28.0046,28.0056,28.0071,28.0092,28.0122,28.0163,28.0217,28.0290,28.0385,28.0509,28.0668,28.0871,28.1127,28.1446,28.1840,28.2321,28.2903,28.3599,28.4419,2.5500,2.5500,2.5500,2.5500,2.5500,2.5500,2.5500,2.5500,2.5500,2.5500,2.5500,2.5500,2.5500,2.5500,2.5500,2.5500,2.5495,2.5447,2.5168,2.4116,2.1470
187.0000,28.0040,28.0042,28.0048,28.0058,28.0073,28.0095,28.0125,28.0166,28.0222,28.0295,28.0392,28.0517,28.0678,28.0883,28.1141,28.1463,28.1860,28.2344,28.2928,28.3626,28.4450,2.5500,2.5500,2.5500,2.5500,2.5500,2.5500,2.5500,2.5500,2.5500,2.5500,2.5500,2.5500,2.5500,2.5500,2.5500,2.5500,2.5495,2.5446,2.5164,2.4108,2.1460
188.0000,28.0041,28.0043,28.0049,28.0059,28.0075,28.0097,28.0128,28.0170,28.0226,28.0301,28.0398,28.0525,28.0688,28.0895,28.1155,28.1480,28.1879,28.2366,28.2954,28.3654,28.4480,2.5500,2.5500,2.5500,2.5500,2.5500,2.5500,2.5500,2.5500,2.5500,2.5500,2.5500,2.5500,2.5500,2.5500,2.5500,2.5500,2.5494,2.5445,2.5161,2.4100,2.1451
189.0000,28.0043,28.0045,28.0050,28.0061,28.0077,28.0099,28.0131,28.0173,28.0230,28.0306,28.0405,28.0533,28.0698,28.0907,28.1170,28.1496,28.1898,28.2388,28.2979,28.3682,28.4510,2.5500,2.5500,2.5500,2.5500,2.5500,2.5500,2.5500,2.5500,2.5500,2.5500,2.5500,2.5500,2.5500,2.5500,2.5500,2.5500,2.5494,2.5444,2.5157,2.4092,2.1441
190.0000,28.0044,28.0046,28.0052,28.0062,28.0078,28.0102,28.0134,28.0177,28.0235,28.0312,28.0412,28.0542,28.0708,28.0919,28.1184,28.1513,28.1918,28.2411,28.3004,28.3710,28.4540,2.5500,2.5500,2.5500,2.5500,2.5500,2.5500,2.5500,2.5500,2.5500,2.5500,2.5500,2.5500,2.5500,2.5500,2.5500,2.5500,2.5494,2.5443,2.5153,2.4084,2.1431
191.0000,28.0045,28.0047,28.0053,28.0064,28.0080,28.0104,28.0137,28.0181,28.0240,28.0317,28.0419,28.0550,28.0718,28.0931,28.1199,28.1530,28.1938,28.2433,28.3029,28.3738,28.4570,2.5500,2.5500,2.5500,2.5500,2.5500,2.5500,2.5500,2.5500,2.5500,2.5500,2.5500,2.5500,2.5500,2.5500,2.5500,2.5500,2.5494,2.5442,2.5149,2.4076,2.1421
192.0000,28.0047,28.0049,28.0055,28.0066,28.0083,28.0106,28.0140,28.0184,28.0244,28.0323,28.0426,28.0559,28.0729,28.0944,28.1213,28.1547,28.1957,28.2455,28.3054,28.3765,28.4600,2.5500,2.5500,2.5500,2.5500,2.5500,2.5500,2.5500,2.5500,2.5500,2.5500,2.5500,2.5500,2.5500,2.5500,2.5500,2.5500,2.5494,2.5441,2.5145,2.4068,2.1412
193.0000,28.0048,28.0050,28.0056,28.0068,28.0085,28.0109,28.0143,28.0188,28.0249,28.0329,28.0433,28.0567,28.0739,28.0956,28.1228,28.1564,28.1977,28.2478,28.3079,28.3793,28.4630,2.5500,2.5500,2.5500,2.5500,2.5500,2.5500,2.5500,2.5500,2.5500,2.5500,2.5500,2.5500,2.5500,2.5500,2.5500,2.5500,2.5494,2.5440,2.5141,2.4060,2.1402
194.0000,28.0049,28.0051,28.0058,28.0069,28.0087,28.0112,28.0146,28.0192,28.0254,28.0335,28.0440,28.0576,28.0749,28.0968,28.1242,28.1581,28.1997,28.2500,28.3104,28.3821,28.4659,2.5500,2.5500,2.5500,2.5500,2.5500,2.5500,2.5500,2.5500,2.5500,2.5500,2.5500,2.5500,2.5500,2.5500,2.5500,2.5500,2.5493,2.5439,2.5138,2.4052,2.1393
195.0000,28.0051,28.0053,28.0059,28.0071,28.0089,28.0114,28.0149,28.0196,28.0258,28.0340,28.0447,28.0585,28.0760,28.0981,28.1257,28.1598,28.2016,28.2523,28.3130,28.3848,28.4689,2.5500,2.5500,2.5500,2.5500,2.5500,2.5500,2.5500,2.5500,2.5500,2.5500,2.5500,2.5500,2.5500,2.5500,2.5500,2.5500,2.5493,2.5438,2.5134,2.4044,2.1383
196.0000,28.0052,28.0054,28.0061,28.0073,28.0091,28.0117,28.0152,28.0200,28.0263,28.0346,28.0454,28.0593,28.0770,28.0993,28.1272,28.1616,28.2036,28.2545,28.3155,28.3876,28.4719,2.5500,2.5500,2.5500,2.5500,2.5500,2.5500,2.5500,2.5500,2.5500,2.5500,2.5500,2.5500,2.5500,2.5500,2.5500,2.5500,2.5493,2.5437,2.5130,2.4036,2.1374
197.0000,28.0054,28.0056,28.0063,28.0075,28.0093,28.0119,28.0155,28.0204,28.0268,28.0352,28.0462,28.0602,28.0781,28.1006,28.1286,28.1633,28.2056,28.2568,28.3180,28.3903,28.4749,2.5500,2.5500,2.5500,2.5500,2.5500,2.5500,2.5500,2.5500,2.5500,2.5500,2.5500,2.5500,2.5500,2.5500,2.5500,2.5499,2.5493,2.5436,2.5126,2.4028,2.1364
198.0000,28.0055,28.0057,28.0064,28.0077,28.0095,28.0122,28.0159,28.0208,28.0273,28.0358,28.0469,28.0611,28.0792,28.1019,28.1301,28.1650,28.2076,28.2590,28.3205,28.3931,28.4778,2.5500,2.5500,2.5500,2.5500,2.5500,2.5500,2.5500,2.5500,2.5500,2.5500,2.5500,2.5500,2.5500,2.5500,2.5500,2.5499,2.5493,2.5435,2.5122,2.4020,2.1355
199.0000,28.0057,28.0059,28.0066,28.0079,28.0098,28.0125,28.0162,28.0212,28.0278,28.0365,28.0477,28.0620,28.0802,28.1031,28.1316,28.1667,28.2096,28.2613,28.3230,28.3958,28.4808,2.5500,2.5500,2.5500,2.5500,2.5500,2.5500,2.5500,2.5500,2.5500,2.5500,2.5500,2.5500,2.5500,2.5500,2.5500,2.5499,2.5492,2.5433,2.5118,2.4013,2.1345
200.0000,28.0058,28.0061,28.0068,28.0081,28.0100,28.0128,28.0165,28.0216,28.0283,28.0371,28.0484,28.0629,28.0813,28.1044,28.1331,28.1685,28.2116,28.2635,28.3255,28.3986,28.4838,2.5500,2.5500,2.5500,2.5500,2.5500,2.5500,2.5500,2.5500,2.5500,2.5500,2.5500,2.5500,2.5500,2.5500,2.5500,2.5499,2.5492,2.5432,2.5114,2.4005,2.1336
201.0000,28.0060,28.0062,28.0070,28.0083,28.0102,28.0130,28.0169,28.0220,28.0288,28.0377,28.0492,28.0638,28.0824,28.1057,28.1346,28.1702,28.2136,28.2658,28.3280,28.4013,28.4867,2.5500,2.5500,2.5500,2.5500,2.5500,2.5500,2.5500,2.5500,2.5500,2.5500,2.5500,2.5500,2.5500,2.5500,2.5500,2.5499,2.5492,2.5431,2.5110,2.3997,2.1326
202.0000,28.0061,28.0064,28.0071,28.0085,28.0105,28.0133,28.0172,28.0224,28.0293,28.0383,28.0499,28.0647,28.0835,28.1070,28.1362,28.1720,28.2156,28.2680,28.3305,28.4041,28.4897,2.5500,2.5500,2.5500,2.5500,2.5500,2.5500,2.5500,2.5500,2.5500,2.5500,2.5500,2.5500,2.5500,2.5500,2.5500,2.5499,2.5492,2.5430,2.5107,2.3989,2.1317
203.0000,28.0063,28.0066,28.0073,28.0087,28.0107,28.0136,28.0176,28.0229,28.0299,28.0390,28.0507,28.0657,28.0846,28.1083,28.1377,28.1737,28.2176,28.2703,28.3330,28.4068,28.4926,2.5500,2.5500,2.5500,2.5500,2.5500,2.5500,2.5500,2.5500,2.5500,2.5500,2.5500,2.5500,2.5500,2.5500,2.5500,2.5499,2.5492,2.5429,2.5103,2.3981,2.1308
204.0000,28.0065,28.0067,28.0075,28.0089,28.0110,28.0139,28.0179,28.0233,28.0304,28.0396,28.0515,28.0666,28.0857,28.1096,28.1392,28.1755,28.2196,28.2726,28.3355,28.4096,28.4956,2.5500,2.5500,2.5500,2.5500,2.5500,2.5500,2.5500,2.5500,2.5500,2.5500,2.5500,2.5500,2.5500,2.5500,2.5500,2.5499,2.5491,2.5427,2.5099,2.3973,2.1298
205.0000,28.0067,28.0069,28.0077,28.0091,28.0112,28.0142,28.0183,28.0237,28.0309,28.0402,28.0522,28.0675,28.0868,28.1109,28.1407,28.1773,28.2216,28.2748,28.3380,28.4123,28.4985,2.5500,2.5500,2.5500,2.5500,2.5500,2.5500,2.5500,2.5500,2.5500,2.5500,2.5500,2.5500,2.5500,2.5500,2.5500,2.5499,2.5491,2.5426,2.5095,2.3965,2.1289
206.0000,28.0068,28.0071,28.0079,28.0093,28.0115,28.0145,28.0187,28.0242,28.0315,28.0409,28.0530,28.0685,28.0879,28.1122,28.1423,28.1790,28.2236,28.2771,28.3406,28.4150,28.5015,2.5500,2.5500,2.5500,2.5500,2.5500,2.5500,2.5500,2.5500,2.5500,2.5500,2.5500,2.5500,2.5500,2.5500,2.5500,2.5499,2.5491,2.5425,2.5091,2.3958,2.1280
207.0000,28.0070,28.0073,28.0081,28.0096,28.0117,28.0148,28.0190,28.0246,28.0320,28.0415,28.0538,28.0694,28.0890,28.1135,28.1438,28.1808,28.2256,28.2794,28.3431,28.4178,28.5044,2.5500,2.5500,2.5500,2.5500,2.5500,2.5500,2.5500,2.5500,2.5500,2.5500,2.5500,2.5500,2.5500,2.5500,2.5500,2.5499,2.5491,2.5424,2.5087,2.3950,2.1270
208.0000,28.0072,28.0075,28.0083,28.0098,28.0120,28.0151,28.0194,28.0251,28.0325,28.0422,28.0546,28.0704,28.0902,28.1149,28.1453,28.1826,28.2277,28.2816,28.3456,28.4205,28.5074,2.5500,2.5500,2.5500,2.5500,2.5500,2.5500,2.5500,2.5500,2.5500,2.5500,2.5500,2.5500,2.5500,2.5500,2.5500,2.5499,2.5490,2.5423,2.5083,2.3942,2.1261
209.0000,28.0074,28.0077,28.0085,28.0100,28.0123,28.0155,28.0198,28.0255,28.0331,28.0429,28.0554,28.0713,28.0913,28.1162,28.1469,28.1844,28.2297,28.2839,28.3481,28.4232,28.5103,2.5500,2.5500,2.5500,2.5500,2.5500,2.5500,2.5500,2.5500,2.5500,2.5500,2.5500,2.5500,2.5500,2.5500,2.5500,2.5499,2.5490,2.5421,2.5079,2.3934,2.1252
210.0000,28.0076,28.0078,28.0087,28.0102,28.0125,28.0158,28.0202,28.0260,28.0337,28.0436,28.0562,28.0723,28.0925,28.1175,28.1485,28.1862,28.2317,28.2862,28.3506,28.4260,28.5133,2.5500,2.5500,2.5500,2.5500,2.5500,2.5500,2.5500,2.5500,2.5500,2.5500,2.5500,2.5500,2.5500,2.5500,2.5500,2.5499,2.5490,2.5420,2.5075,2.3927,2.1243
211.0000,28.0078,28.0080,28.0089,28.0105,28.0128,28.0161,28.0206,28.0265,28.0342,28.0442,28.0570,28.0733,28.0936,28.1189,28.1500,28.1880,28.2337,28.2884,28.3531,28.4287,28.5162,2.5500,2.5500,2.5500,2.5500,2.5500,2.5500,2.5500,2.5500,2.5500,2.5500,2.5500,2.5500,2.5500,2.5500,2.5500,2.5499,2.5490,2.5419,2.5071,2.3919,2.1234
212.0000,28.0080,28.0082,28.0091,28.0107,28.0131,28.0164,28.0209,28.0269,28.0348,28.0449,28.0579,28.0742,28.0948,28.1202,28.1516,28.1898,28.2358,28.2907,28.3556,28.4314,28.5192,2.5500,2.5500,2.5500,2.5500,2.5500,2.5500,2.5500,2.5500,2.5500,2.5500,2.5500,2.5500,2.5500,2.5500,2.5500,2.5499,2.5489,2.5418,2.5067,2.3911,2.1225
213.0000,28.0082,28.0084,28.0094,28.0110,28.0134,28.0168,28.0213,28.0274,28.0354,28.0456,28.0587,28.0752,28.0959,28.1216,28.1532,28.1916,28.2378,28.2930,28.3581,28.4342,28.5221,2.5500,2.5500,2.5500,2.5500,2.5500,2.5500,2.5500,2.5500,2.5500,2.5500,2.5500,2.5500,2.5500,2.5500,2.5500,2.5499,2.5489,2.5416,2.5063,2.3903,2.1216
214.0000,28.0084,28.0087,28.0096,28.0112,28.0137,28.0171,28.0217,28.0279,28.0359,28.0463,28.0595,28.0762,28.0971,28.1230,28.1547,28.1934,28.2399,28.2953,28.3606,28.4369,28.5251,2.5500,2.5500,2.5500,2.5500,2.5500,2.5500,2.5500,2.5500,2.5500,2.5500,2.5500,2.5500,2.5500,2.5500,2.5500,2.5499,2.5489,2.5415,2.5059,2.3896,2.1207
215.0000,28.0086,28.0089,28.0098,28.0115,28.0140,28.0174,28.0222,28.0284,28.0365,28.0470,28.0604,28.0772,28.0983,28.1243,28.1563,28.1952,28.2419,28.2975,28.3631,28.4396,28.5280,2.5500,2.5500,2.5500,2.5500,2.5500,2.5500,2.5500,2.5500,2.5500,2.5500,2.5500,2.5500,2.5500,2.5500,2.5500,2.5499,2.5489,2.5414,2.5055,2.3888,2.1198
216.0000,28.0088,28.0091,28.0100,28.0117,28.0143,28.0178,28.0226,28.0289,28.0371,28.0477,28.0612,28.0782,28.0994,28.1257,28.1579,28.1970,28.2439,28.2998,28.3656,28.4424,28.5310,2.5500,2.5500,2.5500,2.5500,2.5500,2.5500,2.5500,2.5500,2.5500,2.5500,2.5500,2.5500,2.5500,2.5500,2.5500,2.5499,2.5488,2.5412,2.5051,2.3880,2.1189
217.0000,28.0090,28.0093,28.0103,28.0120,28.0145,28.0181,28.0230,28.0294,28.0377,28.0484,28.0621,28.0792,28.1006,28.1271,28.1595,28.1988,28.2460,28.3021,28.3682,28.4451,28.5339,2.5500,2.5500,2.5500,2.5500,2.5500,2.5500,2.5500,2.5500,2.5500,2.5500,2.5500,2.5500,2.5500,2.5500,2.5500,2.5499,2.5488,2.5411,2.5047,2.3873,2.1180
218.0000,28.0092,28.0095,28.0105,28.0123,28.0149,28.0185,28.0234,28.0299,28.0383,28.0492,28.0629,28.0802,28.1018,28.1285,28.1611,28.2006,28.2480,28.3044,28.3707,28.4478,28.5368,2.5500,2.5500,2.5500,2.5500,2.5500,2.5500,2.5500,2.5500,2.5500,2.5500,2.5500,2.5500,2.5500,2.5500,2.5500,2.5499,2.5488,2.5410,2.5043,2.3865,2.1171
219.0000,28.0094,28.0097,28.0108,28.0125,28.0152,28.0189,28.0238,28.0304,28.0389,28.0499,28.0638,28.0812,28.1030,28.1299,28.1627,28.2024,28.2501,28.3067,28.3732,28.4506,28.5398,2.5500,2.5500,2.5500,2.5500,2.5500,2.5500,2.5500,2.5500,2.5500,2.5500,2.5500,2.5500,2.5500,2.5500,2.5500,2.5499,2.5488,2.5408,2.5039,2.3857,2.1162
220.0000,28.0096,28.0100,28.0110,28.0128,28.0155,28.0192,28.0243,28.0309,28.0395,28.0506,28.0646,28.0823,28.1042,28.1313,28.1643,28.2043,28.2522,28.3090,28.3757,28.4533,28.5427,2.5500,2.5500,2.5500,2.5500,2.5500,2.5500,2.5500,2.5500,2.5500,2.5500,2.5500,2.5500,2.5500,2.5500,2.5500,2.5499,2.5487,2.5407,2.5035,2.3850,2.1153
221.0000,28.0099,28.0102,28.0112,28.0131,28.0158,28.0196,28.0247,28.0314,28.0402,28.0513,28.0655,28.0833,28.1054,28.1327,28.1659,28.2061,28.2542,28.3113,28.3782,28.4560,28.5457,2.5500,2.5500,2.5500,2.5500,2.5500,2.5500,2.5500,2.5500,2.5500,2.5500,2.5500,2.5500,2.5500,2.5500,2.5500,2.5499,2.5487,2.5406,2.5031,2.3842,2.1144
222.0000,28.0101,28.0104,28.0115,28.0133,28.0161,28.0200,28.0251,28.0320,28.0408,28.0521,28.0664,28.0843,28.1066,28.1341,28.1675,28.2079,28.2563,28.3135,28.3807,28.4588,28.5486,2.5500,2.5500,2.5500,2.5500,2.5500,2.5500,2.5500,2.5500,2.5500,2.5500,2.5500,2.5500,2.5500,2.5500,2.5500,2.5499,2.5487,2.5404,2.5027,2.3835,2.1135
223.0000,28.0103,28.0107,28.0118,28.0136,28.0164,28.0203,28.0256,28.0325,28.0414,28.0528,28.0673,28.0854,28.1078,28.1355,28.1691,28.2098,28.2583,28.3158,28.3832,28.4615,28.5516,2.5500,2.5500,2.5500,2.5500,2.5500,2.5500,2.5500,2.5500,2.5500,2.5500,2.5500,2.5500,2.5500,2.5500,2.5500,2.5499,2.5486,2.5403,2.5023,2.3827,2.1126
224.0000,28.0106,28.0109,28.0120,28.0139,28.0168,28.0207,28.0260,28.0330,28.0421,28.0536,28.0682,28.0864,28.1091,28.1369,28.1708,28.2116,28.2604,28.3181,28.3858,28.4643,28.5545,2.5500,2.5500,2.5500,2.5500,2.5500,2.5500,2.5500,2.5500,2.5500,2.5500,2.5500,2.5500,2.5500,2.5500,2.5500,2.5499,2.5486,2.5402,2.5019,2.3820,2.1118
225.0000,28.0108,28.0112,28.0123,28.0142,28.0171,28.0211,28.0265,28.0336,28.0427,28.0543,28.0691,28.0875,28.1103,28.1383,28.1724,28.2135,28.2625,28.3204,28.3883,28.4670,28.5574,2.5500,2.5500,2.5500,2.5500,2.5500,2.5500,2.5500,2.5500,2.5500,2.5500,2.5500,2.5500,2.5500,2.5500,2.5500,2.5499,2.5486,2.5400,2.5015,2.3812,2.1109
226.0000,28.0110,28.0114,28.0125,28.0145,28.0174,28.0215,28.0269,28.0341,28.0433,28.0551,28.0700,28.0885,28.1115,28.1397,28.1740,28.2153,28.2645,28.3227,28.3908,28.4697,28.5604,2.5500,2.5500,2.5500,2.5500,2.5500,2.5500,2.5500,2.5500,2.5500,2.5500,2.5500,2.5500,2.5500,2.5500,2.5500,2.5499,2.5485,2.5399,2.5011,2.3804,2.1100
227.0000,28.0113,28.0117,28.0128,28.0148,28.0178,28.0219,28.0274,28.0346,28.0440,28.0559,28.0709,28.0896,28.1128,28.1412,28.1757,28.2172,28.2666,28.3250,28.3933,28.4725,28.5633,2.5500,2.5500,2.5500,2.5500,2.5500,2.5500,2.5500,2.5500,2.5500,2.5500,2.5500,2.5500,2.5500,2.5500,2.5500,2.5499,2.5485,2.5397,2.5007,2.3797,2.1091
228.0000,28.0115,28.0119,28.0131,28.0151,28.0181,28.0223,28.0279,28.0352,28.0446,28.0567,28.0718,28.0907,28.1140,28.1426,28.1773,28.2190,28.2687,28.3273,28.3958,28.4752,28.5663,2.5500,2.5500,2.5500,2.5500,2.5500,2.5500,2.5500,2.5500,2.5500,2.5500,2.5500,2.5500,2.5500,2.5500,2.5500,2.5499,2.5485,2.5396,2.5002,2.3789,2.1083
229.0000,28.0118,28.0122,28.0134,28.0154,28.0185,28.0227,28.0284,28.0358,28.0453,28.0574,28.0727,28.0918,28.1153,28.1441,28.1790,28.2209,28.2708,28.3296,28.3984,28.4779,28.5692,2.5500,2.5500,2.5500,2.5500,2.5500,2.5500,2.5500,2.5500,2.5500,2.5500,2.5500,2.5500,2.5500,2.5500,2.5500,2.5498,2.5485,2.5395,2.4998,2.3782,2.1074
230.0000,28.0121,28.0125,28.0136,28.0157,28.0188,28.0231,28.0288,28.0363,28.0460,28.0582,28.0736,28.0928,28.1165,28.1455,28.1806,28.2227,28.2729,28.3319,28.4009,28.4807,28.5722,2.5500,2.5500,2.5500,2.5500,2.5500,2.5500,2.5500,2.5500,2.5500,2.5500,2.5500,2.5500,2.5500,2.5500,2.5500,2.5498,2.5484,2.5393,2.4994,2.3774,2.1065
231.0000,28.0123,28.0127,28.0139,28.0160,28.0192,28.0235,28.0293,28.0369,28.0466,28.0590,28.0746,28.0939,28.1178,28.1470,28.1823,28.2246,28.2750,28.3342,28.4034,28.4834,28.5751,2.5500,2.5500,2.5500,2.5500,2.5500,2.5500,2.5500,2.5500,2.5500,2.5500,2.5500,2.5500,2.5500,2.5500,2.5500,2.5498,2.5484,2.5392,2.4990,2.3767,2.1057
232.0000,28.0126,28.0130,28.0142,28.0164,28.0195,28.0239,28.0298,28.0375,28.0473,28.0598,28.0755,28.0950,28.1191,28.1484,28.1839,28.2265,28.2770,28.3365,28.4059,28.4861,28.5781,2.5500,2.5500,2.5500,2.5500,2.5500,2.5500,2.5500,2.5500,2.5500,2.5500,2.5500,2.5500,2.5500,2.5500,2.5500,2.5498,2.5484,2.5390,2.4986,2.3759,2.1048
233.0000,28.0129,28.0133,28.0145,28.0167,28.0199,28.0244,28.0303,28.0380,28.0480,28.0606,28.0765,28.0961,28.1203,28.1499,28.1856,28.2284,28.2791,28.3389,28.4085,28.4889,28.5810,2.5500,2.5500,2.5500,2.5500,2.5500,2.5500,2.5500,2.5500,2.5500,2.5500,2.5500,2.5500,2.5500,2.5500,2.5500,2.5498,2.5483,2.5389,2.4982,2.3752,2.1039
234.0000,28.0131,28.0136,28.0148,28.0170,28.0203,28.0248,28.0308,28.0386,28.0487,28.0614,28.0774,28.0972,28.1216,28.1513,28.1872,28.2302,28.2812,28.3412,28.4110,28.4916,28.5840,2.5500,2.5500,2.5500,2.5500,2.5500,2.5500,2.5500,2.5500,2.5500,2.5500,2.5500,2.5500,2.5500,2.5500,2.5500,2.5498,2.5483,2.5387,2.4978,2.3745,2.1031
235.0000,28.0134,28.0138,28.0151,28.0173,28.0206,28.0252,28.0313,28.0392,28.0494,28.0622,28.0784,28.0983,28.1229,28.1528,28.1889,28.2321,28.2833,28.3435,28.4135,28.4944,28.5869,2.5500,2.5500,2.5500,2.5500,2.5500,2.5500,2.5500,2.5500,2.5500,2.5500,2.5500,2.5500,2.5500,2.5500,2.5500,2.5498,2.5483,2.5386,2.4974,2.3737,2.1022
236.0000,28.0137,28.0141,28.0154,28.0177,28.0210,28.0256,28.0318,28.0398,28.0501,28.0631,28.0793,28.0994,28.1242,28.1543,28.1906,28.2340,28.2854,28.3458,28.4161,28.4971,28.5899,2.5500,2.5500,2.5500,2.5500,2.5500,2.5500,2.5500,2.5500,2.5500,2.5500,2.5500,2.5500,2.5500,2.5500,2.5500,2.5498,2.5482,2.5384,2.4970,2.3730,2.1014
237.0000,28.0140,28.0144,28.0157,28.0180,28.0214,28.0261,28.0323,28.0404,28.0508,28.0639,28.0803,28.1006,28.1255,28.1558,28.1923,28.2359,28.2875,28.3481,28.4186,28.4999,28.5928,2.5500,2.5500,2.5500,2.5500,2.5500,2.5500,2.5500,2.5500,2.5500,2.5500,2.5500,2.5500,2.5500,2.5500,2.5500,2.5498,2.5482,2.5383,2.4965,2.3722,2.1005
238.0000,28.0143,28.0147,28.0161,28.0184,28.0218,28.0265,28.0328,28.0410,28.0515,28.0647,28.0812,28.1017,28.1268,28.1572,28.1939,28.2378,28.2896,28.3504,28.4211,28.5026,28.5958,2.5500,2.5500,2.5500,2.5500,2.5500,2.5500,2.5500,2.5500,2.5500,2.5500,2.5500,2.5500,2.5500,2.5500,2.5500,2.5498,2.5482,2.5381,2.4961,2.3715,2.0997
239.0000,28.0146,28.0150,28.0164,28.0187,28.0222,28.0270,28.0334,28.0416,28.0522,28.0656,28.0822,28.1028,28.1281,28.1587,28.1956,28.2397,28.2917,28.3528,28.4237,28.5054,28.5987,2.5500,2.5500,2.5500,2.5500,2.5500,2.5500,2.5500,2.5500,2.5500,2.5500,2.5500,2.5500,2.5500,2.5500,2.5500,2.5498,2.5481,2.5380,2.4957,2.3707,2.0988
240.0000,28.0149,28.0153,28.0167,28.0191,28.0226,28.0274,28.0339,28.0423,28.0529,28.0664,28.0832,28.1040,28.1294,28.1602,28.1973,28.2416,28.2938,28.3551,28.4262,28.5081,28.6017,2.5500,2.5500,2.5500,2.5500,2.5500,2.5500,2.5500,2.5500,2.5500,2.5500,2.5500,2.5500,2.5500,2.5500,2.5500,2.5498,2.5481,2.5378,2.4953,2.3700,2.0980
241.0000,28.0152,28.0156,28.0170,28.0194,28.0230,28.0279,28.0344,28.0429,28.0537,28.0672,28.0842,28.1051,28.1307,28.1617,28.1990,28.2435,28.2960,28.3574,28.4287,28.5108,28.6048,2.5500,2.5500,2.5500,2.5500,2.5500,2.5500,2.5500,2.5500,2.5500,2.5500,2.5500,2.5500,2.5500,2.5500,2.5500,2.5498,2.5480,2.5377,2.4949,2.3693,2.0971
242.0000,28.0155,28.0159,28.0174,28.0198,28.0234,28.0284,28.0350,28.0435,28.0544,28.0681,28.0852,28.1062,28.1320,28.1632,28.2007,28.2454,28.2981,28.3597,28.4313,28.5136,28.6080,2.5500,2.5500,2.5500,2.5500,2.5500,2.5500,2.5500,2.5500,2.5500,2.5500,2.5500,2.5500,2.5500,2.5500,2.5500,2.5498,2.5480,2.5375,2.4945,2.3685,2.0963
243.0000,28.0158,28.0163,28.0177,28.0202,28.0238,28.0288,28.0355,28.0441,28.0551,28.0690,28.0862,28.1074,28.1333,28.1647,28.2024,28.2473,28.3002,28.3621,28.4338,28.5164,28.6113,2.5500,2.5500,2.5500,2.5500,2.5500,2.5500,2.5500,2.5500,2.5500,2.5500,2.5500,2.5500,2.5500,2.5500,2.5500,2.5498,2.5480,2.5374,2.4941,2.3678,2.0955
244.0000,28.0161,28.0166,28.0180,28.0205,28.0242,28.0293,28.0360,28.0448,28.0559,28.0698,28.0872,28.1086,28.1347,28.1662,28.2041,28.2492,28.3023,28.3644,28.4364,28.5193,28.6147,2.5500,2.5500,2.5500,2.5500,2.5500,2.5500,2.5500,2.5500,2.5500,2.5500,2.5500,2.5500,2.5500,2.5500,2.5500,2.5498,2.5479,2.5372,2.4936,2.3671,2.0946
245.0000,28.0164,28.0169,28.0184,28.0209,28.0246,28.0298,28.0366,28.0454,28.0566,28.0707,28.0882,28.1097,28.1360,28.1678,28.2058,28.2511,28.3044,28.3667,28.4390,28.5222,28.6182,2.5500,2.5500,2.5500,2.5500,2.5500,2.5500,2.5500,2.5500,2.5500,2.5500,2.5500,2.5500,2.5500,2.5500,2.5500,2.5498,2.5479,2.5371,2.4932,2.3663,2.0938
246.0000,28.0168,28.0172,28.0187,28.0213,28.0251,28.0303,28.0372,28.0460,28.0574,28.0716,28.0892,28.1109,28.1373,28.1693,28.2076,28.2530,28.3066,28.3691,28.4415,28.5251,28.6217,2.5500,2.5500,2.5500,2.5500,2.5500,2.5500,2.5500,2.5500,2.5500,2.5500,2.5500,2.5500,2.5500,2.5500,2.5500,2.5498,2.5479,2.5369,2.4928,2.3656,2.0930
247.0000,28.0171,28.0176,28.0191,28.0217,28.0255,28.0308,28.0377,28.0467,28.0581,28.0724,28.0902,28.1121,28.1387,28.1708,28.2093,28.2549,28.3087,28.3714,28.4442,28.5281,28.6252,2.5500,2.5500,2.5500,2.5500,2.5500,2.5500,2.5500,2.5500,2.5500,2.5500,2.5500,2.5500,2.5500,2.5500,2.5500,2.5497,2.5478,2.5367,2.4924,2.3649,2.0921
248.0000,28.0174,28.0179,28.0194,28.0221,28.0259,28.0312,28.0383,28.0474,28.0589,28.0733,28.0912,28.1132,28.1400,28.1723,28.2110,28.2569,28.3108,28.3738,28.4468,28.5311,28.6288,2.5500,2.5500,2.5500,2.5500,2.5500,2.5500,2.5500,2.5500,2.5500,2.5500,2.5500,2.5500,2.5500,2.5500,2.5500,2.5497,2.5478,2.5366,2.4920,2.3642,2.0913
249.0000,28.0178,28.0183,28.0198,28.0225,28.0264,28.0317,28.0389,28.0480,28.0596,28.0742,28.0923,28.1144,28.1414,28.1739,28.2127,28.2588,28.3130,28.3762,28.4494,28.5342,28.6324,2.5500,2.5500,2.5500,2.5500,2.5500,2.5500,2.5500,2.5500,2.5500,2.5500,2.5500,2.5500,2.5500,2.5500,2.5500,2.5497,2.5477,2.5364,2.4916,2.3634,2.0905
250.0000,28.0181,28.0186,28.0202,28.0228,28.0268,28.0322,28.0394,28.0487,28.0604,28.0751,28.0933,28.1156,28.1427,28.1754,28.2144,28.2607,28.3151,28.3785,28.4521,28.5373,28.6361,2.5500,2.5500,2.5500,2.5500,2.5500,2.5500,2.5500,2.5500,2.5500,2.5500,2.5500,2.5500,2.5500,2.5500,2.5500,2.5497,2.5477,2.5363,2.4911,2.3627,2.0897
251.0000,28.0184,28.0190,28.0205,28.0233,28.0273,28.0328,28.0400,28.0494,28.0612,28.0760,28.0943,28.1168,28.1441,28.1769,28.2162,28.2627,28.3172,28.3809,28.4548,28.5404,28.6398,2.5500,2.5500,2.5500,2.5500,2.5500,2.5500,2.5500,2.5500,2.5500,2.5500,2.5500,2.5500,2.5500,2.5500,2.5500,2.5497,2.5477,2.5361,2.4907,2.3620,2.0888
252.0000,28.0188,28.0193,28.0209,28.0237,28.0277,28.0333,28.0406,28.0500,28.0620,28.0769,28.0954,28.1180,28.1454,28.1785,28.2179,28.2646,28.3194,28.3833,28.4575,28.5436,28.6435,2.5500,2.5500,2.5500,2.5500,2.5500,2.5500,2.5500,2.5500,2.5500,2.5500,2.5500,2.5500,2.5500,2.5500,2.5500,2.5497,2.5476,2.5359,2.4903,2.3613,2.0880
253.0000,28.0191,28.0197,28.0213,28.0241,28.0282,28.0338,28.0412,28.0507,28.0628,28.0778,28.0964,28.1192,28.1468,28.1800,28.2197,28.2665,28.3216,28.3858,28.4603,28.5467,28.6473,2.5500,2.5500,2.5500,2.5500,2.5500,2.5500,2.5500,2.5500,2.5500,2.5500,2.5500,2.5500,2.5500,2.5500,2.5500,2.5497,2.5476,2.5358,2.4899,2.3605,2.0872
254.0000,28.0195,28.0200,28.0217,28.0245,28.0286,28.0343,28.0418,28.0514,28.0636,28.0787,28.0975,28.1204,28.1482,28.1816,28.2214,28.2685,28.3237,28.3882,28.4631,28.5499,28.6511,2.5500,2.5500,2.5500,2.5500,2.5500,2.5500,2.5500,2.5500,2.5500,2.5500,2.5500,2.5500,2.5500,2.5500,2.5500,2.5497,2.5475,2.5356,2.4895,2.3598,2.0864
255.0000,28.0199,28.0204,28.0221,28.0249,28.0291,28.0348,28.0424,28.0521,28.0644,28.0796,28.0985,28.1216,28.1496,28.1831,28.2232,28.2704,28.3259,28.3906,28.4658,28.5532,28.6549,2.5500,2.5500,2.5500,2.5500,2.5500,2.5500,2.5500,2.5500,2.5500,2.5500,2.5500,2.5500,2.5500,2.5500,2.5500,2.5497,2.5475,2.5355,2.4890,2.3591,2.0856
256.0000,28.0202,28.0208,28.0224,28.0253,28.0296,28.0354,28.0430,28.0528,28.0652,28.0806,28.0996,28.1228,28.1509,28.1847,28.2249,28.2724,28.3281,28.3931,28.4687,28.5565,28.6588,2.5500,2.5500,2.5500,2.5500,2.5500,2.5500,2.5500,2.5500,2.5500,2.5500,2.5500,2.5500,2.5500,2.5500,2.5500,2.5497,2.5474,2.5353,2.4886,2.3584,2.0848
257.0000,28.0206,28.0212,28.0228,28.0258,28.0300,28.0359,28.0436,28.0535,28.0660,28.0815,28.1007,28.1240,28.1523,28.1863,28.2267,28.2744,28.3303,28.3956,28.4715,28.5597,28.6626,2.5500,2.5500,2.5500,2.5500,2.5500,2.5500,2.5500,2.5500,2.5500,2.5500,2.5500,2.5500,2.5500,2.5500,2.5500,2.5497,2.5474,2.5351,2.4882,2.3577,2.0840
258.0000,28.0210,28.0215,28.0232,28.0262,28.0305,28.0364,28.0442,28.0542,28.0668,28.0824,28.1017,28.1253,28.1537,28.1878,28.2284,28.2764,28.3325,28.3981,28.4743,28.5631,28.6665,2.5500,2.5500,2.5500,2.5500,2.5500,2.5500,2.5500,2.5500,2.5500,2.5500,2.5500,2.5500,2.5500,2.5500,2.5500,2.5497,2.5473,2.5350,2.4878,2.3569,2.0831
259.0000,28.0214,28.0219,28.0236,28.0266,28.0310,28.0370,28.0448,28.0549,28.0676,28.0834,28.1028,28.1265,28.1551,28.1894,28.2302,28.2783,28.3348,28.4006,28.4772,28.5664,28.6705,2.5500,2.5500,2.5500,2.5500,2.5500,2.5500,2.5500,2.5500,2.5500,2.5500,2.5500,2.5500,2.5500,2.5500,2.5500,2.5497,2.5473,2.5348,2.4874,2.3562,2.0823
260.0000,28.0217,28.0223,28.0241,28.0271,28.0315,28.0375,28.0455,28.0556,28.0684,28.0843,28.1039,28.1277,28.1565,28.1910,28.2320,28.2803,28.3370,28.4031,28.4801,28.5698,28.6744,2.5500,2.5500,2.5500,2.5500,2.5500,2.5500,2.5500,2.5500,2.5500,2.5500,2.5500,2.5500,2.5500,2.5500,2.5500,2.5496,2.5473,2.5346,2.4869,2.3555,2.0815
261.0000,28.0221,28.0227,28.0245,28.0275,28.0320,28.0381,28.0461,28.0563,28.0692,28.0853,28.1050,28.1290,28.1579,28.1926,28.2338,28.2823,28.3392,28.4057,28.4830,28.5732,28.6784,2.5500,2.5500,2.5500,2.5500,2.5500,2.5500,2.5500,2.5500,2.5500,2.5500,2.5500,2.5500,2.5500,2.5500,2.5500,2.5496,2.5472,2.5345,2.4865,2.3548,2.0807
262.0000,28.0225,28.0231,28.0249,28.0280,28.0325,28.0386,28.0467,28.0571,28.0701,28.0862,28.1061,28.1302,28.1593,28.1942,28.2356,28.2843,28.3415,28.4082,28.4860,28.5766,28.6824,2.5500,2.5500,2.5500,2.5500,2.5500,2.5500,2.5500,2.5500,2.5500,2.5500,2.5500,2.5500,2.5500,2.5500,2.5500,2.5496,2.5472,2.5343,2.4861,2.3541,2.0799
263.0000,28.0229,28.0235,28.0253,28.0284,28.0330,28.0392,28.0474,28.0578,28.0709,28.0872,28.1072,28.1315,28.1608,28.1958,28.2373,28.2863,28.3438,28.4108,28.4889,28.5800,28.6865,2.5500,2.5500,2.5500,2.5500,2.5500,2.5500,2.5500,2.5500,2.5500,2.5500,2.5500,2.5500,2.5500,2.5500,2.5500,2.5496,2.5471,2.5341,2.4857,2.3534,2.0791
264.0000,28.0233,28.0239,28.0257,28.0289,28.0335,28.0398,28.0480,28.0585,28.0718,28.0882,28.1083,28.1327,28.1622,28.1974,28.2391,28.2884,28.3460,28.4134,28.4919,28.5835,28.6905,2.5500,2.5500,2.5500,2.5500,2.5500,2.5500,2.5500,2.5500,2.5500,2.5500,2.5500,2.5500,2.5500,2.5500,2.5500,2.5496,2.5471,2.5339,2.4853,2.3527,2.0783
265.0000,28.0237,28.0243,28.0262,28.0294,28.0340,28.0404,28.0487,28.0593,28.0726,28.0891,28.1094,28.1340,28.1636,28.1990,28.2410,28.2904,28.3483,28.4160,28.4949,28.5870,28.6946,2.5500,2.5500,2.5500,2.5500,2.5500,2.5500,2.5500,2.5500,2.5500,2.5500,2.5500,2.5500,2.5500,2.5500,2.5500,2.5496,2.5470,2.5338,2.4848,2.3520,2.0775
266.0000,28.0241,28.0247,28.0266,28.0298,28.0345,28.0409,28.0493,28.0600,28.0735,28.0901,28.1105,28.1352,28.1650,28.2006,28.2428,28.2924,28.3506,28.4186,28.4979,28.5905,28.6987,2.5500,2.5500,2.5500,2.5500,2.5500,2.5500,2.5500,2.5500,2.5500,2.5500,2.5500,2.5500,2.5500,2.5500,2.5500,2.5496,2.5470,2.5336,2.4844,2.3513,2.0768
267.0000,28.0245,28.0252,28.0271,28.0303,28.0350,28.0415,28.0500,28.0608,28.0743,28.0911,28.1116,28.1365,28.1665,28.2022,28.2446,28.2945,28.3530,28.4213,28.5010,28.5940,28.7028,2.5500,2.5500,2.5500,2.5500,2.5500,2.5500,2.5500,2.5500,2.5500,2.5500,2.5500,2.5500,2.5500,2.5500,2.5500,2.5496,2.5469,2.5334,2.4840,2.3505,2.0760
268.0000,28.0250,28.0256,28.0275,28.0308,28.0356,28.0421,28.0506,28.0615,28.0752,28.0921,28.1127,28.1378,28.1679,28.2038,28.2464,28.2965,28.3553,28.4239,28.5041,28.5976,28.7069,2.5500,2.5500,2.5500,2.5500,2.5500,2.5500,2.5500,2.5500,2.5500,2.5500,2.5500,2.5500,2.5500,2.5500,2.5500,2.5496,2.5469,2.5333,2.4836,2.3498,2.0752
269.0000,28.0254,28.0260,28.0279,28.0313,28.0361,28.0427,28.0513,28.0623,28.0761,28.0931,28.1139,28.1391,28.1694,28.2055,28.2482,28.2986,28.3576,28.4266,28.5071,28.6012,28.7111,2.5500,2.5500,2.5500,2.5500,2.5500,2.5500,2.5500,2.5500,2.5500,2.5500,2.5500,2.5500,2.5500,2.5500,2.5500,2.5496,2.5468,2.5331,2.4831,2.3491,2.0744
270.0000,28.0258,28.0265,28.0284,28.0317,28.0366,28.0433,28.0520,28.0631,28.0769,28.0941,28.1150,28.1403,28.1708,28.2071,28.2501,28.3007,28.3600,28.4293,28.5102,28.6048,28.7153,2.5500,2.5500,2.5500,2.5500,2.5500,2.5500,2.5500,2.5500,2.5500,2.5500,2.5500,2.5500,2.5500,2.5500,2.5500,2.5496,2.5468,2.5329,2.4827,2.3484,2.0736
271.0000,28.0262,28.0269,28.0289,28.0322,28.0372,28.0439,28.0527,28.0638,28.0778,28.0951,28.1161,28.1416,28.1723,28.2088,28.2519,28.3028,28.3624,28.4320,28.5133,28.6084,28.7195,2.5500,2.5500,2.5500,2.5500,2.5500,2.5500,2.5500,2.5500,2.5500,2.5500,2.5500,2.5500,2.5500,2.5500,2.5500,2.5496,2.5467,2.5327,2.4823,2.3477,2.0728
272.0000,28.0267,28.0273,28.0293,28.0327,28.0377,28.0445,28.0534,28.0646,28.0787,28.0961,28.1173,28.1429,28.1737,28.2104,28.2538,28.3049,28.3647,28.4347,28.5165,28.6120,28.7237,2.5500,2.5500,2.5500,2.5500,2.5500,2.5500,2.5500,2.5500,2.5500,2.5500,2.5500,2.5500,2.5500,2.5500,2.5500,2.5495,2.5467,2.5326,2.4819,2.3470,2.0720
273.0000,28.0271,28.0278,28.0298,28.0332,28.0383,28.0451,28.0540,28.0654,28.0796,28.0971,28.1184,28.1442,28.1752,28.2121,28.2557,28.3070,28.3671,28.4375,28.5196,28.6157,28.7279,2.5500,2.5500,2.5500,2.5500,2.5500,2.5500,2.5500,2.5500,2.5500,2.5500,2.5500,2.5500,2.5500,2.5500,2.5500,2.5495,2.5466,2.5324,2.4814,2.3463,2.0713
274.0000,28.0276,28.0282,28.0303,28.0337,28.0388,28.0457,28.0547,28.0662,28.0805,28.0981,28.1196,28.1455,28.1767,28.2137,28.2575,28.3091,28.3695,28.4402,28.5228,28.6193,28.7322,2.5500,2.5500,2.5500,2.5500,2.5500,2.5500,2.5500,2.5500,2.5500,2.5500,2.5500,2.5500,2.5500,2.5500,2.5500,2.5495,2.5466,2.5322,2.4810,2.3456,2.0705
275.0000,28.0280,28.0287,28.0307,28.0343,28.0394,28.0464,28.0554,28.0670,28.0814,28.0991,28.1207,28.1468,28.1781,28.2154,28.2594,28.3112,28.3720,28.4430,28.5260,28.6230,28.7365,2.5500,2.5500,2.5500,2.5500,2.5500,2.5500,2.5500,2.5500,2.5500,2.5500,2.5500,2.5500,2.5500,2.5500,2.5499,2.5495,2.5465,2.5320,2.4806,2.3449,2.0697
276.0000,28.0285,28.0292,28.0312,28.0348,28.0400,28.0470,28.0561,28.0678,28.0823,28.1001,28.1219,28.1482,28.1796,28.2171,28.2613,28.3134,28.3744,28.4458,28.5292,28.6267,28.7408,2.5500,2.5500,2.5500,2.5500,2.5500,2.5500,2.5500,2.5500,2.5500,2.5500,2.5500,2.5500,2.5500,2.5500,2.5499,2.5495,2.5465,2.5318,2.4802,2.3442,2.0689
277.0000,28.0289,28.0296,28.0317,28.0353,28.0405,28.0476,28.0569,28.0686,28.0832,28.1012,28.1231,28.1495,28.1811,28.2187,28.2632,28.3155,28.3768,28.4486,28.5324,28.6305,28.7451,2.5500,2.5500,2.5500,2.5500,2.5500,2.5500,2.5500,2.5500,2.5500,2.5500,2.5500,2.5500,2.5500,2.5500,2.5499,2.5495,2.5464,2.5317,2.4797,2.3435,2.0682
278.0000,28.0294,28.0301,28.0322,28.0358,28.0411,28.0483,28.0576,28.0694,28.0841,28.1022,28.1242,28.1508,28.1826,28.2204,28.2651,28.3177,28.3793,28.4514,28.5357,28.6342,28.7494,2.5500,2.5500,2.5500,2.5500,2.5500,2.5500,2.5500,2.5500,2.5500,2.5500,2.5500,2.5500,2.5500,2.5500,2.5499,2.5495,2.5464,2.5315,2.4793,2.3429,2.0674
279.0000,28.0299,28.0306,28.0327,28.0364,28.0417,28.0489,28.0583,28.0702,28.0850,28.1032,28.1254,28.1521,28.1841,28.2221,28.2670,28.3199,28.3818,28.4542,28.5390,28.6380,28.7538,2.5500,2.5500,2.5500,2.5500,2.5500,2.5500,2.5500,2.5500,2.5500,2.5500,2.5500,2.5500,2.5500,2.5500,2.5499,2.5495,2.5463,2.5313,2.4789,2.3422,2.0666
280.0000,28.0303,28.0311,28.0332,28.0369,28.0423,28.0495,28.0590,28.0710,28.0859,28.1043,28.1266,28.1535,28.1856,28.2238,28.2690,28.3220,28.3843,28.4571,28.5422,28.6418,28.7581,2.5500,2.5500,2.5500,2.5500,2.5500,2.5500,2.5500,2.5500,2.5500,2.5500,2.5500,2.5500,2.5500,2.5500,2.5499,2.5495,2.5463,2.5311,2.4785,2.3415,2.0659
281.0000,28.0308,28.0315,28.0337,28.0374,28.0429,28.0502,28.0597,28.0718,28.0869,28.1053,28.1278,28.1548,28.1871,28.2255,28.2709,28.3242,28.3868,28.4600,28.5455,28.6456,28.7625,2.5500,2.5500,2.5500,2.5500,2.5500,2.5500,2.5500,2.5500,2.5500,2.5500,2.5500,2.5500,2.5500,2.5500,2.5499,2.5494,2.5462,2.5309,2.4780,2.3408,2.0651
282.0000,28.0313,28.0320,28.0342,28.0380,28.0434,28.0509,28.0605,28.0726,28.0878,28.1064,28.1290,28.1562,28.1887,28.2273,28.2728,28.3264,28.3893,28.4628,28.5488,28.6494,28.7669,2.5500,2.5500,2.5500,2.5500,2.5500,2.5500,2.5500,2.5500,2.5500,2.5500,2.5500,2.5500,2.5500,2.5500,2.5499,2.5494,2.5462,2.5308,2.4776,2.3401,2.0643
283.0000,28.0318,28.0325,28.0347,28.0385,28.0440,28.0515,28.0612,28.0735,28.0887,28.1074,28.1302,28.1575,28.1902,28.2290,28.2748,28.3287,28.3918,28.4657,28.5522,28.6532,28.7713,2.5500,2.5500,2.5500,2.5500,2.5500,2.5500,2.5500,2.5500,2.5500,2.5500,2.5500,2.5500,2.5500,2.5500,2.5499,2.5494,2.5461,2.5306,2.4772,2.3394,2.0636
284.0000,28.0323,28.0330,28.0353,28.0391,28.0446,28.0522,28.0620,28.0743,28.0897,28.1085,28.1314,28.1589,28.1917,28.2307,28.2768,28.3309,28.3944,28.4686,28.5555,28.6571,28.7758,2.5500,2.5500,2.5500,2.5500,2.5500,2.5500,2.5500,2.5500,2.5500,2.5500,2.5500,2.5500,2.5500,2.5500,2.5499,2.5494,2.5460,2.5304,2.4768,2.3387,2.0628
285.0000,28.0328,28.0335,28.0358,28.0396,28.0453,28.0528,28.0627,28.0752,28.0906,28.1096,28.1326,28.1602,28.1933,28.2325,28.2787,28.3331,28.3969,28.4716,28.5589,28.6610,28.7802,2.5500,2.5500,2.5500,2.5500,2.5500,2.5500,2.5500,2.5500,2.5500,2.5500,2.5500,2.5500,2.5500,2.5500,2.5499,2.5494,2.5460,2.5302,2.4763,2.3380,2.0620
286.0000,28.0333,28.0340,28.0363,28.0402,28.0459,28.0535,28.0635,28.0760,28.0916,28.1107,28.1338,28.1616,28.1948,28.2342,28.2807,28.3354,28.3995,28.4745,28.5623,28.6648,28.7847,2.5500,2.5500,2.5500,2.5500,2.5500,2.5500,2.5500,2.5500,2.5500,2.5500,2.5500,2.5500,2.5500,2.5500,2.5499,2.5494,2.5459,2.5300,2.4759,2.3373,2.0613
287.0000,28.0338,28.0345,28.0368,28.0408,28.0465,28.0542,28.0642,28.0768,28.0925,28.1117,28.1350,28.1630,28.1964,28.2360,28.2827,28.3376,28.4021,28.4775,28.5657,28.6687,28.7892,2.5500,2.5500,2.5500,2.5500,2.5500,2.5500,2.5500,2.5500,2.5500,2.5500,2.5500,2.5500,2.5500,2.5500,2.5499,2.5494,2.5459,2.5298,2.4755,2.3367,2.0605
288.0000,28.0343,28.0351,28.0374,28.0413,28.0471,28.0549,28.0650,28.0777,28.0935,28.1128,28.1362,28.1644,28.1979,28.2377,28.2847,28.3399,28.4046,28.4804,28.5691,28.6727,28.7937,2.5500,2.5500,2.5500,2.5500,2.5500,2.5500,2.5500,2.5500,2.5500,2.5500,2.5500,2.5500,2.5500,2.5500,2.5499,2.5494,2.5458,2.5296,2.4750,2.3360,2.0598
289.0000,28.0348,28.0356,28.0379,28.0419,28.0477,28.0556,28.0657,28.0786,28.0945,28.1139,28.1375,28.1658,28.1995,28.2395,28.2867,28.3422,28.4073,28.4834,28.5725,28.6766,28.7982,2.5500,2.5500,2.5500,2.5500,2.5500,2.5500,2.5500,2.5500,2.5500,2.5500,2.5500,2.5500,2.5500,2.5500,2.5499,2.5493,2.5458,2.5295,2.4746,2.3353,2.0590
290.0000,28.0353,28.0361,28.0385,28.0425,28.0484,28.0563,28.0665,28.0794,28.0954,28.1150,28.1387,28.1672,28.2011,28.2413,28.2887,28.3445,28.4099,28.4864,28.5759,28.6806,28.8027,2.5500,2.5500,2.5500,2.5500,2.5500,2.5500,2.5500,2.5500,2.5500,2.5500,2.5500,2.5500,2.5500,2.5500,2.5499,2.5493,2.5457,2.5293,2.4742,2.3346,2.0583
291.0000,28.0359,28.0366,28.0390,28.0431,28.0490,28.0570,28.0673,28.0803,28.0964,28.1161,28.1400,28.1686,28.2027,28.2431,28.2907,28.3468,28.4125,28.4894,28.5794,28.6845,28.8073,2.5500,2.5500,2.5500,2.5500,2.5500,2.5500,2.5500,2.5500,2.5500,2.5500,2.5500,2.5500,2.5500,2.5500,2.5499,2.5493,2.5456,2.5291,2.4738,2.3339,2.0575
292.0000,28.0364,28.0372,28.0396,28.0437,28.0496,28.0577,28.0681,28.0812,28.0974,28.1172,28.1412,28.1700,28.2043,28.2449,28.2928,28.3491,28.4152,28.4925,28.5829,28.6885,28.8118,2.5500,2.5500,2.5500,2.5500,2.5500,2.5500,2.5500,2.5500,2.5500,2.5500,2.5500,2.5500,2.5500,2.5500,2.5499,2.5493,2.5456,2.5289,2.4733,2.3332,2.0568
293.0000,28.0369,28.0377,28.0401,28.0443,28.0503,28.0584,28.0689,28.0821,28.0984,28.1183,28.1425,28.1714,28.2059,28.2467,28.2948,28.3514,28.4178,28.4955,28.5864,28.6925,28.8164,2.5500,2.5500,2.5500,2.5500,2.5500,2.5500,2.5500,2.5500,2.5500,2.5500,2.5500,2.5500,2.5500,2.5500,2.5499,2.5493,2.5455,2.5287,2.4729,2.3326,2.0560
294.0000,28.0375,28.0383,28.0407,28.0449,28.0509,28.0591,28.0697,28.0829,28.0994,28.1195,28.1437,28.1728,28.2075,28.2485,28.2969,28.3538,28.4205,28.4986,28.5899,28.6965,28.8210,2.5500,2.5500,2.5500,2.5500,2.5500,2.5500,2.5500,2.5500,2.5500,2.5500,2.5500,2.5500,2.5500,2.5500,2.5499,2.5493,2.5455,2.5285,2.4725,2.3319,2.0553
295.0000,28.0380,28.0388,28.0413,28.0455,28.0516,28.0598,28.0705,28.0838,28.1004,28.1206,28.1450,28.1742,28.2091,28.2503,28.2990,28.3561,28.4232,28.5016,28.5934,28.7006,28.8256,2.5500,2.5500,2.5500,2.5500,2.5500,2.5500,2.5500,2.5500,2.5500,2.5500,2.5500,2.5500,2.5500,2.5500,2.5499,2.5493,2.5454,2.5283,2.4720,2.3312,2.0545
296.0000,28.0386,28.0394,28.0419,28.0461,28.0523,28.0605,28.0713,28.0847,28.1014,28.1217,28.1463,28.1757,28.2107,28.2521,28.3010,28.3585,28.4259,28.5047,28.5969,28.7046,28.8302,2.5500,2.5500,2.5500,2.5500,2.5500,2.5500,2.5500,2.5500,2.5500,2.5500,2.5500,2.5500,2.5500,2.5500,2.5499,2.5493,2.5453,2.5281,2.4716,2.3305,2.0538
297.0000,28.0391,28.0399,28.0424,28.0467,28.0529,28.0613,28.0721,28.0856,28.1024,28.1228,28.1475,28.1771,28.2123,28.2540,28.3031,28.3609,28.4286,28.5078,28.6005,28.7087,28.8349,2.5500,2.5500,2.5500,2.5500,2.5500,2.5500,2.5500,2.5500,2.5500,2.5500,2.5500,2.5500,2.5500,2.5500,2.5499,2.5492,2.5453,2.5279,2.4712,2.3299,2.0530
298.0000,28.0397,28.0405,28.0430,28.0473,28.0536,28.0620,28.0729,28.0865,28.1034,28.1240,28.1488,28.1786,28.2139,28.2558,28.3052,28.3633,28.4313,28.5109,28.6040,28.7128,28.8395,2.5500,2.5500,2.5500,2.5500,2.5500,2.5500,2.5500,2.5500,2.5500,2.5500,2.5500,2.5500,2.5500,2.5500,2.5499,2.5492,2.5452,2.5277,2.4708,2.3292,2.0523
299.0000,28.0402,28.0411,28.0436,28.0480,28.0543,28.0627,28.0737,28.0874,28.1044,28.1251,28.1501,28.1800,28.2156,28.2577,28.3073,28.3657,28.4340,28.5141,28.6076,28.7169,28.8442,2.5500,2.5500,2.5500,2.5500,2.5500,2.5500,2.5500,2.5500,2.5500,2.5500,2.5500,2.5500,2.5500,2.5500,2.5499,2.5492,2.5452,2.5275,2.4703,2.3285,2.0516
300.0000,28.0408,28.0416,28.0442,28.0486,28.0549,28.0635,28.0745,28.0884,28.1054,28.1263,28.1514,28.1815,28.2172,28.2596,28.3095,28.3681,28.4368,28.5172,28.6112,28.7210,28.8489,2.5500,2.5500,2.5500,2.5500,2.5500,2.5500,2.5500,2.5500,2.5500,2.5500,2.5500,2.5500,2.5500,2.5500,2.5499,2.5492,2.5451,2.5273,2.4699,2.3278,2.0508
301.0000,28.0414,28.0422,28.0448,28.0492,28.0556,28.0642,28.0753,28.0893,28.1065,28.1274,28.1527,28.1829,28.2189,28.2614,28.3116,28.3705,28.4396,28.5204,28.6148,28.7251,28.8534,2.5500,2.5500,2.5500,2.5500,2.5500,2.5500,2.5500,2.5500,2.5500,2.5500,2.5500,2.5500,2.5500,2.5500,2.5499,2.5492,2.5450,2.5271,2.4695,2.3272,2.0501
302.0000,28.0419,28.0428,28.0454,28.0499,28.0563,28.0650,28.0762,28.0902,28.1075,28.1286,28.1540,28.1844,28.2206,28.2633,28.3137,28.3729,28.4423,28.5236,28.6185,28.7292,28.8579,2.5500,2.5500,2.5500,2.5500,2.5500,2.5500,2.5500,2.5500,2.5500,2.5500,2.5500,2.5500,2.5500,2.5500,2.5499,2.5492,2.5450,2.5270,2.4690,2.3265,2.0494
303.0000,28.0425,28.0434,28.0460,28.0505,28.0570,28.0657,28.0770,28.0911,28.1086,28.1298,28.1553,28.1859,28.2222,28.2652,28.3159,28.3754,28.4451,28.5267,28.6221,28.7333,28.8624,2.5500,2.5500,2.5500,2.5500,2.5500,2.5500,2.5500,2.5500,2.5500,2.5500,2.5500,2.5500,2.5500,2.5500,2.5499,2.5492,2.5449,2.5268,2.4686,2.3258,2.0486
304.0000,28.0431,28.0440,28.0466,28.0512,28.0577,28.0665,28.0778,28.0921,28.1096,28.1309,28.1566,28.1874,28.2239,28.2671,28.3180,28.3778,28.4479,28.5299,28.6257,28.7374,28.8668,2.5500,2.5500,2.5500,2.5500,2.5500,2.5500,2.5500,2.5500,2.5500,2.5500,2.5500,2.5500,2.5500,2.5500,2.5499,2.5491,2.5448,2.5266,2.4682,2.3252,2.0479
305.0000,28.0437,28.0446,28.0473,28.0518,28.0584,28.0673,28.0787,28.0930,28.1107,28.1321,28.1580,28.1889,28.2256,28.2690,28.3202,28.3803,28.4507,28.5331,28.6294,28.7414,28.8711,2.5500,2.5500,2.5500,2.5500,2.5500,2.5500,2.5500,2.5500,2.5500,2.5500,2.5500,2.5500,2.5500,2.5500,2.5499,2.5491,2.5448,2.5264,2.4678,2.3245,2.0472
306.0000,28.0443,28.0452,28.0479,28.0525,28.0591,28.0681,28.0795,28.0940,28.1117,28.1333,28.1593,28.1904,28.2273,28.2709,28.3224,28.3828,28.4536,28.5364,28.6330,28.7455,28.8755,2.5500,2.5500,2.5500,2.5500,2.5500,2.5500,2.5500,2.5500,2.5500,2.5500,2.5500,2.5500,2.5500,2.5500,2.5499,2.5491,2.5447,2.5262,2.4673,2.3238,2.0465
307.0000,28.0449,28.0458,28.0485,28.0531,28.0598,28.0688,28.0804,28.0949,28.1128,28.1345,28.1606,28.1919,28.2290,28.2729,28.3246,28.3853,28.4564,28.5396,28.6367,28.7495,28.8798,2.5500,2.5500,2.5500,2.5500,2.5500,2.5500,2.5500,2.5500,2.5500,2.5500,2.5500,2.5500,2.5500,2.5500,2.5499,2.5491,2.5446,2.5260,2.4669,2.3232,2.0457
308.0000,28.0455,28.0464,28.0491,28.0538,28.0606,28.0696,28.0813,28.0959,28.1138,28.1357,28.1620,28.1934,28.2307,28.2748,28.3268,28.3878,28.4593,28.5428,28.6403,28.7536,28.8841,2.5500,2.5500,2.5500,2.5500,2.5500,2.5500,2.5500,2.5500,2.5500,2.5500,2.5500,2.5500,2.5500,2.5500,2.5499,2.5491,2.5446,2.5258,2.4665,2.3225,2.0450
309.0000,28.0461,28.0470,28.0498,28.0545,28.0613,28.0704,28.0821,28.0968,28.1149,28.1369,28.1633,28.1949,28.2324,28.2768,28.3290,28.3903,28.4621,28.5461,28.6440,28.7576,28.8884,2.5500,2.5500,2.5500,2.5500,2.5500,2.5500,2.5500,2.5500,2.5500,2.5500,2.5500,2.5500,2.5500,2.5500,2.5499,2.5491,2.5445,2.5256,2.4660,2.3218,2.0443
310.0000,28.0467,28.0476,28.0504,28.0552,28.0620,28.0712,28.0830,28.0978,28.1160,28.1381,28.1647,28.1964,28.2342,28.2787,28.3312,28.3928,28.4650,28.5493,28.6476,28.7616,28.8927,2.5500,2.5500,2.5500,2.5500,2.5500,2.5500,2.5500,2.5500,2.5500,2.5500,2.5500,2.5500,2.5500,2.5500,2.5499,2.5490,2.5444,2.5254,2.4656,2.3212,2.0436
311.0000,28.0473,28.0483,28.0511,28.0558,28.0627,28.0720,28.0839,28.0988,28.1171,28.1393,28.1661,28.1980,28.2359,28.2807,28.3334,28.3953,28.4679,28.5526,28.6513,28.7656,28.8970,2.5500,2.5500,2.5500,2.5500,2.5500,2.5500,2.5500,2.5500,2.5500,2.5500,2.5500,2.5500,2.5500,2.5500,2.5499,2.5490,2.5444,2.5252,2.4652,2.3205,2.0428
312.0000,28.0480,28.0489,28.0517,28.0565,28.0635,28.0728,28.0848,28.0997,28.1182,28.1405,28.1674,28.1995,28.2376,28.2827,28.3357,28.3979,28.4708,28.5559,28.6549,28.7695,28.9012,2.5500,2.5500,2.5500,2.5500,2.5500,2.5500,2.5500,2.5500,2.5500,2.5500,2.5500,2.5500,2.5500,2.5500,2.5499,2.5490,2.5443,2.5250,2.4648,2.3199,2.0421
313.0000,28.0486,28.0495,28.0524,28.0572,28.0642,28.0736,28.0857,28.1007,28.1193,28.1418,28.1688,28.2011,28.2394,28.2846,28.3379,28.4005,28.4737,28.5591,28.6585,28.7735,28.9055,2.5500,2.5500,2.5500,2.5500,2.5500,2.5500,2.5500,2.5500,2.5500,2.5500,2.5500,2.5500,2.5500,2.5500,2.5499,2.5490,2.5442,2.5248,2.4643,2.3192,2.0414
314.0000,28.0492,28.0502,28.0530,28.0579,28.0650,28.0744,28.0865,28.1017,28.1204,28.1430,28.1702,28.2026,28.2412,28.2866,28.3402,28.4030,28.4766,28.5624,28.6622,28.7775,28.9097,2.5500,2.5500,2.5500,2.5500,2.5500,2.5500,2.5500,2.5500,2.5500,2.5500,2.5500,2.5500,2.5500,2.5500,2.5499,2.5490,2.5442,2.5246,2.4639,2.3185,2.0407
315.0000,28.0499,28.0508,28.0537,28.0586,28.0657,28.0752,28.0874,28.1027,28.1215,28.1442,28.1716,28.2042,28.2429,28.2886,28.3425,28.4056,28.4795,28.5657,28.6658,28.7814,28.9139,2.5500,2.5500,2.5500,2.5500,2.5500,2.5500,2.5500,2.5500,2.5500,2.5500,2.5500,2.5500,2.5500,2.5500,2.5499,2.5490,2.5441,2.5244,2.4635,2.3179,2.0400
316.0000,28.0505,28.0515,28.0544,28.0593,28.0665,28.0761,28.0883,28.1037,28.1226,28.1455,28.1730,28.2058,28.2447,28.2907,28.3447,28.4082,28.4824,28.5690,28.6694,28.7854,28.9181,2.5500,2.5500,2.5500,2.5500,2.5500,2.5500,2.5500,2.5500,2.5500,2.5500,2.5500,2.5500,2.5500,2.5500,2.5499,2.5489,2.5440,2.5242,2.4630,2.3172,2.0393
317.0000,28.0512,28.0521,28.0550,28.0600,28.0672,28.0769,28.0893,28.1047,28.1237,28.1467,28.1744,28.2074,28.2465,28.2927,28.3470,28.4108,28.4853,28.5722,28.6731,28.7893,28.9224,2.5500,2.5500,2.5500,2.5500,2.5500,2.5500,2.5500,2.5500,2.5500,2.5500,2.5500,2.5500,2.5500,2.5500,2.5499,2.5489,2.5440,2.5239,2.4626,2.3166,2.0386
318.0000,28.0518,28.0528,28.0557,28.0608,28.0680,28.0777,28.0902,28.1057,28.1248,28.1480,28.1758,28.2090,28.2483,28.2947,28.3493,28.4134,28.4883,28.5755,28.6767,28.7933,28.9266,2.5500,2.5500,2.5500,2.5500,2.5500,2.5500,2.5500,2.5500,2.5500,2.5500,2.5500,2.5500,2.5500,2.5500,2.5499,2.5489,2.5439,2.5237,2.4622,2.3159,2.0378
319.0000,28.0525,28.0534,28.0564,28.0615,28.0688,28.0785,28.0911,28.1067,28.1260,28.1492,28.1772,28.2106,28.2501,28.2967,28.3516,28.4160,28.4912,28.5788,28.6803,28.7972,28.9308,2.5500,2.5500,2.5500,2.5500,2.5500,2.5500,2.5500,2.5500,2.5500,2.5500,2.5500,2.5500,2.5500,2.5500,2.5498,2.5489,2.5438,2.5235,2.4617,2.3153,2.0371
320.0000,28.0531,28.0541,28.0571,28.0622,28.0696,28.0794,28.0920,28.1078,28.1271,28.1505,28.1786,28.2122,28.2519,28.2988,28.3539,28.4186,28.4942,28.5821,28.6839,28.8011,28.9349,2.5500,2.5500,2.5500,2.5500,2.5500,2.5500,2.5500,2.5500,2.5500,2.5500,2.5500,2.5500,2.5500,2.5500,2.5498,2.5489,2.5437,2.5233,2.4613,2.3146,2.0364
321.0000,28.0538,28.0548,28.0578,28.0629,28.0703,28.0802,28.0929,28.1088,28.1282,28.1518,28.1801,28.2138,28.2537,28.3008,28.3563,28.4212,28.4971,28.5854,28.6875,28.8050,28.9391,2.5500,2.5500,2.5500,2.5500,2.5500,2.5500,2.5500,2.5500,2.5500,2.5500,2.5500,2.5500,2.5500,2.5500,2.5498,2.5489,2.5437,2.5231,2.4609,2.3140,2.0357
322.0000,28.0545,28.0555,28.0585,28.0637,28.0711,28.0811,28.0939,28.1098,28.1294,28.1531,28.1815,28.2154,28.2555,28.3029,28.3586,28.4239,28.5001,28.5887,28.6912,28.8090,28.9433,2.5500,2.5500,2.5500,2.5500,2.5500,2.5500,2.5500,2.5500,2.5500,2.5500,2.5500,2.5500,2.5500,2.5500,2.5498,2.5488,2.5436,2.5229,2.4604,2.3133,2.0350
323.0000,28.0551,28.0562,28.0592,28.0644,28.0719,28.0820,28.0948,28.1109,28.1305,28.1544,28.1830,28.2170,28.2574,28.3050,28.3610,28.4265,28.5030,28.5920,28.6948,28.8129,28.9475,2.5500,2.5500,2.5500,2.5500,2.5500,2.5500,2.5500,2.5500,2.5500,2.5500,2.5500,2.5500,2.5500,2.5500,2.5498,2.5488,2.5435,2.5227,2.4600,2.3127,2.0343
324.0000,28.0558,28.0568,28.0599,28.0652,28.0727,28.0828,28.0958,28.1119,28.1317,28.1557,28.1844,28.2186,28.2592,28.3071,28.3633,28.4292,28.5060,28.5953,28.6984,28.8168,28.9517,2.5500,2.5500,2.5500,2.5500,2.5500,2.5500,2.5500,2.5500,2.5500,2.5500,2.5500,2.5500,2.5500,2.5500,2.5498,2.5488,2.5435,2.5225,2.4596,2.3120,2.0336
325.0000,28.0565,28.0575,28.0606,28.0659,28.0735,28.0837,28.0967,28.1130,28.1329,28.1570,28.1859,28.2203,28.2611,28.3092,28.3657,28.4318,28.5090,28.5986,28.7020,28.8207,28.9558,2.5500,2.5500,2.5500,2.5500,2.5500,2.5500,2.5500,2.5500,2.5500,2.5500,2.5500,2.5500,2.5500,2.5500,2.5498,2.5488,2.5434,2.5223,2.4592,2.3114,2.0329
326.0000,28.0572,28.0582,28.0614,28.0667,28.0743,28.0846,28.0977,28.1140,28.1340,28.1583,28.1873,28.2219,28.2629,28.3113,28.3680,28.4345,28.5120,28.6019,28.7056,28.8246,28.9600,2.5500,2.5500,2.5500,2.5500,2.5500,2.5500,2.5500,2.5500,2.5500,2.5500,2.5500,2.5500,2.5500,2.5500,2.5498,2.5488,2.5433,2.5221,2.4587,2.3107,2.0322
327.0000,28.0579,28.0589,28.0621,28.0674,28.0751,28.0854,28.0986,28.1151,28.1352,28.1596,28.1888,28.2236,28.2648,28.3134,28.3704,28.4372,28.5149,28.6052,28.7092,28.8285,28.9642,2.5500,2.5500,2.5500,2.5500,2.5500,2.5500,2.5500,2.5500,2.5500,2.5500,2.5500,2.5500,2.5500,2.5500,2.5498,2.5487,2.5432,2.5219,2.4583,2.3101,2.0315
328.0000,28.0586,28.0596,28.0628,28.0682,28.0760,28.0863,28.0996,28.1161,28.1364,28.1609,28.1903,28.2253,28.2667,28.3155,28.3728,28.4398,28.5179,28.6085,28.7129,28.8324,28.9683,2.5500,2.5500,2.5500,2.5500,2.5500,2.5500,2.5500,2.5500,2.5500,2.5500,2.5500,2.5500,2.5500,2.5500,2.5498,2.5487,2.5432,2.5217,2.4579,2.3094,2.0308
329.0000,28.0593,28.0604,28.0635,28.0690,28.0768,28.0872,28.1006,28.1172,28.1376,28.1622,28.1918,28.2269,28.2686,28.3176,28.3752,28.4425,28.5209,28.6118,28.7165,28.8363,28.9725,2.5500,2.5500,2.5500,2.5500,2.5500,2.5500,2.5500,2.5500,2.5500,2.5500,2.5500,2.5500,2.5500,2.5500,2.5498,2.5487,2.5431,2.5215,2.4574,2.3088,2.0301
330.0000,28.0600,28.0611,28.0643,28.0697,28.0776,28.0881,28.1015,28.1183,28.1388,28.1636,28.1933,28.2286,28.2704,28.3197,28.3776,28.4452,28.5239,28.6151,28.7201,28.8402,28.9766,2.5500,2.5500,2.5500,2.5500,2.5500,2.5500,2.5500,2.5500,2.5500,2.5500,2.5500,2.5500,2.5500,2.5500,2.5498,2.5487,2.5430,2.5212,2.4570,2.3081,2.0294
331.0000,28.0607,28.0618,28.0650,28.0705,28.0784,28.0890,28.1025,28.1194,28.1400,28.1649,28.1948,28.2303,28.2723,28.3219,28.3800,28.4479,28.5269,28.6184,28.7237,28.8441,28.9808,2.5500,2.5500,2.5500,2.5500,2.5500,2.5500,2.5500,2.5500,2.5500,2.5500,2.5500,2.5500,2.5500,2.5500,2.5498,2.5487,2.5429,2.5210,2.4566,2.3075,2.0287
332.0000,28.0615,28.0625,28.0658,28.0713,28.0793,28.0899,28.1035,28.1205,28.1412,28.1663,28.1963,28.2320,28.2743,28.3240,28.3824,28.4506,28.5299,28.6217,28.7273,28.8480,28.9849,2.5500,2.5500,2.5500,2.5500,2.5500,2.5500,2.5500,2.5500,2.5500,2.5500,2.5500,2.5500,2.5500,2.5500,2.5498,2.5486,2.5429,2.5208,2.4561,2.3069,2.0281
333.0000,28.0622,28.0633,28.0665,28.0721,28.0801,28.0908,28.1045,28.1215,28.1424,28.1676,28.1978,28.2337,28.2762,28.3262,28.3848,28.4533,28.5329,28.6250,28.7309,28.8519,28.9891,2.5500,2.5500,2.5500,2.5500,2.5500,2.5500,2.5500,2.5500,2.5500,2.5500,2.5500,2.5500,2.5500,2.5500,2.5498,2.5486,2.5428,2.5206,2.4557,2.3062,2.0274
334.0000,28.0629,28.0640,28.0673,28.0729,28.0810,28.0917,28.1055,28.1226,28.1436,28.1690,28.1993,28.2354,28.2781,28.3283,28.3873,28.4560,28.5359,28.6283,28.7345,28.8558,28.9932,2.5500,2.5500,2.5500,2.5500,2.5500,2.5500,2.5500,2.5500,2.5500,2.5500,2.5500,2.5500,2.5500,2.5500,2.5498,2.5486,2.5427,2.5204,2.4553,2.3056,2.0267
335.0000,28.0636,28.0647,28.0681,28.0737,28.0818,28.0927,28.1065,28.1238,28.1449,28.1703,28.2008,28.2371,28.2800,28.3305,28.3897,28.4587,28.5390,28.6316,28.7381,28.8596,28.9973,2.5500,2.5500,2.5500,2.5500,2.5500,2.5500,2.5500,2.5500,2.5500,2.5500,2.5500,2.5500,2.5500,2.5500,2.5498,2.5486,2.5426,2.5202,2.4549,2.3049,2.0260
336.0000,28.0644,28.0655,28.0688,28.0745,28.0827,28.0936,28.1075,28.1249,28.1461,28.1717,28.2024,28.2389,28.2820,28.3327,28.3921,28.4615,28.5420,28.6350,28.7417,28.8635,29.0015,2.5500,2.5500,2.5500,2.5500,2.5500,2.5500,2.5500,2.5500,2.5500,2.5500,2.5500,2.5500,2.5500,2.5500,2.5498,2.5486,2.5425,2.5200,2.4544,2.3043,2.0253
337.0000,28.0651,28.0662,28.0696,28.0753,28.0835,28.0945,28.1085,28.1260,28.1473,28.1731,28.2039,28.2406,28.2839,28.3349,28.3946,28.4642,28.5450,28.6383,28.7453,28.8674,29.0056,2.5500,2.5500,2.5500,2.5500,2.5500,2.5500,2.5500,2.5500,2.5500,2.5500,2.5500,2.5500,2.5500,2.5500,2.5498,2.5485,2.5425,2.5198,2.4540,2.3037,2.0246
338.0000,28.0659,28.0670,28.0704,28.0761,28.0844,28.0954,28.1096,28.1271,28.1486,28.1745,28.2055,28.2423,28.2859,28.3371,28.3970,28.4669,28.5480,28.6416,28.7489,28.8713,29.0097,2.5500,2.5500,2.5500,2.5500,2.5500,2.5500,2.5500,2.5500,2.5500,2.5500,2.5500,2.5500,2.5500,2.5500,2.5498,2.5485,2.5424,2.5195,2.4536,2.3030,2.0239
339.0000,28.0666,28.0678,28.0712,28.0770,28.0853,28.0964,28.1106,28.1282,28.1498,28.1759,28.2070,28.2441,28.2878,28.3393,28.3995,28.4697,28.5510,28.6449,28.7526,28.8752,29.0139,2.5500,2.5500,2.5500,2.5500,2.5500,2.5500,2.5500,2.5500,2.5500,2.5500,2.5500,2.5500,2.5500,2.5500,2.5498,2.5485,2.5423,2.5193,2.4531,2.3024,2.0233
340.0000,28.0674,28.0685,28.0720,28.0778,28.0862,28.0973,28.1116,28.1294,28.1511,28.1773,28.2086,28.2458,28.2898,28.3415,28.4020,28.4724,28.5541,28.6482,28.7562,28.8790,29.0180,2.5500,2.5500,2.5500,2.5500,2.5500,2.5500,2.5500,2.5500,2.5500,2.5500,2.5500,2.5500,2.5500,2.5500,2.5498,2.5485,2.5422,2.5191,2.4527,2.3018,2.0226
341.0000,28.0682,28.0693,28.0727,28.0786,28.0870,28.0983,28.1127,28.1305,28.1523,28.1787,28.2102,28.2476,28.2918,28.3437,28.4044,28.4752,28.5571,28.6516,28.7598,28.8829,29.0221,2.5500,2.5500,2.5500,2.5500,2.5500,2.5500,2.5500,2.5500,2.5500,2.5500,2.5500,2.5500,2.5500,2.5500,2.5498,2.5484,2.5421,2.5189,2.4523,2.3011,2.0219
342.0000,28.0689,28.0701,28.0735,28.0794,28.0879,28.0992,28.1137,28.1317,28.1536,28.1801,28.2118,28.2494,28.2938,28.3459,28.4069,28.4779,28.5602,28.6549,28.7634,28.8868,29.0263,2.5500,2.5500,2.5500,2.5500,2.5500,2.5500,2.5500,2.5500,2.5500,2.5500,2.5500,2.5500,2.5500,2.5500,2.5498,2.5484,2.5421,2.5187,2.4518,2.3005,2.0212
343.0000,28.0697,28.0709,28.0744,28.0803,28.0888,28.1002,28.1147,28.1328,28.1549,28.1815,28.2133,28.2511,28.2957,28.3481,28.4094,28.4807,28.5632,28.6582,28.7670,28.8907,29.0304,2.5500,2.5500,2.5500,2.5500,2.5500,2.5500,2.5500,2.5500,2.5500,2.5500,2.5500,2.5500,2.5500,2.5500,2.5498,2.5484,2.5420,2.5185,2.4514,2.2999,2.0205
344.0000,28.0705,28.0716,28.0752,28.0811,28.0897,28.1012,28.1158,28.1340,28.1562,28.1829,28.2149,28.2529,28.2977,28.3504,28.4119,28.4834,28.5662,28.6616,28.7706,28.8946,29.0345,2.5500,2.5500,2.5500,2.5500,2.5500,2.5500,2.5500,2.5500,2.5500,2.5500,2.5500,2.5500,2.5500,2.5500,2.5497,2.5484,2.5419,2.5182,2.4510,2.2992,2.0199
345.0000,28.0713,28.0724,28.0760,28.0820,28.0906,28.1022,28.1169,28.1351,28.1575,28.1844,28.2165,28.2547,28.2997,28.3526,28.4144,28.4862,28.5693,28.6649,28.7742,28.8984,29.0387,2.5500,2.5500,2.5500,2.5500,2.5500,2.5500,2.5500,2.5500,2.5500,2.5500,2.5500,2.5500,2.5500,2.5500,2.5497,2.5484,2.5418,2.5180,2.4506,2.2986,2.0192
346.0000,28.0721,28.0732,28.0768,28.0828,28.0915,28.1031,28.1179,28.1363,28.1588,28.1858,28.2181,28.2565,28.3018,28.3549,28.4169,28.4890,28.5724,28.6682,28.7778,28.9023,29.0428,2.5500,2.5500,2.5500,2.5500,2.5500,2.5500,2.5500,2.5500,2.5500,2.5500,2.5500,2.5500,2.5500,2.5500,2.5497,2.5483,2.5417,2.5178,2.4501,2.2980,2.0185
347.0000,28.0729,28.0740,28.0776,28.0837,28.0925,28.1041,28.1190,28.1375,28.1601,28.1873,28.2198,28.2583,28.3038,28.3571,28.4194,28.4918,28.5754,28.6716,28.7814,28.9062,29.0469,2.5500,2.5500,2.5500,2.5500,2.5500,2.5500,2.5500,2.5500,2.5500,2.5500,2.5500,2.5500,2.5500,2.5500,2.5497,2.5483,2.5416,2.5176,2.4497,2.2974,2.0178
348.0000,28.0737,28.0748,28.0785,28.0846,28.0934,28.1051,28.1201,28.1387,28.1614,28.1887,28.2214,28.2601,28.3058,28.3594,28.4219,28.4945,28.5785,28.6749,28.7851,28.9101,29.0511,2.5500,2.5500,2.5500,2.5500,2.5500,2.5500,2.5500,2.5500,2.5500,2.5500,2.5500,2.5500,2.5500,2.5500,2.5497,2.5483,2.5416,2.5174,2.4493,2.2967,2.0172
349.0000,28.0745,28.0757,28.0793,28.0854,28.0943,28.1061,28.1212,28.1399,28.1627,28.1902,28.2230,28.2619,28.3078,28.3616,28.4244,28.4973,28.5815,28.6782,28.7887,28.9139,29.0552,2.5500,2.5500,2.5500,2.5500,2.5500,2.5500,2.5500,2.5500,2.5500,2.5500,2.5500,2.5500,2.5500,2.5500,2.5497,2.5483,2.5415,2.5171,2.4488,2.2961,2.0165
350.0000,28.0753,28.0765,28.0801,28.0863,28.0952,28.1071,28.1223,28.1411,28.1640,28.1916,28.2246,28.2638,28.3099,28.3639,28.4270,28.5001,28.5846,28.6816,28.7923,28.9178,29.0593,2.5500,2.5500,2.5500,2.5500,2.5500,2.5500,2.5500,2.5500,2.5500,2.5500,2.5500,2.5500,2.5500,2.5500,2.5497,2.5482,2.5414,2.5169,2.4484,2.2955,2.0158
351.0000,28.0761,28.0773,28.0810,28.0872,28.0962,28.1081,28.1234,28.1423,28.1653,28.1931,28.2263,28.2656,28.3119,28.3662,28.4295,28.5029,28.5877,28.6849,28.7959,28.9217,29.0634,2.5500,2.5500,2.5500,2.5500,2.5500,2.5500,2.5500,2.5500,2.5500,2.5500,2.5500,2.5500,2.5500,2.5500,2.5497,2.5482,2.5413,2.5167,2.4480,2.2948,2.0152
352.0000,28.0769,28.0781,28.0818,28.0881,28.0971,28.1091,28.1245,28.1435,28.1667,28.1946,28.2279,28.2674,28.3140,28.3685,28.4320,28.5057,28.5907,28.6883,28.7995,28.9256,29.0676,2.5500,2.5500,2.5500,2.5500,2.5500,2.5500,2.5500,2.5500,2.5500,2.5500,2.5500,2.5500,2.5500,2.5500,2.5497,2.5482,2.5412,2.5165,2.4475,2.2942,2.0145
353.0000,28.0777,28.0790,28.0827,28.0890,28.0981,28.1102,28.1256,28.1447,28.1680,28.1961,28.2296,28.2693,28.3160,28.3708,28.4346,28.5085,28.5938,28.6916,28.8031,28.9295,29.0717,2.5500,2.5500,2.5500,2.5500,2.5500,2.5500,2.5500,2.5500,2.5500,2.5500,2.5500,2.5500,2.5500,2.5500,2.5497,2.5482,2.5411,2.5163,2.4471,2.2936,2.0138
354.0000,28.0786,28.0798,28.0835,28.0899,28.0990,28.1112,28.1267,28.1459,28.1693,28.1976,28.2313,28.2711,28.3181,28.3731,28.4371,28.5113,28.5969,28.6950,28.8068,28.9333,29.0758,2.5500,2.5500,2.5500,2.5500,2.5500,2.5500,2.5500,2.5500,2.5500,2.5500,2.5500,2.5500,2.5500,2.5500,2.5497,2.5481,2.5411,2.5160,2.4467,2.2930,2.0132
355.0000,28.0794,28.0806,28.0844,28.0908,28.1000,28.1122,28.1278,28.1471,28.1707,28.1991,28.2329,28.2730,28.3202,28.3754,28.4397,28.5142,28.6000,28.6983,28.8104,28.9372,29.0800,2.5500,2.5500,2.5500,2.5500,2.5500,2.5500,2.5500,2.5500,2.5500,2.5500,2.5500,2.5500,2.5500,2.5500,2.5497,2.5481,2.5410,2.5158,2.4463,2.2924,2.0125
356.0000,28.0802,28.0815,28.0853,28.0917,28.1010,28.1132,28.1289,28.1484,28.1721,28.2006,28.2346,28.2749,28.3222,28.3777,28.4422,28.5170,28.6031,28.7017,28.8140,28.9411,29.0841,2.5500,2.5500,2.5500,2.5500,2.5500,2.5500,2.5500,2.5500,2.5500,2.5500,2.5500,2.5500,2.5500,2.5500,2.5497,2.5481,2.5409,2.5156,2.4458,2.2917,2.0119
357.0000,28.0811,28.0823,28.0862,28.0926,28.1019,28.1143,28.1300,28.1496,28.1734,28.2021,28.2363,28.2767,28.3243,28.3800,28.4448,28.5198,28.6062,28.7050,28.8176,28.9450,29.0882,2.5500,2.5500,2.5500,2.5500,2.5500,2.5500,2.5500,2.5500,2.5500,2.5500,2.5500,2.5500,2.5500,2.5500,2.5497,2.5481,2.5408,2.5154,2.4454,2.2911,2.0112
358.0000,28.0819,28.0832,28.0870,28.0935,28.1029,28.1153,28.1312,28.1508,28.1748,28.2036,28.2380,28.2786,28.3264,28.3823,28.4474,28.5226,28.6092,28.7084,28.8212,28.9489,29.0924,2.5500,2.5500,2.5500,2.5500,2.5500,2.5500,2.5500,2.5500,2.5500,2.5500,2.5500,2.5500,2.5500,2.5500,2.5497,2.5480,2.5407,2.5151,2.4450,2.2905,2.0105
359.0000,28.0828,28.0841,28.0879,28.0945,28.1039,28.1164,28.1323,28.1521,28.1762,28.2051,28.2397,28.2805,28.3285,28.3846,28.4499,28.5254,28.6123,28.7118,28.8249,28.9527,29.0965,2.5500,2.5500,2.5500,2.5500,2.5500,2.5500,2.5500,2.5500,2.5500,2.5500,2.5500,2.5500,2.5500,2.5500,2.5497,2.5480,2.5406,2.5149,2.4445,2.2899,2.0099
360.0000,28.0837,28.0849,28.0888,28.0954,28.1049,28.1174,28.1335,28.1534,28.1776,28.2067,28.2414,28.2824,28.3306,28.3870,28.4525,28.5283,28.6154,28.7151,28.8285,28.9566,29.1006,2.5500,2.5500,2.5500,2.5500,2.5500,2.5500,2.5500,2.5500,2.5500,2.5500,2.5500,2.5500,2.5500,2.5500,2.5497,2.5480,2.5405,2.5147,2.4441,2.2893,2.0092
361.0000,28.0845,28.0858,28.0897,28.0963,28.1059,28.1185,28.1346,28.1546,28.1790,28.2082,28.2431,28.2843,28.3327,28.3893,28.4551,28.5311,28.6185,28.7185,28.8321,28.9605,29.1048,2.5500,2.5500,2.5500,2.5500,2.5500,2.5500,2.5500,2.5500,2.5500,2.5500,2.5500,2.5500,2.5500,2.5500,2.5497,2.5480,2.5404,2.5145,2.4437,2.2886,2.0086
362.0000,28.0854,28.0867,28.0906,28.0973,28.1069,28.1196,28.1358,28.1559,28.1804,28.2098,28.2448,28.2862,28.3348,28.3917,28.4577,28.5340,28.6216,28.7219,28.8357,28.9644,29.1090,2.5500,2.5500,2.5500,2.5500,2.5500,2.5500,2.5500,2.5500,2.5500,2.5500,2.5500,2.5500,2.5500,2.5500,2.5497,2.5479,2.5404,2.5142,2.4432,2.2880,2.0079
363.0000,28.0863,28.0876,28.0915,28.0982,28.1079,28.1207,28.1370,28.1572,28.1818,28.2113,28.2465,28.2881,28.3370,28.3940,28.4603,28.5368,28.6248,28.7252,28.8394,28.9683,29.1131,2.5500,2.5500,2.5500,2.5500,2.5500,2.5500,2.5500,2.5500,2.5500,2.5500,2.5500,2.5500,2.5500,2.5500,2.5496,2.5479,2.5403,2.5140,2.4428,2.2874,2.0073
364.0000,28.0872,28.0885,28.0924,28.0992,28.1089,28.1217,28.1381,28.1584,28.1832,28.2129,28.2482,28.2900,28.3391,28.3964,28.4629,28.5397,28.6279,28.7286,28.8430,28.9722,29.1173,2.5500,2.5500,2.5500,2.5500,2.5500,2.5500,2.5500,2.5500,2.5500,2.5500,2.5500,2.5500,2.5500,2.5500,2.5496,2.5479,2.5402,2.5138,2.4424,2.2868,2.0066
365.0000,28.0880,28.0894,28.0934,28.1001,28.1099,28.1228,28.1393,28.1597,28.1846,28.2144,28.2500,28.2920,28.3412,28.3987,28.4655,28.5425,28.6310,28.7320,28.8467,28.9761,29.1216,2.5500,2.5500,2.5500,2.5500,2.5500,2.5500,2.5500,2.5500,2.5500,2.5500,2.5500,2.5500,2.5500,2.5500,2.5496,2.5479,2.5401,2.5136,2.4420,2.2862,2.0060
366.0000,28.0889,28.0903,28.0943,28.1011,28.1109,28.1239,28.1405,28.1610,28.1860,28.2160,28.2517,28.2939,28.3434,28.4011,28.4681,28.5454,28.6341,28.7354,28.8503,28.9800,29.1258,2.5500,2.5500,2.5500,2.5500,2.5500,2.5500,2.5500,2.5500,2.5500,2.5500,2.5500,2.5500,2.5500,2.5499,2.5496,2.5478,2.5400,2.5133,2.4415,2.2856,2.0053
367.0000,28.0898,28.0912,28.0952,28.1021,28.1119,28.1250,28.1417,28.1623,28.1874,28.2176,28.2535,28.2958,28.3455,28.4035,28.4707,28.5482,28.6372,28.7387,28.8539,28.9840,29.1300,2.5500,2.5500,2.5500,2.5500,2.5500,2.5500,2.5500,2.5500,2.5500,2.5500,2.5500,2.5500,2.5500,2.5499,2.5496,2.5478,2.5399,2.5131,2.4411,2.2850,2.0047
368.0000,28.0907,28.0921,28.0962,28.1031,28.1130,28.1261,28.1429,28.1636,28.1889,28.2192,28.2552,28.2978,28.3477,28.4058,28.4733,28.5511,28.6403,28.7421,28.8576,28.9879,29.1342,2.5500,2.5500,2.5500,2.5500,2.5500,2.5500,2.5500,2.5500,2.5500,2.5500,2.5500,2.5500,2.5500,2.5499,2.5496,2.5478,2.5398,2.5129,2.4407,2.2844,2.0040
369.0000,28.0916,28.0930,28.0971,28.1040,28.1140,28.1272,28.1441,28.1649,28.1903,28.2208,28.2570,28.2997,28.3498,28.4082,28.4759,28.5540,28.6435,28.7455,28.8613,28.9918,29.1385,2.5500,2.5500,2.5500,2.5500,2.5500,2.5500,2.5500,2.5500,2.5500,2.5500,2.5500,2.5500,2.5500,2.5499,2.5496,2.5477,2.5397,2.5127,2.4402,2.2837,2.0034
370.0000,28.0926,28.0939,28.0980,28.1050,28.1150,28.1284,28.1453,28.1663,28.1918,28.2224,28.2588,28.3017,28.3520,28.4106,28.4786,28.5569,28.6466,28.7489,28.8649,28.9958,29.1427,2.5500,2.5500,2.5500,2.5500,2.5500,2.5500,2.5500,2.5500,2.5500,2.5500,2.5500,2.5500,2.5500,2.5499,2.5496,2.5477,2.5396,2.5124,2.4398,2.2831,2.0027
371.0000,28.0935,28.0948,28.0990,28.1060,28.1161,28.1295,28.1465,28.1676,28.1932,28.2240,28.2605,28.3036,28.3542,28.4130,28.4812,28.5597,28.6497,28.7523,28.8686,28.9997,29.1470,2.5500,2.5500,2.5500,2.5500,2.5500,2.5500,2.5500,2.5500,2.5500,2.5500,2.5500,2.5500,2.5500,2.5499,2.5496,2.5477,2.5395,2.5122,2.4394,2.2825,2.0021
372.0000,28.0944,28.0958,28.0999,28.1070,28.1171,28.1306,28.1477,28.1689,28.1947,28.2256,28.2623,28.3056,28.3563,28.4154,28.4838,28.5626,28.6529,28.7557,28.8723,29.0037,29.1512,2.5500,2.5500,2.5500,2.5500,2.5500,2.5500,2.5500,2.5500,2.5500,2.5500,2.5500,2.5500,2.5500,2.5499,2.5496,2.5477,2.5394,2.5120,2.4390,2.2819,2.0014
373.0000,28.0953,28.0967,28.1009,28.1080,28.1182,28.1317,28.1490,28.1703,28.1961,28.2272,28.2641,28.3076,28.3585,28.4178,28.4865,28.5655,28.6560,28.7591,28.8759,29.0076,29.1555,2.5500,2.5500,2.5500,2.5500,2.5500,2.5500,2.5500,2.5500,2.5500,2.5500,2.5500,2.5500,2.5500,2.5499,2.5496,2.5476,2.5393,2.5117,2.4385,2.2813,2.0008
374.0000,28.0963,28.0977,28.1019,28.1090,28.1193,28.1329,28.1502,28.1716,28.1976,28.2288,28.2659,28.3096,28.3607,28.4202,28.4891,28.5684,28.6592,28.7625,28.8796,29.0116,29.1598,2.5500,2.5500,2.5500,2.5500,2.5500,2.5500,2.5500,2.5500,2.5500,2.5500,2.5500,2.5500,2.5500,2.5499,2.5496,2.5476,2.5392,2.5115,2.4381,2.2807,2.0002
375.0000,28.0972,28.0986,28.1029,28.1100,28.1203,28.1340,28.1514,28.1729,28.1991,28.2304,28.2677,28.3116,28.3629,28.4226,28.4918,28.5713,28.6623,28.7659,28.8833,29.0156,29.1641,2.5500,2.5500,2.5500,2.5500,2.5500,2.5500,2.5500,2.5500,2.5500,2.5500,2.5500,2.5500,2.5500,2.5499,2.5496,2.5476,2.5392,2.5113,2.4377,2.2801,1.9995
376.0000,28.0982,28.0996,28.1038,28.1111,28.1214,28.1352,28.1527,28.1743,28.2006,28.2321,28.2695,28.3135,28.3651,28.4251,28.4944,28.5742,28.6655,28.7693,28.8870,29.0196,29.1683,2.5500,2.5500,2.5500,2.5500,2.5500,2.5500,2.5500,2.5500,2.5500,2.5500,2.5500,2.5500,2.5500,2.5499,2.5496,2.5475,2.5391,2.5110,2.4372,2.2795,1.9989
377.0000,28.0991,28.1005,28.1048,28.1121,28.1225,28.1363,28.1539,28.1757,28.2021,28.2337,28.2713,28.3155,28.3673,28.4275,28.4971,28.5771,28.6686,28.7728,28.8907,29.0235,29.1726,2.5500,2.5500,2.5500,2.5500,2.5500,2.5500,2.5500,2.5500,2.5500,2.5500,2.5500,2.5500,2.5500,2.5499,2.5496,2.5475,2.5390,2.5108,2.4368,2.2789,1.9982
378.0000,28.1001,28.1015,28.1058,28.1131,28.1236,28.1375,28.1552,28.1770,28.2036,28.2354,28.2731,28.3175,28.3695,28.4299,28.4997,28.5800,28.6718,28.7762,28.8944,29.0275,29.1769,2.5500,2.5500,2.5500,2.5500,2.5500,2.5500,2.5500,2.5500,2.5500,2.5500,2.5500,2.5500,2.5500,2.5499,2.5495,2.5475,2.5389,2.5106,2.4364,2.2783,1.9976
379.0000,28.1010,28.1025,28.1068,28.1141,28.1247,28.1387,28.1564,28.1784,28.2051,28.2370,28.2749,28.3196,28.3717,28.4323,28.5024,28.5829,28.6750,28.7796,28.8981,29.0315,29.1812,2.5500,2.5500,2.5500,2.5500,2.5500,2.5500,2.5500,2.5500,2.5500,2.5500,2.5500,2.5500,2.5500,2.5499,2.5495,2.5474,2.5388,2.5104,2.4360,2.2777,1.9970
380.0000,28.1020,28.1034,28.1078,28.1152,28.1258,28.1398,28.1577,28.1798,28.2066,28.2387,28.2768,28.3216,28.3739,28.4348,28.5051,28.5858,28.6781,28.7831,28.9018,29.0355,29.1855,2.5500,2.5500,2.5500,2.5500,2.5500,2.5500,2.5500,2.5500,2.5500,2.5500,2.5500,2.5500,2.5500,2.5499,2.5495,2.5474,2.5387,2.5101,2.4355,2.2771,1.9963
381.0000,28.1030,28.1044,28.1088,28.1162,28.1269,28.1410,28.1590,28.1812,28.2081,28.2404,28.2786,28.3236,28.3762,28.4372,28.5078,28.5888,28.6813,28.7865,28.9055,29.0395,29.1898,2.5500,2.5500,2.5500,2.5500,2.5500,2.5500,2.5500,2.5500,2.5500,2.5500,2.5500,2.5500,2.5500,2.5499,2.5495,2.5474,2.5386,2.5099,2.4351,2.2765,1.9957
382.0000,28.1040,28.1054,28.1098,28.1173,28.1280,28.1422,28.1603,28.1826,28.2096,28.2420,28.2804,28.3256,28.3784,28.4397,28.5104,28.5917,28.6845,28.7899,28.9092,29.0435,29.1941,2.5500,2.5500,2.5500,2.5500,2.5500,2.5500,2.5500,2.5500,2.5500,2.5500,2.5500,2.5500,2.5500,2.5499,2.5495,2.5474,2.5385,2.5097,2.4347,2.2759,1.9951
383.0000,28.1049,28.1064,28.1108,28.1183,28.1291,28.1434,28.1615,28.1840,28.2112,28.2437,28.2823,28.3277,28.3806,28.4421,28.5131,28.5946,28.6877,28.7934,28.9130,29.0476,29.1985,2.5500,2.5500,2.5500,2.5500,2.5500,2.5500,2.5500,2.5500,2.5500,2.5500,2.5500,2.5500,2.5500,2.5499,2.5495,2.5473,2.5384,2.5094,2.4343,2.2753,1.9944
384.0000,28.1059,28.1074,28.1119,28.1194,28.1302,28.1446,28.1628,28.1854,28.2127,28.2454,28.2841,28.3297,28.3829,28.4446,28.5158,28.5975,28.6909,28.7969,28.9167,29.0516,29.2028,2.5500,2.5500,2.5500,2.5500,2.5500,2.5500,2.5500,2.5500,2.5500,2.5500,2.5500,2.5500,2.5500,2.5499,2.5495,2.5473,2.5383,2.5092,2.4338,2.2747,1.9938
385.0000,28.1069,28.1084,28.1129,28.1205,28.1314,28.1458,28.1641,28.1868,28.2142,28.2471,28.2860,28.3317,28.3851,28.4471,28.5185,28.6005,28.6940,28.8003,28.9204,29.0556,29.2071,2.5500,2.5500,2.5500,2.5500,2.5500,2.5500,2.5500,2.5500,2.5500,2.5500,2.5500,2.5500,2.5500,2.5499,2.5495,2.5473,2.5382,2.5090,2.4334,2.2741,1.9932
386.0000,28.1079,28.1094,28.1139,28.1216,28.1325,28.1470,28.1654,28.1882,28.2158,28.2488,28.2879,28.3338,28.3874,28.4495,28.5212,28.6034,28.6972,28.8038,28.9242,29.0596,29.2114,2.5500,2.5500,2.5500,2.5500,2.5500,2.5500,2.5500,2.5500,2.5500,2.5500,2.5500,2.5500,2.5500,2.5499,2.5495,2.5472,2.5381,2.5087,2.4330,2.2735,1.9926
387.0000,28.1089,28.1104,28.1150,28.1226,28.1336,28.1482,28.1667,28.1896,28.2173,28.2505,28.2897,28.3359,28.3896,28.4520,28.5239,28.6064,28.7005,28.8072,28.9279,29.0637,29.2158,2.5500,2.5500,2.5500,2.5500,2.5500,2.5500,2.5500,2.5500,2.5500,2.5500,2.5500,2.5500,2.5500,2.5499,2.5495,2.5472,2.5380,2.5085,2.4325,2.2729,1.9919
388.0000,28.1099,28.1115,28.1160,28.1237,28.1348,28.1495,28.1681,28.1910,28.2189,28.2522,28.2916,28.3379,28.3919,28.4545,28.5266,28.6093,28.7037,28.8107,28.9317,29.0677,29.2201,2.5500,2.5500,2.5500,2.5500,2.5500,2.5500,2.5500,2.5500,2.5500,2.5500,2.5500,2.5500,2.5500,2.5499,2.5495,2.5472,2.5379,2.5082,2.4321,2.2723,1.9913
389.0000,28.1110,28.1125,28.1171,28.1248,28.1359,28.1507,28.1694,28.1925,28.2205,28.2539,28.2935,28.3400,28.3942,28.4570,28.5294,28.6123,28.7069,28.8142,28.9354,29.0718,29.2245,2.5500,2.5500,2.5500,2.5500,2.5500,2.5500,2.5500,2.5500,2.5500,2.5500,2.5500,2.5500,2.5500,2.5499,2.5495,2.5471,2.5378,2.5080,2.4317,2.2717,1.9907
390.0000,28.1120,28.1135,28.1181,28.1259,28.1371,28.1519,28.1707,28.1939,28.2220,28.2556,28.2954,28.3421,28.3965,28.4595,28.5321,28.6153,28.7101,28.8177,28.9392,29.0758,29.2288,2.5500,2.5500,2.5500,2.5500,2.5500,2.5500,2.5500,2.5500,2.5500,2.5500,2.5500,2.5500,2.5500,2.5499,2.5495,2.5471,2.5377,2.5078,2.4313,2.2711,1.9900
391.0000,28.1130,28.1145,28.1192,28.1270,28.1383,28.1532,28.1720,28.1954,28.2236,28.2574,28.2973,28.3441,28.3987,28.4620,28.5348,28.6182,28.7133,28.8212,28.9429,29.0799,29.2332,2.5500,2.5500,2.5500,2.5500,2.5500,2.5500,2.5500,2.5500,2.5500,2.5500,2.5500,2.5500,2.5500,2.5499,2.5494,2.5471,2.5376,2.5075,2.4308,2.2705,1.9894
392.0000,28.1141,28.1156,28.1202,28.1281,28.1394,28.1544,28.1734,28.1968,28.2252,28.2591,28.2992,28.3462,28.4010,28.4645,28.5375,28.6212,28.7165,28.8247,28.9467,29.0839,29.2375,2.5500,2.5500,2.5500,2.5500,2.5500,2.5500,2.5500,2.5500,2.5500,2.5500,2.5500,2.5500,2.5500,2.5499,2.5494,2.5470,2.5375,2.5073,2.4304,2.2699,1.9888
393.0000,28.1151,28.1166,28.1213,28.1292,28.1406,28.1556,28.1747,28.1983,28.2268,28.2608,28.3011,28.3483,28.4033,28.4670,28.5403,28.6242,28.7198,28.8282,28.9505,29.0880,29.2419,2.5500,2.5500,2.5500,2.5500,2.5500,2.5500,2.5500,2.5500,2.5500,2.5500,2.5500,2.5500,2.5500,2.5499,2.5494,2.5470,2.5374,2.5071,2.4300,2.2694,1.9882
394.0000,28.1161,28.1177,28.1224,28.1304,28.1418,28.1569,28.1761,28.1997,28.2284,28.2626,28.3030,28.3504,28.4056,28.4695,28.5430,28.6272,28.7230,28.8317,28.9543,29.0921,29.2463,2.5500,2.5500,2.5500,2.5500,2.5500,2.5500,2.5500,2.5500,2.5500,2.5500,2.5500,2.5500,2.5500,2.5499,2.5494,2.5470,2.5373,2.5068,2.4296,2.2688,1.9876
395.0000,28.1172,28.1188,28.1235,28.1315,28.1430,28.1582,28.1774,28.2012,28.2300,28.2643,28.3049,28.3525,28.4079,28.4720,28.5458,28.6301,28.7262,28.8352,28.9580,29.0961,29.2506,2.5500,2.5500,2.5500,2.5500,2.5500,2.5500,2.5500,2.5500,2.5500,2.5500,2.5500,2.5500,2.5500,2.5499,2.5494,2.5469,2.5372,2.5066,2.4291,2.2682,1.9869
396.0000,28.1182,28.1198,28.1246,28.1326,28.1442,28.1594,28.1788,28.2027,28.2316,28.2661,28.3069,28.3546,28.4102,28.4745,28.5485,28.6331,28.7295,28.8387,28.9618,29.1002,29.2550,2.5500,2.5500,2.5500,2.5500,2.5500,2.5500,2.5500,2.5500,2.5500,2.5500,2.5500,2.5500,2.5500,2.5499,2.5494,2.5469,2.5371,2.5064,2.4287,2.2676,1.9863
397.0000,28.1193,28.1209,28.1257,28.1338,28.1454,28.1607,28.1802,28.2042,28.2332,28.2679,28.3088,28.3567,28.4125,28.4771,28.5513,28.6361,28.7327,28.8422,28.9656,29.1043,29.2594,2.5500,2.5500,2.5500,2.5500,2.5500,2.5500,2.5500,2.5500,2.5500,2.5500,2.5500,2.5500,2.5500,2.5499,2.5494,2.5469,2.5370,2.5061,2.4283,2.2670,1.9857
398.0000,28.1204,28.1220,28.1268,28.1349,28.1466,28.1620,28.1816,28.2057,28.2348,28.2696,28.3107,28.3589,28.4149,28.4796,28.5540,28.6391,28.7360,28.8457,28.9694,29.1084,29.2638,2.5500,2.5500,2.5500,2.5500,2.5500,2.5500,2.5500,2.5500,2.5500,2.5500,2.5500,2.5500,2.5500,2.5499,2.5494,2.5468,2.5369,2.5059,2.4279,2.2664,1.9851
399.0000,28.1215,28.1231,28.1279,28.1361,28.1478,28.1633,28.1829,28.2072,28.2365,28.2714,28.3127,28.3610,28.4172,28.4821,28.5568,28.6421,28.7393,28.8492,28.9732,29.1125,29.2682,2.5500,2.5500,2.5500,2.5500,2.5500,2.5500,2.5500,2.5500,2.5500,2.5500,2.5500,2.5500,2.5500,2.5499,2.5494,2.5468,2.5368,2.5056,2.4274,2.2658,1.9845
400.0000,28.1225,28.1241,28.1290,28.1372,28.1490,28.1646,28.1843,28.2087,28.2381,28.2732,28.3146,28.3631,28.4195,28.4847,28.5596,28.6452,28.7425,28.8528,28.9770,29.1166,29.2726,2.5500,2.5500,2.5500,2.5500,2.5500,2.5500,2.5500,2.5500,2.5500,2.5500,2.5500,2.5500,2.5500,2.5499,2.5494,2.5468,2.5367,2.5054,2.4270,2.2652,1.9839
401.0000,28.1236,28.1252,28.1301,28.1384,28.1502,28.1659,28.1857,28.2102,28.2397,28.2750,28.3166,28.3653,28.4219,28.4872,28.5623,28.6482,28.7458,28.8563,28.9808,29.1207,29.2770,2.5500,2.5500,2.5500,2.5500,2.5500,2.5500,2.5500,2.5500,2.5500,2.5500,2.5500,2.5500,2.5500,2.5499,2.5494,2.5467,2.5366,2.5052,2.4266,2.2647,1.9833
402.0000,28.1247,28.1263,28.1312,28.1395,28.1514,28.1672,28.1871,28.2117,28.2414,28.2768,28.3185,28.3674,28.4242,28.4898,28.5651,28.6512,28.7491,28.8598,28.9847,29.1248,29.2814,2.5500,2.5500,2.5500,2.5500,2.5500,2.5500,2.5500,2.5500,2.5500,2.5500,2.5500,2.5500,2.5500,2.5499,2.5493,2.5467,2.5365,2.5049,2.4261,2.2641,1.9826
403.0000,28.1258,28.1274,28.1324,28.1407,28.1527,28.1685,28.1885,28.2132,28.2430,28.2786,28.3205,28.3696,28.4265,28.4924,28.5679,28.6542,28.7523,28.8634,28.9885,29.1289,29.2858,2.5500,2.5500,2.5500,2.5500,2.5500,2.5500,2.5500,2.5500,2.5500,2.5500,2.5500,2.5500,2.5500,2.5499,2.5493,2.5467,2.5364,2.5047,2.4257,2.2635,1.9820
404.0000,28.1269,28.1286,28.1335,28.1419,28.1539,28.1698,28.1899,28.2147,28.2447,28.2804,28.3225,28.3717,28.4289,28.4949,28.5707,28.6573,28.7556,28.8669,28.9923,29.1330,29.2902,2.5500,2.5500,2.5500,2.5500,2.5500,2.5500,2.5500,2.5500,2.5500,2.5500,2.5500,2.5500,2.5500,2.5499,2.5493,2.5466,2.5362,2.5044,2.4253,2.2629,1.9814
405.0000,28.1280,28.1297,28.1347,28.1431,28.1552,28.1711,28.1914,28.2163,28.2463,28.2822,28.3244,28.3739,28.4313,28.4975,28.5735,28.6603,28.7589,28.8705,28.9961,29.1371,29.2946,2.5500,2.5500,2.5500,2.5500,2.5500,2.5500,2.5500,2.5500,2.5500,2.5500,2.5500,2.5500,2.5500,2.5499,2.5493,2.5466,2.5361,2.5042,2.4249,2.2623,1.9808
406.0000,28.1291,28.1308,28.1358,28.1443,28.1564,28.1725,28.1928,28.2178,28.2480,28.2840,28.3264,28.3760,28.4336,28.5001,28.5763,28.6633,28.7622,28.8740,29.0000,29.1412,29.2990,2.5500,2.5500,2.5500,2.5500,2.5500,2.5500,2.5500,2.5500,2.5500,2.5500,2.5500,2.5500,2.5500,2.5499,2.5493,2.5465,2.5360,2.5040,2.4244,2.2617,1.9802
407.0000,28.1303,28.1319,28.1370,28.1455,28.1577,28.1738,28.1942,28.2193,28.2497,28.2858,28.3284,28.3782,28.4360,28.5026,28.5791,28.6664,28.7655,28.8776,29.0038,29.1453,29.3035,2.5500,2.5500,2.5500,2.5500,2.5500,2.5500,2.5500,2.5500,2.5500,2.5500,2.5500,2.5500,2.5500,2.5499,2.5493,2.5465,2.5359,2.5037,2.4240,2.2612,1.9796
408.0000,28.1314,28.1331,28.1381,28.1467,28.1589,28.1751,28.1956,28.2209,28.2514,28.2876,28.3304,28.3804,28.4384,28.5052,28.5819,28.6694,28.7688,28.8812,29.0077,29.1495,29.3079,2.5500,2.5500,2.5500,2.5500,2.5500,2.5500,2.5500,2.5500,2.5500,2.5500,2.5500,2.5500,2.5500,2.5499,2.5493,2.5465,2.5358,2.5035,2.4236,2.2606,1.9790
409.0000,28.1325,28.1342,28.1393,28.1479,28.1602,28.1765,28.1971,28.2224,28.2530,28.2895,28.3324,28.3826,28.4407,28.5078,28.5847,28.6725,28.7721,28.8847,29.0115,29.1536,29.3123,2.5500,2.5500,2.5500,2.5500,2.5500,2.5500,2.5500,2.5500,2.5500,2.5500,2.5500,2.5500,2.5500,2.5499,2.5493,2.5464,2.5357,2.5032,2.4232,2.2600,1.9784
410.0000,28.1336,28.1353,28.1405,28.1491,28.1615,28.1778,28.1985,28.2240,28.2547,28.2913,28.3344,28.3847,28.4431,28.5104,28.5876,28.6755,28.7754,28.8883,29.0154,29.1577,29.3168,2.5500,2.5500,2.5500,2.5500,2.5500,2.5500,2.5500,2.5500,2.5500,2.5500,2.5500,2.5500,2.5500,2.5499,2.5493,2.5464,2.5356,2.5030,2.4228,2.2594,1.9778
411.0000,28.1348,28.1365,28.1416,28.1503,28.1628,28.1792,28.2000,28.2256,28.2564,28.2932,28.3364,28.3869,28.4455,28.5130,28.5904,28.6786,28.7787,28.8919,29.0192,29.1619,29.3212,2.5500,2.5500,2.5500,2.5500,2.5500,2.5500,2.5500,2.5500,2.5500,2.5500,2.5500,2.5500,2.5500,2.5499,2.5493,2.5464,2.5355,2.5028,2.4223,2.2588,1.9772
412.0000,28.1359,28.1376,28.1428,28.1515,28.1640,28.1806,28.2015,28.2271,28.2581,28.2950,28.3384,28.3891,28.4479,28.5156,28.5932,28.6817,28.7821,28.8955,29.0231,29.1660,29.3256,2.5500,2.5500,2.5500,2.5500,2.5500,2.5500,2.5500,2.5500,2.5500,2.5500,2.5500,2.5500,2.5500,2.5499,2.5492,2.5463,2.5354,2.5025,2.4219,2.2583,1.9766
413.0000,28.1371,28.1388,28.1440,28.1528,28.1653,28.1819,28.2029,28.2287,28.2598,28.2969,28.3405,28.3913,28.4503,28.5182,28.5961,28.6848,28.7854,28.8991,29.0269,29.1702,29.3301,2.5500,2.5500,2.5500,2.5500,2.5500,2.5500,2.5500,2.5500,2.5500,2.5500,2.5500,2.5500,2.5500,2.5499,2.5492,2.5463,2.5353,2.5023,2.4215,2.2577,1.9760
414.0000,28.1383,28.1400,28.1452,28.1540,28.1666,28.1833,28.2044,28.2303,28.2616,28.2987,28.3425,28.3935,28.4527,28.5208,28.5989,28.6878,28.7887,28.9027,29.0308,29.1743,29.3345,2.5500,2.5500,2.5500,2.5500,2.5500,2.5500,2.5500,2.5500,2.5500,2.5500,2.5500,2.5500,2.5500,2.5499,2.5492,2.5462,2.5352,2.5020,2.4211,2.2571,1.9754
415.0000,28.1394,28.1412,28.1464,28.1553,28.1679,28.1847,28.2059,28.2319,28.2633,28.3006,28.3445,28.3958,28.4551,28.5235,28.6017,28.6909,28.7921,28.9063,29.0347,29.1785,29.3390,2.5500,2.5500,2.5500,2.5500,2.5500,2.5500,2.5500,2.5500,2.5500,2.5500,2.5500,2.5500,2.5500,2.5499,2.5492,2.5462,2.5351,2.5018,2.4206,2.2565,1.9748
416.0000,28.1406,28.1423,28.1476,28.1565,28.1692,28.1861,28.2073,28.2335,28.2650,28.3025,28.3466,28.3980,28.4575,28.5261,28.6046,28.6940,28.7954,28.9099,29.0386,29.1827,29.3435,2.5500,2.5500,2.5500,2.5500,2.5500,2.5500,2.5500,2.5500,2.5500,2.5500,2.5500,2.5500,2.5500,2.5499,2.5492,2.5462,2.5350,2.5015,2.4202,2.2560,1.9742
417.0000,28.1418,28.1435,28.1488,28.1578,28.1706,28.1875,28.2088,28.2351,28.2667,28.3044,28.3486,28.4002,28.4600,28.5287,28.6075,28.6971,28.7988,28.9135,29.0424,29.1868,29.3479,2.5500,2.5500,2.5500,2.5500,2.5500,2.5500,2.5500,2.5500,2.5500,2.5500,2.5500,2.5500,2.5500,2.5499,2.5492,2.5461,2.5348,2.5013,2.4198,2.2554,1.9736
418.0000,28.1430,28.1447,28.1500,28.1590,28.1719,28.1889,28.2103,28.2367,28.2685,28.3063,28.3507,28.4024,28.4624,28.5314,28.6103,28.7002,28.8021,28.9171,29.0463,29.1910,29.3524,2.5500,2.5500,2.5500,2.5500,2.5500,2.5500,2.5500,2.5500,2.5500,2.5500,2.5500,2.5500,2.5500,2.5499,2.5492,2.5461,2.5347,2.5011,2.4194,2.2548,1.9730
419.0000,28.1441,28.1459,28.1513,28.1603,28.1732,28.1903,28.2118,28.2383,28.2702,28.3081,28.3527,28.4047,28.4648,28.5340,28.6132,28.7033,28.8055,28.9207,29.0502,29.1952,29.3569,2.5500,2.5500,2.5500,2.5500,2.5500,2.5500,2.5500,2.5500,2.5500,2.5500,2.5500,2.5500,2.5500,2.5499,2.5492,2.5460,2.5346,2.5008,2.4189,2.2542,1.9724
420.0000,28.1453,28.1471,28.1525,28.1616,28.1745,28.1917,28.2133,28.2399,28.2720,28.3100,28.3548,28.4069,28.4673,28.5367,28.6161,28.7064,28.8088,28.9243,29.0541,29.1994,29.3613,2.5500,2.5500,2.5500,2.5500,2.5500,2.5500,2.5500,2.5500,2.5500,2.5500,2.5500,2.5500,2.5500,2.5499,2.5492,2.5460,2.5345,2.5006,2.4185,2.2537,1.9718
421.0000,28.1465,28.1483,28.1537,28.1628,28.1759,28.1931,28.2149,28.2416,28.2737,28.3119,28.3568,28.4092,28.4697,28.5393,28.6189,28.7095,28.8122,28.9280,29.0580,29.2036,29.3657,2.5500,2.5500,2.5500,2.5500,2.5500,2.5500,2.5500,2.5500,2.5500,2.5500,2.5500,2.5500,2.5500,2.5499,2.5492,2.5460,2.5344,2.5003,2.4181,2.2531,1.9712
422.0000,28.1477,28.1495,28.1550,28.1641,28.1772,28.1945,28.2164,28.2432,28.2755,28.3139,28.3589,28.4114,28.4721,28.5420,28.6218,28.7127,28.8156,28.9316,29.0619,29.2077,29.3701,2.5500,2.5500,2.5500,2.5500,2.5500,2.5500,2.5500,2.5500,2.5500,2.5500,2.5500,2.5500,2.5500,2.5499,2.5491,2.5459,2.5343,2.5001,2.4177,2.2525,1.9706
423.0000,28.1490,28.1508,28.1562,28.1654,28.1786,28.1960,28.2179,28.2448,28.2773,28.3158,28.3610,28.4137,28.4746,28.5446,28.6247,28.7158,28.8189,28.9352,29.0658,29.2119,29.3744,2.5500,2.5500,2.5500,2.5500,2.5500,2.5500,2.5500,2.5500,2.5500,2.5500,2.5500,2.5500,2.5500,2.5498,2.5491,2.5459,2.5342,2.4998,2.4172,2.2520,1.9700
424.0000,28.1502,28.1520,28.1575,28.1667,28.1799,28.1974,28.2194,28.2465,28.2790,28.3177,28.3631,28.4159,28.4771,28.5473,28.6276,28.7189,28.8223,28.9389,29.0697,29.2160,29.3787,2.5500,2.5500,2.5500,2.5500,2.5500,2.5500,2.5500,2.5500,2.5500,2.5500,2.5500,2.5500,2.5500,2.5498,2.5491,2.5458,2.5341,2.4996,2.4168,2.2514,1.9694
425.0000,28.1514,28.1532,28.1587,28.1680,28.1813,28.1988,28.2210,28.2481,28.2808,28.3196,28.3652,28.4182,28.4795,28.5500,28.6305,28.7220,28.8257,28.9425,29.0736,29.2202,29.3829,2.5500,2.5500,2.5500,2.5500,2.5500,2.5500,2.5500,2.5500,2.5500,2.5500,2.5500,2.5500,2.5500,2.5498,2.5491,2.5458,2.5340,2.4993,2.4164,2.2508,1.9688
426.0000,28.1526,28.1545,28.1600,28.1693,28.1827,28.2003,28.2225,28.2498,28.2826,28.3215,28.3673,28.4205,28.4820,28.5527,28.6334,28.7252,28.8291,28.9462,29.0775,29.2243,29.3871,2.5500,2.5500,2.5500,2.5500,2.5500,2.5500,2.5500,2.5500,2.5500,2.5500,2.5500,2.5500,2.5500,2.5498,2.5491,2.5458,2.5338,2.4991,2.4160,2.2503,1.9682
427.0000,28.1539,28.1557,28.1613,28.1706,28.1840,28.2017,28.2241,28.2514,28.2844,28.3235,28.3694,28.4228,28.4845,28.5553,28.6363,28.7283,28.8325,28.9498,29.0814,29.2284,29.3913,2.5500,2.5500,2.5500,2.5500,2.5500,2.5500,2.5500,2.5500,2.5500,2.5500,2.5500,2.5500,2.5500,2.5498,2.5491,2.5457,2.5337,2.4988,2.4156,2.2497,1.9677
428.0000,28.1551,28.1570,28.1625,28.1720,28.1854,28.2032,28.2256,28.2531,28.2862,28.3254,28.3715,28.4250,28.4869,28.5580,28.6392,28.7315,28.8359,28.9535,29.0853,29.2325,29.3955,2.5500,2.5500,2.5500,2.5500,2.5500,2.5500,2.5500,2.5500,2.5500,2.5500,2.5500,2.5500,2.5500,2.5498,2.5491,2.5457,2.5336,2.4986,2.4151,2.2491,1.9671
429.0000,28.1564,28.1582,28.1638,28.1733,28.1868,28.2046,28.2272,28.2548,28.2880,28.3274,28.3736,28.4273,28.4894,28.5607,28.6421,28.7346,28.8393,28.9571,29.0892,29.2365,29.3997,2.5500,2.5500,2.5500,2.5500,2.5500,2.5500,2.5500,2.5500,2.5500,2.5500,2.5500,2.5500,2.5500,2.5498,2.5491,2.5456,2.5335,2.4983,2.4147,2.2486,1.9665
430.0000,28.1576,28.1595,28.1651,28.1746,28.1882,28.2061,28.2287,28.2565,28.2898,28.3293,28.3757,28.4296,28.4919,28.5634,28.6451,28.7378,28.8427,28.9608,29.0931,29.2406,29.4039,2.5500,2.5500,2.5500,2.5500,2.5500,2.5500,2.5500,2.5500,2.5500,2.5500,2.5500,2.5500,2.5500,2.5498,2.5490,2.5456,2.5334,2.4981,2.4143,2.2480,1.9659
431.0000,28.1589,28.1607,28.1664,28.1760,28.1896,28.2076,28.2303,28.2581,28.2916,28.3313,28.3778,28.4319,28.4944,28.5661,28.6480,28.7410,28.8461,28.9644,29.0970,29.2446,29.4080,2.5500,2.5500,2.5500,2.5500,2.5500,2.5500,2.5500,2.5500,2.5500,2.5500,2.5500,2.5500,2.5500,2.5498,2.5490,2.5456,2.5333,2.4979,2.4139,2.2474,1.9653
432.0000,28.1601,28.1620,28.1677,28.1773,28.1910,28.2091,28.2319,28.2598,28.2934,28.3333,28.3800,28.4342,28.4969,28.5688,28.6509,28.7441,28.8495,28.9681,29.1008,29.2487,29.4121,2.5500,2.5500,2.5500,2.5500,2.5500,2.5500,2.5500,2.5500,2.5500,2.5500,2.5500,2.5500,2.5500,2.5498,2.5490,2.5455,2.5332,2.4976,2.4135,2.2469,1.9647
433.0000,28.1614,28.1633,28.1690,28.1786,28.1924,28.2106,28.2335,28.2615,28.2953,28.3352,28.3821,28.4366,28.4994,28.5716,28.6538,28.7473,28.8529,28.9717,29.1047,29.2527,29.4163,2.5500,2.5500,2.5500,2.5500,2.5500,2.5500,2.5500,2.5500,2.5500,2.5500,2.5500,2.5500,2.5500,2.5498,2.5490,2.5455,2.5330,2.4974,2.4130,2.2463,1.9641
434.0000,28.1627,28.1646,28.1703,28.1800,28.1938,28.2121,28.2351,28.2632,28.2971,28.3372,28.3842,28.4389,28.5019,28.5743,28.6568,28.7505,28.8563,28.9753,29.1085,29.2567,29.4204,2.5500,2.5500,2.5500,2.5500,2.5500,2.5500,2.5500,2.5500,2.5500,2.5500,2.5500,2.5500,2.5500,2.5498,2.5490,2.5454,2.5329,2.4971,2.4126,2.2458,1.9636
435.0000,28.1640,28.1659,28.1716,28.1814,28.1952,28.2136,28.2366,28.2649,28.2989,28.3392,28.3864,28.4412,28.5045,28.5770,28.6597,28.7536,28.8597,28.9790,29.1124,29.2607,29.4245,2.5500,2.5500,2.5500,2.5500,2.5500,2.5500,2.5500,2.5500,2.5500,2.5500,2.5500,2.5500,2.5500,2.5498,2.5490,2.5454,2.5328,2.4969,2.4122,2.2452,1.9630
436.0000,28.1653,28.1672,28.1730,28.1827,28.1967,28.2151,28.2382,28.2667,28.3008,28.3412,28.3885,28.4435,28.5070,28.5797,28.6627,28.7568,28.8631,28.9826,29.1162,29.2647,29.4286,2.5500,2.5500,2.5500,2.5500,2.5500,2.5500,2.5500,2.5500,2.5500,2.5500,2.5500,2.5500,2.5500,2.5498,2.5490,2.5453,2.5327,2.4966,2.4118,2.2446,1.9624
437.0000,28.1666,28.1685,28.1743,28.1841,28.1981,28.2166,28.2399,28.2684,28.3026,28.3432,28.3907,28.4459,28.5095,28.5825,28.6656,28.7600,28.8666,28.9863,29.1201,29.2687,29.4326,2.5500,2.5500,2.5500,2.5500,2.5500,2.5500,2.5500,2.5500,2.5500,2.5500,2.5500,2.5500,2.5500,2.5498,2.5490,2.5453,2.5326,2.4964,2.4114,2.2441,1.9618
438.0000,28.1679,28.1698,28.1756,28.1855,28.1995,28.2181,28.2415,28.2701,28.3045,28.3452,28.3928,28.4482,28.5120,28.5852,28.6686,28.7632,28.8700,28.9899,29.1239,29.2727,29.4367,2.5500,2.5500,2.5500,2.5500,2.5500,2.5500,2.5500,2.5500,2.5500,2.5500,2.5500,2.5500,2.5500,2.5498,2.5489,2.5453,2.5325,2.4961,2.4109,2.2435,1.9612
439.0000,28.1692,28.1711,28.1770,28.1869,28.2010,28.2196,28.2431,28.2718,28.3063,28.3472,28.3950,28.4506,28.5146,28.5879,28.6716,28.7664,28.8734,28.9935,29.1277,29.2766,29.4408,2.5500,2.5500,2.5500,2.5500,2.5500,2.5500,2.5500,2.5500,2.5500,2.5500,2.5500,2.5500,2.5500,2.5498,2.5489,2.5452,2.5323,2.4959,2.4105,2.2430,1.9607
440.0000,28.1705,28.1724,28.1783,28.1882,28.2024,28.2211,28.2447,28.2736,28.3082,28.3492,28.3972,28.4529,28.5171,28.5907,28.6745,28.7696,28.8768,28.9972,29.1315,29.2806,29.4448,2.5500,2.5500,2.5500,2.5500,2.5500,2.5500,2.5500,2.5500,2.5500,2.5500,2.5500,2.5500,2.5500,2.5498,2.5489,2.5452,2.5322,2.4956,2.4101,2.2424,1.9601
441.0000,28.1718,28.1737,28.1797,28.1896,28.2039,28.2227,28.2463,28.2753,28.3101,28.3512,28.3994,28.4553,28.5197,28.5935,28.6775,28.7728,28.8802,29.0008,29.1353,29.2845,29.4489,2.5500,2.5500,2.5500,2.5500,2.5500,2.5500,2.5500,2.5500,2.5500,2.5500,2.5500,2.5500,2.5500,2.5498,2.5489,2.5451,2.5321,2.4954,2.4097,2.2418,1.9595
442.0000,28.1731,28.1751,28.1810,28.1910,28.2054,28.2242,28.2480,28.2771,28.3119,28.3532,28.4016,28.4576,28.5222,28.5962,28.6805,28.7760,28.8836,29.0044,29.1391,29.2885,29.4529,2.5500,2.5500,2.5500,2.5500,2.5500,2.5500,2.5500,2.5500,2.5500,2.5500,2.5500,2.5500,2.5500,2.5498,2.5489,2.5451,2.5320,2.4951,2.4093,2.2413,1.9589
443.0000,28.1744,28.1764,28.1824,28.1925,28.2068,28.2258,28.2496,28.2788,28.3138,28.3553,28.4037,28.4600,28.5248,28.5990,28.6835,28.7792,28.8871,29.0080,29.1430,29.2924,29.4569,2.5500,2.5500,2.5500,2.5500,2.5500,2.5500,2.5500,2.5500,2.5500,2.5500,2.5500,2.5500,2.5500,2.5498,2.5489,2.5450,2.5319,2.4949,2.4088,2.2407,1.9584
444.0000,28.1758,28.1778,28.1838,28.1939,28.2083,28.2273,28.2513,28.2806,28.3157,28.3573,28.4059,28.4624,28.5273,28.6017,28.6864,28.7824,28.8905,29.0117,29.1467,29.2964,29.4610,2.5500,2.5500,2.5500,2.5500,2.5500,2.5500,2.5500,2.5500,2.5500,2.5500,2.5500,2.5500,2.5500,2.5498,2.5489,2.5450,2.5317,2.4946,2.4084,2.2402,1.9578
445.0000,28.1771,28.1791,28.1851,28.1953,28.2098,28.2289,28.2529,28.2823,28.3176,28.3593,28.4081,28.4647,28.5299,28.6045,28.6894,28.7856,28.8939,29.0153,29.1505,29.3003,29.4650,2.5500,2.5500,2.5500,2.5500,2.5500,2.5500,2.5500,2.5500,2.5500,2.5500,2.5500,2.5500,2.5500,2.5498,2.5489,2.5449,2.5316,2.4944,2.4080,2.2396,1.9572
446.0000,28.1785,28.1805,28.1865,28.1967,28.2113,28.2304,28.2546,28.2841,28.3195,28.3614,28.4103,28.4671,28.5325,28.6073,28.6924,28.7888,28.8973,29.0189,29.1543,29.3042,29.4690,2.5500,2.5500,2.5500,2.5500,2.5500,2.5500,2.5500,2.5500,2.5500,2.5500,2.5500,2.5500,2.5500,2.5498,2.5488,2.5449,2.5315,2.4941,2.4076,2.2391,1.9566
447.0000,28.1798,28.1818,28.1879,28.1981,28.2128,28.2320,28.2562,28.2859,28.3214,28.3634,28.4126,28.4695,28.5351,28.6101,28.6954,28.7920,28.9007,29.0225,29.1581,29.3081,29.4730,2.5500,2.5500,2.5500,2.5500,2.5500,2.5500,2.5500,2.5500,2.5500,2.5500,2.5500,2.5500,2.5500,2.5498,2.5488,2.5449,2.5314,2.4939,2.4072,2.2385,1.9561
448.0000,28.1812,28.1832,28.1893,28.1996,28.2143,28.2336,28.2579,28.2877,28.3233,28.3655,28.4148,28.4719,28.5377,28.6129,28.6984,28.7952,28.9042,29.0261,29.1619,29.3120,29.4770,2.5500,2.5500,2.5500,2.5500,2.5500,2.5500,2.5500,2.5500,2.5500,2.5500,2.5500,2.5500,2.5500,2.5498,2.5488,2.5448,2.5313,2.4936,2.4067,2.2380,1.9555
449.0000,28.1825,28.1846,28.1907,28.2010,28.2158,28.2352,28.2596,28.2894,28.3252,28.3675,28.4170,28.4743,28.5402,28.6156,28.7014,28.7984,28.9076,29.0297,29.1657,29.3159,29.4810,2.5500,2.5500,2.5500,2.5500,2.5500,2.5500,2.5500,2.5500,2.5500,2.5500,2.5500,2.5500,2.5500,2.5498,2.5488,2.5448,2.5311,2.4934,2.4063,2.2374,1.9549
450.0000,28.1839,28.1859,28.1921,28.2025,28.2173,28.2368,28.2613,28.2912,28.3272,28.3696,28.4192,28.4767,28.5428,28.6184,28.7044,28.8016,28.9110,29.0333,29.1694,29.3198,29.4850,2.5500,2.5500,2.5500,2.5500,2.5500,2.5500,2.5500,2.5500,2.5500,2.5500,2.5500,2.5500,2.5500,2.5498,2.5488,2.5447,2.5310,2.4931,2.4059,2.2369,1.9544
451.0000,28.1853,28.1873,28.1935,28.2039,28.2188,28.2383,28.2630,28.2930,28.3291,28.3717,28.4215,28.4791,28.5454,28.6212,28.7074,28.8048,28.9144,29.0369,29.1732,29.3237,29.4890,2.5500,2.5500,2.5500,2.5500,2.5500,2.5500,2.5500,2.5500,2.5500,2.5500,2.5500,2.5500,2.5500,2.5498,2.5488,2.5447,2.5309,2.4928,2.4055,2.2363,1.9538
452.0000,28.1867,28.1887,28.1949,28.2054,28.2203,28.2399,28.2646,28.2948,28.3310,28.3738,28.4237,28.4815,28.5480,28.6240,28.7104,28.8081,28.9178,29.0405,29.1769,29.3276,29.4929,2.5500,2.5500,2.5500,2.5500,2.5500,2.5500,2.5500,2.5500,2.5500,2.5500,2.5500,2.5500,2.5500,2.5498,2.5488,2.5446,2.5308,2.4926,2.4051,2.2358,1.9532
453.0000,28.1881,28.1901,28.1963,28.2069,28.2218,28.2415,28.2663,28.2967,28.3330,28.3758,28.4259,28.4839,28.5506,28.6268,28.7134,28.8113,28.9212,29.0441,29.1807,29.3315,29.4969,2.5500,2.5500,2.5500,2.5500,2.5500,2.5500,2.5500,2.5500,2.5500,2.5500,2.5500,2.5500,2.5500,2.5498,2.5487,2.5446,2.5307,2.4923,2.4047,2.2352,1.9526
454.0000,28.1895,28.1915,28.1978,28.2083,28.2234,28.2432,28.2681,28.2985,28.3349,28.3779,28.4282,28.4864,28.5533,28.6297,28.7164,28.8145,28.9246,29.0477,29.1844,29.3354,29.5009,2.5500,2.5500,2.5500,2.5500,2.5500,2.5500,2.5500,2.5500,2.5500,2.5500,2.5500,2.5500,2.5500,2.5498,2.5487,2.5445,2.5305,2.4921,2.4042,2.2347,1.9521
455.0000,28.1909,28.1929,28.1992,28.2098,28.2249,28.2448,28.2698,28.3003,28.3369,28.3800,28.4304,28.4888,28.5559,28.6325,28.7195,28.8177,28.9281,29.0513,29.1882,29.3392,29.5048,2.5500,2.5500,2.5500,2.5500,2.5500,2.5500,2.5500,2.5500,2.5500,2.5500,2.5500,2.5500,2.5500,2.5498,2.5487,2.5445,2.5304,2.4918,2.4038,2.2341,1.9515
456.0000,28.1923,28.1943,28.2006,28.2113,28.2264,28.2464,28.2715,28.3021,28.3388,28.3821,28.4327,28.4912,28.5585,28.6353,28.7225,28.8209,28.9315,29.0549,29.1919,29.3431,29.5088,2.5500,2.5500,2.5500,2.5500,2.5500,2.5500,2.5500,2.5500,2.5500,2.5500,2.5500,2.5500,2.5500,2.5497,2.5487,2.5444,2.5303,2.4916,2.4034,2.2336,1.9510
457.0000,28.1937,28.1958,28.2021,28.2128,28.2280,28.2480,28.2732,28.3040,28.3408,28.3842,28.4350,28.4937,28.5611,28.6381,28.7255,28.8241,28.9349,29.0585,29.1957,29.3470,29.5127,2.5500,2.5500,2.5500,2.5500,2.5500,2.5500,2.5500,2.5500,2.5500,2.5500,2.5500,2.5500,2.5500,2.5497,2.5487,2.5444,2.5302,2.4913,2.4030,2.2330,1.9504
458.0000,28.1951,28.1972,28.2035,28.2143,28.2295,28.2497,28.2749,28.3058,28.3427,28.3863,28.4372,28.4961,28.5637,28.6409,28.7285,28.8274,28.9383,29.0621,29.1994,29.3508,29.5167,2.5500,2.5500,2.5500,2.5500,2.5500,2.5500,2.5500,2.5500,2.5500,2.5500,2.5500,2.5500,2.5500,2.5497,2.5487,2.5443,2.5300,2.4911,2.4026,2.2325,1.9498
459.0000,28.1965,28.1986,28.2050,28.2158,28.2311,28.2513,28.2767,28.3076,28.3447,28.3885,28.4395,28.4986,28.5664,28.6438,28.7315,28.8306,28.9417,29.0657,29.2031,29.3547,29.5206,2.5500,2.5500,2.5500,2.5500,2.5500,2.5500,2.5500,2.5500,2.5500,2.5500,2.5500,2.5500,2.5500,2.5497,2.5487,2.5443,2.5299,2.4908,2.4021,2.2319,1.9493
460.0000,28.1979,28.2001,28.2065,28.2173,28.2327,28.2529,28.2784,28.3095,28.3467,28.3906,28.4418,28.5010,28.5690,28.6466,28.7346,28.8338,28.9451,29.0692,29.2069,29.3585,29.5246,2.5500,2.5500,2.5500,2.5500,2.5500,2.5500,2.5500,2.5500,2.5500,2.5500,2.5500,2.5500,2.5500,2.5497,2.5486,2.5442,2.5298,2.4906,2.4017,2.2314,1.9487
461.0000,28.1994,28.2015,28.2079,28.2188,28.2343,28.2546,28.2801,28.3113,28.3487,28.3927,28.4441,28.5035,28.5717,28.6494,28.7376,28.8370,28.9485,29.0728,29.2106,29.3624,29.5285,2.5500,2.5500,2.5500,2.5500,2.5500,2.5500,2.5500,2.5500,2.5500,2.5500,2.5500,2.5500,2.5500,2.5497,2.5486,2.5442,2.5297,2.4903,2.4013,2.2308,1.9481
462.0000,28.2008,28.2030,28.2094,28.2203,28.2358,28.2562,28.2819,28.3132,28.3507,28.3948,28.4464,28.5059,28.5743,28.6523,28.7406,28.8402,28.9519,29.0764,29.2143,29.3662,29.5324,2.5500,2.5500,2.5500,2.5500,2.5500,2.5500,2.5500,2.5500,2.5500,2.5500,2.5500,2.5500,2.5500,2.5497,2.5486,2.5441,2.5295,2.4901,2.4009,2.2303,1.9476
463.0000,28.2023,28.2044,28.2109,28.2218,28.2374,28.2579,28.2837,28.3151,28.3527,28.3970,28.4487,28.5084,28.5769,28.6551,28.7437,28.8435,28.9553,29.0800,29.2180,29.3700,29.5364,2.5500,2.5500,2.5500,2.5500,2.5500,2.5500,2.5500,2.5500,2.5500,2.5500,2.5500,2.5500,2.5500,2.5497,2.5486,2.5441,2.5294,2.4898,2.4005,2.2298,1.9470
464.0000,28.2037,28.2059,28.2124,28.2234,28.2390,28.2596,28.2854,28.3170,28.3547,28.3991,28.4510,28.5109,28.5796,28.6579,28.7467,28.8467,28.9587,29.0835,29.2217,29.3739,29.5403,2.5500,2.5500,2.5500,2.5500,2.5500,2.5500,2.5500,2.5500,2.5500,2.5500,2.5500,2.5500,2.5500,2.5497,2.5486,2.5440,2.5293,2.4896,2.4001,2.2292,1.9465
465.0000,28.2052,28.2073,28.2139,28.2249,28.2406,28.2612,28.2872,28.3188,28.3567,28.4013,28.4533,28.5133,28.5823,28.6608,28.7497,28.8499,28.9621,29.0871,29.2255,29.3777,29.5442,2.5500,2.5500,2.5500,2.5500,2.5500,2.5500,2.5500,2.5500,2.5500,2.5500,2.5500,2.5500,2.5500,2.5497,2.5486,2.5440,2.5292,2.4893,2.3997,2.2287,1.9459
466.0000,28.2066,28.2088,28.2154,28.2264,28.2422,28.2629,28.2890,28.3207,28.3587,28.4034,28.4556,28.5158,28.5849,28.6636,28.7528,28.8531,28.9655,29.0907,29.2292,29.3815,29.5481,2.5500,2.5500,2.5500,2.5500,2.5500,2.5500,2.5500,2.5500,2.5500,2.5500,2.5500,2.5500,2.5500,2.5497,2.5485,2.5439,2.5290,2.4890,2.3992,2.2281,1.9454
467.0000,28.2081,28.2103,28.2169,28.2280,28.2438,28.2646,28.2907,28.3226,28.3607,28.4056,28.4579,28.5183,28.5876,28.6665,28.7558,28.8564,28.9689,29.0942,29.2329,29.3853,29.5520,2.5500,2.5500,2.5500,2.5500,2.5500,2.5500,2.5500,2.5500,2.5500,2.5500,2.5500,2.5500,2.5500,2.5497,2.5485,2.5439,2.5289,2.4888,2.3988,2.2276,1.9448
468.0000,28.2096,28.2118,28.2184,28.2295,28.2454,28.2663,28.2925,28.3245,28.3627,28.4078,28.4602,28.5208,28.5902,28.6693,28.7589,28.8596,28.9724,29.0978,29.2366,29.3892,29.5559,2.5500,2.5500,2.5500,2.5500,2.5500,2.5500,2.5500,2.5500,2.5500,2.5500,2.5500,2.5500,2.5500,2.5497,2.5485,2.5438,2.5288,2.4885,2.3984,2.2270,1.9442
469.0000,28.2111,28.2133,28.2199,28.2311,28.2470,28.2680,28.2943,28.3264,28.3648,28.4099,28.4625,28.5233,28.5929,28.6722,28.7619,28.8628,28.9758,29.1014,29.2403,29.3930,29.5598,2.5500,2.5500,2.5500,2.5500,2.5500,2.5500,2.5500,2.5500,2.5500,2.5500,2.5500,2.5500,2.5499,2.5497,2.5485,2.5438,2.5287,2.4883,2.3980,2.2265,1.9437
470.0000,28.2125,28.2148,28.2214,28.2327,28.2487,28.2697,28.2961,28.3283,28.3668,28.4121,28.4649,28.5258,28.5956,28.6750,28.7649,28.8661,28.9792,29.1049,29.2440,29.3968,29.5637,2.5500,2.5500,2.5500,2.5500,2.5500,2.5500,2.5500,2.5500,2.5500,2.5500,2.5500,2.5500,2.5499,2.5497,2.5485,2.5437,2.5285,2.4880,2.3976,2.2260,1.9431
471.0000,28.2140,28.2163,28.2230,28.2342,28.2503,28.2714,28.2979,28.3302,28.3688,28.4143,28.4672,28.5283,28.5983,28.6779,28.7680,28.8693,28.9826,29.1085,29.2477,29.4006,29.5676,2.5500,2.5500,2.5500,2.5500,2.5500,2.5500,2.5500,2.5500,2.5500,2.5500,2.5500,2.5500,2.5499,2.5497,2.5485,2.5437,2.5284,2.4878,2.3972,2.2254,1.9426
472.0000,28.2155,28.2178,28.2245,28.2358,28.2519,28.2731,28.2997,28.3321,28.3709,28.4165,28.4695,28.5308,28.6010,28.6808,28.7710,28.8725,28.9860,29.1120,29.2514,29.4044,29.5715,2.5500,2.5500,2.5500,2.5500,2.5500,2.5500,2.5500,2.5500,2.5500,2.5500,2.5500,2.5500,2.5499,2.5497,2.5484,2.5436,2.5283,2.4875,2.3967,2.2249,1.9420
473.0000,28.2170,28.2193,28.2260,28.2374,28.2536,28.2748,28.3015,28.3341,28.3729,28.4187,28.4719,28.5333,28.6036,28.6836,28.7741,28.8757,28.9894,29.1156,29.2550,29.4082,29.5754,2.5500,2.5500,2.5500,2.5500,2.5500,2.5500,2.5500,2.5500,2.5500,2.5500,2.5500,2.5500,2.5499,2.5497,2.5484,2.5436,2.5282,2.4872,2.3963,2.2244,1.9415
474.0000,28.2186,28.2208,28.2276,28.2390,28.2552,28.2766,28.3034,28.3360,28.3750,28.4208,28.4742,28.5358,28.6063,28.6865,28.7771,28.8790,28.9927,29.1191,29.2587,29.4120,29.5793,2.5500,2.5500,2.5500,2.5500,2.5500,2.5500,2.5500,2.5500,2.5500,2.5500,2.5500,2.5500,2.5499,2.5497,2.5484,2.5435,2.5280,2.4870,2.3959,2.2238,1.9409
475.0000,28.2201,28.2223,28.2291,28.2406,28.2569,28.2783,28.3052,28.3379,28.3770,28.4230,28.4766,28.5383,28.6090,28.6894,28.7802,28.8822,28.9961,29.1227,29.2624,29.4158,29.5832,2.5500,2.5500,2.5500,2.5500,2.5500,2.5500,2.5500,2.5500,2.5500,2.5500,2.5500,2.5500,2.5499,2.5497,2.5484,2.5435,2.5279,2.4867,2.3955,2.2233,1.9404
476.0000,28.2216,28.2239,28.2307,28.2422,28.2585,28.2800,28.3070,28.3399,28.3791,28.4253,28.4790,28.5409,28.6117,28.6923,28.7832,28.8854,28.9995,29.1262,29.2661,29.4196,29.5871,2.5500,2.5500,2.5500,2.5500,2.5500,2.5500,2.5500,2.5500,2.5500,2.5500,2.5500,2.5500,2.5499,2.5497,2.5484,2.5434,2.5278,2.4865,2.3951,2.2227,1.9398
477.0000,28.2231,28.2254,28.2322,28.2438,28.2602,28.2818,28.3088,28.3418,28.3812,28.4275,28.4813,28.5434,28.6144,28.6951,28.7863,28.8887,29.0029,29.1298,29.2698,29.4234,29.5909,2.5500,2.5500,2.5500,2.5500,2.5500,2.5500,2.5500,2.5500,2.5500,2.5500,2.5500,2.5500,2.5499,2.5497,2.5484,2.5434,2.5276,2.4862,2.3947,2.2222,1.9393
478.0000,28.2247,28.2269,28.2338,28.2454,28.2619,28.2835,28.3107,28.3438,28.3832,28.4297,28.4837,28.5459,28.6171,28.6980,28.7894,28.8919,29.0063,29.1333,29.2734,29.4272,29.5948,2.5500,2.5500,2.5500,2.5500,2.5500,2.5500,2.5500,2.5500,2.5500,2.5500,2.5500,2.5500,2.5499,2.5497,2.5483,2.5433,2.5275,2.4860,2.3943,2.2217,1.9387
479.0000,28.2262,28.2285,28.2354,28.2470,28.2636,28.2853,28.3125,28.3457,28.3853,28.4319,28.4861,28.5485,28.6198,28.7009,28.7924,28.8951,29.0097,29.1369,29.2771,29.4309,29.5987,2.5500,2.5500,2.5500,2.5500,2.5500,2.5500,2.5500,2.5500,2.5500,2.5500,2.5500,2.5500,2.5499,2.5497,2.5483,2.5433,2.5274,2.4857,2.3939,2.2211,1.9382
480.0000,28.2277,28.2300,28.2370,28.2486,28.2652,28.2870,28.3144,28.3477,28.3874,28.4341,28.4884,28.5510,28.6225,28.7038,28.7955,28.8984,29.0131,29.1404,29.2808,29.4347,29.6026,2.5500,2.5500,2.5500,2.5500,2.5500,2.5500,2.5500,2.5500,2.5500,2.5500,2.5500,2.5500,2.5499,2.5496,2.5483,2.5432,2.5272,2.4854,2.3934,2.2206,1.9376
481.0000,28.2293,28.2316,28.2385,28.2503,28.2669,28.2888,28.3162,28.3496,28.3895,28.4364,28.4908,28.5535,28.6253,28.7067,28.7985,28.9016,29.0165,29.1439,29.2845,29.4385,29.6065,2.5500,2.5500,2.5500,2.5500,2.5500,2.5500,2.5500,2.5500,2.5500,2.5500,2.5500,2.5500,2.5499,2.5496,2.5483,2.5432,2.5271,2.4852,2.3930,2.2201,1.9371
482.0000,28.2309,28.2332,28.2401,28.2519,28.2686,28.2906,28.3181,28.3516,28.3916,28.4386,28.4932,28.5561,28.6280,28.7096,28.8016,28.9048,29.0199,29.1475,29.2881,29.4423,29.6106,2.5500,2.5500,2.5500,2.5500,2.5500,2.5500,2.5500,2.5500,2.5500,2.5500,2.5500,2.5500,2.5499,2.5496,2.5483,2.5431,2.5270,2.4849,2.3926,2.2196,1.9366
483.0000,28.2324,28.2347,28.2417,28.2535,28.2703,28.2924,28.3200,28.3536,28.3937,28.4408,28.4956,28.5586,28.6307,28.7125,28.8047,28.9081,29.0233,29.1510,29.2918,29.4461,29.6147,2.5500,2.5500,2.5500,2.5500,2.5500,2.5500,2.5500,2.5500,2.5500,2.5500,2.5500,2.5500,2.5499,2.5496,2.5483,2.5431,2.5269,2.4847,2.3922,2.2190,1.9360
484.0000,28.2340,28.2363,28.2433,28.2552,28.2720,28.2941,28.3218,28.3556,28.3958,28.4431,28.4980,28.5612,28.6334,28.7153,28.8077,28.9113,29.0267,29.1546,29.2955,29.4500,29.6189,2.5500,2.5500,2.5500,2.5500,2.5500,2.5500,2.5500,2.5500,2.5500,2.5500,2.5500,2.5500,2.5499,2.5496,2.5482,2.5430,2.5267,2.4844,2.3918,2.2185,1.9355
485.0000,28.2356,28.2379,28.2449,28.2568,28.2737,28.2959,28.3237,28.3576,28.3979,28.4453,28.5004,28.5638,28.6361,28.7182,28.8108,28.9145,29.0301,29.1581,29.2991,29.4538,29.6231,2.5500,2.5500,2.5500,2.5500,2.5500,2.5500,2.5500,2.5500,2.5500,2.5500,2.5500,2.5500,2.5499,2.5496,2.5482,2.5430,2.5266,2.4842,2.3914,2.2180,1.9349
486.0000,28.2371,28.2395,28.2466,28.2585,28.2755,28.2977,28.3256,28.3596,28.4000,28.4476,28.5028,28.5663,28.6389,28.7211,28.8139,28.9177,29.0335,29.1616,29.3028,29.4577,29.6273,2.5500,2.5500,2.5500,2.5500,2.5500,2.5500,2.5500,2.5500,2.5500,2.5500,2.5500,2.5500,2.5499,2.5496,2.5482,2.5429,2.5265,2.4839,2.3910,2.2174,1.9344
487.0000,28.2387,28.2411,28.2482,28.2602,28.2772,28.2995,28.3275,28.3616,28.4022,28.4498,28.5052,28.5689,28.6416,28.7240,28.8169,28.9210,29.0369,29.1652,29.3065,29.4617,29.6316,2.5500,2.5500,2.5500,2.5500,2.5500,2.5500,2.5500,2.5500,2.5500,2.5500,2.5500,2.5500,2.5499,2.5496,2.5482,2.5428,2.5263,2.4836,2.3906,2.2169,1.9339
488.0000,28.2403,28.2427,28.2498,28.2618,28.2789,28.3013,28.3294,28.3636,28.4043,28.4521,28.5076,28.5715,28.6443,28.7269,28.8200,28.9242,29.0402,29.1687,29.3102,29.4656,29.6359,2.5500,2.5500,2.5500,2.5500,2.5500,2.5500,2.5500,2.5500,2.5500,2.5500,2.5500,2.5500,2.5499,2.5496,2.5482,2.5428,2.5262,2.4834,2.3901,2.2164,1.9333
489.0000,28.2419,28.2443,28.2514,28.2635,28.2806,28.3031,28.3313,28.3656,28.4064,28.4544,28.5100,28.5740,28.6471,28.7299,28.8231,28.9275,29.0436,29.1723,29.3140,29.4696,29.6402,2.5500,2.5500,2.5500,2.5500,2.5500,2.5500,2.5500,2.5500,2.5500,2.5500,2.5500,2.5500,2.5499,2.5496,2.5481,2.5427,2.5261,2.4831,2.3897,2.2159,1.9328
490.0000,28.2435,28.2459,28.2531,28.2652,28.2824,28.3049,28.3332,28.3676,28.4086,28.4566,28.5124,28.5766,28.6498,28.7328,28.8262,28.9307,29.0470,29.1758,29.3177,29.4735,29.6445,2.5500,2.5500,2.5500,2.5500,2.5500,2.5500,2.5500,2.5500,2.5500,2.5500,2.5500,2.5500,2.5499,2.5496,2.5481,2.5427,2.5259,2.4829,2.3893,2.2153,1.9322
491.0000,28.2451,28.2475,28.2547,28.2669,28.2841,28.3068,28.3351,28.3696,28.4107,28.4589,28.5149,28.5792,28.6526,28.7357,28.8292,28.9339,29.0504,29.1794,29.3215,29.4775,29.6488,2.5500,2.5500,2.5500,2.5500,2.5500,2.5500,2.5500,2.5500,2.5500,2.5500,2.5500,2.5500,2.5499,2.5496,2.5481,2.5426,2.5258,2.4826,2.3889,2.2148,1.9317
492.0000,28.2467,28.2491,28.2564,28.2686,28.2859,28.3086,28.3370,28.3716,28.4128,28.4612,28.5173,28.5818,28.6553,28.7386,28.8323,28.9372,29.0538,29.1829,29.3252,29.4816,29.6532,2.5500,2.5500,2.5500,2.5500,2.5500,2.5500,2.5500,2.5500,2.5500,2.5500,2.5500,2.5500,2.5499,2.5496,2.5481,2.5426,2.5257,2.4823,2.3885,2.2143,1.9312
493.0000,28.2484,28.2508,28.2580,28.2703,28.2876,28.3104,28.3390,28.3737,28.4150,28.4635,28.5197,28.5844,28.6581,28.7415,28.8354,28.9404,29.0572,29.1865,29.3290,29.4856,29.6576,2.5500,2.5500,2.5500,2.5500,2.5500,2.5500,2.5500,2.5500,2.5500,2.5500,2.5500,2.5500,2.5499,2.5496,2.5481,2.5425,2.5255,2.4821,2.3881,2.2137,1.9306
494.0000,28.2500,28.2524,28.2597,28.2720,28.2894,28.3123,28.3409,28.3757,28.4172,28.4658,28.5222,28.5870,28.6608,28.7444,28.8385,28.9436,29.0606,29.1901,29.3328,29.4897,29.6620,2.5500,2.5500,2.5500,2.5500,2.5500,2.5500,2.5500,2.5500,2.5500,2.5500,2.5500,2.5500,2.5499,2.5496,2.5480,2.5425,2.5254,2.4818,2.3877,2.2132,1.9301
495.0000,28.2516,28.2540,28.2614,28.2737,28.2912,28.3141,28.3428,28.3777,28.4193,28.4681,28.5246,28.5895,28.6636,28.7473,28.8415,28.9469,29.0640,29.1937,29.3366,29.4937,29.6665,2.5500,2.5500,2.5500,2.5500,2.5500,2.5500,2.5500,2.5500,2.5500,2.5500,2.5500,2.5500,2.5499,2.5496,2.5480,2.5424,2.5253,2.4816,2.3873,2.2127,1.9296
496.0000,28.2533,28.2557,28.2630,28.2754,28.2929,28.3160,28.3448,28.3798,28.4215,28.4704,28.5271,28.5921,28.6663,28.7502,28.8446,28.9501,29.0674,29.1973,29.3404,29.4978,29.6709,2.5500,2.5500,2.5500,2.5500,2.5500,2.5500,2.5500,2.5500,2.5500,2.5500,2.5500,2.5500,2.5499,2.5496,2.5480,2.5423,2.5251,2.4813,2.3869,2.2122,1.9290
497.0000,28.2549,28.2573,28.2647,28.2771,28.2947,28.3178,28.3467,28.3818,28.4237,28.4727,28.5295,28.5947,28.6691,28.7532,28.8477,28.9534,29.0709,29.2009,29.3442,29.5019,29.6754,2.5500,2.5500,2.5500,2.5500,2.5500,2.5500,2.5500,2.5500,2.5500,2.5500,2.5500,2.5500,2.5499,2.5496,2.5480,2.5423,2.5250,2.4810,2.3865,2.2117,1.9285
498.0000,28.2566,28.2590,28.2664,28.2788,28.2965,28.3197,28.3487,28.3839,28.4258,28.4750,28.5320,28.5974,28.6718,28.7561,28.8508,28.9566,29.0743,29.2045,29.3481,29.5061,29.6798,2.5500,2.5500,2.5500,2.5500,2.5500,2.5500,2.5500,2.5500,2.5500,2.5500,2.5500,2.5500,2.5499,2.5496,2.5480,2.5422,2.5249,2.4808,2.3860,2.2111,1.9280
499.0000,28.2582,28.2607,28.2681,28.2806,28.2983,28.3215,28.3506,28.3860,28.4280,28.4773,28.5344,28.6000,28.6746,28.7590,28.8539,28.9599,29.0777,29.2081,29.3519,29.5102,29.6843,2.5500,2.5500,2.5500,2.5500,2.5500,2.5500,2.5500,2.5500,2.5500,2.5500,2.5500,2.5500,2.5499,2.5495,2.5480,2.5422,2.5247,2.4805,2.3856,2.2106,1.9274
500.0000,28.2599,28.2623,28.2698,28.2823,28.3001,28.3234,28.3526,28.3880,28.4302,28.4796,28.5369,28.6026,28.6774,28.7619,28.8570,28.9631,29.0811,29.2117,29.3558,29.5144,29.6889,2.5500,2.5500,2.5500,2.5500,2.5500,2.5500,2.5500,2.5500,2.5500,2.5500,2.5500,2.5500,2.5499,2.5495,2.5479,2.5421,2.5246,2.4803,2.3852,2.2101,1.9269
501.0000,28.2615,28.2640,28.2715,28.2840,28.3019,28.3253,28.3545,28.3901,28.4324,28.4819,28.5393,28.6052,28.6801,28.7649,28.8601,28.9664,29.0846,29.2154,29.3596,29.5185,29.6934,2.5500,2.5500,2.5500,2.5500,2.5500,2.5500,2.5500,2.5500,2.5500,2.5500,2.5500,2.5500,2.5499,2.5495,2.5479,2.5421,2.5244,2.4800,2.3848,2.2096,1.9264
502.0000,28.2632,28.2657,28.2732,28.2858,28.3037,28.3272,28.3565,28.3922,28.4346,28.4843,28.5418,28.6078,28.6829,28.7678,28.8632,28.9697,29.0880,29.2190,29.3635,29.5227,29.6979,2.5500,2.5500,2.5500,2.5500,2.5500,2.5500,2.5500,2.5500,2.5500,2.5500,2.5500,2.5500,2.5499,2.5495,2.5479,2.5420,2.5243,2.4797,2.3844,2.2091,1.9258
503.0000,28.2649,28.2674,28.2749,28.2875,28.3055,28.3290,28.3585,28.3943,28.4368,28.4866,28.5443,28.6104,28.6857,28.7707,28.8663,28.9729,29.0915,29.2227,29.3674,29.5269,29.7025,2.5500,2.5500,2.5500,2.5500,2.5500,2.5500,2.5500,2.5500,2.5500,2.5500,2.5500,2.5500,2.5499,2.5495,2.5479,2.5419,2.5242,2.4795,2.3840,2.2085,1.9253
504.0000,28.2666,28.2691,28.2766,28.2893,28.3073,28.3309,28.3605,28.3963,28.4390,28.4889,28.5468,28.6130,28.6885,28.7737,28.8694,28.9762,29.0949,29.2263,29.3713,29.5311,29.7070,2.5500,2.5500,2.5500,2.5500,2.5500,2.5500,2.5500,2.5500,2.5500,2.5500,2.5500,2.5500,2.5499,2.5495,2.5478,2.5419,2.5240,2.4792,2.3836,2.2080,1.9248
505.0000,28.2683,28.2708,28.2783,28.2911,28.3091,28.3328,28.3625,28.3984,28.4412,28.4913,28.5492,28.6157,28.6913,28.7766,28.8725,28.9795,29.0984,29.2300,29.3753,29.5353,29.7116,2.5500,2.5500,2.5500,2.5500,2.5500,2.5500,2.5500,2.5500,2.5500,2.5500,2.5500,2.5500,2.5499,2.5495,2.5478,2.5418,2.5239,2.4789,2.3832,2.2075,1.9242
506.0000,28.2700,28.2725,28.2801,28.2928,28.3110,28.3347,28.3645,28.4005,28.4434,28.4936,28.5517,28.6183,28.6940,28.7796,28.8756,28.9828,29.1018,29.2337,29.3792,29.5396,29.7162,2.5500,2.5500,2.5500,2.5500,2.5500,2.5500,2.5500,2.5500,2.5500,2.5500,2.5500,2.5500,2.5499,2.5495,2.5478,2.5418,2.5238,2.4787,2.3828,2.2070,1.9237
507.0000,28.2717,28.2742,28.2818,28.2946,28.3128,28.3366,28.3665,28.4026,28.4456,28.4960,28.5542,28.6209,28.6968,28.7825,28.8787,28.9860,29.1053,29.2374,29.3831,29.5438,29.7208,2.5500,2.5500,2.5500,2.5500,2.5500,2.5500,2.5500,2.5500,2.5500,2.5500,2.5500,2.5500,2.5499,2.5495,2.5478,2.5417,2.5236,2.4784,2.3824,2.2065,1.9232
508.0000,28.2734,28.2759,28.2835,28.2964,28.3146,28.3386,28.3685,28.4047,28.4479,28.4983,28.5567,28.6236,28.6996,28.7855,28.8818,28.9893,29.1088,29.2411,29.3871,29.5481,29.7254,2.5500,2.5500,2.5500,2.5500,2.5500,2.5500,2.5500,2.5500,2.5500,2.5500,2.5500,2.5500,2.5499,2.5495,2.5478,2.5416,2.5235,2.4782,2.3820,2.2059,1.9227
509.0000,28.2751,28.2776,28.2853,28.2982,28.3165,28.3405,28.3705,28.4069,28.4501,28.5007,28.5592,28.6262,28.7024,28.7884,28.8849,28.9926,29.1123,29.2448,29.3911,29.5523,29.7300,2.5500,2.5500,2.5500,2.5500,2.5500,2.5500,2.5500,2.5500,2.5500,2.5500,2.5500,2.5500,2.5499,2.5495,2.5477,2.5416,2.5233,2.4779,2.3816,2.2054,1.9221
510.0000,28.2768,28.2793,28.2870,28.3000,28.3183,28.3424,28.3725,28.4090,28.4523,28.5030,28.5617,28.6289,28.7052,28.7914,28.8880,28.9959,29.1158,29.2485,29.3950,29.5566,29.7347,2.5500,2.5500,2.5500,2.5500,2.5500,2.5500,2.5500,2.5500,2.5500,2.5500,2.5500,2.5500,2.5499,2.5495,2.5477,2.5415,2.5232,2.4776,2.3811,2.2049,1.9216
511.0000,28.2785,28.2811,28.2888,28.3018,28.3202,28.3443,28.3745,28.4111,28.4546,28.5054,28.5642,28.6315,28.7080,28.7943,28.8912,28.9992,29.1193,29.2522,29.3990,29.5609,29.7393,2.5500,2.5500,2.5500,2.5500,2.5500,2.5500,2.5500,2.5500,2.5500,2.5500,2.5500,2.5500,2.5499,2.5495,2.5477,2.5415,2.5231,2.4774,2.3807,2.2044,1.9211
512.0000,28.2802,28.2828,28.2905,28.3036,28.3221,28.3463,28.3765,28.4132,28.4568,28.5078,28.5667,28.6342,28.7108,28.7973,28.8943,29.0025,29.1228,29.2559,29.4030,29.5652,29.7440,2.5500,2.5500,2.5500,2.5500,2.5500,2.5500,2.5500,2.5500,2.5500,2.5500,2.5500,2.5500,2.5499,2.5495,2.5477,2.5414,2.5229,2.4771,2.3803,2.2039,1.9206
513.0000,28.2820,28.2846,28.2923,28.3054,28.3239,28.3482,28.3786,28.4153,28.4590,28.5101,28.5692,28.6368,28.7136,28.8003,28.8974,29.0059,29.1263,29.2597,29.4070,29.5695,29.7487,2.5500,2.5500,2.5500,2.5500,2.5500,2.5500,2.5500,2.5500,2.5500,2.5500,2.5500,2.5500,2.5499,2.5495,2.5477,2.5413,2.5228,2.4768,2.3799,2.2034,1.9200
514.0000,28.2837,28.2863,28.2941,28.3072,28.3258,28.3502,28.3806,28.4175,28.4613,28.5125,28.5717,28.6395,28.7164,28.8032,28.9006,29.0092,29.1298,29.2634,29.4110,29.5739,29.7534,2.5500,2.5500,2.5500,2.5500,2.5500,2.5500,2.5500,2.5500,2.5500,2.5500,2.5500,2.5500,2.5499,2.5495,2.5476,2.5413,2.5227,2.4766,2.3795,2.2029,1.9195
515.0000,28.2855,28.2881,28.2959,28.3090,28.3277,28.3521,28.3826,28.4196,28.4635,28.5149,28.5742,28.6421,28.7193,28.8062,28.9037,29.0125,29.1334,29.2672,29.4151,29.5782,29.7580,2.5500,2.5500,2.5500,2.5500,2.5500,2.5500,2.5500,2.5500,2.5500,2.5500,2.5500,2.5500,2.5499,2.5495,2.5476,2.5412,2.5225,2.4763,2.3791,2.2023,1.9190
516.0000,28.2872,28.2898,28.2977,28.3108,28.3296,28.3541,28.3847,28.4218,28.4658,28.5173,28.5768,28.6448,28.7221,28.8092,28.9069,29.0158,29.1369,29.2710,29.4191,29.5825,29.7628,2.5500,2.5500,2.5500,2.5500,2.5500,2.5500,2.5500,2.5500,2.5500,2.5500,2.5500,2.5500,2.5499,2.5494,2.5476,2.5412,2.5224,2.4761,2.3787,2.2018,1.9185
517.0000,28.2890,28.2916,28.2994,28.3127,28.3314,28.3560,28.3867,28.4239,28.4681,28.5197,28.5793,28.6475,28.7249,28.8122,28.9100,29.0192,29.1404,29.2747,29.4231,29.5869,29.7675,2.5500,2.5500,2.5500,2.5500,2.5500,2.5500,2.5500,2.5500,2.5500,2.5500,2.5500,2.5500,2.5499,2.5494,2.5476,2.5411,2.5222,2.4758,2.3783,2.2013,1.9180
518.0000,28.2907,28.2934,28.3012,28.3145,28.3333,28.3580,28.3888,28.4261,28.4703,28.5221,28.5818,28.6502,28.7277,28.8152,28.9132,29.0225,29.1440,29.2785,29.4272,29.5913,29.7722,2.5500,2.5500,2.5500,2.5500,2.5500,2.5500,2.5500,2.5500,2.5500,2.5500,2.5500,2.5500,2.5499,2.5494,2.5476,2.5410,2.5221,2.4755,2.3779,2.2008,1.9174
519.0000,28.2925,28.2951,28.3030,28.3164,28.3352,28.3600,28.3908,28.4282,28.4726,28.5245,28.5843,28.6528,28.7305,28.8182,28.9163,29.0259,29.1475,29.2823,29.4313,29.5956,29.7769,2.5500,2.5500,2.5500,2.5500,2.5500,2.5500,2.5500,2.5500,2.5500,2.5500,2.5500,2.5500,2.5499,2.5494,2.5475,2.5410,2.5220,2.4753,2.3775,2.2003,1.9169
520.0000,28.2943,28.2969,28.3048,28.3182,28.3371,28.3619,28.3929,28.4304,28.4749,28.5269,28.5869,28.6555,28.7334,28.8211,28.9195,29.0292,29.1511,29.2861,29.4353,29.6000,29.7817,2.5500,2.5500,2.5500,2.5500,2.5500,2.5500,2.5500,2.5500,2.5500,2.5500,2.5500,2.5500,2.5499,2.5494,2.5475,2.5409,2.5218,2.4750,2.3771,2.1998,1.9164
521.0000,28.2961,28.2987,28.3067,28.3201,28.3391,28.3639,28.3950,28.4326,28.4772,28.5293,28.5894,28.6582,28.7362,28.8241,28.9227,29.0326,29.1547,29.2899,29.4394,29.6044,29.7864,2.5500,2.5500,2.5500,2.5500,2.5500,2.5500,2.5500,2.5500,2.5500,2.5500,2.5500,2.5500,2.5499,2.5494,2.5475,2.5408,2.5217,2.4747,2.3767,2.1993,1.9159
522.0000,28.2978,28.3005,28.3085,28.3219,28.3410,28.3659,28.3970,28.4347,28.4795,28.5317,28.5920,28.6609,28.7391,28.8271,28.9259,29.0359,29.1583,29.2937,29.4435,29.6088,29.7912,2.5500,2.5500,2.5500,2.5500,2.5500,2.5500,2.5500,2.5500,2.5500,2.5500,2.5500,2.5500,2.5499,2.5494,2.5475,2.5408,2.5215,2.4745,2.3763,2.1988,1.9154
523.0000,28.2996,28.3023,28.3103,28.3238,28.3429,28.3679,28.3991,28.4369,28.4818,28.5341,28.5945,28.6636,28.7419,28.8302,28.9290,29.0393,29.1618,29.2976,29.4476,29.6133,29.7960,2.5500,2.5500,2.5500,2.5500,2.5500,2.5500,2.5500,2.5500,2.5500,2.5500,2.5500,2.5500,2.5499,2.5494,2.5474,2.5407,2.5214,2.4742,2.3759,2.1983,1.9149
524.0000,28.3014,28.3041,28.3121,28.3256,28.3448,28.3699,28.4012,28.4391,28.4840,28.5365,28.5971,28.6663,28.7447,28.8332,28.9322,29.0427,29.1654,29.3014,29.4517,29.6177,29.8007,2.5500,2.5500,2.5500,2.5500,2.5500,2.5500,2.5500,2.5500,2.5500,2.5500,2.5500,2.5500,2.5499,2.5494,2.5474,2.5407,2.5212,2.4739,2.3755,2.1978,1.9143
525.0000,28.3032,28.3059,28.3140,28.3275,28.3467,28.3719,28.4033,28.4413,28.4863,28.5389,28.5996,28.6690,28.7476,28.8362,28.9354,29.0461,29.1690,29.3053,29.4559,29.6221,29.8055,2.5500,2.5500,2.5500,2.5500,2.5500,2.5500,2.5500,2.5500,2.5500,2.5500,2.5500,2.5500,2.5499,2.5494,2.5474,2.5406,2.5211,2.4737,2.3751,2.1973,1.9138
526.0000,28.3050,28.3077,28.3158,28.3294,28.3487,28.3739,28.4054,28.4435,28.4886,28.5414,28.6022,28.6717,28.7505,28.8392,28.9386,29.0495,29.1726,29.3091,29.4600,29.6266,29.8103,2.5500,2.5500,2.5500,2.5500,2.5500,2.5500,2.5500,2.5500,2.5500,2.5500,2.5500,2.5500,2.5499,2.5494,2.5474,2.5405,2.5210,2.4734,2.3747,2.1967,1.9133
527.0000,28.3069,28.3095,28.3177,28.3313,28.3506,28.3759,28.4075,28.4457,28.4910,28.5438,28.6048,28.6744,28.7533,28.8422,28.9418,29.0529,29.1763,29.3130,29.4641,29.6310,29.8151,2.5500,2.5500,2.5500,2.5500,2.5500,2.5500,2.5500,2.5500,2.5500,2.5500,2.5500,2.5500,2.5499,2.5494,2.5473,2.5405,2.5208,2.4732,2.3743,2.1962,1.9128
528.0000,28.3087,28.3114,28.3195,28.3332,28.3526,28.3779,28.4096,28.4479,28.4933,28.5462,28.6073,28.6771,28.7562,28.8452,28.9450,29.0563,29.1799,29.3168,29.4683,29.6355,29.8200,2.5500,2.5500,2.5500,2.5500,2.5500,2.5500,2.5500,2.5500,2.5500,2.5500,2.5500,2.5500,2.5499,2.5494,2.5473,2.5404,2.5207,2.4729,2.3739,2.1957,1.9123
529.0000,28.3105,28.3132,28.3214,28.3351,28.3545,28.3800,28.4117,28.4501,28.4956,28.5487,28.6099,28.6798,28.7590,28.8483,28.9482,29.0597,29.1835,29.3207,29.4724,29.6400,29.8248,2.5500,2.5500,2.5500,2.5500,2.5500,2.5500,2.5500,2.5500,2.5500,2.5500,2.5500,2.5500,2.5499,2.5494,2.5473,2.5403,2.5205,2.4726,2.3734,2.1952,1.9118
530.0000,28.3123,28.3150,28.3232,28.3370,28.3565,28.3820,28.4138,28.4523,28.4979,28.5511,28.6125,28.6825,28.7619,28.8513,28.9514,29.0631,29.1871,29.3246,29.4766,29.6445,29.8296,2.5500,2.5500,2.5500,2.5500,2.5500,2.5500,2.5500,2.5500,2.5500,2.5500,2.5500,2.5500,2.5499,2.5494,2.5473,2.5403,2.5204,2.4724,2.3730,2.1947,1.9113
531.0000,28.3142,28.3169,28.3251,28.3389,28.3584,28.3840,28.4159,28.4545,28.5002,28.5536,28.6150,28.6852,28.7648,28.8544,28.9547,29.0665,29.1908,29.3285,29.4808,29.6489,29.8345,2.5500,2.5500,2.5500,2.5500,2.5500,2.5500,2.5500,2.5500,2.5500,2.5500,2.5500,2.5500,2.5499,2.5493,2.5473,2.5402,2.5202,2.4721,2.3726,2.1942,1.9108
532.0000,28.3160,28.3187,28.3270,28.3408,28.3604,28.3861,28.4180,28.4567,28.5026,28.5560,28.6176,28.6880,28.7677,28.8574,28.9579,29.0699,29.1944,29.3324,29.4850,29.6535,29.8393,2.5500,2.5500,2.5500,2.5500,2.5500,2.5500,2.5500,2.5500,2.5500,2.5500,2.5500,2.5500,2.5499,2.5493,2.5472,2.5402,2.5201,2.4718,2.3722,2.1937,1.9102
533.0000,28.3178,28.3206,28.3288,28.3427,28.3624,28.3881,28.4202,28.4590,28.5049,28.5585,28.6202,28.6907,28.7706,28.8605,28.9611,29.0734,29.1981,29.3363,29.4892,29.6580,29.8442,2.5500,2.5500,2.5500,2.5500,2.5500,2.5500,2.5500,2.5500,2.5500,2.5500,2.5500,2.5500,2.5499,2.5493,2.5472,2.5401,2.5200,2.4716,2.3718,2.1932,1.9097
534.0000,28.3197,28.3224,28.3307,28.3446,28.3644,28.3901,28.4223,28.4612,28.5072,28.5609,28.6228,28.6934,28.7735,28.8635,28.9644,29.0768,29.2018,29.3402,29.4934,29.6625,29.8491,2.5500,2.5500,2.5500,2.5500,2.5500,2.5500,2.5500,2.5500,2.5500,2.5500,2.5500,2.5500,2.5499,2.5493,2.5472,2.5400,2.5198,2.4713,2.3714,2.1927,1.9092
535.0000,28.3216,28.3243,28.3326,28.3466,28.3663,28.3922,28.4244,28.4634,28.5096,28.5634,28.6254,28.6962,28.7763,28.8666,28.9676,29.0803,29.2054,29.3441,29.4976,29.6670,29.8539,2.5500,2.5500,2.5500,2.5500,2.5500,2.5500,2.5500,2.5500,2.5500,2.5500,2.5500,2.5500,2.5499,2.5493,2.5472,2.5400,2.5197,2.4710,2.3710,2.1922,1.9087
536.0000,28.3234,28.3262,28.3345,28.3485,28.3683,28.3943,28.4266,28.4657,28.5119,28.5659,28.6280,28.6989,28.7792,28.8696,28.9709,29.0837,29.2091,29.3481,29.5018,29.6715,29.8588,2.5500,2.5500,2.5500,2.5500,2.5500,2.5500,2.5500,2.5500,2.5500,2.5500,2.5500,2.5500,2.5499,2.5493,2.5471,2.5399,2.5195,2.4708,2.3706,2.1917,1.9082
537.0000,28.3253,28.3281,28.3364,28.3504,28.3703,28.3963,28.4287,28.4679,28.5143,28.5683,28.6306,28.7017,28.7821,28.8727,28.9741,29.0872,29.2128,29.3520,29.5060,29.6761,29.8637,2.5500,2.5500,2.5500,2.5500,2.5500,2.5500,2.5500,2.5500,2.5500,2.5500,2.5500,2.5500,2.5499,2.5493,2.5471,2.5398,2.5194,2.4705,2.3702,2.1912,1.9077
538.0000,28.3272,28.3299,28.3383,28.3524,28.3723,28.3984,28.4309,28.4702,28.5166,28.5708,28.6332,28.7044,28.7851,28.8758,28.9774,29.0906,29.2165,29.3560,29.5103,29.6806,29.8686,2.5500,2.5500,2.5500,2.5500,2.5500,2.5500,2.5500,2.5500,2.5500,2.5500,2.5500,2.5500,2.5499,2.5493,2.5471,2.5398,2.5192,2.4702,2.3698,2.1907,1.9072
539.0000,28.3290,28.3318,28.3402,28.3543,28.3743,28.4005,28.4330,28.4724,28.5190,28.5733,28.6358,28.7072,28.7880,28.8789,28.9806,29.0941,29.2202,29.3599,29.5145,29.6852,29.8735,2.5500,2.5500,2.5500,2.5500,2.5500,2.5500,2.5500,2.5500,2.5500,2.5500,2.5500,2.5500,2.5499,2.5493,2.5471,2.5397,2.5191,2.4700,2.3694,2.1902,1.9067
540.0000,28.3309,28.3337,28.3421,28.3563,28.3763,28.4025,28.4352,28.4747,28.5214,28.5758,28.6385,28.7099,28.7909,28.8820,28.9839,29.0976,29.2239,29.3639,29.5187,29.6898,29.8784,2.5500,2.5500,2.5500,2.5500,2.5500,2.5500,2.5500,2.5500,2.5500,2.5500,2.5500,2.5500,2.5499,2.5493,2.5470,2.5396,2.5189,2.4697,2.3690,2.1897,1.9062
541.0000,28.3328,28.3356,28.3441,28.3582,28.3784,28.4046,28.4374,28.4769,28.5237,28.5783,28.6411,28.7127,28.7938,28.8850,28.9872,29.1011,29.2276,29.3679,29.5230,29.6944,29.8833,2.5500,2.5500,2.5500,2.5500,2.5500,2.5500,2.5500,2.5500,2.5500,2.5500,2.5500,2.5500,2.5498,2.5493,2.5470,2.5396,2.5188,2.4694,2.3686,2.1892,1.9057
542.0000,28.3347,28.3375,28.3460,28.3602,28.3804,28.4067,28.4395,28.4792,28.5261,28.5808,28.6437,28.7155,28.7967,28.8881,28.9905,29.1046,29.2313,29.3718,29.5273,29.6989,29.8882,2.5500,2.5500,2.5500,2.5500,2.5500,2.5500,2.5500,2.5500,2.5500,2.5500,2.5500,2.5500,2.5498,2.5493,2.5470,2.5395,2.5186,2.4692,2.3682,2.1887,1.9052
543.0000,28.3366,28.3394,28.3479,28.3622,28.3824,28.4088,28.4417,28.4815,28.5285,28.5833,28.6463,28.7183,28.7997,28.8912,28.9938,29.1081,29.2351,29.3758,29.5315,29.7035,29.8930,2.5500,2.5500,2.5500,2.5500,2.5500,2.5500,2.5500,2.5500,2.5500,2.5500,2.5500,2.5500,2.5498,2.5493,2.5470,2.5394,2.5185,2.4689,2.3678,2.1882,1.9047
544.0000,28.3385,28.3413,28.3498,28.3642,28.3844,28.4109,28.4439,28.4837,28.5309,28.5858,28.6490,28.7210,28.8026,28.8944,28.9971,29.1116,29.2388,29.3798,29.5358,29.7081,29.8978,2.5500,2.5500,2.5500,2.5500,2.5500,2.5500,2.5500,2.5500,2.5500,2.5500,2.5500,2.5500,2.5498,2.5492,2.5469,2.5394,2.5184,2.4686,2.3674,2.1877,1.9042
545.0000,28.3404,28.3432,28.3518,28.3661,28.3865,28.4130,28.4461,28.4860,28.5333,28.5883,28.6516,28.7238,28.8055,28.8975,29.0004,29.1151,29.2425,29.3838,29.5401,29.7126,29.9026,2.5500,2.5500,2.5500,2.5500,2.5500,2.5500,2.5500,2.5500,2.5500,2.5500,2.5500,2.5500,2.5498,2.5492,2.5469,2.5393,2.5182,2.4684,2.3670,2.1872,1.9037
546.0000,28.3423,28.3452,28.3537,28.3681,28.3885,28.4151,28.4483,28.4883,28.5357,28.5908,28.6543,28.7266,28.8085,28.9006,29.0037,29.1186,29.2463,29.3878,29.5444,29.7172,29.9074,2.5500,2.5500,2.5500,2.5500,2.5500,2.5500,2.5500,2.5500,2.5500,2.5500,2.5500,2.5500,2.5498,2.5492,2.5469,2.5392,2.5181,2.4681,2.3666,2.1867,1.9032
547.0000,28.3442,28.3471,28.3557,28.3701,28.3905,28.4172,28.4504,28.4906,28.5380,28.5933,28.6569,28.7294,28.8114,28.9037,29.0070,29.1221,29.2501,29.3919,29.5487,29.7217,29.9122,2.5500,2.5500,2.5500,2.5500,2.5500,2.5500,2.5500,2.5500,2.5500,2.5500,2.5500,2.5500,2.5498,2.5492,2.5469,2.5392,2.5179,2.4678,2.3662,2.1862,1.9027
548.0000,28.3462,28.3490,28.3576,28.3721,28.3926,28.4193,28.4526,28.4929,28.5404,28.5958,28.6596,28.7322,28.8144,28.9068,29.0103,29.1256,29.2538,29.3959,29.5530,29.7263,29.9170,2.5500,2.5500,2.5500,2.5500,2.5500,2.5500,2.5500,2.5500,2.5500,2.5500,2.5500,2.5500,2.5498,2.5492,2.5468,2.5391,2.5178,2.4676,2.3658,2.1857,1.9022
549.0000,28.3481,28.3510,28.3596,28.3741,28.3946,28.4215,28.4549,28.4952,28.5429,28.5984,28.6622,28.7350,28.8173,28.9100,29.0136,29.1292,29.2576,29.3999,29.5573,29.7309,29.9218,2.5500,2.5500,2.5500,2.5500,2.5500,2.5500,2.5500,2.5500,2.5500,2.5500,2.5500,2.5500,2.5498,2.5492,2.5468,2.5390,2.5176,2.4673,2.3654,2.1852,1.9017
550.0000,28.3500,28.3529,28.3616,28.3761,28.3967,28.4236,28.4571,28.4975,28.5453,28.6009,28.6649,28.7378,28.8203,28.9131,29.0170,29.1327,29.2614,29.4039,29.5616,29.7354,29.9266,2.5500,2.5500,2.5500,2.5500,2.5500,2.5500,2.5500,2.5500,2.5500,2.5500,2.5500,2.5500,2.5498,2.5492,2.5468,2.5390,2.5175,2.4670,2.3650,2.1848,1.9012
551.0000,28.3520,28.3549,28.3635,28.3781,28.3988,28.4257,28.4593,28.4998,28.5477,28.6034,28.6675,28.7406,28.8233,28.9162,29.0203,29.1363,29.2651,29.4080,29.5658,29.7399,29.9313,2.5500,2.5500,2.5500,2.5500,2.5500,2.5500,2.5500,2.5500,2.5500,2.5500,2.5500,2.5500,2.5498,2.5492,2.5467,2.5389,2.5173,2.4668,2.3646,2.1843,1.9007
552.0000,28.3539,28.3568,28.3655,28.3801,28.4008,28.4279,28.4615,28.5021,28.5501,28.6060,28.6702,28.7434,28.8263,28.9194,29.0236,29.1398,29.2689,29.4120,29.5701,29.7445,29.9361,2.5500,2.5500,2.5500,2.5500,2.5500,2.5500,2.5500,2.5500,2.5500,2.5500,2.5500,2.5500,2.5498,2.5492,2.5467,2.5388,2.5172,2.4665,2.3642,2.1838,1.9002
553.0000,28.3559,28.3588,28.3675,28.3822,28.4029,28.4300,28.4637,28.5044,28.5525,28.6085,28.6729,28.7462,28.8292,28.9226,29.0270,29.1434,29.2727,29.4160,29.5744,29.7490,29.9409,2.5500,2.5500,2.5500,2.5500,2.5500,2.5500,2.5500,2.5500,2.5500,2.5500,2.5500,2.5500,2.5498,2.5492,2.5467,2.5387,2.5170,2.4662,2.3638,2.1833,1.8997
554.0000,28.3578,28.3607,28.3695,28.3842,28.4050,28.4321,28.4659,28.5067,28.5549,28.6110,28.6756,28.7491,28.8322,28.9257,29.0303,29.1470,29.2765,29.4201,29.5787,29.7536,29.9456,2.5500,2.5500,2.5500,2.5500,2.5500,2.5500,2.5500,2.5500,2.5500,2.5500,2.5500,2.5500,2.5498,2.5492,2.5467,2.5387,2.5169,2.4660,2.3634,2.1828,1.8992
555.0000,28.3598,28.3627,28.3715,28.3862,28.4071,28.4343,28.4682,28.5091,28.5574,28.6136,28.6782,28.7519,28.8352,28.9289,29.0337,29.1505,29.2803,29.4241,29.5830,29.7581,29.9504,2.5500,2.5500,2.5500,2.5500,2.5500,2.5500,2.5500,2.5500,2.5500,2.5500,2.5500,2.5500,2.5498,2.5492,2.5466,2.5386,2.5167,2.4657,2.3630,2.1823,1.8987
556.0000,28.3618,28.3647,28.3735,28.3882,28.4092,28.4364,28.4704,28.5114,28.5598,28.6162,28.6809,28.7547,28.8382,28.9320,29.0371,29.1541,29.2841,29.4282,29.5873,29.7626,29.9552,2.5500,2.5500,2.5500,2.5500,2.5500,2.5500,2.5500,2.5500,2.5500,2.5500,2.5500,2.5500,2.5498,2.5491,2.5466,2.5385,2.5166,2.4654,2.3626,2.1818,1.8982
557.0000,28.3637,28.3667,28.3755,28.3903,28.4113,28.4386,28.4726,28.5137,28.5623,28.6187,28.6836,28.7576,28.8412,28.9352,29.0404,29.1577,29.2880,29.4322,29.5916,29.7672,29.9599,2.5500,2.5500,2.5500,2.5500,2.5500,2.5500,2.5500,2.5500,2.5500,2.5500,2.5500,2.5500,2.5498,2.5491,2.5466,2.5385,2.5164,2.4652,2.3622,2.1813,1.8977
558.0000,28.3657,28.3687,28.3775,28.3923,28.4134,28.4408,28.4749,28.5161,28.5647,28.6213,28.6863,28.7604,28.8442,28.9384,29.0438,29.1613,29.2918,29.4363,29.5959,29.7717,29.9647,2.5500,2.5500,2.5500,2.5500,2.5500,2.5500,2.5500,2.5500,2.5500,2.5500,2.5500,2.5500,2.5498,2.5491,2.5466,2.5384,2.5163,2.4649,2.3618,2.1808,1.8972
559.0000,28.3677,28.3706,28.3795,28.3944,28.4155,28.4429,28.4771,28.5184,28.5672,28.6239,28.6890,28.7633,28.8472,28.9416,29.0472,29.1649,29.2956,29.4404,29.6002,29.7763,29.9695,2.5500,2.5500,2.5500,2.5500,2.5500,2.5500,2.5500,2.5500,2.5500,2.5500,2.5500,2.5500,2.5498,2.5491,2.5465,2.5383,2.5161,2.4646,2.3614,2.1803,1.8967
560.0000,28.3697,28.3726,28.3815,28.3964,28.4176,28.4451,28.4794,28.5208,28.5696,28.6264,28.6917,28.7661,28.8502,28.9448,29.0506,29.1685,29.2994,29.4444,29.6045,29.7808,29.9742,2.5500,2.5500,2.5500,2.5500,2.5500,2.5500,2.5500,2.5500,2.5500,2.5500,2.5500,2.5500,2.5498,2.5491,2.5465,2.5383,2.5160,2.4644,2.3610,2.1798,1.8962
561.0000,28.3717,28.3746,28.3835,28.3985,28.4197,28.4473,28.4817,28.5231,28.5721,28.6290,28.6944,28.7690,28.8533,28.9480,29.0540,29.1721,29.3032,29.4485,29.6088,29.7853,29.9790,2.5500,2.5500,2.5500,2.5500,2.5500,2.5500,2.5500,2.5500,2.5500,2.5500,2.5500,2.5500,2.5498,2.5491,2.5465,2.5382,2.5158,2.4641,2.3606,2.1794,1.8957
562.0000,28.3737,28.3766,28.3856,28.4006,28.4218,28.4495,28.4839,28.5255,28.5745,28.6316,28.6972,28.7718,28.8563,28.9512,29.0574,29.1757,29.3071,29.4526,29.6131,29.7899,29.9837,2.5500,2.5500,2.5500,2.5500,2.5500,2.5500,2.5500,2.5500,2.5500,2.5500,2.5500,2.5500,2.5498,2.5491,2.5465,2.5381,2.5157,2.4638,2.3602,2.1789,1.8952
563.0000,28.3757,28.3787,28.3876,28.4026,28.4239,28.4517,28.4862,28.5278,28.5770,28.6342,28.6999,28.7747,28.8593,28.9544,29.0608,29.1793,29.3109,29.4566,29.6175,29.7944,29.9885,2.5500,2.5500,2.5500,2.5500,2.5500,2.5500,2.5500,2.5500,2.5500,2.5500,2.5500,2.5500,2.5498,2.5491,2.5464,2.5380,2.5155,2.4636,2.3599,2.1784,1.8947
564.0000,28.3777,28.3807,28.3896,28.4047,28.4260,28.4539,28.4885,28.5302,28.5795,28.6368,28.7026,28.7776,28.8623,28.9576,29.0642,29.1829,29.3148,29.4607,29.6218,29.7990,29.9933,2.5500,2.5500,2.5500,2.5500,2.5500,2.5500,2.5500,2.5500,2.5500,2.5500,2.5500,2.5500,2.5498,2.5491,2.5464,2.5380,2.5154,2.4633,2.3595,2.1779,1.8943
565.0000,28.3797,28.3827,28.3917,28.4068,28.4282,28.4561,28.4907,28.5326,28.5820,28.6394,28.7053,28.7805,28.8654,28.9608,29.0676,29.1865,29.3186,29.4648,29.6261,29.8035,29.9980,2.5500,2.5500,2.5500,2.5500,2.5500,2.5500,2.5500,2.5500,2.5500,2.5500,2.5500,2.5500,2.5498,2.5491,2.5464,2.5379,2.5152,2.4630,2.3591,2.1774,1.8938
566.0000,28.3817,28.3847,28.3937,28.4089,28.4303,28.4583,28.4930,28.5349,28.5844,28.6420,28.7081,28.7833,28.8684,28.9641,29.0710,29.1902,29.3225,29.4689,29.6304,29.8080,30.0028,2.5500,2.5500,2.5500,2.5500,2.5500,2.5500,2.5500,2.5500,2.5500,2.5500,2.5500,2.5500,2.5498,2.5491,2.5463,2.5378,2.5151,2.4628,2.3587,2.1769,1.8933
567.0000,28.3838,28.3868,28.3958,28.4110,28.4325,28.4605,28.4953,28.5373,28.5869,28.6446,28.7108,28.7862,28.8715,28.9673,29.0744,29.1938,29.3263,29.4729,29.6347,29.8126,30.0075,2.5500,2.5500,2.5500,2.5500,2.5500,2.5500,2.5500,2.5500,2.5500,2.5500,2.5500,2.5500,2.5498,2.5490,2.5463,2.5378,2.5149,2.4625,2.3583,2.1764,1.8928
568.0000,28.3858,28.3888,28.3979,28.4131,28.4346,28.4627,28.4976,28.5397,28.5894,28.6472,28.7136,28.7891,28.8745,28.9705,29.0779,29.1974,29.3302,29.4770,29.6390,29.8171,30.0123,2.5500,2.5500,2.5500,2.5500,2.5500,2.5500,2.5500,2.5500,2.5500,2.5500,2.5500,2.5500,2.5498,2.5490,2.5463,2.5377,2.5148,2.4622,2.3579,2.1759,1.8923
569.0000,28.3878,28.3908,28.3999,28.4152,28.4368,28.4649,28.4999,28.5421,28.5919,28.6498,28.7163,28.7920,28.8776,28.9738,29.0813,29.2011,29.3340,29.4811,29.6433,29.8217,30.0171,2.5500,2.5500,2.5500,2.5500,2.5500,2.5500,2.5500,2.5500,2.5500,2.5500,2.5500,2.5500,2.5498,2.5490,2.5463,2.5376,2.5146,2.4620,2.3575,2.1755,1.8918
570.0000,28.3899,28.3929,28.4020,28.4173,28.4389,28.4671,28.5022,28.5445,28.5944,28.6524,28.7191,28.7949,28.8807,28.9770,29.0847,29.2047,29.3379,29.4852,29.6476,29.8262,30.0218,2.5500,2.5500,2.5500,2.5500,2.5500,2.5500,2.5500,2.5500,2.5500,2.5500,2.5500,2.5500,2.5498,2.5490,2.5462,2.5375,2.5145,2.4617,2.3571,2.1750,1.8913
571.0000,28.3919,28.3949,28.4041,28.4194,28.4411,28.4694,28.5045,28.5469,28.5969,28.6551,28.7218,28.7978,28.8837,28.9802,29.0882,29.2084,29.3418,29.4893,29.6520,29.8307,30.0266,2.5500,2.5500,2.5500,2.5500,2.5500,2.5500,2.5500,2.5500,2.5500,2.5500,2.5500,2.5500,2.5498,2.5490,2.5462,2.5375,2.5143,2.4614,2.3567,2.1745,1.8908
572.0000,28.3939,28.3970,28.4061,28.4215,28.4432,28.4716,28.5068,28.5493,28.5994,28.6577,28.7246,28.8007,28.8868,28.9835,29.0916,29.2120,29.3456,29.4934,29.6563,29.8353,30.0313,2.5500,2.5500,2.5500,2.5500,2.5500,2.5500,2.5500,2.5500,2.5500,2.5500,2.5500,2.5500,2.5498,2.5490,2.5462,2.5374,2.5142,2.4611,2.3563,2.1740,1.8903
573.0000,28.3960,28.3990,28.4082,28.4236,28.4454,28.4738,28.5091,28.5517,28.6019,28.6603,28.7274,28.8037,28.8899,28.9868,29.0951,29.2157,29.3495,29.4975,29.6606,29.8398,30.0361,2.5500,2.5500,2.5500,2.5500,2.5500,2.5500,2.5500,2.5500,2.5500,2.5500,2.5500,2.5500,2.5498,2.5490,2.5461,2.5373,2.5140,2.4609,2.3559,2.1735,1.8899
574.0000,28.3981,28.4011,28.4103,28.4258,28.4476,28.4761,28.5115,28.5541,28.6045,28.6630,28.7301,28.8066,28.8930,28.9900,29.0985,29.2193,29.3534,29.5016,29.6649,29.8444,30.0409,2.5500,2.5500,2.5500,2.5500,2.5500,2.5500,2.5500,2.5500,2.5500,2.5500,2.5500,2.5500,2.5498,2.5490,2.5461,2.5373,2.5138,2.4606,2.3555,2.1730,1.8894
575.0000,28.4001,28.4032,28.4124,28.4279,28.4498,28.4783,28.5138,28.5565,28.6070,28.6656,28.7329,28.8095,28.8961,28.9933,29.1020,29.2230,29.3573,29.5057,29.6693,29.8489,30.0456,2.5500,2.5500,2.5500,2.5500,2.5500,2.5500,2.5500,2.5500,2.5500,2.5500,2.5500,2.5500,2.5498,2.5490,2.5461,2.5372,2.5137,2.4603,2.3551,2.1726,1.8889
576.0000,28.4022,28.4053,28.4145,28.4300,28.4520,28.4806,28.5161,28.5590,28.6095,28.6683,28.7357,28.8124,28.8992,28.9966,29.1055,29.2267,29.3612,29.5098,29.6736,29.8535,30.0504,2.5500,2.5500,2.5500,2.5500,2.5500,2.5500,2.5500,2.5500,2.5500,2.5500,2.5500,2.5500,2.5498,2.5490,2.5460,2.5371,2.5135,2.4601,2.3547,2.1721,1.8884
577.0000,28.4043,28.4073,28.4166,28.4322,28.4542,28.4828,28.5185,28.5614,28.6121,28.6709,28.7385,28.8154,28.9023,28.9998,29.1089,29.2304,29.3650,29.5139,29.6779,29.8580,30.0552,2.5500,2.5500,2.5500,2.5500,2.5500,2.5500,2.5500,2.5500,2.5500,2.5500,2.5500,2.5500,2.5498,2.5489,2.5460,2.5370,2.5134,2.4598,2.3543,2.1716,1.8879
578.0000,28.4063,28.4094,28.4187,28.4343,28.4563,28.4851,28.5208,28.5638,28.6146,28.6736,28.7413,28.8183,28.9054,29.0031,29.1124,29.2340,29.3689,29.5180,29.6823,29.8626,30.0599,2.5500,2.5500,2.5500,2.5500,2.5500,2.5500,2.5500,2.5500,2.5500,2.5500,2.5500,2.5500,2.5498,2.5489,2.5460,2.5370,2.5132,2.4595,2.3539,2.1711,1.8874
579.0000,28.4084,28.4115,28.4208,28.4365,28.4585,28.4873,28.5231,28.5663,28.6171,28.6762,28.7441,28.8213,28.9085,29.0064,29.1159,29.2377,29.3728,29.5221,29.6866,29.8671,30.0647,2.5500,2.5500,2.5500,2.5500,2.5500,2.5500,2.5500,2.5500,2.5500,2.5500,2.5500,2.5500,2.5498,2.5489,2.5460,2.5369,2.5131,2.4593,2.3535,2.1706,1.8870
580.0000,28.4105,28.4136,28.4229,28.4386,28.4608,28.4896,28.5255,28.5687,28.6197,28.6789,28.7469,28.8242,28.9116,29.0097,29.1194,29.2414,29.3767,29.5262,29.6909,29.8717,30.0695,2.5500,2.5500,2.5500,2.5500,2.5500,2.5500,2.5500,2.5500,2.5500,2.5500,2.5500,2.5500,2.5498,2.5489,2.5459,2.5368,2.5129,2.4590,2.3531,2.1702,1.8865
581.0000,28.4126,28.4157,28.4251,28.4408,28.4630,28.4919,28.5278,28.5711,28.6222,28.6816,28.7497,28.8272,28.9147,29.0130,29.1229,29.2451,29.3806,29.5304,29.6953,29.8762,30.0743,2.5500,2.5500,2.5500,2.5500,2.5500,2.5500,2.5500,2.5500,2.5500,2.5500,2.5500,2.5500,2.5497,2.5489,2.5459,2.5367,2.5128,2.4587,2.3528,2.1697,1.8860
582.0000,28.4147,28.4178,28.4272,28.4429,28.4652,28.4942,28.5302,28.5736,28.6248,28.6842,28.7525,28.8301,28.9178,29.0163,29.1263,29.2488,29.3845,29.5345,29.6996,29.8808,30.0790,2.5500,2.5500,2.5500,2.5500,2.5500,2.5500,2.5500,2.5500,2.5500,2.5500,2.5500,2.5500,2.5497,2.5489,2.5459,2.5367,2.5126,2.4585,2.3524,2.1692,1.8855
583.0000,28.4168,28.4199,28.4293,28.4451,28.4674,28.4965,28.5326,28.5761,28.6274,28.6869,28.7553,28.8331,28.9210,29.0196,29.1298,29.2525,29.3884,29.5386,29.7039,29.8854,30.0838,2.5500,2.5500,2.5500,2.5500,2.5500,2.5500,2.5500,2.5500,2.5500,2.5500,2.5500,2.5499,2.5497,2.5489,2.5458,2.5366,2.5125,2.4582,2.3520,2.1687,1.8850
584.0000,28.4189,28.4221,28.4315,28.4473,28.4696,28.4987,28.5349,28.5785,28.6299,28.6896,28.7581,28.8361,28.9241,29.0229,29.1333,29.2562,29.3923,29.5427,29.7083,29.8899,30.0886,2.5500,2.5500,2.5500,2.5500,2.5500,2.5500,2.5500,2.5500,2.5500,2.5500,2.5500,2.5499,2.5497,2.5489,2.5458,2.5365,2.5123,2.4579,2.3516,2.1683,1.8846
585.0000,28.4210,28.4242,28.4336,28.4495,28.4719,28.5010,28.5373,28.5810,28.6325,28.6923,28.7610,28.8391,28.9272,29.0262,29.1369,29.2599,29.3963,29.5469,29.7126,29.8945,30.0934,2.5500,2.5500,2.5500,2.5500,2.5500,2.5500,2.5500,2.5500,2.5500,2.5500,2.5500,2.5499,2.5497,2.5489,2.5458,2.5364,2.5121,2.4576,2.3512,2.1678,1.8841
586.0000,28.4232,28.4263,28.4358,28.4516,28.4741,28.5033,28.5397,28.5835,28.6351,28.6950,28.7638,28.8420,28.9304,29.0296,29.1404,29.2636,29.4002,29.5510,29.7170,29.8991,30.0981,2.5500,2.5500,2.5500,2.5500,2.5500,2.5500,2.5500,2.5500,2.5500,2.5500,2.5500,2.5499,2.5497,2.5489,2.5457,2.5364,2.5120,2.4574,2.3508,2.1673,1.8836
587.0000,28.4253,28.4284,28.4379,28.4538,28.4763,28.5056,28.5421,28.5859,28.6377,28.6977,28.7666,28.8450,28.9335,29.0329,29.1439,29.2673,29.4041,29.5551,29.7213,29.9036,30.1029,2.5500,2.5500,2.5500,2.5500,2.5500,2.5500,2.5500,2.5500,2.5500,2.5500,2.5500,2.5499,2.5497,2.5488,2.5457,2.5363,2.5118,2.4571,2.3504,2.1668,1.8831
588.0000,28.4274,28.4306,28.4401,28.4560,28.4786,28.5080,28.5444,28.5884,28.6402,28.7004,28.7695,28.8480,28.9367,29.0362,29.1474,29.2710,29.4080,29.5593,29.7257,29.9082,30.1077,2.5500,2.5500,2.5500,2.5500,2.5500,2.5500,2.5500,2.5500,2.5500,2.5500,2.5500,2.5499,2.5497,2.5488,2.5457,2.5362,2.5117,2.4568,2.3500,2.1663,1.8826
589.0000,28.4295,28.4327,28.4422,28.4582,28.4808,28.5103,28.5468,28.5909,28.6428,28.7031,28.7723,28.8510,28.9398,29.0396,29.1509,29.2748,29.4120,29.5634,29.7300,29.9128,30.1125,2.5500,2.5500,2.5500,2.5500,2.5500,2.5500,2.5500,2.5500,2.5500,2.5500,2.5500,2.5499,2.5497,2.5488,2.5457,2.5361,2.5115,2.4566,2.3496,2.1659,1.8822
590.0000,28.4317,28.4349,28.4444,28.4604,28.4831,28.5126,28.5492,28.5934,28.6454,28.7058,28.7752,28.8540,28.9430,29.0429,29.1544,29.2785,29.4159,29.5675,29.7344,29.9173,30.1173,2.5500,2.5500,2.5500,2.5500,2.5500,2.5500,2.5500,2.5500,2.5500,2.5500,2.5500,2.5499,2.5497,2.5488,2.5456,2.5361,2.5114,2.4563,2.3492,2.1654,1.8817
591.0000,28.4338,28.4370,28.4466,28.4626,28.4853,28.5149,28.5516,28.5959,28.6480,28.7086,28.7780,28.8570,28.9462,29.0462,29.1580,29.2822,29.4198,29.5717,29.7387,29.9219,30.1221,2.5500,2.5500,2.5500,2.5500,2.5500,2.5500,2.5500,2.5500,2.5500,2.5500,2.5500,2.5499,2.5497,2.5488,2.5456,2.5360,2.5112,2.4560,2.3488,2.1649,1.8812
592.0000,28.4360,28.4392,28.4487,28.4648,28.4876,28.5172,28.5540,28.5984,28.6506,28.7113,28.7809,28.8600,28.9493,29.0496,29.1615,29.2859,29.4238,29.5758,29.7431,29.9265,30.1269,2.5500,2.5500,2.5500,2.5500,2.5500,2.5500,2.5500,2.5500,2.5500,2.5500,2.5500,2.5499,2.5497,2.5488,2.5456,2.5359,2.5110,2.4558,2.3484,2.1645,1.8807
593.0000,28.4381,28.4413,28.4509,28.4671,28.4899,28.5196,28.5565,28.6009,28.6532,28.7140,28.7838,28.8630,28.9525,29.0529,29.1650,29.2897,29.4277,29.5800,29.7475,29.9311,30.1316,2.5500,2.5500,2.5500,2.5500,2.5500,2.5500,2.5500,2.5500,2.5500,2.5500,2.5500,2.5499,2.5497,2.5488,2.5455,2.5358,2.5109,2.4555,2.3481,2.1640,1.8803
594.0000,28.4403,28.4435,28.4531,28.4693,28.4921,28.5219,28.5589,28.6034,28.6559,28.7168,28.7866,28.8661,28.9557,29.0563,29.1686,29.2934,29.4316,29.5841,29.7518,29.9356,30.1364,2.5500,2.5500,2.5500,2.5500,2.5500,2.5500,2.5500,2.5500,2.5500,2.5500,2.5500,2.5499,2.5497,2.5488,2.5455,2.5357,2.5107,2.4552,2.3477,2.1635,1.8798
595.0000,28.4424,28.4457,28.4553,28.4715,28.4944,28.5242,28.5613,28.6059,28.6585,28.7195,28.7895,28.8691,28.9589,29.0596,29.1721,29.2972,29.4356,29.5883,29.7562,29.9402,30.1412,2.5500,2.5500,2.5500,2.5500,2.5500,2.5500,2.5500,2.5500,2.5500,2.5500,2.5500,2.5499,2.5497,2.5488,2.5455,2.5357,2.5106,2.4550,2.3473,2.1630,1.8793
596.0000,28.4446,28.4478,28.4575,28.4737,28.4967,28.5266,28.5637,28.6084,28.6611,28.7222,28.7924,28.8721,28.9621,29.0630,29.1757,29.3009,29.4395,29.5925,29.7606,29.9448,30.1460,2.5500,2.5500,2.5500,2.5500,2.5500,2.5500,2.5500,2.5500,2.5500,2.5500,2.5500,2.5499,2.5497,2.5487,2.5454,2.5356,2.5104,2.4547,2.3469,2.1626,1.8788
597.0000,28.4468,28.4500,28.4597,28.4760,28.4990,28.5289,28.5661,28.6109,28.6637,28.7250,28.7953,28.8751,28.9653,29.0664,29.1792,29.3046,29.4435,29.5966,29.7649,29.9494,30.1508,2.5500,2.5500,2.5500,2.5500,2.5500,2.5500,2.5500,2.5500,2.5500,2.5500,2.5500,2.5499,2.5497,2.5487,2.5454,2.5355,2.5103,2.4544,2.3465,2.1621,1.8784
598.0000,28.4490,28.4522,28.4619,28.4782,28.5013,28.5313,28.5686,28.6135,28.6664,28.7277,28.7982,28.8782,28.9685,29.0698,29.1828,29.3084,29.4474,29.6008,29.7693,29.9540,30.1556,2.5500,2.5500,2.5500,2.5500,2.5500,2.5500,2.5500,2.5500,2.5500,2.5500,2.5500,2.5499,2.5497,2.5487,2.5454,2.5354,2.5101,2.4541,2.3461,2.1616,1.8779
599.0000,28.4511,28.4544,28.4641,28.4805,28.5036,28.5337,28.5710,28.6160,28.6690,28.7305,28.8010,28.8812,28.9717,29.0731,29.1864,29.3122,29.4514,29.6049,29.7737,29.9586,30.1604,2.5500,2.5500,2.5500,2.5500,2.5500,2.5500,2.5500,2.5500,2.5500,2.5500,2.5500,2.5499,2.5497,2.5487,2.5453,2.5354,2.5099,2.4539,2.3457,2.1611,1.8774
600.0000,28.4533,28.4566,28.4663,28.4827,28.5059,28.5360,28.5735,28.6185,28.6716,28.7333,28.8039,28.8843,28.9749,29.0765,29.1899,29.3159,29.4554,29.6091,29.7781,29.9631,30.1652,2.5500,2.5500,2.5500,2.5500,2.5500,2.5500,2.5500,2.5500,2.5500,2.5500,2.5500,2.5499,2.5497,2.5487,2.5453,2.5353,2.5098,2.4536,2.3453,2.1607,1.8770
601.0000,28.4555,28.4588,28.4686,28.4850,28.5082,28.5384,28.5759,28.6211,28.6743,28.7360,28.8068,28.8873,28.9781,29.0799,29.1935,29.3197,29.4593,29.6133,29.7825,29.9677,30.1701,2.5500,2.5500,2.5500,2.5500,2.5500,2.5500,2.5500,2.5500,2.5500,2.5500,2.5500,2.5499,2.5497,2.5487,2.5453,2.5352,2.5096,2.4533,2.3449,2.1602,1.8765
602.0000,28.4577,28.4610,28.4708,28.4872,28.5105,28.5408,28.5784,28.6236,28.6769,28.7388,28.8098,28.8904,28.9813,29.0833,29.1971,29.3234,29.4633,29.6175,29.7868,29.9723,30.1750,2.5500,2.5500,2.5500,2.5500,2.5500,2.5500,2.5500,2.5500,2.5500,2.5500,2.5500,2.5499,2.5497,2.5487,2.5452,2.5351,2.5095,2.4531,2.3445,2.1597,1.8760
603.0000,28.4599,28.4632,28.4730,28.4895,28.5128,28.5432,28.5808,28.6262,28.6796,28.7416,28.8127,28.8934,28.9845,29.0867,29.2006,29.3272,29.4673,29.6216,29.7912,29.9770,30.1800,2.5500,2.5500,2.5500,2.5500,2.5500,2.5500,2.5500,2.5500,2.5500,2.5500,2.5500,2.5499,2.5497,2.5487,2.5452,2.5350,2.5093,2.4528,2.3442,2.1593,1.8756
604.0000,28.4621,28.4654,28.4753,28.4918,28.5151,28.5455,28.5833,28.6287,28.6823,28.7444,28.8156,28.8965,28.9878,29.0901,29.2042,29.3310,29.4712,29.6258,29.7956,29.9816,30.1850,2.5500,2.5500,2.5500,2.5500,2.5500,2.5500,2.5500,2.5500,2.5500,2.5500,2.5500,2.5499,2.5497,2.5487,2.5452,2.5350,2.5091,2.4525,2.3438,2.1588,1.8751
605.0000,28.4643,28.4676,28.4775,28.4941,28.5175,28.5479,28.5858,28.6313,28.6849,28.7472,28.8185,28.8996,28.9910,29.0935,29.2078,29.3348,29.4752,29.6300,29.8000,29.9863,30.1901,2.5500,2.5500,2.5500,2.5500,2.5500,2.5500,2.5500,2.5500,2.5500,2.5500,2.5500,2.5499,2.5497,2.5486,2.5451,2.5349,2.5090,2.4522,2.3434,2.1583,1.8746
606.0000,28.4666,28.4698,28.4797,28.4963,28.5198,28.5503,28.5882,28.6339,28.6876,28.7500,28.8214,28.9026,28.9942,29.0969,29.2114,29.3385,29.4792,29.6342,29.8044,29.9910,30.1951,2.5500,2.5500,2.5500,2.5500,2.5500,2.5500,2.5500,2.5500,2.5500,2.5500,2.5500,2.5499,2.5497,2.5486,2.5451,2.5348,2.5088,2.4520,2.3430,2.1579,1.8741
607.0000,28.4688,28.4721,28.4820,28.4986,28.5221,28.5527,28.5907,28.6364,28.6903,28.7528,28.8244,28.9057,28.9975,29.1003,29.2150,29.3423,29.4832,29.6384,29.8089,29.9957,30.2002,2.5500,2.5500,2.5500,2.5500,2.5500,2.5500,2.5500,2.5500,2.5500,2.5500,2.5500,2.5499,2.5497,2.5486,2.5451,2.5347,2.5087,2.4517,2.3426,2.1574,1.8737
608.0000,28.4710,28.4743,28.4842,28.5009,28.5245,28.5551,28.5932,28.6390,28.6930,28.7556,28.8273,28.9088,29.0007,29.1037,29.2186,29.3461,29.4872,29.6426,29.8133,30.0004,30.2053,2.5500,2.5500,2.5500,2.5500,2.5500,2.5500,2.5500,2.5500,2.5500,2.5500,2.5500,2.5499,2.5497,2.5486,2.5450,2.5346,2.5085,2.4514,2.3422,2.1569,1.8732
609.0000,28.4732,28.4765,28.4865,28.5032,28.5268,28.5575,28.5957,28.6416,28.6957,28.7584,28.8302,28.9119,29.0039,29.1071,29.2222,29.3499,29.4911,29.6468,29.8177,30.0052,30.2105,2.5500,2.5500,2.5500,2.5500,2.5500,2.5500,2.5500,2.5500,2.5500,2.5500,2.5500,2.5499,2.5497,2.5486,2.5450,2.5346,2.5084,2.4512,2.3418,2.1565,1.8727
610.0000,28.4755,28.4788,28.4888,28.5055,28.5292,28.5600,28.5982,28.6442,28.6983,28.7612,28.8332,28.9150,29.0072,29.1105,29.2258,29.3537,29.4951,29.6510,29.8222,30.0099,30.2156,2.5500,2.5500,2.5500,2.5500,2.5500,2.5500,2.5500,2.5500,2.5500,2.5500,2.5500,2.5499,2.5497,2.5486,2.5450,2.5345,2.5082,2.4509,2.3414,2.1560,1.8723
611.0000,28.4777,28.4810,28.4910,28.5078,28.5315,28.5624,28.6007,28.6468,28.7010,28.7640,28.8361,28.9181,29.0105,29.1140,29.2294,29.3575,29.4991,29.6552,29.8267,30.0147,30.2208,2.5500,2.5500,2.5500,2.5500,2.5500,2.5500,2.5500,2.5500,2.5500,2.5500,2.5500,2.5499,2.5496,2.5486,2.5449,2.5344,2.5080,2.4506,2.3411,2.1555,1.8718
612.0000,28.4800,28.4833,28.4933,28.5101,28.5339,28.5648,28.6032,28.6494,28.7037,28.7668,28.8391,28.9212,29.0137,29.1174,29.2330,29.3613,29.5031,29.6594,29.8312,30.0195,30.2259,2.5500,2.5500,2.5500,2.5500,2.5500,2.5500,2.5500,2.5500,2.5500,2.5500,2.5500,2.5499,2.5496,2.5486,2.5449,2.5343,2.5079,2.4504,2.3407,2.1551,1.8714
613.0000,28.4822,28.4855,28.4956,28.5124,28.5362,28.5672,28.6057,28.6520,28.7064,28.7696,28.8420,28.9243,29.0170,29.1208,29.2366,29.3651,29.5072,29.6637,29.8356,30.0243,30.2311,2.5500,2.5500,2.5500,2.5500,2.5500,2.5500,2.5500,2.5500,2.5500,2.5500,2.5500,2.5499,2.5496,2.5485,2.5449,2.5342,2.5077,2.4501,2.3403,2.1546,1.8709
614.0000,28.4845,28.4878,28.4979,28.5147,28.5386,28.5697,28.6082,28.6546,28.7092,28.7725,28.8450,28.9274,29.0202,29.1243,29.2402,29.3689,29.5112,29.6679,29.8402,30.0291,30.2363,2.5500,2.5500,2.5500,2.5500,2.5500,2.5500,2.5500,2.5500,2.5500,2.5500,2.5500,2.5499,2.5496,2.5485,2.5448,2.5342,2.5075,2.4498,2.3399,2.1541,1.8704
615.0000,28.4867,28.4901,28.5002,28.5171,28.5410,28.5721,28.6107,28.6572,28.7119,28.7753,28.8480,28.9305,29.0235,29.1277,29.2439,29.3727,29.5152,29.6722,29.8447,30.0340,30.2416,2.5500,2.5500,2.5500,2.5500,2.5500,2.5500,2.5500,2.5500,2.5500,2.5500,2.5500,2.5499,2.5496,2.5485,2.5448,2.5341,2.5074,2.4495,2.3395,2.1537,1.8700
616.0000,28.4890,28.4923,28.5024,28.5194,28.5434,28.5745,28.6132,28.6598,28.7146,28.7781,28.8509,28.9336,29.0268,29.1312,29.2475,29.3766,29.5192,29.6764,29.8492,30.0388,30.2468,2.5500,2.5500,2.5500,2.5500,2.5500,2.5500,2.5500,2.5500,2.5500,2.5500,2.5500,2.5499,2.5496,2.5485,2.5448,2.5340,2.5072,2.4493,2.3391,2.1532,1.8695
617.0000,28.4913,28.4946,28.5047,28.5217,28.5457,28.5770,28.6158,28.6624,28.7173,28.7810,28.8539,28.9367,29.0301,29.1346,29.2511,29.3804,29.5233,29.6807,29.8537,30.0437,30.2521,2.5500,2.5500,2.5500,2.5500,2.5500,2.5500,2.5500,2.5500,2.5500,2.5500,2.5500,2.5499,2.5496,2.5485,2.5447,2.5339,2.5071,2.4490,2.3387,2.1528,1.8690
618.0000,28.4935,28.4969,28.5070,28.5241,28.5481,28.5794,28.6183,28.6650,28.7200,28.7838,28.8569,28.9399,29.0334,29.1381,29.2548,29.3842,29.5273,29.6850,29.8583,30.0486,30.2573,2.5500,2.5500,2.5500,2.5500,2.5500,2.5500,2.5500,2.5500,2.5500,2.5500,2.5500,2.5499,2.5496,2.5485,2.5447,2.5338,2.5069,2.4487,2.3384,2.1523,1.8686
619.0000,28.4958,28.4992,28.5094,28.5264,28.5505,28.5819,28.6208,28.6676,28.7228,28.7867,28.8599,28.9430,29.0366,29.1415,29.2584,29.3881,29.5314,29.6893,29.8629,30.0535,30.2626,2.5500,2.5500,2.5500,2.5500,2.5500,2.5500,2.5500,2.5500,2.5500,2.5500,2.5500,2.5499,2.5496,2.5485,2.5447,2.5338,2.5067,2.4485,2.3380,2.1518,1.8681
620.0000,28.4981,28.5015,28.5117,28.5288,28.5529,28.5844,28.6234,28.6703,28.7255,28.7895,28.8629,28.9461,29.0399,29.1450,29.2620,29.3919,29.5354,29.6936,29.8674,30.0584,30.2679,2.5500,2.5500,2.5500,2.5500,2.5500,2.5500,2.5500,2.5500,2.5500,2.5500,2.5500,2.5499,2.5496,2.5485,2.5446,2.5337,2.5066,2.4482,2.3376,2.1514,1.8677
621.0000,28.5004,28.5038,28.5140,28.5311,28.5553,28.5868,28.6259,28.6729,28.7283,28.7924,28.8659,28.9493,29.0432,29.1485,29.2657,29.3957,29.5395,29.6979,29.8720,30.0633,30.2732,2.5500,2.5500,2.5500,2.5500,2.5500,2.5500,2.5500,2.5500,2.5500,2.5500,2.5500,2.5499,2.5496,2.5484,2.5446,2.5336,2.5064,2.4479,2.3372,2.1509,1.8672
622.0000,28.5027,28.5061,28.5163,28.5335,28.5577,28.5893,28.6285,28.6756,28.7310,28.7953,28.8689,28.9524,29.0465,29.1519,29.2693,29.3996,29.5435,29.7022,29.8766,30.0682,30.2785,2.5500,2.5500,2.5500,2.5500,2.5500,2.5500,2.5500,2.5500,2.5500,2.5500,2.5500,2.5499,2.5496,2.5484,2.5445,2.5335,2.5063,2.4476,2.3368,2.1505,1.8667
623.0000,28.5050,28.5084,28.5186,28.5358,28.5601,28.5918,28.6310,28.6782,28.7338,28.7981,28.8719,28.9556,29.0498,29.1554,29.2730,29.4034,29.5476,29.7065,29.8812,30.0732,30.2839,2.5500,2.5500,2.5500,2.5500,2.5500,2.5500,2.5500,2.5500,2.5500,2.5500,2.5500,2.5499,2.5496,2.5484,2.5445,2.5334,2.5061,2.4474,2.3364,2.1500,1.8663
624.0000,28.5073,28.5107,28.5210,28.5382,28.5626,28.5943,28.6336,28.6809,28.7365,28.8010,28.8749,28.9587,29.0532,29.1589,29.2767,29.4073,29.5517,29.7108,29.8859,30.0781,30.2892,2.5500,2.5500,2.5500,2.5500,2.5500,2.5500,2.5500,2.5500,2.5500,2.5500,2.5500,2.5499,2.5496,2.5484,2.5445,2.5333,2.5059,2.4471,2.3361,2.1495,1.8658
625.0000,28.5096,28.5130,28.5233,28.5406,28.5650,28.5967,28.6361,28.6835,28.7393,28.8039,28.8779,28.9619,29.0565,29.1624,29.2803,29.4112,29.5558,29.7152,29.8905,30.0831,30.2946,2.5500,2.5500,2.5500,2.5500,2.5500,2.5500,2.5500,2.5500,2.5500,2.5500,2.5500,2.5499,2.5496,2.5484,2.5444,2.5333,2.5058,2.4468,2.3357,2.1491,1.8654
626.0000,28.5119,28.5153,28.5256,28.5430,28.5674,28.5992,28.6387,28.6862,28.7420,28.8068,28.8809,28.9650,29.0598,29.1659,29.2840,29.4151,29.5599,29.7195,29.8951,30.0881,30.2999,2.5500,2.5500,2.5500,2.5500,2.5500,2.5500,2.5500,2.5500,2.5500,2.5500,2.5500,2.5499,2.5496,2.5484,2.5444,2.5332,2.5056,2.4466,2.3353,2.1486,1.8649
627.0000,28.5142,28.5176,28.5280,28.5453,28.5698,28.6017,28.6413,28.6888,28.7448,28.8097,28.8839,28.9682,29.0631,29.1694,29.2877,29.4189,29.5640,29.7239,29.8998,30.0931,30.3053,2.5500,2.5500,2.5500,2.5500,2.5500,2.5500,2.5500,2.5500,2.5500,2.5500,2.5500,2.5499,2.5496,2.5484,2.5444,2.5331,2.5054,2.4463,2.3349,2.1482,1.8644
628.0000,28.5165,28.5200,28.5303,28.5477,28.5723,28.6042,28.6439,28.6915,28.7476,28.8126,28.8870,28.9714,29.0664,29.1729,29.2914,29.4228,29.5681,29.7283,29.9045,30.0981,30.3107,2.5500,2.5500,2.5500,2.5500,2.5500,2.5500,2.5500,2.5500,2.5500,2.5500,2.5500,2.5499,2.5496,2.5483,2.5443,2.5330,2.5053,2.4460,2.3345,2.1477,1.8640
629.0000,28.5189,28.5223,28.5327,28.5501,28.5747,28.6067,28.6464,28.6942,28.7504,28.8155,28.8900,28.9746,29.0698,29.1764,29.2951,29.4267,29.5722,29.7326,29.9091,30.1031,30.3161,2.5500,2.5500,2.5500,2.5500,2.5500,2.5500,2.5500,2.5500,2.5500,2.5500,2.5500,2.5499,2.5496,2.5483,2.5443,2.5329,2.5051,2.4457,2.3341,2.1472,1.8635
630.0000,28.5212,28.5246,28.5351,28.5525,28.5772,28.6092,28.6490,28.6969,28.7531,28.8184,28.8930,28.9777,29.0731,29.1799,29.2988,29.4306,29.5764,29.7370,29.9138,30.1081,30.3215,2.5500,2.5500,2.5500,2.5500,2.5500,2.5500,2.5500,2.5500,2.5500,2.5500,2.5500,2.5499,2.5496,2.5483,2.5443,2.5328,2.5049,2.4455,2.3338,2.1468,1.8631
631.0000,28.5235,28.5270,28.5374,28.5549,28.5796,28.6118,28.6516,28.6995,28.7559,28.8213,28.8961,28.9809,29.0765,29.1834,29.3025,29.4345,29.5805,29.7414,29.9185,30.1132,30.3269,2.5500,2.5500,2.5500,2.5500,2.5500,2.5500,2.5500,2.5500,2.5500,2.5500,2.5500,2.5499,2.5496,2.5483,2.5442,2.5328,2.5048,2.4452,2.3334,2.1463,1.8626
632.0000,28.5259,28.5293,28.5398,28.5573,28.5821,28.6143,28.6542,28.7022,28.7587,28.8242,28.8991,28.9841,29.0798,29.1869,29.3062,29.4384,29.5846,29.7458,29.9232,30.1182,30.3324,2.5500,2.5500,2.5500,2.5500,2.5500,2.5500,2.5500,2.5500,2.5500,2.5500,2.5500,2.5499,2.5496,2.5483,2.5442,2.5327,2.5046,2.4449,2.3330,2.1459,1.8622
633.0000,28.5282,28.5317,28.5422,28.5597,28.5845,28.6168,28.6568,28.7049,28.7615,28.8271,28.9022,28.9873,29.0832,29.1904,29.3099,29.4424,29.5888,29.7503,29.9279,30.1233,30.3378,2.5500,2.5500,2.5500,2.5500,2.5500,2.5500,2.5500,2.5500,2.5500,2.5500,2.5500,2.5499,2.5496,2.5483,2.5441,2.5326,2.5045,2.4447,2.3326,2.1454,1.8617
634.0000,28.5306,28.5341,28.5445,28.5621,28.5870,28.6193,28.6594,28.7076,28.7643,28.8300,28.9052,28.9905,29.0865,29.1940,29.3136,29.4463,29.5930,29.7547,29.9327,30.1283,30.3433,2.5500,2.5500,2.5500,2.5500,2.5500,2.5500,2.5500,2.5500,2.5500,2.5500,2.5500,2.5499,2.5496,2.5483,2.5441,2.5325,2.5043,2.4444,2.3322,2.1450,1.8613
635.0000,28.5329,28.5364,28.5469,28.5646,28.5895,28.6219,28.6620,28.7103,28.7671,28.8330,28.9083,28.9937,29.0899,29.1975,29.3173,29.4502,29.5971,29.7591,29.9374,30.1334,30.3487,2.5500,2.5500,2.5500,2.5500,2.5500,2.5500,2.5500,2.5500,2.5500,2.5500,2.5500,2.5499,2.5496,2.5483,2.5441,2.5324,2.5041,2.4441,2.3318,2.1445,1.8608
636.0000,28.5353,28.5388,28.5493,28.5670,28.5919,28.6244,28.6646,28.7130,28.7700,28.8359,28.9113,28.9969,29.0932,29.2010,29.3211,29.4542,29.6013,29.7636,29.9422,30.1385,30.3542,2.5500,2.5500,2.5500,2.5500,2.5500,2.5500,2.5500,2.5500,2.5500,2.5500,2.5500,2.5499,2.5495,2.5482,2.5440,2.5323,2.5040,2.4438,2.3315,2.1441,1.8603
637.0000,28.5376,28.5412,28.5517,28.5694,28.5944,28.6269,28.6673,28.7157,28.7728,28.8388,28.9144,29.0001,29.0966,29.2046,29.3248,29.4581,29.6055,29.7680,29.9469,30.1436,30.3597,2.5500,2.5500,2.5500,2.5500,2.5500,2.5500,2.5500,2.5500,2.5500,2.5500,2.5500,2.5499,2.5495,2.5482,2.5440,2.5322,2.5038,2.4436,2.3311,2.1436,1.8599
638.0000,28.5400,28.5435,28.5541,28.5718,28.5969,28.6295,28.6699,28.7185,28.7756,28.8418,28.9175,29.0033,29.1000,29.2081,29.3285,29.4621,29.6097,29.7725,29.9517,30.1487,30.3652,2.5500,2.5500,2.5500,2.5500,2.5500,2.5500,2.5500,2.5500,2.5500,2.5500,2.5500,2.5499,2.5495,2.5482,2.5440,2.5322,2.5036,2.4433,2.3307,2.1431,1.8594
639.0000,28.5424,28.5459,28.5565,28.5743,28.5994,28.6320,28.6725,28.7212,28.7784,28.8447,28.9206,29.0066,29.1034,29.2117,29.3323,29.4660,29.6139,29.7769,29.9565,30.1538,30.3707,2.5500,2.5500,2.5500,2.5500,2.5500,2.5500,2.5500,2.5500,2.5500,2.5500,2.5500,2.5499,2.5495,2.5482,2.5439,2.5321,2.5035,2.4430,2.3303,2.1427,1.8590
640.0000,28.5448,28.5483,28.5589,28.5767,28.6019,28.6346,28.6752,28.7239,28.7812,28.8477,28.9236,29.0098,29.1068,29.2152,29.3360,29.4700,29.6181,29.7814,29.9612,30.1590,30.3762,2.5500,2.5500,2.5500,2.5500,2.5500,2.5500,2.5500,2.5500,2.5500,2.5500,2.5500,2.5499,2.5495,2.5482,2.5439,2.5320,2.5033,2.4427,2.3299,2.1422,1.8585
641.0000,28.5472,28.5507,28.5613,28.5792,28.6044,28.6372,28.6778,28.7266,28.7841,28.8506,28.9267,29.0130,29.1101,29.2188,29.3398,29.4740,29.6223,29.7859,29.9660,30.1641,30.3817,2.5500,2.5500,2.5500,2.5500,2.5500,2.5500,2.5500,2.5500,2.5500,2.5500,2.5500,2.5499,2.5495,2.5482,2.5438,2.5319,2.5031,2.4425,2.3296,2.1418,1.8581
642.0000,28.5495,28.5531,28.5638,28.5816,28.6069,28.6397,28.6804,28.7294,28.7869,28.8536,28.9298,29.0163,29.1135,29.2224,29.3436,29.4779,29.6265,29.7904,29.9708,30.1692,30.3873,2.5500,2.5500,2.5500,2.5500,2.5500,2.5500,2.5500,2.5500,2.5500,2.5500,2.5500,2.5499,2.5495,2.5482,2.5438,2.5318,2.5030,2.4422,2.3292,2.1413,1.8576
643.0000,28.5519,28.5555,28.5662,28.5841,28.6094,28.6423,28.6831,28.7321,28.7898,28.8565,28.9329,29.0195,29.1169,29.2260,29.3473,29.4819,29.6308,29.7949,29.9756,30.1744,30.3928,2.5500,2.5500,2.5500,2.5500,2.5500,2.5500,2.5500,2.5500,2.5500,2.5500,2.5500,2.5499,2.5495,2.5481,2.5438,2.5317,2.5028,2.4419,2.3288,2.1409,1.8572
644.0000,28.5543,28.5579,28.5686,28.5866,28.6119,28.6449,28.6857,28.7349,28.7926,28.8595,28.9360,29.0227,29.1204,29.2295,29.3511,29.4859,29.6350,29.7994,29.9805,30.1796,30.3983,2.5500,2.5500,2.5500,2.5500,2.5500,2.5500,2.5500,2.5500,2.5500,2.5500,2.5500,2.5499,2.5495,2.5481,2.5437,2.5316,2.5026,2.4417,2.3284,2.1404,1.8567
645.0000,28.5567,28.5603,28.5710,28.5890,28.6144,28.6475,28.6884,28.7376,28.7955,28.8625,28.9391,29.0260,29.1238,29.2331,29.3549,29.4899,29.6392,29.8039,29.9853,30.1848,30.4039,2.5500,2.5500,2.5500,2.5500,2.5500,2.5500,2.5500,2.5500,2.5500,2.5500,2.5500,2.5499,2.5495,2.5481,2.5437,2.5316,2.5025,2.4414,2.3280,2.1400,1.8563
646.0000,28.5592,28.5627,28.5735,28.5915,28.6169,28.6500,28.6911,28.7404,28.7983,28.8654,28.9422,29.0292,29.1272,29.2367,29.3587,29.4939,29.6435,29.8085,29.9901,30.1899,30.4095,2.5500,2.5500,2.5500,2.5500,2.5500,2.5500,2.5500,2.5500,2.5500,2.5500,2.5500,2.5499,2.5495,2.5481,2.5437,2.5315,2.5023,2.4411,2.3277,2.1395,1.8558
647.0000,28.5616,28.5651,28.5759,28.5940,28.6195,28.6526,28.6937,28.7431,28.8012,28.8684,28.9453,29.0325,29.1306,29.2403,29.3625,29.4980,29.6478,29.8130,29.9950,30.1951,30.4150,2.5500,2.5500,2.5500,2.5500,2.5500,2.5500,2.5500,2.5500,2.5500,2.5500,2.5500,2.5499,2.5495,2.5481,2.5436,2.5314,2.5021,2.4408,2.3273,2.1391,1.8554
648.0000,28.5640,28.5676,28.5784,28.5965,28.6220,28.6552,28.6964,28.7459,28.8041,28.8714,28.9485,29.0358,29.1340,29.2439,29.3663,29.5020,29.6520,29.8176,29.9999,30.2003,30.4206,2.5500,2.5500,2.5500,2.5500,2.5500,2.5500,2.5500,2.5500,2.5500,2.5500,2.5500,2.5499,2.5495,2.5481,2.5436,2.5313,2.5020,2.4406,2.3269,2.1386,1.8550
649.0000,28.5664,28.5700,28.5808,28.5989,28.6245,28.6578,28.6991,28.7486,28.8069,28.8744,28.9516,29.0390,29.1375,29.2475,29.3701,29.5060,29.6563,29.8221,30.0047,30.2055,30.4262,2.5500,2.5500,2.5500,2.5500,2.5500,2.5500,2.5500,2.5500,2.5500,2.5500,2.5500,2.5499,2.5495,2.5480,2.5435,2.5312,2.5018,2.4403,2.3265,2.1382,1.8545
650.0000,28.5688,28.5724,28.5833,28.6014,28.6271,28.6604,28.7018,28.7514,28.8098,28.8774,28.9547,29.0423,29.1409,29.2512,29.3739,29.5101,29.6606,29.8267,30.0096,30.2108,30.4318,2.5500,2.5500,2.5500,2.5500,2.5500,2.5500,2.5500,2.5500,2.5500,2.5500,2.5500,2.5499,2.5495,2.5480,2.5435,2.5311,2.5016,2.4400,2.3261,2.1377,1.8541
651.0000,28.5713,28.5749,28.5857,28.6039,28.6296,28.6630,28.7044,28.7542,28.8127,28.8804,28.9578,29.0456,29.1443,29.2548,29.3777,29.5141,29.6649,29.8313,30.0145,30.2160,30.4374,2.5500,2.5500,2.5500,2.5500,2.5500,2.5500,2.5500,2.5500,2.5500,2.5500,2.5500,2.5499,2.5495,2.5480,2.5435,2.5310,2.5015,2.4398,2.3258,2.1373,1.8536
652.0000,28.5737,28.5773,28.5882,28.6064,28.6322,28.6656,28.7071,28.7570,28.8156,28.8834,28.9610,29.0489,29.1478,29.2584,29.3816,29.5182,29.6692,29.8358,30.0194,30.2212,30.4430,2.5500,2.5500,2.5500,2.5500,2.5500,2.5500,2.5500,2.5500,2.5500,2.5500,2.5500,2.5499,2.5495,2.5480,2.5434,2.5309,2.5013,2.4395,2.3254,2.1368,1.8532
653.0000,28.5762,28.5798,28.5907,28.6089,28.6347,28.6683,28.7098,28.7598,28.8185,28.8864,28.9641,29.0522,29.1512,29.2620,29.3854,29.5222,29.6735,29.8404,30.0243,30.2265,30.4487,2.5500,2.5500,2.5500,2.5500,2.5500,2.5500,2.5500,2.5500,2.5500,2.5500,2.5500,2.5499,2.5495,2.5480,2.5434,2.5309,2.5011,2.4392,2.3250,2.1364,1.8527
654.0000,28.5786,28.5822,28.5931,28.6114,28.6373,28.6709,28.7125,28.7626,28.8214,28.8894,28.9673,29.0555,29.1547,29.2657,29.3892,29.5263,29.6778,29.8450,30.0292,30.2317,30.4543,2.5500,2.5500,2.5500,2.5500,2.5500,2.5500,2.5500,2.5500,2.5500,2.5500,2.5500,2.5499,2.5495,2.5480,2.5433,2.5308,2.5010,2.4389,2.3246,2.1359,1.8523
655.0000,28.5810,28.5847,28.5956,28.6140,28.6399,28.6735,28.7152,28.7654,28.8243,28.8924,28.9704,29.0588,29.1582,29.2693,29.3931,29.5304,29.6822,29.8496,30.0341,30.2370,30.4599,2.5500,2.5500,2.5500,2.5500,2.5500,2.5500,2.5500,2.5500,2.5500,2.5500,2.5500,2.5499,2.5495,2.5480,2.5433,2.5307,2.5008,2.4387,2.3242,2.1355,1.8518
656.0000,28.5835,28.5871,28.5981,28.6165,28.6424,28.6762,28.7179,28.7682,28.8272,28.8955,28.9736,29.0621,29.1616,29.2730,29.3969,29.5344,29.6865,29.8543,30.0390,30.2423,30.4656,2.5500,2.5500,2.5500,2.5500,2.5500,2.5500,2.5500,2.5500,2.5500,2.5500,2.5500,2.5499,2.5494,2.5479,2.5433,2.5306,2.5006,2.4384,2.3239,2.1351,1.8514
657.0000,28.5860,28.5896,28.6006,28.6190,28.6450,28.6788,28.7207,28.7710,28.8301,28.8985,28.9767,29.0654,29.1651,29.2766,29.4008,29.5385,29.6908,29.8589,30.0440,30.2476,30.4713,2.5500,2.5500,2.5500,2.5500,2.5500,2.5500,2.5500,2.5500,2.5500,2.5500,2.5500,2.5499,2.5494,2.5479,2.5432,2.5305,2.5005,2.4381,2.3235,2.1346,1.8509
658.0000,28.5884,28.5921,28.6031,28.6215,28.6476,28.6814,28.7234,28.7738,28.8330,28.9015,28.9799,29.0687,29.1686,29.2803,29.4047,29.5426,29.6952,29.8635,30.0489,30.2529,30.4769,2.5500,2.5500,2.5500,2.5500,2.5500,2.5500,2.5500,2.5500,2.5500,2.5500,2.5500,2.5499,2.5494,2.5479,2.5432,2.5304,2.5003,2.4379,2.3231,2.1342,1.8505
659.0000,28.5909,28.5946,28.6056,28.6241,28.6502,28.6841,28.7261,28.7766,28.8359,28.9046,28.9831,29.0720,29.1721,29.2840,29.4085,29.5467,29.6995,29.8682,30.0539,30.2582,30.4826,2.5500,2.5500,2.5500,2.5500,2.5500,2.5500,2.5500,2.5500,2.5500,2.5500,2.5500,2.5499,2.5494,2.5479,2.5431,2.5303,2.5001,2.4376,2.3227,2.1337,1.8501
660.0000,28.5934,28.5971,28.6081,28.6266,28.6527,28.6867,28.7288,28.7794,28.8388,28.9076,28.9862,29.0753,29.1756,29.2876,29.4124,29.5508,29.7039,29.8728,30.0588,30.2635,30.4883,2.5500,2.5500,2.5500,2.5500,2.5500,2.5500,2.5500,2.5500,2.5500,2.5500,2.5500,2.5499,2.5494,2.5479,2.5431,2.5302,2.5000,2.4373,2.3224,2.1333,1.8496
661.0000,28.5959,28.5995,28.6106,28.6292,28.6553,28.6894,28.7316,28.7822,28.8418,28.9107,28.9894,29.0787,29.1791,29.2913,29.4163,29.5549,29.7083,29.8775,30.0638,30.2688,30.4939,2.5500,2.5500,2.5500,2.5500,2.5500,2.5500,2.5500,2.5500,2.5500,2.5500,2.5500,2.5499,2.5494,2.5479,2.5431,2.5301,2.4998,2.4370,2.3220,2.1328,1.8492
662.0000,28.5983,28.6020,28.6131,28.6317,28.6579,28.6920,28.7343,28.7851,28.8447,28.9137,28.9926,29.0820,29.1826,29.2950,29.4202,29.5591,29.7126,29.8821,30.0688,30.2741,30.4994,2.5500,2.5500,2.5500,2.5500,2.5500,2.5500,2.5500,2.5500,2.5500,2.5500,2.5500,2.5499,2.5494,2.5478,2.5430,2.5301,2.4996,2.4368,2.3216,2.1324,1.8487
663.0000,28.6008,28.6045,28.6156,28.6343,28.6605,28.6947,28.7370,28.7879,28.8476,28.9168,28.9958,29.0854,29.1861,29.2987,29.4241,29.5632,29.7170,29.8868,30.0738,30.2794,30.5048,2.5500,2.5500,2.5500,2.5500,2.5500,2.5500,2.5500,2.5500,2.5500,2.5500,2.5500,2.5499,2.5494,2.5478,2.5430,2.5300,2.4995,2.4365,2.3212,2.1319,1.8483
664.0000,28.6033,28.6070,28.6182,28.6368,28.6631,28.6974,28.7398,28.7907,28.8506,28.9198,28.9990,29.0887,29.1896,29.3024,29.4280,29.5673,29.7214,29.8915,30.0788,30.2846,30.5103,2.5500,2.5500,2.5500,2.5500,2.5500,2.5500,2.5500,2.5500,2.5500,2.5500,2.5500,2.5499,2.5494,2.5478,2.5429,2.5299,2.4993,2.4362,2.3209,2.1315,1.8479
665.0000,28.6058,28.6095,28.6207,28.6394,28.6658,28.7001,28.7425,28.7936,28.8535,28.9229,29.0022,29.0921,29.1931,29.3061,29.4319,29.5715,29.7258,29.8962,30.0837,30.2899,30.5157,2.5500,2.5500,2.5500,2.5500,2.5500,2.5500,2.5500,2.5500,2.5500,2.5500,2.5500,2.5499,2.5494,2.5478,2.5429,2.5298,2.4991,2.4359,2.3205,2.1311,1.8474
666.0000,28.6083,28.6120,28.6232,28.6419,28.6684,28.7027,28.7453,28.7964,28.8565,28.9260,29.0054,29.0954,29.1966,29.3098,29.4358,29.5756,29.7302,29.9008,30.0887,30.2951,30.5211,2.5500,2.5500,2.5500,2.5500,2.5500,2.5500,2.5500,2.5500,2.5500,2.5500,2.5500,2.5499,2.5494,2.5478,2.5429,2.5297,2.4989,2.4357,2.3201,2.1306,1.8470
667.0000,28.6108,28.6146,28.6258,28.6445,28.6710,28.7054,28.7481,28.7993,28.8594,28.9291,29.0086,29.0988,29.2002,29.3135,29.4398,29.5798,29.7347,29.9055,30.0937,30.3003,30.5264,2.5500,2.5500,2.5500,2.5500,2.5500,2.5500,2.5500,2.5500,2.5500,2.5500,2.5500,2.5499,2.5494,2.5478,2.5428,2.5296,2.4988,2.4354,2.3197,2.1302,1.8465
668.0000,28.6134,28.6171,28.6283,28.6471,28.6736,28.7081,28.7508,28.8021,28.8624,28.9321,29.0118,29.1021,29.2037,29.3173,29.4437,29.5840,29.7391,29.9102,30.0987,30.3056,30.5318,2.5500,2.5500,2.5500,2.5500,2.5500,2.5500,2.5500,2.5500,2.5500,2.5500,2.5500,2.5499,2.5494,2.5478,2.5428,2.5295,2.4986,2.4351,2.3194,2.1297,1.8461
669.0000,28.6159,28.6196,28.6308,28.6497,28.6763,28.7108,28.7536,28.8050,28.8654,28.9352,29.0151,29.1055,29.2072,29.3210,29.4476,29.5881,29.7435,29.9149,30.1036,30.3107,30.5371,2.5500,2.5500,2.5500,2.5500,2.5500,2.5500,2.5500,2.5500,2.5500,2.5500,2.5500,2.5499,2.5494,2.5477,2.5427,2.5294,2.4984,2.4349,2.3190,2.1293,1.8457
670.0000,28.6184,28.6221,28.6334,28.6523,28.6789,28.7135,28.7564,28.8079,28.8683,28.9383,29.0183,29.1089,29.2108,29.3247,29.4516,29.5923,29.7479,29.9196,30.1086,30.3159,30.5424,2.5500,2.5500,2.5500,2.5500,2.5500,2.5500,2.5500,2.5500,2.5500,2.5500,2.5500,2.5498,2.5494,2.5477,2.5427,2.5293,2.4983,2.4346,2.3186,2.1289,1.8452
671.0000,28.6209,28.6247,28.6360,28.6549,28.6815,28.7162,28.7592,28.8107,28.8713,28.9414,29.0215,29.1123,29.2143,29.3285,29.4556,29.5965,29.7524,29.9244,30.1136,30.3211,30.5477,2.5500,2.5500,2.5500,2.5500,2.5500,2.5500,2.5500,2.5500,2.5500,2.5500,2.5500,2.5498,2.5494,2.5477,2.5426,2.5292,2.4981,2.4343,2.3182,2.1284,1.8448
672.0000,28.6235,28.6272,28.6385,28.6574,28.6842,28.7189,28.7619,28.8136,28.8743,28.9445,29.0248,29.1157,29.2179,29.3322,29.4595,29.6007,29.7568,29.9291,30.1185,30.3262,30.5530,2.5500,2.5500,2.5500,2.5500,2.5500,2.5500,2.5500,2.5500,2.5500,2.5500,2.5500,2.5498,2.5494,2.5477,2.5426,2.5291,2.4979,2.4340,2.3179,2.1280,1.8444
673.0000,28.6260,28.6298,28.6411,28.6600,28.6868,28.7216,28.7647,28.8165,28.8773,28.9476,29.0280,29.1191,29.2215,29.3360,29.4635,29.6049,29.7613,29.9338,30.1235,30.3314,30.5582,2.5500,2.5500,2.5500,2.5500,2.5500,2.5500,2.5500,2.5500,2.5500,2.5500,2.5500,2.5498,2.5494,2.5477,2.5426,2.5291,2.4978,2.4338,2.3175,2.1275,1.8439
674.0000,28.6285,28.6323,28.6436,28.6627,28.6895,28.7243,28.7675,28.8194,28.8803,28.9507,29.0313,29.1225,29.2250,29.3397,29.4674,29.6091,29.7657,29.9385,30.1284,30.3365,30.5635,2.5500,2.5500,2.5500,2.5500,2.5500,2.5500,2.5500,2.5500,2.5500,2.5500,2.5500,2.5498,2.5494,2.5476,2.5425,2.5290,2.4976,2.4335,2.3171,2.1271,1.8435
675.0000,28.6311,28.6349,28.6462,28.6653,28.6921,28.7271,28.7703,28.8223,28.8833,28.9538,29.0345,29.1259,29.2286,29.3435,29.4714,29.6133,29.7702,29.9432,30.1333,30.3416,30.5687,2.5500,2.5500,2.5500,2.5500,2.5500,2.5500,2.5500,2.5500,2.5500,2.5500,2.5500,2.5498,2.5493,2.5476,2.5425,2.5289,2.4974,2.4332,2.3167,2.1267,1.8430
676.0000,28.6336,28.6374,28.6488,28.6679,28.6948,28.7298,28.7731,28.8252,28.8863,28.9570,29.0378,29.1293,29.2322,29.3473,29.4754,29.6175,29.7746,29.9479,30.1383,30.3467,30.5739,2.5500,2.5500,2.5500,2.5500,2.5500,2.5500,2.5500,2.5500,2.5500,2.5500,2.5500,2.5498,2.5493,2.5476,2.5424,2.5288,2.4972,2.4329,2.3164,2.1262,1.8426
677.0000,28.6362,28.6400,28.6514,28.6705,28.6975,28.7325,28.7759,28.8281,28.8893,28.9601,29.0410,29.1327,29.2358,29.3511,29.4794,29.6217,29.7791,29.9526,30.1432,30.3518,30.5792,2.5500,2.5500,2.5500,2.5500,2.5500,2.5500,2.5500,2.5500,2.5500,2.5500,2.5500,2.5498,2.5493,2.5476,2.5424,2.5287,2.4971,2.4327,2.3160,2.1258,1.8422
678.0000,28.6388,28.6426,28.6540,28.6731,28.7001,28.7353,28.7788,28.8310,28.8923,28.9632,29.0443,29.1361,29.2394,29.3549,29.4834,29.6260,29.7836,29.9573,30.1481,30.3569,30.5844,2.5500,2.5500,2.5500,2.5500,2.5500,2.5500,2.5500,2.5500,2.5500,2.5500,2.5500,2.5498,2.5493,2.5476,2.5423,2.5286,2.4969,2.4324,2.3156,2.1253,1.8417
679.0000,28.6413,28.6451,28.6566,28.6758,28.7028,28.7380,28.7816,28.8339,28.8953,28.9664,29.0476,29.1396,29.2430,29.3586,29.4874,29.6302,29.7880,29.9620,30.1530,30.3620,30.5896,2.5500,2.5500,2.5500,2.5500,2.5500,2.5500,2.5500,2.5500,2.5500,2.5500,2.5500,2.5498,2.5493,2.5476,2.5423,2.5285,2.4967,2.4321,2.3152,2.1249,1.8413
680.0000,28.6439,28.6477,28.6592,28.6784,28.7055,28.7407,28.7844,28.8368,28.8983,28.9695,29.0509,29.1430,29.2466,29.3624,29.4914,29.6344,29.7925,29.9667,30.1579,30.3671,30.5948,2.5500,2.5500,2.5500,2.5500,2.5500,2.5500,2.5500,2.5500,2.5500,2.5500,2.5500,2.5498,2.5493,2.5475,2.5423,2.5284,2.4966,2.4319,2.3149,2.1245,1.8409
681.0000,28.6465,28.6503,28.6618,28.6810,28.7082,28.7435,28.7872,28.8397,28.9014,28.9727,29.0541,29.1464,29.2502,29.3662,29.4954,29.6387,29.7970,29.9714,30.1628,30.3721,30.5999,2.5500,2.5500,2.5500,2.5500,2.5500,2.5500,2.5500,2.5500,2.5500,2.5500,2.5500,2.5498,2.5493,2.5475,2.5422,2.5283,2.4964,2.4316,2.3145,2.1240,1.8404
682.0000,28.6490,28.6529,28.6644,28.6837,28.7109,28.7463,28.7901,28.8426,28.9044,28.9758,29.0574,29.1499,29.2538,29.3701,29.4994,29.6429,29.8015,29.9761,30.1677,30.3772,30.6051,2.5500,2.5500,2.5500,2.5500,2.5500,2.5500,2.5500,2.5500,2.5500,2.5500,2.5500,2.5498,2.5493,2.5475,2.5422,2.5282,2.4962,2.4313,2.3141,2.1236,1.8400
683.0000,28.6516,28.6555,28.6670,28.6863,28.7136,28.7490,28.7929,28.8456,28.9074,28.9790,29.0607,29.1533,29.2574,29.3739,29.5035,29.6472,29.8059,29.9808,30.1726,30.3823,30.6103,2.5500,2.5500,2.5500,2.5500,2.5500,2.5500,2.5500,2.5500,2.5500,2.5500,2.5500,2.5498,2.5493,2.5475,2.5421,2.5281,2.4960,2.4310,2.3138,2.1232,1.8396
684.0000,28.6542,28.6581,28.6696,28.6890,28.7163,28.7518,28.7957,28.8485,28.9105,28.9821,29.0640,29.1568,29.2611,29.3777,29.5075,29.6514,29.8104,29.9855,30.1775,30.3873,30.6155,2.5500,2.5500,2.5500,2.5500,2.5500,2.5500,2.5500,2.5500,2.5500,2.5500,2.5500,2.5498,2.5493,2.5475,2.5421,2.5280,2.4959,2.4308,2.3134,2.1227,1.8392
685.0000,28.6568,28.6607,28.6722,28.6916,28.7190,28.7546,28.7986,28.8514,28.9135,28.9853,29.0673,29.1602,29.2647,29.3815,29.5115,29.6557,29.8149,29.9901,30.1824,30.3924,30.6206,2.5500,2.5500,2.5500,2.5500,2.5500,2.5500,2.5500,2.5500,2.5500,2.5500,2.5500,2.5498,2.5493,2.5475,2.5420,2.5279,2.4957,2.4305,2.3130,2.1223,1.8387
686.0000,28.6594,28.6633,28.6749,28.6943,28.7217,28.7573,28.8014,28.8544,28.9166,28.9885,29.0706,29.1637,29.2683,29.3853,29.5156,29.6599,29.8193,29.9948,30.1873,30.3974,30.6258,2.5500,2.5500,2.5500,2.5500,2.5500,2.5500,2.5500,2.5500,2.5500,2.5500,2.5500,2.5498,2.5493,2.5474,2.5420,2.5278,2.4955,2.4302,2.3126,2.1219,1.8383
687.0000,28.6620,28.6659,28.6775,28.6970,28.7244,28.7601,28.8043,28.8573,28.9196,28.9917,29.0740,29.1672,29.2720,29.3892,29.5196,29.6642,29.8238,29.9995,30.1921,30.4024,30.6309,2.5500,2.5500,2.5500,2.5500,2.5500,2.5500,2.5500,2.5500,2.5500,2.5500,2.5500,2.5498,2.5493,2.5474,2.5420,2.5278,2.4954,2.4300,2.3123,2.1214,1.8379
688.0000,28.6646,28.6685,28.6801,28.6996,28.7271,28.7629,28.8072,28.8603,28.9227,28.9948,29.0773,29.1707,29.2756,29.3930,29.5237,29.6684,29.8283,30.0042,30.1970,30.4074,30.6360,2.5500,2.5500,2.5500,2.5500,2.5500,2.5500,2.5500,2.5500,2.5500,2.5500,2.5500,2.5498,2.5493,2.5474,2.5419,2.5277,2.4952,2.4297,2.3119,2.1210,1.8374
689.0000,28.6672,28.6711,28.6828,28.7023,28.7299,28.7657,28.8100,28.8632,28.9258,28.9980,29.0806,29.1741,29.2793,29.3969,29.5277,29.6727,29.8328,30.0089,30.2019,30.4125,30.6412,2.5500,2.5500,2.5500,2.5500,2.5500,2.5500,2.5500,2.5500,2.5500,2.5500,2.5500,2.5498,2.5493,2.5474,2.5419,2.5276,2.4950,2.4294,2.3115,2.1206,1.8370
690.0000,28.6699,28.6737,28.6854,28.7050,28.7326,28.7685,28.8129,28.8662,28.9288,29.0012,29.0839,29.1776,29.2830,29.4007,29.5318,29.6770,29.8373,30.0136,30.2067,30.4175,30.6463,2.5500,2.5500,2.5500,2.5500,2.5500,2.5500,2.5500,2.5500,2.5500,2.5500,2.5500,2.5498,2.5493,2.5474,2.5418,2.5275,2.4948,2.4291,2.3112,2.1201,1.8366
691.0000,28.6725,28.6764,28.6881,28.7077,28.7353,28.7713,28.8158,28.8692,28.9319,29.0044,29.0873,29.1811,29.2866,29.4046,29.5358,29.6812,29.8417,30.0183,30.2116,30.4225,30.6514,2.5500,2.5500,2.5500,2.5500,2.5500,2.5500,2.5500,2.5500,2.5500,2.5500,2.5500,2.5498,2.5492,2.5474,2.5418,2.5274,2.4947,2.4289,2.3108,2.1197,1.8361
692.0000,28.6751,28.6790,28.6907,28.7104,28.7381,28.7741,28.8187,28.8721,28.9350,29.0076,29.0906,29.1846,29.2903,29.4084,29.5399,29.6855,29.8462,30.0229,30.2165,30.4275,30.6565,2.5500,2.5500,2.5500,2.5500,2.5500,2.5500,2.5500,2.5500,2.5500,2.5500,2.5500,2.5498,2.5492,2.5473,2.5417,2.5273,2.4945,2.4286,2.3104,2.1193,1.8357
693.0000,28.6777,28.6816,28.6934,28.7131,28.7408,28.7769,28.8215,28.8751,28.9381,29.0108,29.0940,29.1881,29.2940,29.4123,29.5439,29.6898,29.8507,30.0276,30.2213,30.4325,30.6616,2.5500,2.5500,2.5500,2.5500,2.5500,2.5500,2.5500,2.5500,2.5500,2.5500,2.5500,2.5498,2.5492,2.5473,2.5417,2.5272,2.4943,2.4283,2.3100,2.1188,1.8353
694.0000,28.6804,28.6843,28.6960,28.7158,28.7436,28.7797,28.8244,28.8781,28.9412,29.0140,29.0973,29.1916,29.2977,29.4162,29.5480,29.6940,29.8552,30.0323,30.2262,30.4375,30.6668,2.5500,2.5500,2.5500,2.5500,2.5500,2.5500,2.5500,2.5500,2.5500,2.5500,2.5500,2.5498,2.5492,2.5473,2.5416,2.5271,2.4941,2.4280,2.3097,2.1184,1.8349
695.0000,28.6830,28.6869,28.6987,28.7185,28.7463,28.7825,28.8273,28.8811,28.9443,29.0173,29.1007,29.1952,29.3014,29.4201,29.5521,29.6983,29.8597,30.0370,30.2310,30.4425,30.6719,2.5500,2.5500,2.5500,2.5500,2.5500,2.5500,2.5500,2.5500,2.5500,2.5500,2.5500,2.5498,2.5492,2.5473,2.5416,2.5270,2.4940,2.4278,2.3093,2.1180,1.8344
696.0000,28.6857,28.6896,28.7014,28.7212,28.7491,28.7853,28.8302,28.8841,28.9474,29.0205,29.1041,29.1987,29.3050,29.4239,29.5562,29.7026,29.8641,30.0416,30.2359,30.4475,30.6770,2.5500,2.5500,2.5500,2.5500,2.5500,2.5500,2.5500,2.5500,2.5500,2.5500,2.5500,2.5498,2.5492,2.5473,2.5415,2.5269,2.4938,2.4275,2.3089,2.1175,1.8340
697.0000,28.6883,28.6922,28.7041,28.7239,28.7518,28.7882,28.8331,28.8871,28.9505,29.0237,29.1074,29.2022,29.3087,29.4278,29.5602,29.7069,29.8686,30.0463,30.2407,30.4524,30.6820,2.5500,2.5500,2.5500,2.5500,2.5500,2.5500,2.5500,2.5500,2.5500,2.5500,2.5500,2.5498,2.5492,2.5472,2.5415,2.5268,2.4936,2.4272,2.3086,2.1171,1.8336
698.0000,28.6910,28.6949,28.7068,28.7266,28.7546,28.7910,28.8360,28.8901,28.9536,29.0270,29.1108,29.2057,29.3124,29.4317,29.5643,29.7112,29.8731,30.0510,30.2455,30.4574,30.6871,2.5500,2.5500,2.5500,2.5500,2.5500,2.5500,2.5500,2.5500,2.5500,2.5500,2.5500,2.5498,2.5492,2.5472,2.5415,2.5267,2.4935,2.4270,2.3082,2.1167,1.8332
699.0000,28.6936,28.6976,28.7094,28.7293,28.7574,28.7938,28.8390,28.8931,28.9567,29.0302,29.1142,29.2093,29.3162,29.4356,29.5684,29.7155,29.8776,30.0556,30.2504,30.4624,30.6922,2.5500,2.5500,2.5500,2.5500,2.5500,2.5500,2.5500,2.5500,2.5500,2.5500,2.5500,2.5498,2.5492,2.5472,2.5414,2.5266,2.4933,2.4267,2.3078,2.1162,1.8327
700.0000,28.6963,28.7003,28.7121,28.7321,28.7602,28.7967,28.8419,28.8961,28.9598,29.0334,29.1176,29.2128,29.3199,29.4395,29.5725,29.7197,29.8821,30.0603,30.2552,30.4674,30.6973,2.5500,2.5500,2.5500,2.5500,2.5500,2.5500,2.5500,2.5500,2.5500,2.5500,2.5500,2.5498,2.5492,2.5472,2.5414,2.5265,2.4931,2.4264,2.3075,2.1158,1.8323
701.0000,28.6990,28.7029,28.7148,28.7348,28.7629,28.7995,28.8448,28.8991,28.9629,29.0367,29.1210,29.2164,29.3236,29.4434,29.5766,29.7240,29.8866,30.0650,30.2600,30.4723,30.7024,2.5500,2.5500,2.5500,2.5500,2.5500,2.5500,2.5500,2.5500,2.5500,2.5500,2.5500,2.5498,2.5492,2.5472,2.5413,2.5264,2.4929,2.4261,2.3071,2.1154,1.8319
702.0000,28.7016,28.7056,28.7175,28.7375,28.7657,28.8024,28.8477,28.9022,28.9661,29.0400,29.1244,29.2199,29.3273,29.4473,29.5807,29.7283,29.8910,30.0696,30.2648,30.4773,30.7075,2.5500,2.5500,2.5500,2.5500,2.5500,2.5500,2.5500,2.5500,2.5500,2.5500,2.5500,2.5498,2.5492,2.5471,2.5413,2.5263,2.4928,2.4259,2.3067,2.1150,1.8315
703.0000,28.7043,28.7083,28.7202,28.7403,28.7685,28.8052,28.8507,28.9052,28.9692,29.0432,29.1278,29.2235,29.3310,29.4512,29.5848,29.7326,29.8955,30.0743,30.2697,30.4822,30.7125,2.5500,2.5500,2.5500,2.5500,2.5500,2.5500,2.5500,2.5500,2.5500,2.5500,2.5500,2.5498,2.5492,2.5471,2.5412,2.5262,2.4926,2.4256,2.3064,2.1145,1.8310
704.0000,28.7070,28.7110,28.7230,28.7430,28.7713,28.8081,28.8536,28.9082,28.9724,29.0465,29.1312,29.2270,29.3348,29.4551,29.5889,29.7369,29.9000,30.0790,30.2745,30.4872,30.7176,2.5500,2.5500,2.5500,2.5500,2.5500,2.5500,2.5500,2.5500,2.5500,2.5500,2.5500,2.5498,2.5492,2.5471,2.5412,2.5261,2.4924,2.4253,2.3060,2.1141,1.8306
705.0000,28.7097,28.7137,28.7257,28.7458,28.7741,28.8110,28.8566,28.9113,28.9755,29.0498,29.1346,29.2306,29.3385,29.4590,29.5930,29.7412,29.9045,30.0836,30.2793,30.4922,30.7227,2.5500,2.5500,2.5500,2.5500,2.5500,2.5500,2.5500,2.5500,2.5500,2.5500,2.5500,2.5498,2.5492,2.5471,2.5411,2.5260,2.4922,2.4250,2.3056,2.1137,1.8302
706.0000,28.7124,28.7164,28.7284,28.7485,28.7769,28.8138,28.8595,28.9143,28.9787,29.0530,29.1380,29.2342,29.3422,29.4630,29.5971,29.7455,29.9090,30.0883,30.2841,30.4971,30.7277,2.5500,2.5500,2.5500,2.5500,2.5500,2.5500,2.5500,2.5500,2.5500,2.5500,2.5500,2.5498,2.5491,2.5471,2.5411,2.5259,2.4921,2.4248,2.3053,2.1133,1.8298
707.0000,28.7151,28.7191,28.7311,28.7513,28.7797,28.8167,28.8625,28.9174,28.9818,29.0563,29.1414,29.2377,29.3460,29.4669,29.6012,29.7498,29.9135,30.0929,30.2889,30.5021,30.7328,2.5500,2.5500,2.5500,2.5500,2.5500,2.5500,2.5500,2.5500,2.5500,2.5500,2.5499,2.5498,2.5491,2.5470,2.5410,2.5258,2.4919,2.4245,2.3049,2.1128,1.8294
708.0000,28.7178,28.7218,28.7339,28.7541,28.7826,28.8196,28.8654,28.9204,28.9850,29.0596,29.1448,29.2413,29.3497,29.4708,29.6053,29.7541,29.9179,30.0976,30.2937,30.5070,30.7378,2.5500,2.5500,2.5500,2.5500,2.5500,2.5500,2.5500,2.5500,2.5500,2.5500,2.5499,2.5498,2.5491,2.5470,2.5410,2.5257,2.4917,2.4242,2.3045,2.1124,1.8289
709.0000,28.7205,28.7245,28.7366,28.7568,28.7854,28.8225,28.8684,28.9235,28.9881,29.0629,29.1483,29.2449,29.3535,29.4747,29.6094,29.7584,29.9224,30.1022,30.2985,30.5119,30.7429,2.5500,2.5500,2.5500,2.5500,2.5500,2.5500,2.5500,2.5500,2.5500,2.5500,2.5499,2.5498,2.5491,2.5470,2.5409,2.5256,2.4915,2.4240,2.3042,2.1120,1.8285
710.0000,28.7232,28.7272,28.7393,28.7596,28.7882,28.8254,28.8714,28.9265,28.9913,29.0662,29.1517,29.2485,29.3572,29.4787,29.6136,29.7627,29.9269,30.1069,30.3034,30.5169,30.7479,2.5500,2.5500,2.5500,2.5500,2.5500,2.5500,2.5500,2.5500,2.5500,2.5500,2.5499,2.5498,2.5491,2.5470,2.5409,2.5256,2.4914,2.4237,2.3038,2.1115,1.8281
711.0000,28.7259,28.7300,28.7421,28.7624,28.7910,28.8283,28.8743,28.9296,28.9945,29.0695,29.1552,29.2521,29.3610,29.4826,29.6177,29.7670,29.9314,30.1115,30.3082,30.5218,30.7530,2.5500,2.5500,2.5500,2.5500,2.5500,2.5500,2.5500,2.5500,2.5500,2.5500,2.5499,2.5498,2.5491,2.5470,2.5409,2.5255,2.4912,2.4234,2.3034,2.1111,1.8277
712.0000,28.7287,28.7327,28.7448,28.7652,28.7939,28.8312,28.8773,28.9327,28.9977,29.0728,29.1586,29.2557,29.3648,29.4866,29.6218,29.7713,29.9359,30.1162,30.3130,30.5267,30.7580,2.5500,2.5500,2.5500,2.5500,2.5500,2.5500,2.5500,2.5500,2.5500,2.5500,2.5499,2.5498,2.5491,2.5470,2.5408,2.5254,2.4910,2.4231,2.3031,2.1107,1.8272
713.0000,28.7314,28.7354,28.7476,28.7680,28.7967,28.8341,28.8803,28.9358,29.0009,29.0761,29.1621,29.2593,29.3685,29.4905,29.6259,29.7756,29.9403,30.1208,30.3178,30.5317,30.7631,2.5500,2.5500,2.5500,2.5500,2.5500,2.5500,2.5500,2.5500,2.5500,2.5500,2.5499,2.5498,2.5491,2.5469,2.5408,2.5253,2.4908,2.4229,2.3027,2.1103,1.8268
714.0000,28.7341,28.7382,28.7504,28.7708,28.7996,28.8370,28.8833,28.9388,29.0041,29.0794,29.1655,29.2629,29.3723,29.4944,29.6301,29.7799,29.9448,30.1255,30.3226,30.5366,30.7681,2.5500,2.5500,2.5500,2.5500,2.5500,2.5500,2.5500,2.5500,2.5500,2.5500,2.5499,2.5498,2.5491,2.5469,2.5407,2.5252,2.4907,2.4226,2.3023,2.1099,1.8264
715.0000,28.7369,28.7409,28.7531,28.7736,28.8024,28.8399,28.8863,28.9419,29.0073,29.0828,29.1690,29.2665,29.3761,29.4984,29.6342,29.7842,29.9493,30.1301,30.3273,30.5415,30.7731,2.5500,2.5500,2.5500,2.5500,2.5500,2.5500,2.5500,2.5500,2.5500,2.5500,2.5499,2.5498,2.5491,2.5469,2.5407,2.5251,2.4905,2.4223,2.3020,2.1094,1.8260
716.0000,28.7396,28.7437,28.7559,28.7764,28.8053,28.8428,28.8893,28.9450,29.0105,29.0861,29.1724,29.2701,29.3799,29.5023,29.6383,29.7886,29.9538,30.1348,30.3321,30.5464,30.7782,2.5500,2.5500,2.5500,2.5500,2.5500,2.5500,2.5500,2.5500,2.5500,2.5500,2.5499,2.5498,2.5491,2.5469,2.5406,2.5250,2.4903,2.4220,2.3016,2.1090,1.8256
717.0000,28.7423,28.7464,28.7587,28.7792,28.8081,28.8457,28.8923,28.9481,29.0137,29.0894,29.1759,29.2738,29.3837,29.5063,29.6425,29.7929,29.9583,30.1394,30.3369,30.5514,30.7832,2.5500,2.5500,2.5500,2.5500,2.5500,2.5500,2.5500,2.5500,2.5500,2.5500,2.5499,2.5498,2.5491,2.5469,2.5406,2.5249,2.4901,2.4218,2.3012,2.1086,1.8252
718.0000,28.7451,28.7492,28.7614,28.7820,28.8110,28.8487,28.8953,28.9512,29.0169,29.0927,29.1794,29.2774,29.3874,29.5103,29.6466,29.7972,29.9628,30.1441,30.3417,30.5563,30.7882,2.5500,2.5500,2.5500,2.5500,2.5500,2.5500,2.5500,2.5500,2.5500,2.5500,2.5499,2.5498,2.5491,2.5468,2.5405,2.5248,2.4900,2.4215,2.3009,2.1082,1.8247
719.0000,28.7478,28.7519,28.7642,28.7848,28.8139,28.8516,28.8983,28.9543,29.0201,29.0961,29.1829,29.2810,29.3912,29.5142,29.6507,29.8015,29.9672,30.1487,30.3465,30.5612,30.7933,2.5500,2.5500,2.5500,2.5500,2.5500,2.5500,2.5500,2.5500,2.5500,2.5500,2.5499,2.5498,2.5491,2.5468,2.5405,2.5247,2.4898,2.4212,2.3005,2.1077,1.8243
720.0000,28.7506,28.7547,28.7670,28.7876,28.8167,28.8545,28.9013,28.9574,29.0233,29.0994,29.1863,29.2847,29.3950,29.5182,29.6549,29.8058,29.9717,30.1534,30.3513,30.5661,30.7983,2.5500,2.5500,2.5500,2.5500,2.5500,2.5500,2.5500,2.5500,2.5500,2.5500,2.5499,2.5497,2.5490,2.5468,2.5404,2.5246,2.4896,2.4210,2.3001,2.1073,1.8239
721.0000,28.7534,28.7575,28.7698,28.7905,28.8196,28.8575,28.9043,28.9606,29.0265,29.1028,29.1898,29.2883,29.3988,29.5222,29.6590,29.8101,29.9762,30.1580,30.3561,30.5710,30.8034,2.5500,2.5500,2.5500,2.5500,2.5500,2.5500,2.5500,2.5500,2.5500,2.5500,2.5499,2.5497,2.5490,2.5468,2.5404,2.5245,2.4894,2.4207,2.2998,2.1069,1.8235
722.0000,28.7561,28.7603,28.7726,28.7933,28.8225,28.8604,28.9074,28.9637,29.0298,29.1061,29.1933,29.2919,29.4026,29.5261,29.6632,29.8144,29.9807,30.1626,30.3609,30.5760,30.8085,2.5500,2.5500,2.5500,2.5500,2.5500,2.5500,2.5500,2.5500,2.5500,2.5500,2.5499,2.5497,2.5490,2.5467,2.5403,2.5244,2.4892,2.4204,2.2994,2.1065,1.8231
723.0000,28.7589,28.7630,28.7754,28.7961,28.8254,28.8634,28.9104,28.9668,29.0330,29.1095,29.1968,29.2956,29.4064,29.5301,29.6673,29.8188,29.9852,30.1673,30.3657,30.5809,30.8136,2.5500,2.5500,2.5500,2.5500,2.5500,2.5500,2.5500,2.5500,2.5500,2.5500,2.5499,2.5497,2.5490,2.5467,2.5403,2.5243,2.4891,2.4201,2.2990,2.1061,1.8227
724.0000,28.7617,28.7658,28.7782,28.7990,28.8283,28.8664,28.9135,28.9699,29.0363,29.1129,29.2003,29.2992,29.4103,29.5341,29.6714,29.8231,29.9897,30.1719,30.3704,30.5858,30.8188,2.5500,2.5500,2.5500,2.5500,2.5500,2.5500,2.5500,2.5500,2.5500,2.5500,2.5499,2.5497,2.5490,2.5467,2.5402,2.5242,2.4889,2.4199,2.2987,2.1056,1.8222
725.0000,28.7645,28.7686,28.7810,28.8018,28.8312,28.8693,28.9165,28.9731,29.0395,29.1162,29.2038,29.3029,29.4141,29.5381,29.6756,29.8274,29.9941,30.1766,30.3752,30.5908,30.8240,2.5500,2.5500,2.5500,2.5500,2.5500,2.5500,2.5500,2.5500,2.5500,2.5500,2.5499,2.5497,2.5490,2.5467,2.5402,2.5241,2.4887,2.4196,2.2983,2.1052,1.8218
726.0000,28.7673,28.7714,28.7839,28.8047,28.8341,28.8723,28.9195,28.9762,29.0428,29.1196,29.2073,29.3066,29.4179,29.5421,29.6798,29.8317,29.9986,30.1812,30.3800,30.5958,30.8291,2.5500,2.5500,2.5500,2.5500,2.5500,2.5500,2.5500,2.5500,2.5500,2.5500,2.5499,2.5497,2.5490,2.5467,2.5401,2.5240,2.4885,2.4193,2.2979,2.1048,1.8214
727.0000,28.7701,28.7742,28.7867,28.8076,28.8370,28.8753,28.9226,28.9794,29.0460,29.1230,29.2109,29.3102,29.4217,29.5460,29.6839,29.8360,30.0031,30.1858,30.3848,30.6007,30.8344,2.5500,2.5500,2.5500,2.5500,2.5500,2.5500,2.5500,2.5500,2.5500,2.5500,2.5499,2.5497,2.5490,2.5466,2.5401,2.5239,2.4884,2.4191,2.2976,2.1044,1.8210
728.0000,28.7729,28.7770,28.7895,28.8104,28.8399,28.8782,28.9257,28.9825,29.0493,29.1264,29.2144,29.3139,29.4255,29.5500,29.6881,29.8404,30.0076,30.1905,30.3896,30.6057,30.8396,2.5500,2.5500,2.5500,2.5500,2.5500,2.5500,2.5500,2.5500,2.5500,2.5500,2.5499,2.5497,2.5490,2.5466,2.5400,2.5238,2.4882,2.4188,2.2972,2.1040,1.8206
729.0000,28.7757,28.7798,28.7923,28.8133,28.8428,28.8812,28.9287,28.9857,29.0525,29.1298,29.2179,29.3176,29.4294,29.5540,29.6922,29.8447,30.0121,30.1951,30.3944,30.6107,30.8448,2.5500,2.5500,2.5500,2.5500,2.5500,2.5500,2.5500,2.5500,2.5500,2.5500,2.5499,2.5497,2.5490,2.5466,2.5400,2.5237,2.4880,2.4185,2.2969,2.1035,1.8202
730.0000,28.7785,28.7826,28.7952,28.8162,28.8458,28.8842,28.9318,28.9889,29.0558,29.1332,29.2214,29.3212,29.4332,29.5580,29.6964,29.8490,30.0166,30.1998,30.3992,30.6157,30.8501,2.5500,2.5500,2.5500,2.5500,2.5500,2.5500,2.5500,2.5500,2.5500,2.5500,2.5499,2.5497,2.5490,2.5466,2.5399,2.5236,2.4878,2.4182,2.2965,2.1031,1.8198
731.0000,28.7813,28.7855,28.7980,28.8190,28.8487,28.8872,28.9349,28.9920,29.0591,29.1366,29.2250,29.3249,29.4370,29.5620,29.7005,29.8533,30.0211,30.2044,30.4041,30.6207,30.8553,2.5500,2.5500,2.5500,2.5500,2.5500,2.5500,2.5500,2.5500,2.5500,2.5500,2.5499,2.5497,2.5490,2.5466,2.5399,2.5235,2.4877,2.4180,2.2961,2.1027,1.8194
732.0000,28.7841,28.7883,28.8009,28.8219,28.8516,28.8902,28.9379,28.9952,29.0624,29.1400,29.2285,29.3286,29.4409,29.5660,29.7047,29.8577,30.0256,30.2091,30.4089,30.6258,30.8606,2.5500,2.5500,2.5500,2.5500,2.5500,2.5500,2.5500,2.5500,2.5500,2.5500,2.5499,2.5497,2.5490,2.5465,2.5398,2.5234,2.4875,2.4177,2.2958,2.1023,1.8189
733.0000,28.7869,28.7911,28.8037,28.8248,28.8546,28.8932,28.9410,28.9984,29.0657,29.1434,29.2320,29.3323,29.4447,29.5700,29.7089,29.8620,30.0300,30.2137,30.4137,30.6308,30.8658,2.5500,2.5500,2.5500,2.5500,2.5500,2.5500,2.5500,2.5500,2.5500,2.5500,2.5499,2.5497,2.5489,2.5465,2.5398,2.5233,2.4873,2.4174,2.2954,2.1019,1.8185
734.0000,28.7898,28.7940,28.8066,28.8277,28.8575,28.8962,28.9441,29.0016,29.0689,29.1468,29.2356,29.3360,29.4486,29.5740,29.7130,29.8663,30.0345,30.2184,30.4186,30.6358,30.8711,2.5500,2.5500,2.5500,2.5500,2.5500,2.5500,2.5500,2.5500,2.5500,2.5500,2.5499,2.5497,2.5489,2.5465,2.5397,2.5232,2.4871,2.4171,2.2950,2.1014,1.8181
735.0000,28.7926,28.7968,28.8094,28.8306,28.8605,28.8992,28.9472,29.0047,29.0722,29.1502,29.2391,29.3397,29.4524,29.5780,29.7172,29.8706,30.0390,30.2231,30.4234,30.6409,30.8764,2.5500,2.5500,2.5500,2.5500,2.5500,2.5500,2.5500,2.5500,2.5500,2.5500,2.5499,2.5497,2.5489,2.5465,2.5397,2.5231,2.4869,2.4169,2.2947,2.1010,1.8177
736.0000,28.7954,28.7996,28.8123,28.8335,28.8634,28.9023,28.9503,29.0079,29.0755,29.1536,29.2427,29.3434,29.4563,29.5820,29.7214,29.8750,30.0435,30.2277,30.4283,30.6459,30.8817,2.5500,2.5500,2.5500,2.5500,2.5500,2.5500,2.5500,2.5500,2.5500,2.5500,2.5499,2.5497,2.5489,2.5465,2.5396,2.5230,2.4868,2.4166,2.2943,2.1006,1.8173
737.0000,28.7983,28.8025,28.8152,28.8364,28.8664,28.9053,28.9534,29.0111,29.0788,29.1570,29.2463,29.3471,29.4601,29.5860,29.7256,29.8793,30.0480,30.2324,30.4331,30.6510,30.8870,2.5500,2.5500,2.5500,2.5500,2.5500,2.5500,2.5500,2.5500,2.5500,2.5500,2.5499,2.5497,2.5489,2.5464,2.5396,2.5229,2.4866,2.4163,2.2940,2.1002,1.8169
738.0000,28.8011,28.8054,28.8181,28.8393,28.8693,28.9083,28.9565,29.0143,29.0822,29.1605,29.2498,29.3508,29.4640,29.5901,29.7297,29.8837,30.0525,30.2371,30.4380,30.6561,30.8923,2.5500,2.5500,2.5500,2.5500,2.5500,2.5500,2.5500,2.5500,2.5500,2.5500,2.5499,2.5497,2.5489,2.5464,2.5395,2.5228,2.4864,2.4161,2.2936,2.0998,1.8165
739.0000,28.8040,28.8082,28.8209,28.8422,28.8723,28.9113,28.9596,29.0175,29.0855,29.1639,29.2534,29.3545,29.4678,29.5941,29.7339,29.8880,30.0570,30.2418,30.4429,30.6612,30.8976,2.5500,2.5500,2.5500,2.5500,2.5500,2.5500,2.5500,2.5500,2.5500,2.5500,2.5499,2.5497,2.5489,2.5464,2.5395,2.5227,2.4862,2.4158,2.2932,2.0994,1.8161
740.0000,28.8068,28.8111,28.8238,28.8452,28.8753,28.9144,28.9627,29.0207,29.0888,29.1673,29.2570,29.3582,29.4717,29.5981,29.7381,29.8923,30.0616,30.2464,30.4477,30.6662,30.9030,2.5500,2.5500,2.5500,2.5500,2.5500,2.5500,2.5500,2.5500,2.5500,2.5500,2.5499,2.5497,2.5489,2.5464,2.5394,2.5226,2.4860,2.4155,2.2929,2.0990,1.8157
741.0000,28.8097,28.8139,28.8267,28.8481,28.8783,28.9174,28.9659,29.0240,29.0921,29.1708,29.2605,29.3619,29.4756,29.6021,29.7423,29.8967,30.0661,30.2511,30.4526,30.6713,30.9083,2.5500,2.5500,2.5500,2.5500,2.5500,2.5500,2.5500,2.5500,2.5500,2.5500,2.5499,2.5497,2.5489,2.5463,2.5394,2.5224,2.4859,2.4152,2.2925,2.0985,1.8153
742.0000,28.8126,28.8168,28.8296,28.8510,28.8812,28.9205,28.9690,29.0272,29.0954,29.1742,29.2641,29.3656,29.4794,29.6062,29.7465,29.9010,30.0706,30.2558,30.4575,30.6764,30.9136,2.5500,2.5500,2.5500,2.5500,2.5500,2.5500,2.5500,2.5500,2.5500,2.5500,2.5499,2.5497,2.5489,2.5463,2.5393,2.5223,2.4857,2.4150,2.2922,2.0981,1.8148
743.0000,28.8154,28.8197,28.8325,28.8540,28.8842,28.9235,28.9721,29.0304,29.0988,29.1777,29.2677,29.3694,29.4833,29.6102,29.7506,29.9054,30.0751,30.2605,30.4624,30.6815,30.9190,2.5500,2.5500,2.5500,2.5500,2.5500,2.5500,2.5500,2.5500,2.5500,2.5500,2.5499,2.5497,2.5489,2.5463,2.5393,2.5222,2.4855,2.4147,2.2918,2.0977,1.8144
744.0000,28.8183,28.8226,28.8354,28.8569,28.8872,28.9266,28.9753,29.0336,29.1021,29.1811,29.2713,29.3731,29.4872,29.6142,29.7548,29.9097,30.0796,30.2652,30.4673,30.6867,30.9243,2.5500,2.5500,2.5500,2.5500,2.5500,2.5500,2.5500,2.5500,2.5500,2.5500,2.5499,2.5497,2.5489,2.5463,2.5392,2.5221,2.4853,2.4144,2.2914,2.0973,1.8140
745.0000,28.8212,28.8255,28.8383,28.8599,28.8902,28.9296,28.9784,29.0369,29.1054,29.1846,29.2749,29.3768,29.4911,29.6182,29.7590,29.9141,30.0842,30.2699,30.4722,30.6918,30.9297,2.5500,2.5500,2.5500,2.5500,2.5500,2.5500,2.5500,2.5500,2.5500,2.5500,2.5499,2.5497,2.5488,2.5463,2.5392,2.5220,2.4852,2.4142,2.2911,2.0969,1.8136
746.0000,28.8241,28.8284,28.8412,28.8628,28.8932,28.9327,28.9816,29.0401,29.1088,29.1881,29.2785,29.3806,29.4949,29.6223,29.7632,29.9185,30.0887,30.2746,30.4771,30.6969,30.9350,2.5500,2.5500,2.5500,2.5500,2.5500,2.5500,2.5500,2.5500,2.5500,2.5500,2.5499,2.5497,2.5488,2.5462,2.5391,2.5219,2.4850,2.4139,2.2907,2.0965,1.8132
747.0000,28.8270,28.8313,28.8442,28.8658,28.8962,28.9358,28.9847,29.0434,29.1121,29.1915,29.2821,29.3843,29.4988,29.6263,29.7674,29.9228,30.0932,30.2793,30.4820,30.7020,30.9404,2.5500,2.5500,2.5500,2.5500,2.5500,2.5500,2.5500,2.5500,2.5500,2.5500,2.5499,2.5497,2.5488,2.5462,2.5391,2.5218,2.4848,2.4136,2.2904,2.0961,1.8128
748.0000,28.8299,28.8342,28.8471,28.8687,28.8992,28.9389,28.9879,29.0466,29.1155,29.1950,29.2857,29.3880,29.5027,29.6304,29.7716,29.9272,30.0978,30.2841,30.4869,30.7072,30.9458,2.5500,2.5500,2.5500,2.5500,2.5500,2.5500,2.5500,2.5500,2.5500,2.5500,2.5499,2.5497,2.5488,2.5462,2.5390,2.5217,2.4846,2.4133,2.2900,2.0956,1.8124
749.0000,28.8328,28.8371,28.8500,28.8717,28.9023,28.9419,28.9910,29.0499,29.1189,29.1985,29.2893,29.3918,29.5066,29.6344,29.7758,29.9316,30.1023,30.2888,30.4918,30.7123,30.9512,2.5500,2.5500,2.5500,2.5500,2.5500,2.5500,2.5500,2.5500,2.5500,2.5500,2.5499,2.5497,2.5488,2.5462,2.5390,2.5216,2.4844,2.4131,2.2896,2.0952,1.8120
750.0000,28.8357,28.8400,28.8530,28.8747,28.9053,28.9450,28.9942,29.0531,29.1222,29.2020,29.2929,29.3955,29.5105,29.6385,29.7800,29.9359,30.1068,30.2935,30.4968,30.7174,30.9565,2.5500,2.5500,2.5500,2.5500,2.5500,2.5500,2.5500,2.5500,2.5500,2.5500,2.5499,2.5497,2.5488,2.5461,2.5389,2.5215,2.4843,2.4128,2.2893,2.0948,1.8116
751.0000,28.8386,28.8429,28.8559,28.8776,28.9083,28.9481,28.9974,29.0564,29.1256,29.2055,29.2965,29.3993,29.5144,29.6425,29.7843,29.9403,30.1114,30.2983,30.5017,30.7226,30.9619,2.5500,2.5500,2.5500,2.5500,2.5500,2.5500,2.5500,2.5500,2.5500,2.5500,2.5499,2.5497,2.5488,2.5461,2.5389,2.5214,2.4841,2.4125,2.2889,2.0944,1.8112
752.0000,28.8415,28.8458,28.8588,28.8806,28.9113,28.9512,29.0005,29.0596,29.1290,29.2089,29.3001,29.4030,29.5183,29.6466,29.7885,29.9447,30.1159,30.3030,30.5066,30.7278,30.9673,2.5500,2.5500,2.5500,2.5500,2.5500,2.5500,2.5500,2.5500,2.5500,2.5500,2.5499,2.5497,2.5488,2.5461,2.5388,2.5213,2.4839,2.4123,2.2886,2.0940,1.8108
753.0000,28.8444,28.8488,28.8618,28.8836,28.9144,28.9543,29.0037,29.0629,29.1323,29.2124,29.3037,29.4068,29.5222,29.6506,29.7927,29.9491,30.1205,30.3077,30.5116,30.7329,30.9727,2.5500,2.5500,2.5500,2.5500,2.5500,2.5500,2.5500,2.5500,2.5500,2.5500,2.5499,2.5497,2.5488,2.5461,2.5388,2.5212,2.4837,2.4120,2.2882,2.0936,1.8104
754.0000,28.8474,28.8517,28.8647,28.8866,28.9174,28.9574,29.0069,29.0662,29.1357,29.2159,29.3074,29.4106,29.5261,29.6547,29.7969,29.9535,30.1251,30.3125,30.5165,30.7381,30.9781,2.5500,2.5500,2.5500,2.5500,2.5500,2.5500,2.5500,2.5500,2.5500,2.5500,2.5499,2.5497,2.5488,2.5460,2.5387,2.5211,2.4835,2.4117,2.2878,2.0932,1.8100
755.0000,28.8503,28.8546,28.8677,28.8896,28.9205,28.9605,29.0101,29.0695,29.1391,29.2194,29.3110,29.4143,29.5300,29.6588,29.8011,29.9578,30.1296,30.3172,30.5215,30.7433,30.9835,2.5500,2.5500,2.5500,2.5500,2.5500,2.5500,2.5500,2.5500,2.5500,2.5500,2.5499,2.5497,2.5488,2.5460,2.5386,2.5210,2.4834,2.4114,2.2875,2.0928,1.8096
756.0000,28.8532,28.8576,28.8707,28.8926,28.9235,28.9636,29.0133,29.0728,29.1425,29.2230,29.3146,29.4181,29.5340,29.6628,29.8053,29.9622,30.1342,30.3220,30.5264,30.7484,30.9890,2.5500,2.5500,2.5500,2.5500,2.5500,2.5500,2.5500,2.5500,2.5500,2.5500,2.5499,2.5496,2.5487,2.5460,2.5386,2.5209,2.4832,2.4112,2.2871,2.0924,1.8092
757.0000,28.8562,28.8605,28.8736,28.8956,28.9266,28.9668,29.0165,29.0760,29.1459,29.2265,29.3183,29.4219,29.5379,29.6669,29.8096,29.9666,30.1388,30.3267,30.5314,30.7536,30.9944,2.5500,2.5500,2.5500,2.5500,2.5500,2.5500,2.5500,2.5500,2.5500,2.5500,2.5499,2.5496,2.5487,2.5460,2.5385,2.5208,2.4830,2.4109,2.2868,2.0920,1.8088
758.0000,28.8591,28.8635,28.8766,28.8986,28.9296,28.9699,29.0197,29.0793,29.1493,29.2300,29.3219,29.4257,29.5418,29.6710,29.8138,29.9710,30.1433,30.3315,30.5364,30.7588,30.9998,2.5500,2.5500,2.5500,2.5500,2.5500,2.5500,2.5500,2.5500,2.5500,2.5500,2.5499,2.5496,2.5487,2.5460,2.5385,2.5207,2.4828,2.4106,2.2864,2.0915,1.8084
759.0000,28.8621,28.8664,28.8796,28.9016,28.9327,28.9730,29.0229,29.0826,29.1527,29.2335,29.3256,29.4294,29.5457,29.6750,29.8180,29.9754,30.1479,30.3363,30.5413,30.7640,31.0052,2.5500,2.5500,2.5500,2.5500,2.5500,2.5500,2.5500,2.5500,2.5500,2.5500,2.5499,2.5496,2.5487,2.5459,2.5384,2.5206,2.4826,2.4104,2.2861,2.0911,1.8080
760.0000,28.8650,28.8694,28.8826,28.9046,28.9358,28.9761,29.0261,29.0859,29.1561,29.2370,29.3292,29.4332,29.5496,29.6791,29.8223,29.9798,30.1525,30.3411,30.5463,30.7692,31.0107,2.5500,2.5500,2.5500,2.5500,2.5500,2.5500,2.5500,2.5500,2.5500,2.5500,2.5499,2.5496,2.5487,2.5459,2.5384,2.5205,2.4825,2.4101,2.2857,2.0907,1.8076
761.0000,28.8680,28.8724,28.8856,28.9077,28.9388,28.9793,29.0293,29.0893,29.1595,29.2405,29.3329,29.4370,29.5536,29.6832,29.8265,29.9843,30.1571,30.3458,30.5513,30.7744,31.0161,2.5500,2.5500,2.5500,2.5500,2.5500,2.5500,2.5500,2.5500,2.5500,2.5500,2.5499,2.5496,2.5487,2.5459,2.5383,2.5204,2.4823,2.4098,2.2853,2.0903,1.8072
762.0000,28.8709,28.8753,28.8886,28.9107,28.9419,28.9824,29.0325,29.0926,29.1629,29.2441,29.3365,29.4408,29.5575,29.6873,29.8308,29.9887,30.1617,30.3506,30.5563,30.7796,31.0215,2.5500,2.5500,2.5500,2.5500,2.5500,2.5500,2.5500,2.5500,2.5500,2.5500,2.5499,2.5496,2.5487,2.5459,2.5383,2.5203,2.4821,2.4095,2.2850,2.0899,1.8068
763.0000,28.8739,28.8783,28.8916,28.9137,28.9450,28.9856,29.0358,29.0959,29.1663,29.2476,29.3402,29.4446,29.5615,29.6914,29.8350,29.9931,30.1663,30.3554,30.5613,30.7848,31.0270,2.5500,2.5500,2.5500,2.5500,2.5500,2.5500,2.5500,2.5500,2.5500,2.5500,2.5499,2.5496,2.5487,2.5458,2.5382,2.5202,2.4819,2.4093,2.2846,2.0895,1.8064
764.0000,28.8769,28.8813,28.8946,28.9168,28.9481,28.9887,29.0390,29.0992,29.1698,29.2511,29.3438,29.4484,29.5654,29.6955,29.8393,29.9975,30.1709,30.3602,30.5663,30.7900,31.0324,2.5500,2.5500,2.5500,2.5500,2.5500,2.5500,2.5500,2.5500,2.5500,2.5500,2.5499,2.5496,2.5487,2.5458,2.5382,2.5201,2.4817,2.4090,2.2843,2.0891,1.8060
765.0000,28.8799,28.8843,28.8976,28.9198,28.9512,28.9919,29.0422,29.1025,29.1732,29.2547,29.3475,29.4522,29.5693,29.6996,29.8435,30.0019,30.1755,30.3650,30.5713,30.7953,31.0379,2.5500,2.5500,2.5500,2.5500,2.5500,2.5500,2.5500,2.5500,2.5500,2.5500,2.5499,2.5496,2.5487,2.5458,2.5381,2.5200,2.4816,2.4087,2.2839,2.0887,1.8056
766.0000,28.8828,28.8873,28.9006,28.9229,28.9543,28.9951,29.0455,29.1059,29.1766,29.2582,29.3512,29.4560,29.5733,29.7037,29.8478,30.0064,30.1801,30.3698,30.5763,30.8005,31.0434,2.5500,2.5500,2.5500,2.5500,2.5500,2.5500,2.5500,2.5500,2.5500,2.5500,2.5499,2.5496,2.5487,2.5458,2.5381,2.5198,2.4814,2.4084,2.2836,2.0883,1.8052
767.0000,28.8858,28.8903,28.9036,28.9259,28.9574,28.9982,29.0487,29.1092,29.1801,29.2618,29.3549,29.4598,29.5772,29.7078,29.8521,30.0108,30.1847,30.3746,30.5813,30.8057,31.0488,2.5500,2.5500,2.5500,2.5500,2.5500,2.5500,2.5500,2.5500,2.5500,2.5500,2.5499,2.5496,2.5486,2.5457,2.5380,2.5197,2.4812,2.4082,2.2832,2.0879,1.8048
768.0000,28.8888,28.8933,28.9066,28.9290,28.9605,29.0014,29.0520,29.1125,29.1835,29.2653,29.3585,29.4636,29.5812,29.7119,29.8563,30.0152,30.1893,30.3794,30.5863,30.8109,31.0543,2.5500,2.5500,2.5500,2.5500,2.5500,2.5500,2.5500,2.5500,2.5500,2.5500,2.5499,2.5496,2.5486,2.5457,2.5380,2.5196,2.4810,2.4079,2.2829,2.0875,1.8044
769.0000,28.8918,28.8963,28.9096,28.9320,28.9636,29.0046,29.0552,29.1159,29.1870,29.2689,29.3622,29.4674,29.5852,29.7160,29.8606,30.0197,30.1939,30.3842,30.5913,30.8162,31.0598,2.5500,2.5500,2.5500,2.5500,2.5500,2.5500,2.5500,2.5500,2.5500,2.5500,2.5499,2.5496,2.5486,2.5457,2.5379,2.5195,2.4808,2.4076,2.2825,2.0871,1.8040
770.0000,28.8948,28.8993,28.9127,28.9351,28.9667,29.0077,29.0585,29.1192,29.1904,29.2725,29.3659,29.4713,29.5891,29.7201,29.8649,30.0241,30.1986,30.3890,30.5963,30.8214,31.0653,2.5500,2.5500,2.5500,2.5500,2.5500,2.5500,2.5500,2.5500,2.5500,2.5500,2.5499,2.5496,2.5486,2.5457,2.5378,2.5194,2.4806,2.4074,2.2821,2.0867,1.8036
771.0000,28.8978,28.9023,28.9157,28.9382,28.9698,29.0109,29.0617,29.1226,29.1939,29.2760,29.3696,29.4751,29.5931,29.7242,29.8691,30.0286,30.2032,30.3938,30.6014,30.8267,31.0707,2.5500,2.5500,2.5500,2.5500,2.5500,2.5500,2.5500,2.5500,2.5500,2.5500,2.5499,2.5496,2.5486,2.5456,2.5378,2.5193,2.4805,2.4071,2.2818,2.0863,1.8032
772.0000,28.9009,28.9053,28.9188,28.9413,28.9730,29.0141,29.0650,29.1259,29.1973,29.2796,29.3733,29.4789,29.5971,29.7283,29.8734,30.0330,30.2078,30.3987,30.6064,30.8319,31.0762,2.5500,2.5500,2.5500,2.5500,2.5500,2.5500,2.5500,2.5500,2.5500,2.5500,2.5499,2.5496,2.5486,2.5456,2.5377,2.5192,2.4803,2.4068,2.2814,2.0859,1.8028
773.0000,28.9039,28.9083,28.9218,28.9443,28.9761,29.0173,29.0683,29.1293,29.2008,29.2832,29.3770,29.4827,29.6010,29.7325,29.8777,30.0375,30.2125,30.4035,30.6114,30.8372,31.0817,2.5500,2.5500,2.5500,2.5500,2.5500,2.5500,2.5500,2.5500,2.5500,2.5500,2.5499,2.5496,2.5486,2.5456,2.5377,2.5191,2.4801,2.4065,2.2811,2.0855,1.8024
774.0000,28.9069,28.9114,28.9249,28.9474,28.9792,29.0205,29.0715,29.1327,29.2042,29.2868,29.3807,29.4866,29.6050,29.7366,29.8820,30.0419,30.2171,30.4083,30.6165,30.8425,31.0872,2.5500,2.5500,2.5500,2.5500,2.5500,2.5500,2.5500,2.5500,2.5500,2.5500,2.5499,2.5496,2.5486,2.5456,2.5376,2.5190,2.4799,2.4063,2.2807,2.0851,1.8020
775.0000,28.9099,28.9144,28.9279,28.9505,28.9824,29.0237,29.0748,29.1360,29.2077,29.2903,29.3844,29.4904,29.6090,29.7407,29.8863,30.0464,30.2217,30.4132,30.6215,30.8477,31.0927,2.5500,2.5500,2.5500,2.5500,2.5500,2.5500,2.5500,2.5500,2.5500,2.5500,2.5499,2.5496,2.5486,2.5455,2.5376,2.5189,2.4797,2.4060,2.2804,2.0846,1.8016
776.0000,28.9130,28.9175,28.9310,28.9536,28.9855,29.0269,29.0781,29.1394,29.2112,29.2939,29.3881,29.4943,29.6130,29.7449,29.8906,30.0508,30.2264,30.4180,30.6266,30.8530,31.0982,2.5500,2.5500,2.5500,2.5500,2.5500,2.5500,2.5500,2.5500,2.5500,2.5500,2.5499,2.5496,2.5486,2.5455,2.5375,2.5188,2.4796,2.4057,2.2800,2.0842,1.8012
777.0000,28.9160,28.9205,28.9340,28.9567,28.9887,29.0301,29.0814,29.1428,29.2147,29.2975,29.3918,29.4981,29.6170,29.7490,29.8949,30.0553,30.2310,30.4229,30.6316,30.8583,31.1037,2.5500,2.5500,2.5500,2.5500,2.5500,2.5500,2.5500,2.5500,2.5500,2.5500,2.5499,2.5496,2.5485,2.5455,2.5375,2.5187,2.4794,2.4055,2.2797,2.0838,1.8008
778.0000,28.9190,28.9235,28.9371,28.9598,28.9918,29.0334,29.0847,29.1462,29.2182,29.3011,29.3955,29.5020,29.6210,29.7531,29.8992,30.0598,30.2357,30.4277,30.6367,30.8635,31.1092,2.5500,2.5500,2.5500,2.5500,2.5500,2.5500,2.5500,2.5500,2.5500,2.5500,2.5499,2.5496,2.5485,2.5455,2.5374,2.5186,2.4792,2.4052,2.2793,2.0834,1.8004
779.0000,28.9221,28.9266,28.9402,28.9629,28.9950,29.0366,29.0880,29.1495,29.2216,29.3047,29.3993,29.5058,29.6249,29.7573,29.9035,30.0643,30.2404,30.4326,30.6418,30.8688,31.1148,2.5500,2.5500,2.5500,2.5500,2.5500,2.5500,2.5500,2.5500,2.5500,2.5500,2.5499,2.5496,2.5485,2.5454,2.5373,2.5185,2.4790,2.4049,2.2790,2.0830,1.8000
780.0000,28.9251,28.9297,28.9433,28.9660,28.9982,29.0398,29.0913,29.1529,29.2251,29.3083,29.4030,29.5097,29.6289,29.7614,29.9078,30.0688,30.2450,30.4374,30.6468,30.8741,31.1203,2.5500,2.5500,2.5500,2.5500,2.5500,2.5500,2.5500,2.5500,2.5500,2.5500,2.5499,2.5496,2.5485,2.5454,2.5373,2.5184,2.4788,2.4047,2.2786,2.0826,1.7996
781.0000,28.9282,28.9327,28.9464,28.9692,29.0013,29.0430,29.0946,29.1563,29.2286,29.3119,29.4067,29.5135,29.6329,29.7656,29.9121,30.0732,30.2497,30.4423,30.6519,30.8794,31.1257,2.5500,2.5500,2.5500,2.5500,2.5500,2.5500,2.5500,2.5500,2.5500,2.5500,2.5499,2.5496,2.5485,2.5454,2.5372,2.5182,2.4786,2.4044,2.2782,2.0822,1.7992
782.0000,28.9313,28.9358,28.9494,28.9723,29.0045,29.0463,29.0979,29.1597,29.2321,29.3155,29.4104,29.5174,29.6370,29.7698,29.9164,30.0777,30.2544,30.4472,30.6570,30.8847,31.1311,2.5500,2.5500,2.5500,2.5500,2.5500,2.5500,2.5500,2.5500,2.5500,2.5500,2.5499,2.5496,2.5485,2.5454,2.5372,2.5181,2.4785,2.4041,2.2779,2.0818,1.7988
783.0000,28.9343,28.9389,28.9525,28.9754,29.0077,29.0495,29.1012,29.1631,29.2356,29.3192,29.4142,29.5213,29.6410,29.7739,29.9208,30.0822,30.2590,30.4520,30.6620,30.8900,31.1365,2.5500,2.5500,2.5500,2.5500,2.5500,2.5500,2.5500,2.5500,2.5500,2.5500,2.5499,2.5496,2.5485,2.5453,2.5371,2.5180,2.4783,2.4038,2.2775,2.0814,1.7984
784.0000,28.9374,28.9419,28.9556,28.9786,29.0109,29.0528,29.1046,29.1665,29.2391,29.3228,29.4179,29.5251,29.6450,29.7781,29.9251,30.0867,30.2637,30.4569,30.6671,30.8952,31.1418,2.5500,2.5500,2.5500,2.5500,2.5500,2.5500,2.5500,2.5500,2.5500,2.5500,2.5499,2.5496,2.5485,2.5453,2.5371,2.5179,2.4781,2.4036,2.2772,2.0810,1.7980
785.0000,28.9405,28.9450,28.9587,28.9817,29.0140,29.0560,29.1079,29.1700,29.2427,29.3264,29.4217,29.5290,29.6490,29.7822,29.9294,30.0912,30.2684,30.4618,30.6722,30.9005,31.1472,2.5500,2.5500,2.5500,2.5500,2.5500,2.5500,2.5500,2.5500,2.5500,2.5500,2.5499,2.5496,2.5485,2.5453,2.5370,2.5178,2.4779,2.4033,2.2768,2.0806,1.7977
786.0000,28.9435,28.9481,28.9618,28.9848,29.0172,29.0593,29.1112,29.1734,29.2462,29.3300,29.4254,29.5329,29.6530,29.7864,29.9338,30.0957,30.2731,30.4667,30.6773,30.9057,31.1525,2.5500,2.5500,2.5500,2.5500,2.5500,2.5500,2.5500,2.5500,2.5500,2.5500,2.5499,2.5495,2.5485,2.5453,2.5370,2.5177,2.4777,2.4030,2.2765,2.0802,1.7973
787.0000,28.9466,28.9512,28.9650,28.9880,29.0204,29.0625,29.1145,29.1768,29.2497,29.3336,29.4292,29.5368,29.6570,29.7906,29.9381,30.1002,30.2778,30.4716,30.6823,30.9109,31.1577,2.5500,2.5500,2.5500,2.5500,2.5500,2.5500,2.5500,2.5500,2.5500,2.5500,2.5499,2.5495,2.5484,2.5452,2.5369,2.5176,2.4775,2.4028,2.2761,2.0798,1.7969
788.0000,28.9497,28.9543,28.9681,28.9911,29.0236,29.0658,29.1179,29.1802,29.2532,29.3373,29.4329,29.5407,29.6611,29.7948,29.9424,30.1048,30.2825,30.4764,30.6874,30.9161,31.1630,2.5500,2.5500,2.5500,2.5500,2.5500,2.5500,2.5500,2.5500,2.5500,2.5500,2.5499,2.5495,2.5484,2.5452,2.5368,2.5175,2.4774,2.4025,2.2758,2.0794,1.7965
789.0000,28.9528,28.9574,28.9712,28.9943,29.0268,29.0691,29.1212,29.1837,29.2567,29.3409,29.4367,29.5446,29.6651,29.7990,29.9468,30.1093,30.2872,30.4813,30.6925,30.9213,31.1683,2.5500,2.5500,2.5500,2.5500,2.5500,2.5500,2.5500,2.5500,2.5500,2.5500,2.5499,2.5495,2.5484,2.5452,2.5368,2.5174,2.4772,2.4022,2.2754,2.0790,1.7961
790.0000,28.9559,28.9605,28.9743,28.9975,29.0301,29.0723,29.1246,29.1871,29.2603,29.3446,29.4404,29.5484,29.6691,29.8031,29.9511,30.1138,30.2919,30.4862,30.6975,30.9265,31.1735,2.5500,2.5500,2.5500,2.5500,2.5500,2.5500,2.5500,2.5500,2.5500,2.5500,2.5499,2.5495,2.5484,2.5452,2.5367,2.5173,2.4770,2.4019,2.2751,2.0786,1.7957
791.0000,28.9590,28.9636,28.9775,29.0006,29.0333,29.0756,29.1279,29.1905,29.2638,29.3482,29.4442,29.5523,29.6732,29.8073,29.9555,30.1183,30.2966,30.4911,30.7025,30.9316,31.1787,2.5500,2.5500,2.5500,2.5500,2.5500,2.5500,2.5500,2.5500,2.5500,2.5500,2.5499,2.5495,2.5484,2.5451,2.5367,2.5172,2.4768,2.4017,2.2747,2.0782,1.7953
792.0000,28.9621,28.9667,28.9806,29.0038,29.0365,29.0789,29.1313,29.1940,29.2674,29.3519,29.4480,29.5562,29.6772,29.8115,29.9598,30.1228,30.3013,30.4960,30.7076,30.9368,31.1840,2.5500,2.5500,2.5500,2.5500,2.5500,2.5500,2.5500,2.5500,2.5500,2.5500,2.5499,2.5495,2.5484,2.5451,2.5366,2.5170,2.4766,2.4014,2.2744,2.0778,1.7949
793.0000,28.9652,28.9699,28.9837,29.0070,29.0397,29.0822,29.1346,29.1974,29.2709,29.3555,29.4518,29.5602,29.6813,29.8157,29.9642,30.1274,30.3060,30.5008,30.7126,30.9419,31.1892,2.5500,2.5500,2.5500,2.5500,2.5500,2.5500,2.5500,2.5500,2.5500,2.5500,2.5499,2.5495,2.5484,2.5451,2.5366,2.5169,2.4764,2.4011,2.2740,2.0774,1.7945
794.0000,28.9684,28.9730,28.9869,29.0101,29.0429,29.0855,29.1380,29.2009,29.2744,29.3592,29.4555,29.5641,29.6853,29.8199,29.9686,30.1319,30.3107,30.5057,30.7177,30.9471,31.1944,2.5500,2.5500,2.5500,2.5500,2.5500,2.5500,2.5500,2.5500,2.5500,2.5500,2.5499,2.5495,2.5484,2.5450,2.5365,2.5168,2.4763,2.4009,2.2737,2.0770,1.7941
795.0000,28.9715,28.9761,28.9900,29.0133,29.0462,29.0888,29.1414,29.2043,29.2780,29.3628,29.4593,29.5680,29.6894,29.8241,29.9729,30.1364,30.3154,30.5106,30.7227,30.9522,31.1995,2.5500,2.5500,2.5500,2.5500,2.5500,2.5500,2.5500,2.5500,2.5500,2.5500,2.5499,2.5495,2.5484,2.5450,2.5364,2.5167,2.4761,2.4006,2.2733,2.0767,1.7938
796.0000,28.9746,28.9792,28.9932,29.0165,29.0494,29.0921,29.1447,29.2078,29.2816,29.3665,29.4631,29.5719,29.6934,29.8283,29.9773,30.1410,30.3201,30.5155,30.7277,30.9573,31.2047,2.5500,2.5500,2.5500,2.5500,2.5500,2.5500,2.5500,2.5500,2.5500,2.5500,2.5499,2.5495,2.5483,2.5450,2.5364,2.5166,2.4759,2.4003,2.2730,2.0763,1.7934
797.0000,28.9777,28.9824,28.9963,29.0197,29.0527,29.0954,29.1481,29.2112,29.2851,29.3702,29.4669,29.5758,29.6975,29.8326,29.9817,30.1455,30.3248,30.5203,30.7327,30.9625,31.2099,2.5500,2.5500,2.5500,2.5500,2.5500,2.5500,2.5500,2.5500,2.5500,2.5500,2.5499,2.5495,2.5483,2.5450,2.5363,2.5165,2.4757,2.4000,2.2726,2.0759,1.7930
798.0000,28.9809,28.9855,28.9995,29.0229,29.0559,29.0987,29.1515,29.2147,29.2887,29.3739,29.4707,29.5797,29.7016,29.8368,29.9860,30.1501,30.3296,30.5252,30.7377,30.9676,31.2151,2.5500,2.5500,2.5500,2.5500,2.5500,2.5500,2.5500,2.5500,2.5500,2.5500,2.5499,2.5495,2.5483,2.5449,2.5363,2.5164,2.4755,2.3998,2.2723,2.0755,1.7926
799.0000,28.9840,28.9887,29.0027,29.0261,29.0592,29.1020,29.1549,29.2182,29.2923,29.3775,29.4745,29.5837,29.7056,29.8410,29.9904,30.1546,30.3343,30.5301,30.7427,30.9727,31.2202,2.5500,2.5500,2.5500,2.5500,2.5500,2.5500,2.5500,2.5500,2.5500,2.5500,2.5499,2.5495,2.5483,2.5449,2.5362,2.5163,2.4753,2.3995,2.2719,2.0751,1.7922
800.0000,28.9872,28.9918,29.0059,29.0293,29.0624,29.1053,29.1583,29.2217,29.2958,29.3812,29.4783,29.5876,29.7097,29.8452,29.9948,30.1592,30.3390,30.5350,30.7477,30.9778,31.2254,2.5500,2.5500,2.5500,2.5500,2.5500,2.5500,2.5500,2.5500,2.5500,2.5500,2.5499,2.5495,2.5483,2.5449,2.5361,2.5162,2.4752,2.3992,2.2716,2.0747,1.7918
801.0000,28.9903,28.9950,29.0090,29.0325,29.0657,29.1086,29.1617,29.2251,29.2994,29.3849,29.4821,29.5915,29.7138,29.8494,29.9992,30.1637,30.3437,30.5398,30.7527,30.9829,31.2305,2.5500,2.5500,2.5500,2.5500,2.5500,2.5500,2.5500,2.5500,2.5500,2.5500,2.5499,2.5495,2.5483,2.5449,2.5361,2.5161,2.4750,2.3990,2.2712,2.0743,1.7914
802.0000,28.9935,28.9982,29.0122,29.0358,29.0689,29.1119,29.1651,29.2286,29.3030,29.3886,29.4859,29.5955,29.7179,29.8537,30.0036,30.1683,30.3484,30.5447,30.7577,30.9879,31.2356,2.5500,2.5500,2.5500,2.5500,2.5500,2.5500,2.5500,2.5500,2.5500,2.5500,2.5499,2.5495,2.5483,2.5448,2.5360,2.5159,2.4748,2.3987,2.2709,2.0739,1.7910
803.0000,28.9966,29.0013,29.0154,29.0390,29.0722,29.1153,29.1685,29.2321,29.3066,29.3923,29.4897,29.5994,29.7219,29.8579,30.0080,30.1728,30.3531,30.5495,30.7627,30.9930,31.2408,2.5500,2.5500,2.5500,2.5500,2.5500,2.5500,2.5500,2.5500,2.5500,2.5500,2.5499,2.5495,2.5483,2.5448,2.5360,2.5158,2.4746,2.3984,2.2705,2.0735,1.7907
804.0000,28.9998,29.0045,29.0186,29.0422,29.0755,29.1186,29.1719,29.2356,29.3102,29.3960,29.4935,29.6034,29.7260,29.8621,30.0124,30.1774,30.3578,30.5544,30.7677,30.9981,31.2459,2.5500,2.5500,2.5500,2.5500,2.5500,2.5500,2.5500,2.5500,2.5500,2.5500,2.5499,2.5495,2.5483,2.5448,2.5359,2.5157,2.4744,2.3982,2.2702,2.0731,1.7903
805.0000,29.0030,29.0077,29.0218,29.0454,29.0788,29.1219,29.1753,29.2391,29.3138,29.3997,29.4974,29.6073,29.7301,29.8664,30.0168,30.1819,30.3625,30.5593,30.7726,31.0031,31.2510,2.5500,2.5500,2.5500,2.5500,2.5500,2.5500,2.5500,2.5500,2.5500,2.5500,2.5499,2.5495,2.5482,2.5447,2.5359,2.5156,2.4742,2.3979,2.2698,2.0727,1.7899
806.0000,29.0061,29.0108,29.0250,29.0487,29.0820,29.1253,29.1787,29.2426,29.3174,29.4034,29.5012,29.6113,29.7342,29.8706,30.0212,30.1865,30.3672,30.5641,30.7776,31.0082,31.2561,2.5500,2.5500,2.5500,2.5500,2.5500,2.5500,2.5500,2.5500,2.5500,2.5500,2.5499,2.5495,2.5482,2.5447,2.5358,2.5155,2.4741,2.3976,2.2695,2.0723,1.7895
807.0000,29.0093,29.0140,29.0282,29.0519,29.0853,29.1286,29.1821,29.2461,29.3210,29.4071,29.5050,29.6152,29.7383,29.8749,30.0256,30.1910,30.3720,30.5690,30.7826,31.0133,31.2612,2.5500,2.5500,2.5500,2.5500,2.5500,2.5500,2.5500,2.5500,2.5500,2.5500,2.5499,2.5495,2.5482,2.5447,2.5357,2.5154,2.4739,2.3973,2.2691,2.0719,1.7891
808.0000,29.0125,29.0172,29.0314,29.0552,29.0886,29.1320,29.1855,29.2496,29.3246,29.4108,29.5089,29.6192,29.7424,29.8791,30.0300,30.1956,30.3767,30.5738,30.7875,31.0183,31.2663,2.5500,2.5500,2.5500,2.5500,2.5500,2.5500,2.5500,2.5500,2.5500,2.5500,2.5499,2.5495,2.5482,2.5447,2.5357,2.5153,2.4737,2.3971,2.2688,2.0715,1.7887
809.0000,29.0157,29.0204,29.0346,29.0584,29.0919,29.1353,29.1890,29.2531,29.3282,29.4145,29.5127,29.6232,29.7465,29.8834,30.0344,30.2001,30.3814,30.5786,30.7925,31.0233,31.2714,2.5500,2.5500,2.5500,2.5500,2.5500,2.5500,2.5500,2.5500,2.5500,2.5500,2.5499,2.5495,2.5482,2.5446,2.5356,2.5152,2.4735,2.3968,2.2684,2.0711,1.7883
810.0000,29.0189,29.0236,29.0378,29.0617,29.0952,29.1387,29.1924,29.2566,29.3318,29.4183,29.5165,29.6271,29.7506,29.8876,30.0388,30.2047,30.3861,30.5835,30.7975,31.0284,31.2765,2.5500,2.5500,2.5500,2.5500,2.5500,2.5500,2.5500,2.5500,2.5500,2.5500,2.5499,2.5495,2.5482,2.5446,2.5356,2.5151,2.4733,2.3965,2.2681,2.0707,1.7880
811.0000,29.0221,29.0268,29.0411,29.0649,29.0985,29.1421,29.1958,29.2602,29.3354,29.4220,29.5204,29.6311,29.7547,29.8919,30.0432,30.2093,30.3908,30.5883,30.8024,31.0334,31.2816,2.5500,2.5500,2.5500,2.5500,2.5500,2.5500,2.5500,2.5500,2.5500,2.5500,2.5499,2.5494,2.5482,2.5446,2.5355,2.5149,2.4731,2.3963,2.2677,2.0703,1.7876
812.0000,29.0253,29.0300,29.0443,29.0682,29.1018,29.1454,29.1993,29.2637,29.3390,29.4257,29.5242,29.6351,29.7589,29.8962,30.0476,30.2138,30.3955,30.5932,30.8074,31.0384,31.2867,2.5500,2.5500,2.5500,2.5500,2.5500,2.5500,2.5500,2.5500,2.5500,2.5500,2.5498,2.5494,2.5482,2.5446,2.5354,2.5148,2.4729,2.3960,2.2674,2.0700,1.7872
813.0000,29.0285,29.0332,29.0475,29.0714,29.1051,29.1488,29.2027,29.2672,29.3427,29.4294,29.5281,29.6391,29.7630,29.9004,30.0520,30.2184,30.4002,30.5980,30.8123,31.0435,31.2918,2.5500,2.5500,2.5500,2.5500,2.5500,2.5500,2.5500,2.5500,2.5500,2.5500,2.5498,2.5494,2.5482,2.5445,2.5354,2.5147,2.4728,2.3957,2.2671,2.0696,1.7868
814.0000,29.0317,29.0365,29.0508,29.0747,29.1085,29.1522,29.2062,29.2708,29.3463,29.4332,29.5319,29.6431,29.7671,29.9047,30.0564,30.2230,30.4049,30.6028,30.8172,31.0485,31.2968,2.5500,2.5500,2.5500,2.5500,2.5500,2.5500,2.5500,2.5500,2.5500,2.5500,2.5498,2.5494,2.5481,2.5445,2.5353,2.5146,2.4726,2.3955,2.2667,2.0692,1.7864
815.0000,29.0349,29.0397,29.0540,29.0780,29.1118,29.1556,29.2096,29.2743,29.3499,29.4369,29.5358,29.6470,29.7712,29.9090,30.0608,30.2275,30.4096,30.6077,30.8222,31.0535,31.3019,2.5500,2.5500,2.5500,2.5500,2.5500,2.5500,2.5500,2.5500,2.5500,2.5500,2.5498,2.5494,2.5481,2.5445,2.5353,2.5145,2.4724,2.3952,2.2664,2.0688,1.7861
816.0000,29.0381,29.0429,29.0573,29.0813,29.1151,29.1590,29.2131,29.2778,29.3536,29.4407,29.5397,29.6510,29.7754,29.9132,30.0653,30.2321,30.4143,30.6125,30.8271,31.0585,31.3070,2.5500,2.5500,2.5500,2.5500,2.5500,2.5500,2.5500,2.5500,2.5500,2.5500,2.5498,2.5494,2.5481,2.5444,2.5352,2.5144,2.4722,2.3949,2.2660,2.0684,1.7857
817.0000,29.0414,29.0461,29.0605,29.0846,29.1184,29.1624,29.2166,29.2814,29.3572,29.4444,29.5435,29.6550,29.7795,29.9175,30.0697,30.2366,30.4190,30.6173,30.8320,31.0635,31.3120,2.5500,2.5500,2.5500,2.5500,2.5500,2.5500,2.5500,2.5500,2.5500,2.5500,2.5498,2.5494,2.5481,2.5444,2.5351,2.5143,2.4720,2.3946,2.2657,2.0680,1.7853
818.0000,29.0446,29.0494,29.0638,29.0879,29.1218,29.1657,29.2200,29.2849,29.3608,29.4482,29.5474,29.6590,29.7836,29.9218,30.0741,30.2412,30.4237,30.6221,30.8370,31.0685,31.3171,2.5500,2.5500,2.5500,2.5500,2.5500,2.5500,2.5500,2.5500,2.5500,2.5500,2.5498,2.5494,2.5481,2.5444,2.5351,2.5142,2.4718,2.3944,2.2653,2.0676,1.7849
819.0000,29.0478,29.0526,29.0670,29.0911,29.1251,29.1691,29.2235,29.2885,29.3645,29.4519,29.5513,29.6630,29.7878,29.9261,30.0785,30.2458,30.4284,30.6270,30.8419,31.0735,31.3221,2.5500,2.5500,2.5500,2.5500,2.5500,2.5500,2.5500,2.5500,2.5500,2.5500,2.5498,2.5494,2.5481,2.5444,2.5350,2.5140,2.4716,2.3941,2.2650,2.0672,1.7845
820.0000,29.0511,29.0559,29.0703,29.0944,29.1285,29.1726,29.2270,29.2921,29.3682,29.4557,29.5552,29.6670,29.7919,29.9303,30.0830,30.2503,30.4331,30.6318,30.8468,31.0785,31.3272,2.5500,2.5500,2.5500,2.5500,2.5500,2.5500,2.5500,2.5500,2.5500,2.5500,2.5498,2.5494,2.5481,2.5443,2.5350,2.5139,2.4715,2.3938,2.2646,2.0668,1.7841
821.0000,29.0543,29.0591,29.0736,29.0977,29.1318,29.1760,29.2305,29.2956,29.3718,29.4595,29.5590,29.6710,29.7960,29.9346,30.0874,30.2549,30.4378,30.6366,30.8517,31.0835,31.3322,2.5500,2.5500,2.5500,2.5500,2.5500,2.5500,2.5500,2.5500,2.5500,2.5500,2.5498,2.5494,2.5481,2.5443,2.5349,2.5138,2.4713,2.3936,2.2643,2.0664,1.7838
822.0000,29.0576,29.0624,29.0768,29.1011,29.1352,29.1794,29.2339,29.2992,29.3755,29.4632,29.5629,29.6751,29.8002,29.9389,30.0918,30.2595,30.4425,30.6414,30.8566,31.0885,31.3372,2.5500,2.5500,2.5500,2.5500,2.5500,2.5500,2.5500,2.5500,2.5500,2.5500,2.5498,2.5494,2.5480,2.5443,2.5348,2.5137,2.4711,2.3933,2.2639,2.0661,1.7834
823.0000,29.0608,29.0656,29.0801,29.1044,29.1385,29.1828,29.2374,29.3028,29.3791,29.4670,29.5668,29.6791,29.8043,29.9432,30.0962,30.2640,30.4472,30.6462,30.8615,31.0935,31.3423,2.5500,2.5500,2.5500,2.5500,2.5500,2.5500,2.5500,2.5500,2.5500,2.5500,2.5498,2.5494,2.5480,2.5442,2.5348,2.5136,2.4709,2.3930,2.2636,2.0657,1.7830
824.0000,29.0641,29.0689,29.0834,29.1077,29.1419,29.1862,29.2409,29.3063,29.3828,29.4708,29.5707,29.6831,29.8085,29.9475,30.1007,30.2686,30.4519,30.6510,30.8664,31.0985,31.3473,2.5500,2.5500,2.5500,2.5500,2.5500,2.5500,2.5500,2.5500,2.5500,2.5500,2.5498,2.5494,2.5480,2.5442,2.5347,2.5135,2.4707,2.3928,2.2632,2.0653,1.7826
825.0000,29.0673,29.0722,29.0867,29.1110,29.1453,29.1896,29.2444,29.3099,29.3865,29.4746,29.5746,29.6871,29.8126,29.9518,30.1051,30.2732,30.4566,30.6558,30.8713,31.1034,31.3523,2.5500,2.5500,2.5500,2.5500,2.5500,2.5500,2.5500,2.5500,2.5500,2.5500,2.5498,2.5494,2.5480,2.5442,2.5347,2.5134,2.4705,2.3925,2.2629,2.0649,1.7822
826.0000,29.0706,29.0754,29.0900,29.1143,29.1486,29.1931,29.2479,29.3135,29.3902,29.4783,29.5785,29.6911,29.8168,29.9561,30.1095,30.2777,30.4613,30.6606,30.8762,31.1084,31.3574,2.5500,2.5500,2.5500,2.5500,2.5500,2.5500,2.5500,2.5500,2.5500,2.5500,2.5498,2.5494,2.5480,2.5442,2.5346,2.5133,2.4703,2.3922,2.2626,2.0645,1.7819
827.0000,29.0739,29.0787,29.0933,29.1177,29.1520,29.1965,29.2514,29.3171,29.3939,29.4821,29.5824,29.6952,29.8210,29.9604,30.1140,30.2823,30.4660,30.6654,30.8811,31.1134,31.3624,2.5500,2.5500,2.5500,2.5500,2.5500,2.5500,2.5500,2.5500,2.5500,2.5500,2.5498,2.5494,2.5480,2.5441,2.5345,2.5131,2.4702,2.3919,2.2622,2.0641,1.7815
828.0000,29.0771,29.0820,29.0966,29.1210,29.1554,29.1999,29.2549,29.3207,29.3975,29.4859,29.5863,29.6992,29.8251,29.9647,30.1184,30.2869,30.4707,30.6702,30.8860,31.1184,31.3674,2.5500,2.5500,2.5500,2.5500,2.5500,2.5500,2.5500,2.5500,2.5500,2.5500,2.5498,2.5494,2.5480,2.5441,2.5345,2.5130,2.4700,2.3917,2.2619,2.0637,1.7811
829.0000,29.0804,29.0853,29.0999,29.1243,29.1588,29.2034,29.2584,29.3243,29.4012,29.4897,29.5902,29.7032,29.8293,29.9690,30.1228,30.2914,30.4754,30.6750,30.8909,31.1233,31.3724,2.5500,2.5500,2.5500,2.5500,2.5500,2.5500,2.5500,2.5500,2.5500,2.5500,2.5498,2.5494,2.5480,2.5441,2.5344,2.5129,2.4698,2.3914,2.2615,2.0633,1.7807
830.0000,29.0837,29.0886,29.1032,29.1277,29.1622,29.2068,29.2620,29.3279,29.4049,29.4935,29.5941,29.7073,29.8335,29.9733,30.1273,30.2960,30.4800,30.6798,30.8958,31.1283,31.3774,2.5500,2.5500,2.5500,2.5500,2.5500,2.5500,2.5500,2.5500,2.5500,2.5500,2.5498,2.5494,2.5479,2.5440,2.5343,2.5128,2.4696,2.3911,2.2612,2.0630,1.7804
831.0000,29.0870,29.0919,29.1065,29.1310,29.1655,29.2103,29.2655,29.3315,29.4086,29.4973,29.5981,29.7113,29.8376,29.9776,30.1317,30.3006,30.4847,30.6846,30.9007,31.1332,31.3824,2.5500,2.5500,2.5500,2.5500,2.5500,2.5500,2.5500,2.5500,2.5500,2.5500,2.5498,2.5494,2.5479,2.5440,2.5343,2.5127,2.4694,2.3909,2.2608,2.0626,1.7800
832.0000,29.0903,29.0952,29.1098,29.1344,29.1689,29.2137,29.2690,29.3351,29.4123,29.5011,29.6020,29.7154,29.8418,29.9819,30.1361,30.3051,30.4894,30.6894,30.9056,31.1382,31.3874,2.5500,2.5500,2.5500,2.5500,2.5500,2.5500,2.5500,2.5500,2.5500,2.5500,2.5498,2.5494,2.5479,2.5440,2.5342,2.5126,2.4692,2.3906,2.2605,2.0622,1.7796
833.0000,29.0936,29.0985,29.1131,29.1377,29.1723,29.2172,29.2725,29.3387,29.4160,29.5049,29.6059,29.7194,29.8460,29.9862,30.1406,30.3097,30.4941,30.6942,30.9105,31.1431,31.3924,2.5500,2.5500,2.5500,2.5500,2.5500,2.5500,2.5500,2.5500,2.5500,2.5500,2.5498,2.5493,2.5479,2.5439,2.5342,2.5125,2.4690,2.3903,2.2601,2.0618,1.7792
834.0000,29.0969,29.1018,29.1165,29.1411,29.1757,29.2207,29.2761,29.3423,29.4197,29.5088,29.6098,29.7235,29.8502,29.9905,30.1450,30.3143,30.4988,30.6990,30.9153,31.1481,31.3974,2.5500,2.5500,2.5500,2.5500,2.5500,2.5500,2.5500,2.5500,2.5500,2.5500,2.5498,2.5493,2.5479,2.5439,2.5341,2.5123,2.4689,2.3901,2.2598,2.0614,1.7789
835.0000,29.1002,29.1051,29.1198,29.1445,29.1792,29.2241,29.2796,29.3459,29.4235,29.5126,29.6138,29.7275,29.8543,29.9948,30.1495,30.3188,30.5035,30.7038,30.9202,31.1530,31.4024,2.5500,2.5500,2.5500,2.5500,2.5500,2.5500,2.5500,2.5500,2.5500,2.5500,2.5498,2.5493,2.5479,2.5439,2.5340,2.5122,2.4687,2.3898,2.2595,2.0610,1.7785
836.0000,29.1035,29.1084,29.1231,29.1478,29.1826,29.2276,29.2832,29.3496,29.4272,29.5164,29.6177,29.7316,29.8585,29.9991,30.1539,30.3234,30.5082,30.7086,30.9251,31.1580,31.4074,2.5500,2.5500,2.5500,2.5500,2.5500,2.5500,2.5500,2.5500,2.5500,2.5500,2.5498,2.5493,2.5479,2.5439,2.5340,2.5121,2.4685,2.3895,2.2591,2.0606,1.7781
837.0000,29.1068,29.1117,29.1265,29.1512,29.1860,29.2311,29.2867,29.3532,29.4309,29.5202,29.6216,29.7356,29.8627,30.0034,30.1583,30.3280,30.5128,30.7134,30.9300,31.1629,31.4124,2.5500,2.5500,2.5500,2.5500,2.5500,2.5500,2.5500,2.5500,2.5500,2.5500,2.5498,2.5493,2.5479,2.5438,2.5339,2.5120,2.4683,2.3893,2.2588,2.0603,1.7777
838.0000,29.1101,29.1150,29.1298,29.1546,29.1894,29.2346,29.2903,29.3568,29.4346,29.5241,29.6256,29.7397,29.8669,30.0077,30.1628,30.3325,30.5175,30.7182,30.9348,31.1679,31.4174,2.5500,2.5500,2.5500,2.5500,2.5500,2.5500,2.5500,2.5500,2.5500,2.5500,2.5498,2.5493,2.5478,2.5438,2.5339,2.5119,2.4681,2.3890,2.2584,2.0599,1.7774
839.0000,29.1134,29.1184,29.1332,29.1580,29.1928,29.2380,29.2938,29.3605,29.4384,29.5279,29.6295,29.7437,29.8711,30.0121,30.1672,30.3371,30.5222,30.7229,30.9397,31.1728,31.4224,2.5500,2.5500,2.5500,2.5500,2.5500,2.5500,2.5500,2.5500,2.5500,2.5500,2.5498,2.5493,2.5478,2.5438,2.5338,2.5118,2.4679,2.3887,2.2581,2.0595,1.7770
840.0000,29.1168,29.1217,29.1365,29.1613,29.1963,29.2415,29.2974,29.3641,29.4421,29.5317,29.6335,29.7478,29.8753,30.0164,30.1717,30.3417,30.5269,30.7277,30.9446,31.1777,31.4274,2.5500,2.5500,2.5500,2.5500,2.5500,2.5500,2.5500,2.5500,2.5500,2.5500,2.5498,2.5493,2.5478,2.5437,2.5337,2.5117,2.4677,2.3884,2.2578,2.0591,1.7766
841.0000,29.1201,29.1250,29.1399,29.1647,29.1997,29.2450,29.3009,29.3677,29.4458,29.5356,29.6374,29.7519,29.8795,30.0207,30.1761,30.3462,30.5316,30.7325,30.9494,31.1827,31.4324,2.5500,2.5500,2.5500,2.5500,2.5500,2.5500,2.5500,2.5500,2.5500,2.5499,2.5498,2.5493,2.5478,2.5437,2.5337,2.5115,2.4675,2.3882,2.2574,2.0587,1.7762
842.0000,29.1234,29.1284,29.1433,29.1681,29.2032,29.2485,29.3045,29.3714,29.4496,29.5394,29.6414,29.7560,29.8837,30.0250,30.1806,30.3508,30.5362,30.7373,30.9543,31.1876,31.4374,2.5500,2.5500,2.5500,2.5500,2.5500,2.5500,2.5500,2.5500,2.5500,2.5499,2.5498,2.5493,2.5478,2.5437,2.5336,2.5114,2.4674,2.3879,2.2571,2.0583,1.7759
843.0000,29.1268,29.1317,29.1466,29.1715,29.2066,29.2520,29.3081,29.3751,29.4533,29.5433,29.6453,29.7600,29.8879,30.0293,30.1850,30.3554,30.5409,30.7420,30.9592,31.1925,31.4424,2.5500,2.5500,2.5500,2.5500,2.5500,2.5500,2.5500,2.5500,2.5500,2.5499,2.5498,2.5493,2.5478,2.5436,2.5335,2.5113,2.4672,2.3876,2.2567,2.0580,1.7755
844.0000,29.1301,29.1351,29.1500,29.1749,29.2100,29.2555,29.3117,29.3787,29.4571,29.5471,29.6493,29.7641,29.8921,30.0337,30.1895,30.3599,30.5456,30.7468,30.9640,31.1975,31.4474,2.5500,2.5500,2.5500,2.5500,2.5500,2.5500,2.5500,2.5500,2.5500,2.5499,2.5498,2.5493,2.5478,2.5436,2.5335,2.5112,2.4670,2.3874,2.2564,2.0576,1.7751
845.0000,29.1335,29.1384,29.1534,29.1783,29.2135,29.2590,29.3152,29.3824,29.4608,29.5510,29.6533,29.7682,29.8963,30.0380,30.1939,30.3645,30.5503,30.7516,30.9689,31.2024,31.4525,2.5500,2.5500,2.5500,2.5500,2.5500,2.5500,2.5500,2.5500,2.5500,2.5499,2.5498,2.5493,2.5478,2.5436,2.5334,2.5111,2.4668,2.3871,2.2560,2.0572,1.7747
846.0000,29.1368,29.1418,29.1567,29.1818,29.2170,29.2626,29.3188,29.3860,29.4646,29.5548,29.6572,29.7723,29.9005,30.0423,30.1984,30.3691,30.5549,30.7564,30.9737,31.2073,31.4575,2.5500,2.5500,2.5500,2.5500,2.5500,2.5500,2.5500,2.5500,2.5500,2.5499,2.5498,2.5493,2.5477,2.5436,2.5333,2.5110,2.4666,2.3868,2.2557,2.0568,1.7744
847.0000,29.1402,29.1452,29.1601,29.1852,29.2204,29.2661,29.3224,29.3897,29.4683,29.5587,29.6612,29.7764,29.9047,30.0467,30.2028,30.3736,30.5596,30.7611,30.9786,31.2123,31.4625,2.5500,2.5500,2.5500,2.5500,2.5500,2.5500,2.5500,2.5500,2.5500,2.5499,2.5498,2.5493,2.5477,2.5435,2.5333,2.5108,2.4664,2.3866,2.2554,2.0564,1.7740
848.0000,29.1436,29.1485,29.1635,29.1886,29.2239,29.2696,29.3260,29.3934,29.4721,29.5625,29.6652,29.7805,29.9089,30.0510,30.2073,30.3782,30.5643,30.7659,30.9835,31.2172,31.4676,2.5500,2.5500,2.5500,2.5500,2.5500,2.5500,2.5500,2.5500,2.5500,2.5499,2.5498,2.5493,2.5477,2.5435,2.5332,2.5107,2.4662,2.3863,2.2550,2.0561,1.7736
849.0000,29.1469,29.1519,29.1669,29.1920,29.2274,29.2731,29.3296,29.3970,29.4759,29.5664,29.6691,29.7845,29.9131,30.0553,30.2117,30.3828,30.5689,30.7707,30.9883,31.2222,31.4726,2.5500,2.5500,2.5500,2.5500,2.5500,2.5500,2.5500,2.5500,2.5500,2.5499,2.5498,2.5493,2.5477,2.5435,2.5332,2.5106,2.4660,2.3860,2.2547,2.0557,1.7733
850.0000,29.1503,29.1553,29.1703,29.1954,29.2308,29.2767,29.3332,29.4007,29.4796,29.5703,29.6731,29.7886,29.9173,30.0596,30.2162,30.3873,30.5736,30.7754,30.9932,31.2271,31.4776,2.5500,2.5500,2.5500,2.5500,2.5500,2.5500,2.5500,2.5500,2.5500,2.5499,2.5498,2.5493,2.5477,2.5434,2.5331,2.5105,2.4659,2.3858,2.2543,2.0553,1.7729
851.0000,29.1537,29.1587,29.1737,29.1989,29.2343,29.2802,29.3368,29.4044,29.4834,29.5742,29.6771,29.7927,29.9215,30.0640,30.2206,30.3919,30.5783,30.7802,30.9980,31.2321,31.4827,2.5500,2.5500,2.5500,2.5500,2.5500,2.5500,2.5500,2.5500,2.5500,2.5499,2.5498,2.5493,2.5477,2.5434,2.5330,2.5104,2.4657,2.3855,2.2540,2.0549,1.7725
852.0000,29.1570,29.1621,29.1771,29.2023,29.2378,29.2837,29.3404,29.4081,29.4872,29.5780,29.6811,29.7968,29.9257,30.0683,30.2251,30.3965,30.5830,30.7850,31.0029,31.2370,31.4877,2.5500,2.5500,2.5500,2.5500,2.5500,2.5500,2.5500,2.5500,2.5500,2.5499,2.5498,2.5493,2.5477,2.5434,2.5330,2.5103,2.4655,2.3852,2.2537,2.0545,1.7721
853.0000,29.1604,29.1655,29.1805,29.2058,29.2413,29.2873,29.3440,29.4118,29.4910,29.5819,29.6851,29.8009,29.9300,30.0726,30.2295,30.4010,30.5876,30.7897,31.0077,31.2420,31.4927,2.5500,2.5500,2.5500,2.5500,2.5500,2.5500,2.5500,2.5500,2.5500,2.5499,2.5498,2.5492,2.5476,2.5433,2.5329,2.5101,2.4653,2.3850,2.2533,2.0542,1.7718
854.0000,29.1638,29.1688,29.1839,29.2092,29.2448,29.2908,29.3476,29.4155,29.4947,29.5858,29.6891,29.8050,29.9342,30.0770,30.2340,30.4056,30.5923,30.7945,31.0126,31.2469,31.4978,2.5500,2.5500,2.5500,2.5500,2.5500,2.5500,2.5500,2.5500,2.5500,2.5499,2.5498,2.5492,2.5476,2.5433,2.5328,2.5100,2.4651,2.3847,2.2530,2.0538,1.7714
855.0000,29.1672,29.1722,29.1874,29.2127,29.2483,29.2944,29.3512,29.4192,29.4985,29.5897,29.6931,29.8091,29.9384,30.0813,30.2384,30.4101,30.5970,30.7993,31.0175,31.2519,31.5028,2.5500,2.5500,2.5500,2.5500,2.5500,2.5500,2.5500,2.5500,2.5500,2.5499,2.5498,2.5492,2.5476,2.5433,2.5328,2.5099,2.4649,2.3844,2.2526,2.0534,1.7710
856.0000,29.1706,29.1757,29.1908,29.2161,29.2518,29.2979,29.3549,29.4229,29.5023,29.5936,29.6971,29.8132,29.9426,30.0857,30.2429,30.4147,30.6016,30.8041,31.0223,31.2568,31.5079,2.5500,2.5500,2.5500,2.5500,2.5500,2.5500,2.5500,2.5500,2.5500,2.5499,2.5498,2.5492,2.5476,2.5432,2.5327,2.5098,2.4647,2.3842,2.2523,2.0530,1.7707
857.0000,29.1740,29.1791,29.1942,29.2196,29.2553,29.3015,29.3585,29.4266,29.5061,29.5975,29.7011,29.8174,29.9468,30.0900,30.2473,30.4193,30.6063,30.8088,31.0272,31.2618,31.5129,2.5500,2.5500,2.5500,2.5500,2.5500,2.5500,2.5500,2.5500,2.5500,2.5499,2.5498,2.5492,2.5476,2.5432,2.5326,2.5097,2.4645,2.3839,2.2520,2.0526,1.7703
858.0000,29.1774,29.1825,29.1976,29.2230,29.2588,29.3051,29.3621,29.4303,29.5099,29.6014,29.7051,29.8215,29.9511,30.0943,30.2518,30.4238,30.6110,30.8136,31.0321,31.2667,31.5180,2.5500,2.5500,2.5500,2.5500,2.5500,2.5500,2.5500,2.5500,2.5500,2.5499,2.5498,2.5492,2.5476,2.5432,2.5326,2.5096,2.4644,2.3836,2.2516,2.0523,1.7699
859.0000,29.1808,29.1859,29.2011,29.2265,29.2623,29.3086,29.3658,29.4340,29.5137,29.6053,29.7091,29.8256,29.9553,30.0987,30.2562,30.4284,30.6156,30.8184,31.0369,31.2717,31.5230,2.5500,2.5500,2.5500,2.5500,2.5500,2.5500,2.5500,2.5500,2.5500,2.5499,2.5498,2.5492,2.5476,2.5431,2.5325,2.5094,2.4642,2.3833,2.2513,2.0519,1.7696
860.0000,29.1842,29.1893,29.2045,29.2300,29.2658,29.3122,29.3694,29.4377,29.5175,29.6092,29.7131,29.8297,29.9595,30.1030,30.2607,30.4330,30.6203,30.8231,31.0418,31.2766,31.5281,2.5500,2.5500,2.5500,2.5500,2.5500,2.5500,2.5500,2.5500,2.5500,2.5499,2.5498,2.5492,2.5475,2.5431,2.5324,2.5093,2.4640,2.3831,2.2509,2.0515,1.7692
861.0000,29.1877,29.1927,29.2080,29.2334,29.2693,29.3158,29.3731,29.4415,29.5213,29.6131,29.7171,29.8338,29.9638,30.1074,30.2652,30.4375,30.6250,30.8279,31.0466,31.2816,31.5331,2.5500,2.5500,2.5500,2.5500,2.5500,2.5500,2.5500,2.5500,2.5500,2.5499,2.5498,2.5492,2.5475,2.5431,2.5324,2.5092,2.4638,2.3828,2.2506,2.0511,1.7688
862.0000,29.1911,29.1962,29.2114,29.2369,29.2728,29.3193,29.3767,29.4452,29.5251,29.6170,29.7211,29.8379,29.9680,30.1117,30.2696,30.4421,30.6297,30.8327,31.0515,31.2866,31.5382,2.5500,2.5500,2.5500,2.5500,2.5500,2.5500,2.5500,2.5500,2.5500,2.5499,2.5498,2.5492,2.5475,2.5430,2.5323,2.5091,2.4636,2.3825,2.2503,2.0507,1.7685
863.0000,29.1945,29.1996,29.2149,29.2404,29.2764,29.3229,29.3803,29.4489,29.5290,29.6209,29.7251,29.8421,29.9722,30.1161,30.2741,30.4467,30.6343,30.8374,31.0564,31.2915,31.5432,2.5500,2.5500,2.5500,2.5500,2.5500,2.5500,2.5500,2.5500,2.5500,2.5499,2.5498,2.5492,2.5475,2.5430,2.5322,2.5090,2.4634,2.3823,2.2499,2.0504,1.7681
864.0000,29.1980,29.2030,29.2183,29.2439,29.2799,29.3265,29.3840,29.4526,29.5328,29.6248,29.7291,29.8462,29.9765,30.1204,30.2785,30.4512,30.6390,30.8422,31.0612,31.2965,31.5483,2.5500,2.5500,2.5500,2.5500,2.5500,2.5500,2.5500,2.5500,2.5500,2.5499,2.5498,2.5492,2.5475,2.5430,2.5322,2.5089,2.4632,2.3820,2.2496,2.0500,1.7677
865.0000,29.2014,29.2065,29.2218,29.2474,29.2834,29.3301,29.3877,29.4564,29.5366,29.6287,29.7332,29.8503,29.9807,30.1248,30.2830,30.4558,30.6437,30.8470,31.0661,31.3014,31.5533,2.5500,2.5500,2.5500,2.5500,2.5500,2.5500,2.5500,2.5500,2.5500,2.5499,2.5498,2.5492,2.5475,2.5429,2.5321,2.5087,2.4630,2.3817,2.2493,2.0496,1.7674
866.0000,29.2048,29.2099,29.2253,29.2509,29.2870,29.3337,29.3913,29.4601,29.5404,29.6326,29.7372,29.8545,29.9850,30.1291,30.2875,30.4604,30.6483,30.8517,31.0710,31.3064,31.5584,2.5500,2.5500,2.5500,2.5500,2.5500,2.5500,2.5500,2.5500,2.5500,2.5499,2.5498,2.5492,2.5475,2.5429,2.5321,2.5086,2.4628,2.3815,2.2489,2.0492,1.7670
867.0000,29.2083,29.2134,29.2287,29.2544,29.2905,29.3373,29.3950,29.4639,29.5443,29.6366,29.7412,29.8586,29.9892,30.1335,30.2919,30.4650,30.6530,30.8565,31.0758,31.3113,31.5634,2.5500,2.5500,2.5500,2.5500,2.5500,2.5500,2.5500,2.5500,2.5500,2.5499,2.5498,2.5492,2.5474,2.5429,2.5320,2.5085,2.4627,2.3812,2.2486,2.0489,1.7666
868.0000,29.2117,29.2168,29.2322,29.2579,29.2941,29.3409,29.3987,29.4676,29.5481,29.6405,29.7452,29.8627,29.9934,30.1378,30.2964,30.4695,30.6577,30.8613,31.0807,31.3163,31.5685,2.5500,2.5500,2.5500,2.5500,2.5500,2.5500,2.5500,2.5500,2.5500,2.5499,2.5498,2.5492,2.5474,2.5428,2.5319,2.5084,2.4625,2.3809,2.2482,2.0485,1.7663
869.0000,29.2152,29.2203,29.2357,29.2614,29.2976,29.3445,29.4023,29.4714,29.5519,29.6444,29.7493,29.8669,29.9977,30.1422,30.3008,30.4741,30.6624,30.8661,31.0856,31.3213,31.5735,2.5500,2.5500,2.5500,2.5500,2.5500,2.5500,2.5500,2.5500,2.5500,2.5499,2.5498,2.5492,2.5474,2.5428,2.5319,2.5083,2.4623,2.3807,2.2479,2.0481,1.7659
870.0000,29.2186,29.2238,29.2392,29.2649,29.3012,29.3481,29.4060,29.4751,29.5558,29.6484,29.7533,29.8710,30.0019,30.1466,30.3053,30.4787,30.6670,30.8708,31.0904,31.3262,31.5786,2.5500,2.5500,2.5500,2.5500,2.5500,2.5500,2.5500,2.5500,2.5500,2.5499,2.5498,2.5492,2.5474,2.5428,2.5318,2.5081,2.4621,2.3804,2.2476,2.0477,1.7655
871.0000,29.2221,29.2272,29.2426,29.2684,29.3047,29.3517,29.4097,29.4789,29.5596,29.6523,29.7573,29.8751,30.0062,30.1509,30.3098,30.4832,30.6717,30.8756,31.0953,31.3312,31.5836,2.5500,2.5500,2.5500,2.5500,2.5500,2.5500,2.5500,2.5500,2.5500,2.5499,2.5497,2.5491,2.5474,2.5428,2.5317,2.5080,2.4619,2.3801,2.2472,2.0474,1.7652
872.0000,29.2256,29.2307,29.2461,29.2720,29.3083,29.3554,29.4134,29.4826,29.5635,29.6562,29.7614,29.8793,30.0104,30.1553,30.3142,30.4878,30.6764,30.8804,31.1002,31.3362,31.5887,2.5500,2.5500,2.5500,2.5500,2.5500,2.5500,2.5500,2.5500,2.5500,2.5499,2.5497,2.5491,2.5474,2.5427,2.5317,2.5079,2.4617,2.3799,2.2469,2.0470,1.7648
873.0000,29.2290,29.2342,29.2496,29.2755,29.3119,29.3590,29.4171,29.4864,29.5673,29.6602,29.7654,29.8834,30.0147,30.1596,30.3187,30.4924,30.6811,30.8851,31.1050,31.3411,31.5937,2.5500,2.5500,2.5500,2.5500,2.5500,2.5500,2.5500,2.5500,2.5500,2.5499,2.5497,2.5491,2.5474,2.5427,2.5316,2.5078,2.4615,2.3796,2.2466,2.0466,1.7644
874.0000,29.2325,29.2377,29.2531,29.2790,29.3155,29.3626,29.4208,29.4902,29.5712,29.6641,29.7695,29.8876,30.0189,30.1640,30.3232,30.4970,30.6857,30.8899,31.1099,31.3461,31.5988,2.5500,2.5500,2.5500,2.5500,2.5500,2.5500,2.5500,2.5500,2.5500,2.5499,2.5497,2.5491,2.5473,2.5427,2.5315,2.5077,2.4613,2.3793,2.2462,2.0462,1.7641
875.0000,29.2360,29.2411,29.2566,29.2826,29.3190,29.3662,29.4245,29.4939,29.5750,29.6681,29.7735,29.8917,30.0232,30.1684,30.3277,30.5015,30.6904,30.8947,31.1148,31.3510,31.6038,2.5500,2.5500,2.5500,2.5500,2.5500,2.5500,2.5500,2.5500,2.5500,2.5499,2.5497,2.5491,2.5473,2.5426,2.5315,2.5076,2.4611,2.3791,2.2459,2.0459,1.7637
876.0000,29.2395,29.2446,29.2601,29.2861,29.3226,29.3699,29.4282,29.4977,29.5789,29.6720,29.7776,29.8959,30.0275,30.1727,30.3321,30.5061,30.6951,30.8995,31.1197,31.3560,31.6089,2.5500,2.5500,2.5500,2.5500,2.5500,2.5500,2.5500,2.5500,2.5500,2.5499,2.5497,2.5491,2.5473,2.5426,2.5314,2.5074,2.4610,2.3788,2.2456,2.0455,1.7633
877.0000,29.2430,29.2481,29.2637,29.2896,29.3262,29.3735,29.4319,29.5015,29.5827,29.6760,29.7816,29.9000,30.0317,30.1771,30.3366,30.5107,30.6998,30.9042,31.1245,31.3610,31.6140,2.5500,2.5500,2.5500,2.5500,2.5500,2.5500,2.5500,2.5500,2.5500,2.5499,2.5497,2.5491,2.5473,2.5426,2.5313,2.5073,2.4608,2.3785,2.2452,2.0451,1.7630
878.0000,29.2464,29.2516,29.2672,29.2932,29.3298,29.3772,29.4356,29.5053,29.5866,29.6799,29.7857,29.9042,30.0360,30.1815,30.3411,30.5153,30.7044,30.9090,31.1294,31.3659,31.6190,2.5500,2.5500,2.5500,2.5500,2.5500,2.5500,2.5500,2.5500,2.5500,2.5499,2.5497,2.5491,2.5473,2.5425,2.5313,2.5072,2.4606,2.3783,2.2449,2.0448,1.7626
879.0000,29.2499,29.2551,29.2707,29.2967,29.3334,29.3808,29.4393,29.5091,29.5905,29.6839,29.7897,29.9084,30.0402,30.1858,30.3455,30.5198,30.7091,30.9138,31.1343,31.3709,31.6241,2.5500,2.5500,2.5500,2.5500,2.5500,2.5500,2.5500,2.5500,2.5500,2.5499,2.5497,2.5491,2.5473,2.5425,2.5312,2.5071,2.4604,2.3780,2.2445,2.0444,1.7623
880.0000,29.2534,29.2586,29.2742,29.3003,29.3370,29.3845,29.4430,29.5128,29.5943,29.6879,29.7938,29.9125,30.0445,30.1902,30.3500,30.5244,30.7138,30.9186,31.1391,31.3759,31.6291,2.5500,2.5500,2.5500,2.5500,2.5500,2.5500,2.5500,2.5500,2.5500,2.5499,2.5497,2.5491,2.5473,2.5425,2.5311,2.5070,2.4602,2.3777,2.2442,2.0440,1.7619
881.0000,29.2569,29.2621,29.2777,29.3038,29.3406,29.3881,29.4467,29.5166,29.5982,29.6918,29.7978,29.9167,30.0488,30.1946,30.3545,30.5290,30.7185,30.9234,31.1440,31.3808,31.6342,2.5500,2.5500,2.5500,2.5500,2.5500,2.5500,2.5500,2.5500,2.5500,2.5499,2.5497,2.5491,2.5472,2.5424,2.5311,2.5068,2.4600,2.3775,2.2439,2.0436,1.7615
882.0000,29.2605,29.2657,29.2813,29.3074,29.3442,29.3918,29.4504,29.5204,29.6021,29.6958,29.8019,29.9208,30.0530,30.1989,30.3590,30.5336,30.7232,30.9281,31.1489,31.3858,31.6392,2.5500,2.5500,2.5500,2.5500,2.5500,2.5500,2.5500,2.5500,2.5500,2.5499,2.5497,2.5491,2.5472,2.5424,2.5310,2.5067,2.4598,2.3772,2.2435,2.0433,1.7612
883.0000,29.2640,29.2692,29.2848,29.3110,29.3478,29.3954,29.4542,29.5242,29.6060,29.6998,29.8060,29.9250,30.0573,30.2033,30.3634,30.5381,30.7278,30.9329,31.1538,31.3908,31.6443,2.5500,2.5500,2.5500,2.5500,2.5500,2.5500,2.5500,2.5500,2.5500,2.5499,2.5497,2.5491,2.5472,2.5423,2.5309,2.5066,2.4596,2.3769,2.2432,2.0429,1.7608
884.0000,29.2675,29.2727,29.2884,29.3145,29.3514,29.3991,29.4579,29.5280,29.6099,29.7037,29.8100,29.9292,30.0616,30.2077,30.3679,30.5427,30.7325,30.9377,31.1586,31.3957,31.6494,2.5500,2.5500,2.5500,2.5500,2.5500,2.5500,2.5500,2.5500,2.5500,2.5499,2.5497,2.5491,2.5472,2.5423,2.5308,2.5065,2.4594,2.3767,2.2429,2.0425,1.7604
885.0000,29.2710,29.2762,29.2919,29.3181,29.3550,29.4028,29.4616,29.5318,29.6138,29.7077,29.8141,29.9333,30.0659,30.2121,30.3724,30.5473,30.7372,30.9425,31.1635,31.4007,31.6544,2.5500,2.5500,2.5500,2.5500,2.5500,2.5500,2.5500,2.5500,2.5500,2.5499,2.5497,2.5491,2.5472,2.5423,2.5308,2.5064,2.4593,2.3764,2.2425,2.0422,1.7601
886.0000,29.2745,29.2798,29.2954,29.3217,29.3586,29.4064,29.4654,29.5356,29.6176,29.7117,29.8182,29.9375,30.0701,30.2164,30.3769,30.5519,30.7419,30.9473,31.1684,31.4057,31.6595,2.5500,2.5500,2.5500,2.5500,2.5500,2.5500,2.5500,2.5500,2.5500,2.5499,2.5497,2.5491,2.5472,2.5422,2.5307,2.5062,2.4591,2.3761,2.2422,2.0418,1.7597
887.0000,29.2781,29.2833,29.2990,29.3253,29.3623,29.4101,29.4691,29.5395,29.6215,29.7157,29.8223,29.9417,30.0744,30.2208,30.3814,30.5565,30.7466,30.9520,31.1733,31.4107,31.6646,2.5500,2.5500,2.5500,2.5500,2.5500,2.5500,2.5500,2.5500,2.5500,2.5499,2.5497,2.5491,2.5471,2.5422,2.5306,2.5061,2.4589,2.3759,2.2419,2.0414,1.7594
888.0000,29.2816,29.2868,29.3026,29.3289,29.3659,29.4138,29.4728,29.5433,29.6254,29.7197,29.8263,29.9459,30.0787,30.2252,30.3858,30.5611,30.7513,30.9568,31.1782,31.4156,31.6696,2.5500,2.5500,2.5500,2.5500,2.5500,2.5500,2.5500,2.5500,2.5500,2.5499,2.5497,2.5490,2.5471,2.5422,2.5306,2.5060,2.4587,2.3756,2.2415,2.0410,1.7590
889.0000,29.2851,29.2904,29.3061,29.3325,29.3695,29.4175,29.4766,29.5471,29.6293,29.7236,29.8304,29.9500,30.0830,30.2296,30.3903,30.5656,30.7559,30.9616,31.1830,31.4206,31.6747,2.5500,2.5500,2.5500,2.5500,2.5500,2.5500,2.5500,2.5500,2.5500,2.5499,2.5497,2.5490,2.5471,2.5421,2.5305,2.5059,2.4585,2.3753,2.2412,2.0407,1.7586
890.0000,29.2887,29.2939,29.3097,29.3361,29.3732,29.4212,29.4803,29.5509,29.6332,29.7276,29.8345,29.9542,30.0872,30.2340,30.3948,30.5702,30.7606,30.9664,31.1879,31.4256,31.6797,2.5500,2.5500,2.5500,2.5500,2.5500,2.5500,2.5500,2.5500,2.5500,2.5499,2.5497,2.5490,2.5471,2.5421,2.5304,2.5058,2.4583,2.3751,2.2409,2.0403,1.7583
891.0000,29.2922,29.2975,29.3133,29.3397,29.3768,29.4249,29.4841,29.5547,29.6371,29.7316,29.8386,29.9584,30.0915,30.2383,30.3993,30.5748,30.7653,30.9712,31.1928,31.4305,31.6848,2.5500,2.5500,2.5500,2.5500,2.5500,2.5500,2.5500,2.5500,2.5500,2.5499,2.5497,2.5490,2.5471,2.5421,2.5304,2.5056,2.4581,2.3748,2.2405,2.0399,1.7579
892.0000,29.2958,29.3010,29.3168,29.3433,29.3804,29.4286,29.4878,29.5586,29.6410,29.7356,29.8427,29.9626,30.0958,30.2427,30.4038,30.5794,30.7700,30.9760,31.1977,31.4355,31.6899,2.5500,2.5500,2.5500,2.5500,2.5500,2.5500,2.5500,2.5500,2.5500,2.5499,2.5497,2.5490,2.5471,2.5420,2.5303,2.5055,2.4579,2.3745,2.2402,2.0396,1.7576
893.0000,29.2993,29.3046,29.3204,29.3469,29.3841,29.4323,29.4916,29.5624,29.6450,29.7396,29.8468,29.9668,30.1001,30.2471,30.4083,30.5840,30.7747,30.9807,31.2025,31.4405,31.6949,2.5500,2.5500,2.5500,2.5500,2.5500,2.5500,2.5500,2.5500,2.5500,2.5499,2.5497,2.5490,2.5471,2.5420,2.5302,2.5054,2.4577,2.3743,2.2399,2.0392,1.7572
894.0000,29.3029,29.3081,29.3240,29.3505,29.3877,29.4360,29.4954,29.5662,29.6489,29.7436,29.8509,29.9710,30.1044,30.2515,30.4128,30.5886,30.7794,30.9855,31.2074,31.4455,31.7000,2.5500,2.5500,2.5500,2.5500,2.5500,2.5500,2.5500,2.5500,2.5500,2.5499,2.5497,2.5490,2.5470,2.5420,2.5302,2.5053,2.4575,2.3740,2.2395,2.0388,1.7569
895.0000,29.3064,29.3117,29.3276,29.3541,29.3914,29.4397,29.4991,29.5701,29.6528,29.7476,29.8549,29.9752,30.1087,30.2559,30.4173,30.5932,30.7841,30.9903,31.2123,31.4504,31.7051,2.5500,2.5500,2.5500,2.5500,2.5500,2.5500,2.5500,2.5500,2.5500,2.5499,2.5497,2.5490,2.5470,2.5419,2.5301,2.5052,2.4574,2.3737,2.2392,2.0385,1.7565
896.0000,29.3100,29.3153,29.3312,29.3577,29.3950,29.4434,29.5029,29.5739,29.6567,29.7516,29.8590,29.9794,30.1130,30.2603,30.4218,30.5978,30.7887,30.9951,31.2172,31.4554,31.7101,2.5500,2.5500,2.5500,2.5500,2.5500,2.5500,2.5500,2.5500,2.5500,2.5499,2.5497,2.5490,2.5470,2.5419,2.5300,2.5050,2.4572,2.3735,2.2389,2.0381,1.7561
897.0000,29.3136,29.3189,29.3347,29.3613,29.3987,29.4471,29.5067,29.5778,29.6606,29.7556,29.8631,29.9835,30.1173,30.2647,30.4262,30.6024,30.7934,30.9999,31.2221,31.4604,31.7152,2.5500,2.5500,2.5500,2.5500,2.5500,2.5500,2.5500,2.5500,2.5500,2.5499,2.5497,2.5490,2.5470,2.5419,2.5300,2.5049,2.4570,2.3732,2.2385,2.0377,1.7558
898.0000,29.3171,29.3224,29.3383,29.3649,29.4024,29.4508,29.5105,29.5816,29.6646,29.7596,29.8672,29.9877,30.1215,30.2691,30.4307,30.6070,30.7981,31.0047,31.2270,31.4654,31.7203,2.5500,2.5500,2.5500,2.5500,2.5500,2.5500,2.5500,2.5500,2.5500,2.5499,2.5497,2.5490,2.5470,2.5418,2.5299,2.5048,2.4568,2.3729,2.2382,2.0374,1.7554
899.0000,29.3207,29.3260,29.3419,29.3686,29.4060,29.4545,29.5142,29.5855,29.6685,29.7637,29.8713,29.9919,30.1258,30.2735,30.4352,30.6115,30.8028,31.0095,31.2318,31.4703,31.7253,2.5500,2.5500,2.5500,2.5500,2.5500,2.5500,2.5500,2.5500,2.5500,2.5499,2.5497,2.5490,2.5470,2.5418,2.5298,2.5047,2.4566,2.3727,2.2379,2.0370,1.7551
900.0000,29.3243,29.3296,29.3455,29.3722,29.4097,29.4583,29.5180,29.5893,29.6724,29.7677,29.8755,29.9961,30.1301,30.2779,30.4397,30.6161,30.8075,31.0142,31.2367,31.4753,31.7304,2.5500,2.5500,2.5500,2.5500,2.5500,2.5500,2.5500,2.5500,2.5500,2.5499,2.5497,2.5490,2.5469,2.5418,2.5298,2.5045,2.4564,2.3724,2.2375,2.0366,1.7547
901.0000,29.3279,29.3332,29.3492,29.3758,29.4134,29.4620,29.5218,29.5932,29.6764,29.7717,29.8796,30.0003,30.1344,30.2823,30.4442,30.6207,30.8122,31.0190,31.2416,31.4803,31.7355,2.5500,2.5500,2.5500,2.5500,2.5500,2.5500,2.5500,2.5500,2.5500,2.5499,2.5497,2.5490,2.5469,2.5417,2.5297,2.5044,2.4562,2.3721,2.2372,2.0363,1.7544
902.0000,29.3315,29.3368,29.3528,29.3795,29.4171,29.4657,29.5256,29.5970,29.6803,29.7757,29.8837,30.0045,30.1387,30.2867,30.4487,30.6253,30.8169,31.0238,31.2465,31.4853,31.7407,2.5500,2.5500,2.5500,2.5500,2.5500,2.5500,2.5500,2.5500,2.5500,2.5499,2.5497,2.5490,2.5469,2.5417,2.5296,2.5043,2.4560,2.3719,2.2369,2.0359,1.7540
903.0000,29.3351,29.3404,29.3564,29.3831,29.4208,29.4694,29.5294,29.6009,29.6842,29.7797,29.8878,30.0088,30.1430,30.2911,30.4532,30.6299,30.8216,31.0286,31.2514,31.4903,31.7459,2.5500,2.5500,2.5500,2.5500,2.5500,2.5500,2.5500,2.5500,2.5500,2.5499,2.5497,2.5489,2.5469,2.5417,2.5295,2.5042,2.4558,2.3716,2.2366,2.0355,1.7536
904.0000,29.3387,29.3440,29.3600,29.3868,29.4244,29.4732,29.5332,29.6048,29.6882,29.7838,29.8919,30.0130,30.1473,30.2955,30.4577,30.6345,30.8263,31.0334,31.2563,31.4953,31.7512,2.5500,2.5500,2.5500,2.5500,2.5500,2.5500,2.5500,2.5500,2.5500,2.5499,2.5497,2.5489,2.5469,2.5416,2.5295,2.5041,2.4556,2.3713,2.2362,2.0352,1.7533
905.0000,29.3423,29.3476,29.3636,29.3904,29.4281,29.4769,29.5370,29.6086,29.6921,29.7878,29.8960,30.0172,30.1517,30.2999,30.4622,30.6391,30.8310,31.0382,31.2612,31.5004,31.7565,2.5500,2.5500,2.5500,2.5500,2.5500,2.5500,2.5500,2.5500,2.5500,2.5499,2.5497,2.5489,2.5469,2.5416,2.5294,2.5039,2.4555,2.3711,2.2359,2.0348,1.7529
906.0000,29.3459,29.3512,29.3673,29.3941,29.4318,29.4807,29.5408,29.6125,29.6961,29.7918,29.9001,30.0214,30.1560,30.3043,30.4667,30.6437,30.8357,31.0430,31.2661,31.5054,31.7618,2.5500,2.5500,2.5500,2.5500,2.5500,2.5500,2.5500,2.5500,2.5500,2.5499,2.5497,2.5489,2.5468,2.5415,2.5293,2.5038,2.4553,2.3708,2.2356,2.0344,1.7526
907.0000,29.3495,29.3548,29.3709,29.3977,29.4355,29.4844,29.5446,29.6164,29.7000,29.7959,29.9043,30.0256,30.1603,30.3087,30.4712,30.6483,30.8404,31.0478,31.2710,31.5105,31.7671,2.5500,2.5500,2.5500,2.5500,2.5500,2.5500,2.5500,2.5500,2.5500,2.5499,2.5497,2.5489,2.5468,2.5415,2.5293,2.5037,2.4551,2.3705,2.2352,2.0341,1.7522
908.0000,29.3531,29.3584,29.3745,29.4014,29.4392,29.4882,29.5484,29.6203,29.7040,29.7999,29.9084,30.0298,30.1646,30.3131,30.4757,30.6529,30.8451,31.0526,31.2759,31.5156,31.7724,2.5500,2.5500,2.5500,2.5500,2.5500,2.5500,2.5500,2.5500,2.5500,2.5499,2.5497,2.5489,2.5468,2.5415,2.5292,2.5036,2.4549,2.3703,2.2349,2.0337,1.7519
909.0000,29.3567,29.3621,29.3782,29.4051,29.4429,29.4919,29.5522,29.6241,29.7079,29.8039,29.9125,30.0340,30.1689,30.3175,30.4802,30.6575,30.8498,31.0574,31.2808,31.5207,31.7778,2.5500,2.5500,2.5500,2.5500,2.5500,2.5500,2.5500,2.5500,2.5500,2.5499,2.5497,2.5489,2.5468,2.5414,2.5291,2.5034,2.4547,2.3700,2.2346,2.0333,1.7515
910.0000,29.3603,29.3657,29.3818,29.4088,29.4467,29.4957,29.5561,29.6280,29.7119,29.8080,29.9166,30.0383,30.1732,30.3219,30.4847,30.6621,30.8545,31.0622,31.2858,31.5258,31.7831,2.5500,2.5500,2.5500,2.5500,2.5500,2.5500,2.5500,2.5500,2.5500,2.5499,2.5497,2.5489,2.5468,2.5414,2.5291,2.5033,2.4545,2.3697,2.2342,2.0330,1.7512
911.0000,29.3639,29.3693,29.3854,29.4124,29.4504,29.4994,29.5599,29.6319,29.7159,29.8120,29.9208,30.0425,30.1775,30.3263,30.4893,30.6668,30.8592,31.0670,31.2907,31.5309,31.7885,2.5500,2.5500,2.5500,2.5500,2.5500,2.5500,2.5500,2.5500,2.5500,2.5499,2.5497,2.5489,2.5468,2.5414,2.5290,2.5032,2.4543,2.3695,2.2339,2.0326,1.7508
912.0000,29.3676,29.3729,29.3891,29.4161,29.4541,29.5032,29.5637,29.6358,29.7198,29.8161,29.9249,30.0467,30.1818,30.3307,30.4938,30.6714,30.8639,31.0719,31.2957,31.5361,31.7939,2.5500,2.5500,2.5500,2.5500,2.5500,2.5500,2.5500,2.5500,2.5500,2.5499,2.5497,2.5489,2.5467,2.5413,2.5289,2.5031,2.4541,2.3692,2.2336,2.0322,1.7505
913.0000,29.3712,29.3766,29.3928,29.4198,29.4578,29.5070,29.5675,29.6397,29.7238,29.8201,29.9290,30.0509,30.1862,30.3351,30.4983,30.6760,30.8686,31.0767,31.3007,31.5412,31.7993,2.5500,2.5500,2.5500,2.5500,2.5500,2.5500,2.5500,2.5500,2.5500,2.5499,2.5497,2.5489,2.5467,2.5413,2.5288,2.5030,2.4539,2.3689,2.2333,2.0319,1.7501
914.0000,29.3748,29.3802,29.3964,29.4235,29.4615,29.5108,29.5714,29.6436,29.7278,29.8242,29.9332,30.0552,30.1905,30.3396,30.5028,30.6806,30.8733,31.0815,31.3057,31.5464,31.8047,2.5500,2.5500,2.5500,2.5500,2.5500,2.5500,2.5500,2.5500,2.5500,2.5499,2.5496,2.5489,2.5467,2.5413,2.5288,2.5028,2.4537,2.3687,2.2329,2.0315,1.7498
915.0000,29.3785,29.3839,29.4001,29.4272,29.4653,29.5145,29.5752,29.6475,29.7317,29.8282,29.9373,30.0594,30.1948,30.3440,30.5073,30.6852,30.8781,31.0864,31.3106,31.5516,31.8102,2.5500,2.5500,2.5500,2.5500,2.5500,2.5500,2.5500,2.5500,2.5500,2.5499,2.5496,2.5489,2.5467,2.5412,2.5287,2.5027,2.4535,2.3684,2.2326,2.0312,1.7494
916.0000,29.3821,29.3875,29.4037,29.4309,29.4690,29.5183,29.5790,29.6514,29.7357,29.8323,29.9415,30.0636,30.1991,30.3484,30.5118,30.6898,30.8828,31.0912,31.3156,31.5568,31.8156,2.5500,2.5500,2.5500,2.5500,2.5500,2.5500,2.5500,2.5500,2.5500,2.5499,2.5496,2.5489,2.5467,2.5412,2.5286,2.5026,2.4534,2.3681,2.2323,2.0308,1.7490
917.0000,29.3858,29.3912,29.4074,29.4346,29.4727,29.5221,29.5829,29.6553,29.7397,29.8363,29.9456,30.0678,30.2035,30.3528,30.5163,30.6944,30.8875,31.0961,31.3206,31.5620,31.8210,2.5500,2.5500,2.5500,2.5500,2.5500,2.5500,2.5500,2.5500,2.5500,2.5499,2.5496,2.5489,2.5467,2.5411,2.5286,2.5025,2.4532,2.3679,2.2319,2.0304,1.7487
918.0000,29.3894,29.3948,29.4111,29.4383,29.4765,29.5259,29.5867,29.6592,29.7437,29.8404,29.9497,30.0721,30.2078,30.3572,30.5209,30.6991,30.8922,31.1009,31.3257,31.5672,31.8265,2.5500,2.5500,2.5500,2.5500,2.5500,2.5500,2.5500,2.5500,2.5500,2.5499,2.5496,2.5488,2.5466,2.5411,2.5285,2.5023,2.4530,2.3676,2.2316,2.0301,1.7483
919.0000,29.3931,29.3985,29.4148,29.4420,29.4802,29.5297,29.5906,29.6631,29.7477,29.8445,29.9539,30.0763,30.2121,30.3617,30.5254,30.7037,30.8970,31.1058,31.3307,31.5724,31.8320,2.5500,2.5500,2.5500,2.5500,2.5500,2.5500,2.5500,2.5500,2.5500,2.5499,2.5496,2.5488,2.5466,2.5411,2.5284,2.5022,2.4528,2.3674,2.2313,2.0297,1.7480
920.0000,29.3967,29.4021,29.4184,29.4457,29.4839,29.5335,29.5944,29.6670,29.7516,29.8485,29.9580,30.0806,30.2164,30.3661,30.5299,30.7083,30.9017,31.1107,31.3357,31.5777,31.8375,2.5500,2.5500,2.5500,2.5500,2.5500,2.5500,2.5500,2.5500,2.5500,2.5499,2.5496,2.5488,2.5466,2.5410,2.5283,2.5021,2.4526,2.3671,2.2310,2.0293,1.7476
921.0000,29.4004,29.4058,29.4221,29.4494,29.4877,29.5373,29.5983,29.6710,29.7556,29.8526,29.9622,30.0848,30.2208,30.3705,30.5344,30.7129,30.9065,31.1155,31.3408,31.5829,31.8430,2.5500,2.5500,2.5500,2.5500,2.5500,2.5500,2.5500,2.5500,2.5500,2.5499,2.5496,2.5488,2.5466,2.5410,2.5283,2.5020,2.4524,2.3668,2.2306,2.0290,1.7473
922.0000,29.4041,29.4095,29.4258,29.4531,29.4914,29.5411,29.6021,29.6749,29.7596,29.8567,29.9664,30.0890,30.2251,30.3749,30.5390,30.7176,30.9112,31.1204,31.3458,31.5882,31.8485,2.5500,2.5500,2.5500,2.5500,2.5500,2.5500,2.5500,2.5500,2.5500,2.5499,2.5496,2.5488,2.5466,2.5410,2.5282,2.5018,2.4522,2.3666,2.2303,2.0286,1.7469
923.0000,29.4077,29.4132,29.4295,29.4568,29.4952,29.5449,29.6060,29.6788,29.7636,29.8607,29.9705,30.0933,30.2294,30.3794,30.5435,30.7222,30.9160,31.1253,31.3509,31.5934,31.8540,2.5500,2.5500,2.5500,2.5500,2.5500,2.5500,2.5500,2.5500,2.5500,2.5499,2.5496,2.5488,2.5466,2.5409,2.5281,2.5017,2.4520,2.3663,2.2300,2.0283,1.7466
924.0000,29.4114,29.4168,29.4332,29.4605,29.4990,29.5487,29.6098,29.6827,29.7676,29.8648,29.9747,30.0975,30.2338,30.3838,30.5480,30.7268,30.9207,31.1302,31.3559,31.5987,31.8595,2.5500,2.5500,2.5500,2.5500,2.5500,2.5500,2.5500,2.5500,2.5500,2.5499,2.5496,2.5488,2.5465,2.5409,2.5281,2.5016,2.4518,2.3660,2.2296,2.0279,1.7462
925.0000,29.4151,29.4205,29.4369,29.4643,29.5027,29.5525,29.6137,29.6867,29.7716,29.8689,29.9788,30.1018,30.2381,30.3882,30.5526,30.7315,30.9255,31.1351,31.3610,31.6040,31.8651,2.5500,2.5500,2.5500,2.5500,2.5500,2.5500,2.5500,2.5500,2.5500,2.5499,2.5496,2.5488,2.5465,2.5408,2.5280,2.5015,2.4516,2.3658,2.2293,2.0275,1.7459
926.0000,29.4188,29.4242,29.4406,29.4680,29.5065,29.5563,29.6176,29.6906,29.7756,29.8730,29.9830,30.1060,30.2425,30.3927,30.5571,30.7361,30.9303,31.1400,31.3661,31.6093,31.8706,2.5500,2.5500,2.5500,2.5500,2.5500,2.5500,2.5500,2.5500,2.5500,2.5499,2.5496,2.5488,2.5465,2.5408,2.5279,2.5013,2.4514,2.3655,2.2290,2.0272,1.7455
927.0000,29.4224,29.4279,29.4443,29.4717,29.5103,29.5601,29.6214,29.6945,29.7796,29.8771,29.9872,30.1103,30.2468,30.3971,30.5616,30.7408,30.9350,31.1449,31.3712,31.6146,31.8762,2.5500,2.5500,2.5500,2.5500,2.5500,2.5500,2.5500,2.5500,2.5500,2.5499,2.5496,2.5488,2.5465,2.5408,2.5278,2.5012,2.4512,2.3652,2.2287,2.0268,1.7452
928.0000,29.4261,29.4316,29.4480,29.4754,29.5140,29.5639,29.6253,29.6985,29.7836,29.8811,29.9913,30.1145,30.2512,30.4016,30.5662,30.7454,30.9398,31.1499,31.3763,31.6199,31.8817,2.5500,2.5500,2.5500,2.5500,2.5500,2.5500,2.5500,2.5500,2.5500,2.5499,2.5496,2.5488,2.5465,2.5407,2.5278,2.5011,2.4511,2.3650,2.2283,2.0265,1.7448
929.0000,29.4298,29.4353,29.4517,29.4792,29.5178,29.5677,29.6292,29.7024,29.7876,29.8852,29.9955,30.1188,30.2555,30.4060,30.5707,30.7501,30.9446,31.1548,31.3814,31.6252,31.8873,2.5500,2.5500,2.5500,2.5500,2.5500,2.5500,2.5500,2.5500,2.5500,2.5499,2.5496,2.5488,2.5465,2.5407,2.5277,2.5010,2.4509,2.3647,2.2280,2.0261,1.7445
930.0000,29.4335,29.4390,29.4554,29.4829,29.5216,29.5716,29.6331,29.7063,29.7917,29.8893,29.9997,30.1231,30.2599,30.4105,30.5753,30.7547,30.9494,31.1597,31.3865,31.6305,31.8929,2.5500,2.5500,2.5500,2.5500,2.5500,2.5500,2.5500,2.5500,2.5500,2.5499,2.5496,2.5488,2.5464,2.5407,2.5276,2.5008,2.4507,2.3644,2.2277,2.0257,1.7441
931.0000,29.4372,29.4427,29.4592,29.4867,29.5254,29.5754,29.6370,29.7103,29.7957,29.8934,30.0038,30.1273,30.2642,30.4149,30.5798,30.7594,30.9542,31.1647,31.3916,31.6359,31.8985,2.5500,2.5500,2.5500,2.5500,2.5500,2.5500,2.5500,2.5500,2.5500,2.5499,2.5496,2.5488,2.5464,2.5406,2.5275,2.5007,2.4505,2.3642,2.2274,2.0254,1.7438
932.0000,29.4409,29.4464,29.4629,29.4904,29.5292,29.5792,29.6408,29.7142,29.7997,29.8975,30.0080,30.1316,30.2686,30.4194,30.5844,30.7641,30.9590,31.1696,31.3968,31.6412,31.9041,2.5500,2.5500,2.5500,2.5500,2.5500,2.5500,2.5500,2.5500,2.5500,2.5499,2.5496,2.5487,2.5464,2.5406,2.5275,2.5006,2.4503,2.3639,2.2270,2.0250,1.7434
933.0000,29.4446,29.4501,29.4666,29.4942,29.5329,29.5831,29.6447,29.7182,29.8037,29.9016,30.0122,30.1358,30.2729,30.4238,30.5889,30.7687,30.9638,31.1746,31.4019,31.6466,31.9097,2.5500,2.5500,2.5500,2.5500,2.5500,2.5500,2.5500,2.5500,2.5500,2.5499,2.5496,2.5487,2.5464,2.5405,2.5274,2.5005,2.4501,2.3636,2.2267,2.0247,1.7431
934.0000,29.4483,29.4538,29.4703,29.4979,29.5367,29.5869,29.6486,29.7221,29.8077,29.9057,30.0164,30.1401,30.2773,30.4283,30.5935,30.7734,30.9686,31.1795,31.4070,31.6519,31.9153,2.5500,2.5500,2.5500,2.5500,2.5500,2.5500,2.5500,2.5500,2.5500,2.5499,2.5496,2.5487,2.5464,2.5405,2.5273,2.5004,2.4499,2.3634,2.2264,2.0243,1.7428
935.0000,29.4520,29.4575,29.4741,29.5017,29.5405,29.5907,29.6525,29.7261,29.8118,29.9098,30.0206,30.1444,30.2816,30.4327,30.5981,30.7781,30.9734,31.1845,31.4122,31.6573,31.9209,2.5500,2.5500,2.5500,2.5500,2.5500,2.5500,2.5500,2.5500,2.5500,2.5499,2.5496,2.5487,2.5463,2.5405,2.5273,2.5002,2.4497,2.3631,2.2261,2.0240,1.7424
936.0000,29.4558,29.4613,29.4778,29.5055,29.5443,29.5946,29.6564,29.7301,29.8158,29.9139,30.0248,30.1487,30.2860,30.4372,30.6026,30.7828,30.9782,31.1895,31.4174,31.6627,31.9265,2.5500,2.5500,2.5500,2.5500,2.5500,2.5500,2.5500,2.5500,2.5500,2.5499,2.5496,2.5487,2.5463,2.5404,2.5272,2.5001,2.4495,2.3629,2.2257,2.0236,1.7421
937.0000,29.4595,29.4650,29.4815,29.5092,29.5481,29.5984,29.6603,29.7340,29.8198,29.9180,30.0289,30.1529,30.2904,30.4416,30.6072,30.7875,30.9830,31.1945,31.4225,31.6681,31.9321,2.5500,2.5500,2.5500,2.5500,2.5500,2.5500,2.5500,2.5500,2.5500,2.5499,2.5496,2.5487,2.5463,2.5404,2.5271,2.5000,2.4493,2.3626,2.2254,2.0232,1.7417
938.0000,29.4632,29.4687,29.4853,29.5130,29.5519,29.6023,29.6642,29.7380,29.8239,29.9221,30.0331,30.1572,30.2947,30.4461,30.6118,30.7922,30.9879,31.1995,31.4277,31.6735,31.9378,2.5500,2.5500,2.5500,2.5500,2.5500,2.5500,2.5500,2.5500,2.5500,2.5499,2.5496,2.5487,2.5463,2.5404,2.5270,2.4999,2.4491,2.3623,2.2251,2.0229,1.7414
939.0000,29.4669,29.4725,29.4890,29.5168,29.5557,29.6061,29.6681,29.7420,29.8279,29.9262,30.0373,30.1615,30.2991,30.4506,30.6163,30.7969,30.9927,31.2045,31.4329,31.6789,31.9434,2.5500,2.5500,2.5500,2.5500,2.5500,2.5500,2.5500,2.5500,2.5500,2.5499,2.5496,2.5487,2.5463,2.5403,2.5270,2.4997,2.4489,2.3621,2.2248,2.0225,1.7410
940.0000,29.4707,29.4762,29.4928,29.5205,29.5596,29.6100,29.6720,29.7459,29.8319,29.9304,30.0415,30.1658,30.3035,30.4551,30.6209,30.8016,30.9975,31.2095,31.4381,31.6843,31.9491,2.5500,2.5500,2.5500,2.5500,2.5500,2.5500,2.5500,2.5500,2.5500,2.5499,2.5496,2.5487,2.5463,2.5403,2.5269,2.4996,2.4488,2.3618,2.2244,2.0222,1.7407
941.0000,29.4744,29.4799,29.4965,29.5243,29.5634,29.6139,29.6760,29.7499,29.8360,29.9345,30.0457,30.1701,30.3079,30.4595,30.6255,30.8063,31.0024,31.2145,31.4433,31.6897,31.9548,2.5500,2.5500,2.5500,2.5500,2.5500,2.5500,2.5500,2.5500,2.5500,2.5499,2.5496,2.5487,2.5462,2.5402,2.5268,2.4995,2.4486,2.3615,2.2241,2.0218,1.7403
942.0000,29.4781,29.4837,29.5003,29.5281,29.5672,29.6177,29.6799,29.7539,29.8400,29.9386,30.0499,30.1743,30.3122,30.4640,30.6301,30.8110,31.0072,31.2195,31.4485,31.6951,31.9604,2.5500,2.5500,2.5500,2.5500,2.5500,2.5500,2.5500,2.5500,2.5500,2.5499,2.5496,2.5487,2.5462,2.5402,2.5267,2.4993,2.4484,2.3613,2.2238,2.0215,1.7400
943.0000,29.4819,29.4874,29.5041,29.5319,29.5710,29.6216,29.6838,29.7579,29.8441,29.9427,30.0541,30.1786,30.3166,30.4685,30.6347,30.8157,31.0121,31.2245,31.4537,31.7005,31.9661,2.5500,2.5500,2.5500,2.5500,2.5500,2.5500,2.5500,2.5500,2.5500,2.5499,2.5496,2.5487,2.5462,2.5402,2.5267,2.4992,2.4482,2.3610,2.2235,2.0211,1.7396
944.0000,29.4856,29.4912,29.5078,29.5357,29.5748,29.6255,29.6877,29.7618,29.8481,29.9468,30.0583,30.1829,30.3210,30.4730,30.6393,30.8204,31.0170,31.2295,31.4589,31.7060,31.9718,2.5500,2.5500,2.5500,2.5500,2.5500,2.5500,2.5500,2.5500,2.5500,2.5499,2.5496,2.5487,2.5462,2.5401,2.5266,2.4991,2.4480,2.3607,2.2231,2.0207,1.7393
945.0000,29.4894,29.4949,29.5116,29.5395,29.5787,29.6293,29.6916,29.7658,29.8522,29.9510,30.0625,30.1872,30.3254,30.4775,30.6439,30.8251,31.0218,31.2346,31.4641,31.7114,31.9775,2.5500,2.5500,2.5500,2.5500,2.5500,2.5500,2.5500,2.5500,2.5500,2.5499,2.5496,2.5486,2.5462,2.5401,2.5265,2.4990,2.4478,2.3605,2.2228,2.0204,1.7389
946.0000,29.4931,29.4987,29.5154,29.5433,29.5825,29.6332,29.6956,29.7698,29.8562,29.9551,30.0667,30.1915,30.3298,30.4820,30.6485,30.8299,31.0267,31.2396,31.4694,31.7169,31.9832,2.5500,2.5500,2.5500,2.5500,2.5500,2.5500,2.5500,2.5500,2.5500,2.5499,2.5496,2.5486,2.5461,2.5400,2.5264,2.4988,2.4476,2.3602,2.2225,2.0200,1.7386
947.0000,29.4969,29.5024,29.5191,29.5471,29.5863,29.6371,29.6995,29.7738,29.8603,29.9592,30.0710,30.1958,30.3342,30.4864,30.6531,30.8346,31.0316,31.2446,31.4746,31.7223,31.9889,2.5500,2.5500,2.5500,2.5500,2.5500,2.5500,2.5500,2.5500,2.5500,2.5499,2.5496,2.5486,2.5461,2.5400,2.5264,2.4987,2.4474,2.3600,2.2222,2.0197,1.7383
948.0000,29.5006,29.5062,29.5229,29.5509,29.5902,29.6410,29.7034,29.7778,29.8643,29.9634,30.0752,30.2001,30.3386,30.4909,30.6577,30.8393,31.0365,31.2497,31.4798,31.7278,31.9946,2.5500,2.5500,2.5500,2.5500,2.5500,2.5500,2.5500,2.5500,2.5500,2.5499,2.5496,2.5486,2.5461,2.5400,2.5263,2.4986,2.4472,2.3597,2.2218,2.0193,1.7379
949.0000,29.5044,29.5100,29.5267,29.5547,29.5940,29.6448,29.7074,29.7818,29.8684,29.9675,30.0794,30.2044,30.3430,30.4954,30.6623,30.8441,31.0413,31.2547,31.4851,31.7333,32.0003,2.5500,2.5500,2.5500,2.5500,2.5500,2.5500,2.5500,2.5500,2.5500,2.5499,2.5495,2.5486,2.5461,2.5399,2.5262,2.4985,2.4470,2.3594,2.2215,2.0190,1.7376
950.0000,29.5082,29.5137,29.5305,29.5585,29.5979,29.6487,29.7113,29.7858,29.8725,29.9716,30.0836,30.2087,30.3474,30.4999,30.6669,30.8488,31.0462,31.2598,31.4903,31.7387,32.0060,2.5500,2.5500,2.5500,2.5500,2.5500,2.5500,2.5500,2.5500,2.5500,2.5499,2.5495,2.5486,2.5461,2.5399,2.5262,2.4983,2.4468,2.3592,2.2212,2.0186,1.7372
951.0000,29.5119,29.5175,29.5343,29.5623,29.6017,29.6526,29.7152,29.7898,29.8765,29.9758,30.0878,30.2130,30.3518,30.5045,30.6716,30.8536,31.0511,31.2649,31.4956,31.7442,32.0117,2.5500,2.5500,2.5500,2.5500,2.5500,2.5500,2.5500,2.5500,2.5500,2.5499,2.5495,2.5486,2.5460,2.5398,2.5261,2.4982,2.4466,2.3589,2.2209,2.0183,1.7369
952.0000,29.5157,29.5213,29.5381,29.5661,29.6056,29.6565,29.7192,29.7938,29.8806,29.9799,30.0921,30.2173,30.3562,30.5090,30.6762,30.8583,31.0560,31.2700,31.5009,31.7497,32.0175,2.5500,2.5500,2.5500,2.5500,2.5500,2.5500,2.5500,2.5500,2.5500,2.5499,2.5495,2.5486,2.5460,2.5398,2.5260,2.4981,2.4464,2.3586,2.2205,2.0179,1.7365
953.0000,29.5195,29.5251,29.5419,29.5699,29.6094,29.6604,29.7231,29.7978,29.8847,29.9841,30.0963,30.2217,30.3606,30.5135,30.6808,30.8631,31.0610,31.2750,31.5061,31.7552,32.0232,2.5500,2.5500,2.5500,2.5500,2.5500,2.5500,2.5500,2.5500,2.5500,2.5499,2.5495,2.5486,2.5460,2.5398,2.5259,2.4980,2.4463,2.3584,2.2202,2.0176,1.7362
954.0000,29.5232,29.5288,29.5457,29.5738,29.6133,29.6643,29.7271,29.8018,29.8888,29.9882,30.1005,30.2260,30.3650,30.5180,30.6854,30.8679,31.0659,31.2801,31.5114,31.7607,32.0290,2.5500,2.5500,2.5500,2.5500,2.5500,2.5500,2.5500,2.5500,2.5500,2.5499,2.5495,2.5486,2.5460,2.5397,2.5259,2.4978,2.4461,2.3581,2.2199,2.0172,1.7359
955.0000,29.5270,29.5326,29.5495,29.5776,29.6171,29.6682,29.7310,29.8058,29.8928,29.9924,30.1047,30.2303,30.3694,30.5225,30.6901,30.8726,31.0708,31.2852,31.5167,31.7662,32.0347,2.5500,2.5500,2.5500,2.5500,2.5500,2.5500,2.5500,2.5500,2.5500,2.5499,2.5495,2.5486,2.5460,2.5397,2.5258,2.4977,2.4459,2.3578,2.2196,2.0168,1.7355
956.0000,29.5308,29.5364,29.5533,29.5814,29.6210,29.6721,29.7350,29.8098,29.8969,29.9965,30.1090,30.2346,30.3738,30.5270,30.6947,30.8774,31.0757,31.2903,31.5220,31.7717,32.0405,2.5500,2.5500,2.5500,2.5500,2.5500,2.5500,2.5500,2.5500,2.5500,2.5499,2.5495,2.5486,2.5460,2.5396,2.5257,2.4976,2.4457,2.3576,2.2193,2.0165,1.7352
957.0000,29.5346,29.5402,29.5571,29.5853,29.6249,29.6760,29.7390,29.8139,29.9010,30.0007,30.1132,30.2389,30.3782,30.5316,30.6994,30.8822,31.0806,31.2954,31.5273,31.7772,32.0462,2.5500,2.5500,2.5500,2.5500,2.5500,2.5500,2.5500,2.5500,2.5500,2.5499,2.5495,2.5485,2.5459,2.5396,2.5256,2.4975,2.4455,2.3573,2.2189,2.0161,1.7348
958.0000,29.5384,29.5440,29.5609,29.5891,29.6287,29.6799,29.7429,29.8179,29.9051,30.0048,30.1175,30.2433,30.3827,30.5361,30.7040,30.8870,31.0856,31.3005,31.5326,31.7828,32.0520,2.5500,2.5500,2.5500,2.5500,2.5500,2.5500,2.5500,2.5500,2.5500,2.5499,2.5495,2.5485,2.5459,2.5396,2.5256,2.4973,2.4453,2.3571,2.2186,2.0158,1.7345
959.0000,29.5422,29.5478,29.5647,29.5929,29.6326,29.6839,29.7469,29.8219,29.9092,30.0090,30.1217,30.2476,30.3871,30.5406,30.7087,30.8918,31.0905,31.3056,31.5379,31.7883,32.0578,2.5500,2.5500,2.5500,2.5500,2.5500,2.5500,2.5500,2.5500,2.5500,2.5499,2.5495,2.5485,2.5459,2.5395,2.5255,2.4972,2.4451,2.3568,2.2183,2.0154,1.7341
960.0000,29.5460,29.5516,29.5685,29.5968,29.6365,29.6878,29.7509,29.8259,29.9133,30.0132,30.1259,30.2519,30.3915,30.5452,30.7133,30.8966,31.0955,31.3108,31.5432,31.7938,32.0636,2.5500,2.5500,2.5500,2.5500,2.5500,2.5500,2.5500,2.5500,2.5500,2.5499,2.5495,2.5485,2.5459,2.5395,2.5254,2.4971,2.4449,2.3565,2.2180,2.0151,1.7338
961.0000,29.5498,29.5554,29.5723,29.6006,29.6404,29.6917,29.7548,29.8300,29.9174,30.0173,30.1302,30.2563,30.3960,30.5497,30.7180,30.9014,31.1004,31.3159,31.5486,31.7994,32.0693,2.5500,2.5500,2.5500,2.5500,2.5500,2.5500,2.5500,2.5500,2.5500,2.5499,2.5495,2.5485,2.5459,2.5394,2.5253,2.4969,2.4447,2.3563,2.2176,2.0147,1.7335
962.0000,29.5536,29.5592,29.5762,29.6045,29.6442,29.6956,29.7588,29.8340,29.9215,30.0215,30.1344,30.2606,30.4004,30.5543,30.7227,30.9062,31.1054,31.3210,31.5539,31.8049,32.0749,2.5500,2.5500,2.5500,2.5500,2.5500,2.5500,2.5500,2.5500,2.5500,2.5499,2.5495,2.5485,2.5458,2.5394,2.5252,2.4968,2.4445,2.3560,2.2173,2.0144,1.7331
963.0000,29.5574,29.5631,29.5800,29.6083,29.6481,29.6995,29.7628,29.8380,29.9256,30.0257,30.1387,30.2649,30.4048,30.5588,30.7273,30.9110,31.1103,31.3262,31.5592,31.8104,32.0804,2.5500,2.5500,2.5500,2.5500,2.5500,2.5500,2.5500,2.5500,2.5500,2.5499,2.5495,2.5485,2.5458,2.5394,2.5252,2.4967,2.4443,2.3557,2.2170,2.0140,1.7328
964.0000,29.5612,29.5669,29.5838,29.6122,29.6520,29.7035,29.7668,29.8421,29.9297,30.0299,30.1430,30.2693,30.4093,30.5634,30.7320,30.9158,31.1153,31.3313,31.5646,31.8159,32.0859,2.5500,2.5500,2.5500,2.5500,2.5500,2.5500,2.5500,2.5500,2.5500,2.5498,2.5495,2.5485,2.5458,2.5393,2.5251,2.4966,2.4441,2.3555,2.2167,2.0137,1.7324
965.0000,29.5650,29.5707,29.5877,29.6160,29.6559,29.7074,29.7707,29.8461,29.9338,30.0340,30.1472,30.2736,30.4137,30.5679,30.7367,30.9206,31.1203,31.3364,31.5699,31.8214,32.0914,2.5500,2.5500,2.5500,2.5500,2.5500,2.5500,2.5500,2.5500,2.5500,2.5498,2.5495,2.5485,2.5458,2.5393,2.5250,2.4964,2.4439,2.3552,2.2164,2.0133,1.7321
966.0000,29.5689,29.5745,29.5915,29.6199,29.6598,29.7113,29.7747,29.8502,29.9379,30.0382,30.1515,30.2780,30.4182,30.5725,30.7414,30.9254,31.1253,31.3416,31.5752,31.8268,32.0968,2.5500,2.5500,2.5500,2.5500,2.5500,2.5500,2.5500,2.5500,2.5500,2.5498,2.5495,2.5485,2.5458,2.5392,2.5249,2.4963,2.4437,2.3550,2.2160,2.0130,1.7318
967.0000,29.5727,29.5783,29.5953,29.6238,29.6637,29.7153,29.7787,29.8542,29.9420,30.0424,30.1557,30.2824,30.4226,30.5770,30.7461,30.9302,31.1302,31.3467,31.5805,31.8322,32.1023,2.5500,2.5500,2.5500,2.5500,2.5500,2.5500,2.5500,2.5500,2.5500,2.5498,2.5495,2.5485,2.5457,2.5392,2.5249,2.4962,2.4436,2.3547,2.2157,2.0126,1.7314
968.0000,29.5765,29.5822,29.5992,29.6276,29.6676,29.7192,29.7827,29.8582,29.9461,30.0466,30.1600,30.2867,30.4271,30.5816,30.7508,30.9351,31.1352,31.3519,31.5858,31.8377,32.1077,2.5500,2.5500,2.5500,2.5500,2.5500,2.5500,2.5500,2.5500,2.5500,2.5498,2.5495,2.5485,2.5457,2.5392,2.5248,2.4961,2.4434,2.3544,2.2154,2.0123,1.7311
969.0000,29.5803,29.5860,29.6030,29.6315,29.6715,29.7232,29.7867,29.8623,29.9502,30.0508,30.1643,30.2911,30.4316,30.5862,30.7554,30.9399,31.1402,31.3571,31.5911,31.8430,32.1130,2.5500,2.5500,2.5500,2.5500,2.5500,2.5500,2.5500,2.5500,2.5500,2.5498,2.5495,2.5484,2.5457,2.5391,2.5247,2.4959,2.4432,2.3542,2.2151,2.0119,1.7308
970.0000,29.5842,29.5898,29.6069,29.6354,29.6754,29.7271,29.7907,29.8664,29.9544,30.0550,30.1686,30.2954,30.4360,30.5908,30.7601,30.9448,31.1452,31.3622,31.5964,31.8484,32.1184,2.5500,2.5500,2.5500,2.5500,2.5500,2.5500,2.5500,2.5500,2.5500,2.5498,2.5495,2.5484,2.5457,2.5391,2.5246,2.4958,2.4430,2.3539,2.2148,2.0116,1.7304
971.0000,29.5880,29.5937,29.6107,29.6393,29.6793,29.7311,29.7947,29.8704,29.9585,30.0592,30.1728,30.2998,30.4405,30.5953,30.7649,30.9496,31.1502,31.3674,31.6017,31.8538,32.1237,2.5500,2.5500,2.5500,2.5500,2.5500,2.5500,2.5500,2.5500,2.5500,2.5498,2.5495,2.5484,2.5457,2.5390,2.5246,2.4957,2.4428,2.3536,2.2144,2.0112,1.7301
972.0000,29.5918,29.5975,29.6146,29.6431,29.6832,29.7350,29.7987,29.8745,29.9626,30.0634,30.1771,30.3042,30.4450,30.5999,30.7696,30.9544,31.1552,31.3725,31.6070,31.8591,32.1291,2.5500,2.5500,2.5500,2.5500,2.5500,2.5500,2.5500,2.5500,2.5500,2.5498,2.5495,2.5484,2.5456,2.5390,2.5245,2.4955,2.4426,2.3534,2.2141,2.0109,1.7297
973.0000,29.5957,29.6014,29.6185,29.6470,29.6871,29.7390,29.8027,29.8785,29.9667,30.0676,30.1814,30.3085,30.4494,30.6045,30.7743,30.9593,31.1602,31.3776,31.6122,31.8644,32.1344,2.5500,2.5500,2.5500,2.5500,2.5500,2.5500,2.5500,2.5500,2.5500,2.5498,2.5495,2.5484,2.5456,2.5390,2.5244,2.4954,2.4424,2.3531,2.2138,2.0105,1.7294
974.0000,29.5995,29.6052,29.6223,29.6509,29.6911,29.7429,29.8067,29.8826,29.9709,30.0718,30.1857,30.3129,30.4539,30.6091,30.7790,30.9641,31.1652,31.3828,31.6175,31.8697,32.1397,2.5500,2.5500,2.5500,2.5500,2.5500,2.5500,2.5500,2.5500,2.5500,2.5498,2.5495,2.5484,2.5456,2.5389,2.5243,2.4953,2.4422,2.3529,2.2135,2.0102,1.7291
975.0000,29.6034,29.6091,29.6262,29.6548,29.6950,29.7469,29.8107,29.8867,29.9750,30.0760,30.1900,30.3173,30.4584,30.6137,30.7837,30.9690,31.1702,31.3879,31.6227,31.8750,32.1449,2.5500,2.5500,2.5500,2.5500,2.5500,2.5500,2.5500,2.5500,2.5500,2.5498,2.5495,2.5484,2.5456,2.5389,2.5243,2.4952,2.4420,2.3526,2.2132,2.0098,1.7287
976.0000,29.6072,29.6129,29.6301,29.6587,29.6989,29.7509,29.8147,29.8907,29.9791,30.0802,30.1943,30.3217,30.4629,30.6183,30.7884,30.9739,31.1752,31.3931,31.6280,31.8803,32.1502,2.5500,2.5500,2.5500,2.5500,2.5500,2.5500,2.5500,2.5500,2.5500,2.5498,2.5495,2.5484,2.5456,2.5388,2.5242,2.4950,2.4418,2.3523,2.2128,2.0095,1.7284
977.0000,29.6111,29.6168,29.6339,29.6626,29.7028,29.7548,29.8187,29.8948,29.9833,30.0844,30.1986,30.3261,30.4674,30.6229,30.7932,30.9787,31.1802,31.3982,31.6332,31.8856,32.1554,2.5500,2.5500,2.5500,2.5500,2.5500,2.5500,2.5500,2.5500,2.5500,2.5498,2.5495,2.5484,2.5455,2.5388,2.5241,2.4949,2.4416,2.3521,2.2125,2.0091,1.7281
978.0000,29.6149,29.6206,29.6378,29.6665,29.7068,29.7588,29.8228,29.8989,29.9874,30.0886,30.2029,30.3305,30.4719,30.6275,30.7979,30.9836,31.1852,31.4033,31.6384,31.8909,32.1607,2.5500,2.5500,2.5500,2.5500,2.5500,2.5500,2.5500,2.5500,2.5500,2.5498,2.5495,2.5484,2.5455,2.5387,2.5240,2.4948,2.4414,2.3518,2.2122,2.0088,1.7277
979.0000,29.6188,29.6245,29.6417,29.6704,29.7107,29.7628,29.8268,29.9030,29.9916,30.0928,30.2072,30.3349,30.4763,30.6321,30.8026,30.9885,31.1902,31.4084,31.6436,31.8961,32.1659,2.5500,2.5500,2.5500,2.5500,2.5500,2.5500,2.5500,2.5500,2.5500,2.5498,2.5494,2.5484,2.5455,2.5387,2.5239,2.4946,2.4412,2.3516,2.2119,2.0085,1.7274
980.0000,29.6226,29.6284,29.6456,29.6743,29.7146,29.7667,29.8308,29.9071,29.9957,30.0971,30.2115,30.3392,30.4808,30.6367,30.8074,30.9933,31.1952,31.4136,31.6488,31.9014,32.1711,2.5500,2.5500,2.5500,2.5500,2.5500,2.5500,2.5500,2.5500,2.5500,2.5498,2.5494,2.5483,2.5455,2.5387,2.5239,2.4945,2.4410,2.3513,2.2116,2.0081,1.7270
981.0000,29.6265,29.6322,29.6494,29.6782,29.7186,29.7707,29.8348,29.9111,29.9999,30.1013,30.2158,30.3436,30.4853,30.6413,30.8121,30.9982,31.2002,31.4187,31.6540,31.9066,32.1763,2.5500,2.5500,2.5500,2.5500,2.5500,2.5500,2.5500,2.5500,2.5500,2.5498,2.5494,2.5483,2.5455,2.5386,2.5238,2.4944,2.4409,2.3510,2.2113,2.0078,1.7267
982.0000,29.6304,29.6361,29.6533,29.6821,29.7225,29.7747,29.8389,29.9152,30.0040,30.1055,30.2201,30.3480,30.4899,30.6459,30.8168,31.0031,31.2052,31.4238,31.6592,31.9118,32.1815,2.5500,2.5500,2.5500,2.5500,2.5500,2.5500,2.5500,2.5500,2.5500,2.5498,2.5494,2.5483,2.5454,2.5386,2.5237,2.4943,2.4407,2.3508,2.2109,2.0074,1.7264
983.0000,29.6343,29.6400,29.6572,29.6860,29.7265,29.7787,29.8429,29.9193,30.0082,30.1097,30.2244,30.3525,30.4944,30.6506,30.8216,31.0079,31.2102,31.4289,31.6644,31.9170,32.1867,2.5500,2.5500,2.5500,2.5500,2.5500,2.5500,2.5500,2.5500,2.5500,2.5498,2.5494,2.5483,2.5454,2.5385,2.5236,2.4941,2.4405,2.3505,2.2106,2.0071,1.7260
984.0000,29.6381,29.6439,29.6611,29.6899,29.7304,29.7827,29.8469,29.9234,30.0123,30.1140,30.2287,30.3569,30.4989,30.6552,30.8263,31.0128,31.2152,31.4340,31.6696,31.9222,32.1919,2.5500,2.5500,2.5500,2.5500,2.5500,2.5500,2.5500,2.5500,2.5500,2.5498,2.5494,2.5483,2.5454,2.5385,2.5236,2.4940,2.4403,2.3502,2.2103,2.0067,1.7257
985.0000,29.6420,29.6478,29.6650,29.6938,29.7344,29.7867,29.8510,29.9275,30.0165,30.1182,30.2330,30.3613,30.5034,30.6598,30.8311,31.0177,31.2202,31.4391,31.6748,31.9274,32.1971,2.5500,2.5500,2.5500,2.5500,2.5500,2.5500,2.5500,2.5500,2.5499,2.5498,2.5494,2.5483,2.5454,2.5385,2.5235,2.4939,2.4401,2.3500,2.2100,2.0064,1.7254
986.0000,29.6459,29.6516,29.6689,29.6978,29.7383,29.7907,29.8550,29.9316,30.0207,30.1225,30.2373,30.3657,30.5079,30.6645,30.8358,31.0226,31.2252,31.4442,31.6799,31.9326,32.2022,2.5500,2.5500,2.5500,2.5500,2.5500,2.5500,2.5500,2.5500,2.5499,2.5498,2.5494,2.5483,2.5454,2.5384,2.5234,2.4937,2.4399,2.3497,2.2097,2.0060,1.7250
987.0000,29.6498,29.6555,29.6728,29.7017,29.7423,29.7947,29.8591,29.9357,30.0248,30.1267,30.2417,30.3701,30.5124,30.6691,30.8406,31.0274,31.2302,31.4493,31.6851,31.9378,32.2074,2.5500,2.5500,2.5500,2.5500,2.5500,2.5500,2.5500,2.5500,2.5499,2.5498,2.5494,2.5483,2.5453,2.5384,2.5233,2.4936,2.4397,2.3495,2.2093,2.0057,1.7247
988.0000,29.6537,29.6594,29.6767,29.7056,29.7462,29.7987,29.8631,29.9398,30.0290,30.1309,30.2460,30.3745,30.5170,30.6737,30.8453,31.0323,31.2352,31.4543,31.6902,31.9430,32.2125,2.5500,2.5500,2.5500,2.5500,2.5500,2.5500,2.5500,2.5500,2.5499,2.5498,2.5494,2.5483,2.5453,2.5383,2.5232,2.4935,2.4395,2.3492,2.2090,2.0053,1.7244
989.0000,29.6576,29.6633,29.6806,29.7096,29.7502,29.8027,29.8672,29.9439,30.0332,30.1352,30.2503,30.3790,30.5215,30.6784,30.8501,31.0372,31.2401,31.4594,31.6954,31.9481,32.2176,2.5500,2.5500,2.5500,2.5500,2.5500,2.5500,2.5500,2.5500,2.5499,2.5498,2.5494,2.5483,2.5453,2.5383,2.5232,2.4934,2.4393,2.3489,2.2087,2.0050,1.7240
990.0000,29.6614,29.6672,29.6845,29.7135,29.7542,29.8067,29.8712,29.9480,30.0373,30.1394,30.2547,30.3834,30.5260,30.6830,30.8548,31.0421,31.2451,31.4645,31.7005,31.9533,32.2228,2.5500,2.5500,2.5500,2.5500,2.5500,2.5500,2.5500,2.5500,2.5499,2.5498,2.5494,2.5483,2.5453,2.5382,2.5231,2.4932,2.4391,2.3487,2.2084,2.0046,1.7237
991.0000,29.6653,29.6711,29.6885,29.7174,29.7581,29.8107,29.8753,29.9521,30.0415,30.1437,30.2590,30.3878,30.5305,30.6876,30.8596,31.0469,31.2501,31.4696,31.7056,31.9584,32.2279,2.5500,2.5500,2.5500,2.5500,2.5500,2.5500,2.5500,2.5500,2.5499,2.5498,2.5494,2.5482,2.5452,2.5382,2.5230,2.4931,2.4389,2.3484,2.2081,2.0043,1.7234
992.0000,29.6692,29.6750,29.6924,29.7214,29.7621,29.8147,29.8793,29.9563,30.0457,30.1480,30.2633,30.3922,30.5351,30.6923,30.8644,31.0518,31.2551,31.4746,31.7107,31.9635,32.2330,2.5500,2.5500,2.5500,2.5500,2.5500,2.5500,2.5500,2.5500,2.5499,2.5498,2.5494,2.5482,2.5452,2.5382,2.5229,2.4930,2.4387,2.3482,2.2078,2.0040,1.7230
993.0000,29.6731,29.6789,29.6963,29.7253,29.7661,29.8187,29.8834,29.9604,30.0499,30.1522,30.2677,30.3967,30.5396,30.6969,30.8691,31.0567,31.2601,31.4797,31.7158,31.9687,32.2381,2.5500,2.5500,2.5500,2.5500,2.5500,2.5500,2.5500,2.5500,2.5499,2.5498,2.5494,2.5482,2.5452,2.5381,2.5229,2.4928,2.4385,2.3479,2.2074,2.0036,1.7227
994.0000,29.6771,29.6828,29.7002,29.7293,29.7700,29.8227,29.8875,29.9645,30.0541,30.1565,30.2720,30.4011,30.5442,30.7016,30.8739,31.0615,31.2650,31.4847,31.7210,31.9738,32.2432,2.5500,2.5500,2.5500,2.5500,2.5500,2.5500,2.5500,2.5500,2.5499,2.5498,2.5494,2.5482,2.5452,2.5381,2.5228,2.4927,2.4383,2.3476,2.2071,2.0033,1.7224
995.0000,29.6810,29.6868,29.7041,29.7332,29.7740,29.8267,29.8915,29.9686,30.0583,30.1607,30.2764,30.4056,30.5487,30.7062,30.8787,31.0664,31.2700,31.4898,31.7261,31.9789,32.2482,2.5500,2.5500,2.5500,2.5500,2.5500,2.5500,2.5500,2.5500,2.5499,2.5498,2.5494,2.5482,2.5452,2.5380,2.5227,2.4926,2.4381,2.3474,2.2068,2.0029,1.7220
996.0000,29.6849,29.6907,29.7081,29.7372,29.7780,29.8308,29.8956,29.9728,30.0625,30.1650,30.2807,30.4100,30.5533,30.7109,30.8834,31.0713,31.2750,31.4948,31.7311,31.9840,32.2533,2.5500,2.5500,2.5500,2.5500,2.5500,2.5500,2.5500,2.5500,2.5499,2.5498,2.5494,2.5482,2.5451,2.5380,2.5226,2.4924,2.4379,2.3471,2.2065,2.0026,1.7217
997.0000,29.6888,29.6946,29.7120,29.7411,29.7820,29.8348,29.8997,29.9769,30.0667,30.1693,30.2851,30.4145,30.5578,30.7156,30.8882,31.0762,31.2799,31.4999,31.7362,31.9891,32.2584,2.5500,2.5500,2.5500,2.5500,2.5500,2.5500,2.5500,2.5500,2.5499,2.5498,2.5494,2.5482,2.5451,2.5379,2.5225,2.4923,2.4378,2.3469,2.2062,2.0022,1.7214
998.0000,29.6927,29.6985,29.7159,29.7451,29.7860,29.8388,29.9038,29.9810,30.0709,30.1736,30.2895,30.4189,30.5624,30.7202,30.8930,31.0810,31.2849,31.5049,31.7413,31.9942,32.2635,2.5500,2.5500,2.5500,2.5500,2.5500,2.5500,2.5500,2.5500,2.5499,2.5498,2.5494,2.5482,2.5451,2.5379,2.5225,2.4922,2.4376,2.3466,2.2059,2.0019,1.7210
999.0000,29.6966,29.7024,29.7199,29.7490,29.7900,29.8429,29.9079,29.9852,30.0751,30.1778,30.2938,30.4234,30.5669,30.7249,30.8977,31.0859,31.2899,31.5100,31.7464,31.9993,32.2685,2.5500,2.5500,2.5500,2.5500,2.5500,2.5500,2.5500,2.5500,2.5499,2.5498,2.5494,2.5482,2.5451,2.5379,2.5224,2.4921,2.4374,2.3463,2.2056,2.0016,1.7207
1000.0000,29.7006,29.7064,29.7238,29.7530,29.7940,29.8469,29.9119,29.9893,30.0793,30.1821,30.2982,30.4278,30.5715,30.7295,30.9025,31.0908,31.2948,31.5150,31.7515,32.0044,32.2736,2.5500,2.5500,2.5500,2.5500,2.5500,2.5500,2.5500,2.5500,2.5499,2.5498,2.5494,2.5482,2.5451,2.5378,2.5223,2.4919,2.4372,2.3461,2.2052,2.0012,1.7204
1001.0000,29.7045,29.7103,29.7278,29.7570,29.7980,29.8509,29.9160,29.9935,30.0835,30.1864,30.3026,30.4323,30.5760,30.7342,30.9073,31.0956,31.2998,31.5200,31.7565,32.0094,32.2786,2.5500,2.5500,2.5500,2.5500,2.5500,2.5500,2.5500,2.5500,2.5499,2.5498,2.5494,2.5481,2.5450,2.5378,2.5222,2.4918,2.4370,2.3458,2.2049,2.0009,1.7201
1002.0000,29.7084,29.7142,29.7317,29.7609,29.8020,29.8550,29.9201,29.9976,30.0877,30.1907,30.3069,30.4367,30.5806,30.7389,30.9120,31.1005,31.3047,31.5250,31.7616,32.0145,32.2837,2.5500,2.5500,2.5500,2.5500,2.5500,2.5500,2.5500,2.5500,2.5499,2.5498,2.5494,2.5481,2.5450,2.5377,2.5221,2.4917,2.4368,2.3456,2.2046,2.0005,1.7197
1003.0000,29.7123,29.7182,29.7357,29.7649,29.8060,29.8590,29.9242,30.0018,30.0919,30.1950,30.3113,30.4412,30.5851,30.7435,30.9168,31.1054,31.3097,31.5300,31.7666,32.0196,32.2887,2.5500,2.5500,2.5500,2.5500,2.5500,2.5500,2.5500,2.5500,2.5499,2.5498,2.5494,2.5481,2.5450,2.5377,2.5221,2.4915,2.4366,2.3453,2.2043,2.0002,1.7194
1004.0000,29.7163,29.7221,29.7396,29.7689,29.8100,29.8631,29.9283,30.0059,30.0961,30.1993,30.3157,30.4457,30.5897,30.7482,30.9216,31.1102,31.3146,31.5351,31.7717,32.0246,32.2937,2.5500,2.5500,2.5500,2.5500,2.5500,2.5500,2.5500,2.5500,2.5499,2.5498,2.5494,2.5481,2.5450,2.5376,2.5220,2.4914,2.4364,2.3450,2.2040,1.9998,1.7191
1005.0000,29.7202,29.7261,29.7436,29.7729,29.8140,29.8671,29.9324,30.0101,30.1004,30.2036,30.3201,30.4502,30.5943,30.7529,30.9263,31.1151,31.3196,31.5401,31.7767,32.0297,32.2987,2.5500,2.5500,2.5500,2.5500,2.5500,2.5500,2.5500,2.5500,2.5499,2.5498,2.5493,2.5481,2.5449,2.5376,2.5219,2.4913,2.4362,2.3448,2.2037,1.9995,1.7187
1006.0000,29.7242,29.7300,29.7475,29.7768,29.8180,29.8712,29.9365,30.0142,30.1046,30.2079,30.3244,30.4546,30.5989,30.7575,30.9311,31.1200,31.3245,31.5451,31.7818,32.0347,32.3037,2.5500,2.5500,2.5500,2.5500,2.5500,2.5500,2.5500,2.5500,2.5499,2.5498,2.5493,2.5481,2.5449,2.5375,2.5218,2.4911,2.4360,2.3445,2.2033,1.9992,1.7184
1007.0000,29.7281,29.7340,29.7515,29.7808,29.8220,29.8752,29.9406,30.0184,30.1088,30.2122,30.3288,30.4591,30.6034,30.7622,30.9359,31.1248,31.3295,31.5501,31.7868,32.0398,32.3088,2.5500,2.5500,2.5500,2.5500,2.5500,2.5500,2.5500,2.5500,2.5499,2.5498,2.5493,2.5481,2.5449,2.5375,2.5217,2.4910,2.4358,2.3443,2.2030,1.9988,1.7181
1008.0000,29.7321,29.7379,29.7555,29.7848,29.8260,29.8793,29.9447,30.0225,30.1130,30.2165,30.3332,30.4636,30.6080,30.7669,30.9406,31.1297,31.3344,31.5551,31.7918,32.0448,32.3138,2.5500,2.5500,2.5500,2.5500,2.5500,2.5500,2.5500,2.5500,2.5499,2.5498,2.5493,2.5481,2.5449,2.5375,2.5217,2.4909,2.4356,2.3440,2.2027,1.9985,1.7177
1009.0000,29.7360,29.7419,29.7594,29.7888,29.8301,29.8833,29.9488,30.0267,30.1173,30.2208,30.3376,30.4681,30.6126,30.7716,30.9454,31.1346,31.3394,31.5601,31.7969,32.0498,32.3188,2.5500,2.5500,2.5500,2.5500,2.5500,2.5500,2.5500,2.5500,2.5499,2.5498,2.5493,2.5481,2.5449,2.5374,2.5216,2.4907,2.4354,2.3437,2.2024,1.9981,1.7174
1010.0000,29.7400,29.7458,29.7634,29.7928,29.8341,29.8874,29.9529,30.0309,30.1215,30.2251,30.3420,30.4725,30.6172,30.7762,30.9502,31.1394,31.3443,31.5651,31.8019,32.0548,32.3238,2.5500,2.5500,2.5500,2.5500,2.5500,2.5500,2.5500,2.5500,2.5499,2.5498,2.5493,2.5481,2.5448,2.5374,2.5215,2.4906,2.4352,2.3435,2.2021,1.9978,1.7171
1011.0000,29.7439,29.7498,29.7674,29.7968,29.8381,29.8915,29.9571,30.0351,30.1257,30.2294,30.3464,30.4770,30.6217,30.7809,30.9550,31.1443,31.3492,31.5700,31.8069,32.0599,32.3287,2.5500,2.5500,2.5500,2.5500,2.5500,2.5500,2.5500,2.5500,2.5499,2.5498,2.5493,2.5480,2.5448,2.5373,2.5214,2.4905,2.4350,2.3432,2.2018,1.9975,1.7168
1012.0000,29.7479,29.7537,29.7714,29.8008,29.8422,29.8955,29.9612,30.0392,30.1300,30.2337,30.3508,30.4815,30.6263,30.7856,30.9597,31.1491,31.3541,31.5750,31.8119,32.0649,32.3337,2.5500,2.5500,2.5500,2.5500,2.5500,2.5500,2.5500,2.5500,2.5499,2.5498,2.5493,2.5480,2.5448,2.5373,2.5213,2.4904,2.4348,2.3430,2.2015,1.9971,1.7164
1013.0000,29.7518,29.7577,29.7754,29.8048,29.8462,29.8996,29.9653,30.0434,30.1342,30.2380,30.3552,30.4860,30.6309,30.7903,30.9645,31.1540,31.3591,31.5800,31.8169,32.0699,32.3387,2.5500,2.5500,2.5500,2.5500,2.5500,2.5500,2.5500,2.5500,2.5499,2.5498,2.5493,2.5480,2.5448,2.5372,2.5213,2.4902,2.4347,2.3427,2.2012,1.9968,1.7161
1014.0000,29.7558,29.7617,29.7793,29.8088,29.8502,29.9037,29.9694,30.0476,30.1385,30.2424,30.3596,30.4905,30.6355,30.7949,30.9693,31.1588,31.3640,31.5850,31.8219,32.0749,32.3437,2.5500,2.5500,2.5500,2.5500,2.5500,2.5500,2.5500,2.5500,2.5499,2.5498,2.5493,2.5480,2.5447,2.5372,2.5212,2.4901,2.4345,2.3424,2.2008,1.9964,1.7158
1015.0000,29.7598,29.7657,29.7833,29.8128,29.8543,29.9078,29.9735,30.0518,30.1427,30.2467,30.3640,30.4950,30.6401,30.7996,30.9740,31.1637,31.3689,31.5899,31.8269,32.0799,32.3487,2.5500,2.5500,2.5500,2.5500,2.5500,2.5500,2.5500,2.5500,2.5499,2.5498,2.5493,2.5480,2.5447,2.5371,2.5211,2.4900,2.4343,2.3422,2.2005,1.9961,1.7154
1016.0000,29.7638,29.7696,29.7873,29.8168,29.8583,29.9119,29.9777,30.0560,30.1470,30.2510,30.3684,30.4995,30.6447,30.8043,30.9788,31.1685,31.3738,31.5949,31.8319,32.0849,32.3536,2.5500,2.5500,2.5500,2.5500,2.5500,2.5500,2.5500,2.5500,2.5499,2.5498,2.5493,2.5480,2.5447,2.5371,2.5210,2.4898,2.4341,2.3419,2.2002,1.9958,1.7151
1017.0000,29.7677,29.7736,29.7913,29.8209,29.8624,29.9159,29.9818,30.0602,30.1512,30.2554,30.3728,30.5040,30.6492,30.8090,30.9836,31.1734,31.3787,31.5999,31.8369,32.0899,32.3586,2.5500,2.5500,2.5500,2.5500,2.5500,2.5500,2.5500,2.5500,2.5499,2.5498,2.5493,2.5480,2.5447,2.5371,2.5209,2.4897,2.4339,2.3417,2.1999,1.9954,1.7148
1018.0000,29.7717,29.7776,29.7953,29.8249,29.8664,29.9200,29.9859,30.0644,30.1555,30.2597,30.3772,30.5085,30.6538,30.8137,30.9883,31.1782,31.3837,31.6048,31.8419,32.0948,32.3635,2.5500,2.5500,2.5500,2.5500,2.5500,2.5500,2.5500,2.5500,2.5499,2.5498,2.5493,2.5480,2.5447,2.5370,2.5209,2.4896,2.4337,2.3414,2.1996,1.9951,1.7145
1019.0000,29.7757,29.7816,29.7993,29.8289,29.8705,29.9241,29.9901,30.0686,30.1598,30.2640,30.3816,30.5130,30.6584,30.8183,30.9931,31.1831,31.3886,31.6098,31.8469,32.0998,32.3685,2.5500,2.5500,2.5500,2.5500,2.5500,2.5500,2.5500,2.5500,2.5499,2.5498,2.5493,2.5480,2.5446,2.5370,2.5208,2.4894,2.4335,2.3411,2.1993,1.9947,1.7141
1020.0000,29.7797,29.7856,29.8033,29.8329,29.8745,29.9282,29.9942,30.0728,30.1640,30.2684,30.3861,30.5175,30.6630,30.8230,30.9979,31.1879,31.3935,31.6148,31.8519,32.1048,32.3734,2.5500,2.5500,2.5500,2.5500,2.5500,2.5500,2.5500,2.5500,2.5499,2.5498,2.5493,2.5480,2.5446,2.5369,2.5207,2.4893,2.4333,2.3409,2.1990,1.9944,1.7138
1021.0000,29.7837,29.7896,29.8073,29.8369,29.8786,29.9323,29.9984,30.0770,30.1683,30.2727,30.3905,30.5220,30.6676,30.8277,31.0026,31.1928,31.3984,31.6197,31.8568,32.1098,32.3785,2.5500,2.5500,2.5500,2.5500,2.5500,2.5500,2.5500,2.5500,2.5499,2.5498,2.5493,2.5479,2.5446,2.5369,2.5206,2.4892,2.4331,2.3406,2.1987,1.9941,1.7135
1022.0000,29.7876,29.7936,29.8113,29.8410,29.8826,29.9364,30.0025,30.0812,30.1726,30.2770,30.3949,30.5265,30.6722,30.8324,31.0074,31.1976,31.4033,31.6246,31.8618,32.1148,32.3838,2.5500,2.5500,2.5500,2.5500,2.5500,2.5500,2.5500,2.5500,2.5499,2.5498,2.5493,2.5479,2.5446,2.5368,2.5205,2.4890,2.4329,2.3404,2.1983,1.9937,1.7132
1023.0000,29.7916,29.7976,29.8153,29.8450,29.8867,29.9405,30.0067,30.0854,30.1768,30.2814,30.3993,30.5310,30.6768,30.8371,31.0122,31.2025,31.4082,31.6296,31.8668,32.1198,32.3891,2.5500,2.5500,2.5500,2.5500,2.5500,2.5500,2.5500,2.5500,2.5499,2.5498,2.5493,2.5479,2.5445,2.5368,2.5205,2.4889,2.4327,2.3401,2.1980,1.9934,1.7128
1024.0000,29.7956,29.8016,29.8193,29.8490,29.8908,29.9446,30.0108,30.0896,30.1811,30.2857,30.4038,30.5355,30.6814,30.8418,31.0169,31.2073,31.4131,31.6345,31.8717,32.1249,32.3944,2.5500,2.5500,2.5500,2.5500,2.5500,2.5500,2.5500,2.5500,2.5499,2.5498,2.5493,2.5479,2.5445,2.5367,2.5204,2.4888,2.4325,2.3398,2.1977,1.9931,1.7125
1025.0000,29.7996,29.8056,29.8234,29.8531,29.8948,29.9487,30.0150,30.0938,30.1854,30.2901,30.4082,30.5400,30.6860,30.8464,31.0217,31.2121,31.4180,31.6395,31.8767,32.1300,32.3999,2.5500,2.5500,2.5500,2.5500,2.5500,2.5500,2.5500,2.5500,2.5499,2.5498,2.5493,2.5479,2.5445,2.5367,2.5203,2.4886,2.4323,2.3396,2.1974,1.9927,1.7122
1026.0000,29.8036,29.8096,29.8274,29.8571,29.8989,29.9529,30.0192,30.0980,30.1897,30.2944,30.4126,30.5446,30.6906,30.8511,31.0265,31.2170,31.4229,31.6444,31.8817,32.1351,32.4053,2.5500,2.5500,2.5500,2.5500,2.5500,2.5500,2.5500,2.5500,2.5499,2.5498,2.5493,2.5479,2.5445,2.5366,2.5202,2.4885,2.4321,2.3393,2.1971,1.9924,1.7119
1027.0000,29.8076,29.8136,29.8314,29.8612,29.9030,29.9570,30.0233,30.1022,30.1940,30.2988,30.4171,30.5491,30.6952,30.8558,31.0312,31.2218,31.4278,31.6494,31.8867,32.1403,32.4108,2.5500,2.5500,2.5500,2.5500,2.5500,2.5500,2.5500,2.5500,2.5499,2.5498,2.5493,2.5479,2.5445,2.5366,2.5201,2.4884,2.4319,2.3391,2.1968,1.9921,1.7115
1028.0000,29.8117,29.8176,29.8354,29.8652,29.9071,29.9611,30.0275,30.1065,30.1982,30.3032,30.4215,30.5536,30.6998,30.8605,31.0360,31.2266,31.4327,31.6543,31.8918,32.1455,32.4164,2.5500,2.5500,2.5500,2.5500,2.5500,2.5500,2.5500,2.5500,2.5499,2.5498,2.5493,2.5479,2.5444,2.5366,2.5201,2.4882,2.4317,2.3388,2.1965,1.9917,1.7112
1029.0000,29.8157,29.8216,29.8395,29.8693,29.9111,29.9652,30.0316,30.1107,30.2025,30.3075,30.4259,30.5581,30.7044,30.8652,31.0408,31.2315,31.4376,31.6593,31.8968,32.1507,32.4220,2.5500,2.5500,2.5500,2.5500,2.5500,2.5500,2.5500,2.5500,2.5499,2.5498,2.5492,2.5479,2.5444,2.5365,2.5200,2.4881,2.4315,2.3385,2.1962,1.9914,1.7109
1030.0000,29.8197,29.8256,29.8435,29.8733,29.9152,29.9693,30.0358,30.1149,30.2068,30.3119,30.4304,30.5626,30.7090,30.8699,31.0455,31.2363,31.4424,31.6642,31.9019,32.1560,32.4276,2.5500,2.5500,2.5500,2.5500,2.5500,2.5500,2.5500,2.5500,2.5499,2.5498,2.5492,2.5479,2.5444,2.5365,2.5199,2.4880,2.4313,2.3383,2.1959,1.9910,1.7106
1031.0000,29.8237,29.8296,29.8475,29.8774,29.9193,29.9735,30.0400,30.1191,30.2111,30.3162,30.4348,30.5672,30.7136,30.8745,31.0503,31.2411,31.4473,31.6692,31.9070,32.1613,32.4332,2.5500,2.5500,2.5500,2.5500,2.5500,2.5500,2.5500,2.5500,2.5499,2.5498,2.5492,2.5478,2.5444,2.5364,2.5198,2.4878,2.4312,2.3380,2.1955,1.9907,1.7102
1032.0000,29.8277,29.8337,29.8516,29.8814,29.9234,29.9776,30.0442,30.1234,30.2154,30.3206,30.4393,30.5717,30.7182,30.8792,31.0550,31.2460,31.4522,31.6742,31.9121,32.1666,32.4389,2.5500,2.5500,2.5500,2.5500,2.5500,2.5500,2.5500,2.5500,2.5499,2.5498,2.5492,2.5478,2.5443,2.5364,2.5197,2.4877,2.4310,2.3378,2.1952,1.9904,1.7099
1033.0000,29.8317,29.8377,29.8556,29.8855,29.9275,29.9817,30.0484,30.1276,30.2197,30.3250,30.4437,30.5762,30.7228,30.8839,31.0598,31.2508,31.4571,31.6791,31.9172,32.1719,32.4446,2.5500,2.5500,2.5500,2.5500,2.5500,2.5500,2.5500,2.5500,2.5499,2.5497,2.5492,2.5478,2.5443,2.5363,2.5196,2.4876,2.4308,2.3375,2.1949,1.9900,1.7096
1034.0000,29.8358,29.8417,29.8596,29.8896,29.9316,29.9859,30.0525,30.1318,30.2240,30.3294,30.4482,30.5807,30.7274,30.8886,31.0646,31.2556,31.4620,31.6841,31.9223,32.1773,32.4504,2.5500,2.5500,2.5500,2.5500,2.5500,2.5500,2.5500,2.5500,2.5499,2.5497,2.5492,2.5478,2.5443,2.5363,2.5196,2.4874,2.4306,2.3373,2.1946,1.9897,1.7093
1035.0000,29.8398,29.8458,29.8637,29.8936,29.9357,29.9900,30.0567,30.1361,30.2283,30.3337,30.4526,30.5853,30.7320,30.8933,31.0693,31.2605,31.4669,31.6891,31.9275,32.1827,32.4561,2.5500,2.5500,2.5500,2.5500,2.5500,2.5500,2.5500,2.5500,2.5499,2.5497,2.5492,2.5478,2.5443,2.5362,2.5195,2.4873,2.4304,2.3370,2.1943,1.9894,1.7090
1036.0000,29.8438,29.8498,29.8677,29.8977,29.9398,29.9941,30.0609,30.1403,30.2326,30.3381,30.4571,30.5898,30.7367,30.8980,31.0741,31.2653,31.4719,31.6941,31.9326,32.1881,32.4619,2.5500,2.5500,2.5500,2.5500,2.5500,2.5500,2.5500,2.5500,2.5499,2.5497,2.5492,2.5478,2.5442,2.5362,2.5194,2.4872,2.4302,2.3367,2.1940,1.9890,1.7086
1037.0000,29.8479,29.8538,29.8718,29.9018,29.9439,29.9983,30.0651,30.1446,30.2369,30.3425,30.4615,30.5943,30.7413,30.9027,31.0789,31.2701,31.4768,31.6992,31.9378,32.1936,32.4677,2.5500,2.5500,2.5500,2.5500,2.5500,2.5500,2.5500,2.5500,2.5499,2.5497,2.5492,2.5478,2.5442,2.5361,2.5193,2.4870,2.4300,2.3365,2.1937,1.9887,1.7083
1038.0000,29.8519,29.8579,29.8758,29.9059,29.9480,30.0024,30.0693,30.1488,30.2413,30.3469,30.4660,30.5989,30.7459,30.9074,31.0836,31.2750,31.4817,31.7042,31.9430,32.1990,32.4735,2.5500,2.5500,2.5500,2.5500,2.5500,2.5500,2.5500,2.5500,2.5499,2.5497,2.5492,2.5478,2.5442,2.5361,2.5192,2.4869,2.4298,2.3362,2.1934,1.9884,1.7080
1039.0000,29.8559,29.8619,29.8799,29.9099,29.9521,30.0066,30.0735,30.1531,30.2456,30.3513,30.4704,30.6034,30.7505,30.9120,31.0884,31.2798,31.4866,31.7093,31.9482,32.2045,32.4794,2.5500,2.5500,2.5500,2.5500,2.5500,2.5500,2.5500,2.5500,2.5499,2.5497,2.5492,2.5478,2.5442,2.5360,2.5191,2.4868,2.4296,2.3360,2.1931,1.9880,1.7077
1040.0000,29.8600,29.8660,29.8840,29.9140,29.9562,30.0107,30.0777,30.1573,30.2499,30.3556,30.4749,30.6079,30.7551,30.9167,31.0931,31.2846,31.4916,31.7143,31.9535,32.2100,32.4852,2.5500,2.5500,2.5500,2.5500,2.5500,2.5500,2.5500,2.5500,2.5499,2.5497,2.5492,2.5477,2.5441,2.5360,2.5191,2.4866,2.4294,2.3357,2.1928,1.9877,1.7073
1041.0000,29.8640,29.8700,29.8880,29.9181,29.9603,30.0149,30.0819,30.1616,30.2542,30.3600,30.4793,30.6125,30.7597,30.9214,31.0979,31.2895,31.4965,31.7194,31.9587,32.2155,32.4911,2.5500,2.5500,2.5500,2.5500,2.5500,2.5500,2.5500,2.5500,2.5499,2.5497,2.5492,2.5477,2.5441,2.5360,2.5190,2.4865,2.4292,2.3355,2.1924,1.9874,1.7070
1042.0000,29.8681,29.8741,29.8921,29.9222,29.9645,30.0190,30.0861,30.1659,30.2585,30.3644,30.4838,30.6170,30.7643,30.9261,31.1027,31.2943,31.5014,31.7245,31.9640,32.2211,32.4970,2.5500,2.5500,2.5500,2.5500,2.5500,2.5500,2.5500,2.5500,2.5499,2.5497,2.5492,2.5477,2.5441,2.5359,2.5189,2.4864,2.4290,2.3352,2.1921,1.9870,1.7067
1043.0000,29.8721,29.8781,29.8962,29.9263,29.9686,30.0232,30.0903,30.1701,30.2629,30.3688,30.4883,30.6215,30.7689,30.9308,31.1074,31.2992,31.5064,31.7295,31.9693,32.2266,32.5030,2.5500,2.5500,2.5500,2.5500,2.5500,2.5500,2.5500,2.5500,2.5499,2.5497,2.5492,2.5477,2.5441,2.5359,2.5188,2.4862,2.4288,2.3349,2.1918,1.9867,1.7064
1044.0000,29.8762,29.8822,29.9002,29.9304,29.9727,30.0274,30.0945,30.1744,30.2672,30.3732,30.4927,30.6261,30.7736,30.9355,31.1122,31.3040,31.5114,31.7346,31.9746,32.2322,32.5089,2.5500,2.5500,2.5500,2.5500,2.5500,2.5500,2.5500,2.5500,2.5499,2.5497,2.5492,2.5477,2.5441,2.5358,2.5187,2.4861,2.4286,2.3347,2.1915,1.9864,1.7061
1045.0000,29.8802,29.8863,29.9043,29.9345,29.9768,30.0315,30.0987,30.1787,30.2715,30.3776,30.4972,30.6306,30.7782,30.9402,31.1170,31.3089,31.5163,31.7398,31.9799,32.2378,32.5149,2.5500,2.5500,2.5500,2.5500,2.5500,2.5500,2.5500,2.5500,2.5499,2.5497,2.5492,2.5477,2.5440,2.5358,2.5186,2.4860,2.4284,2.3344,2.1912,1.9860,1.7057
1046.0000,29.8843,29.8903,29.9084,29.9386,29.9810,30.0357,30.1030,30.1829,30.2758,30.3820,30.5017,30.6352,30.7828,30.9449,31.1218,31.3138,31.5213,31.7449,31.9852,32.2434,32.5208,2.5500,2.5500,2.5500,2.5500,2.5500,2.5500,2.5500,2.5500,2.5499,2.5497,2.5492,2.5477,2.5440,2.5357,2.5186,2.4858,2.4282,2.3342,2.1909,1.9857,1.7054
1047.0000,29.8884,29.8944,29.9125,29.9427,29.9851,30.0399,30.1072,30.1872,30.2802,30.3864,30.5061,30.6397,30.7874,30.9496,31.1265,31.3186,31.5263,31.7500,31.9906,32.2490,32.5268,2.5500,2.5500,2.5500,2.5500,2.5500,2.5500,2.5500,2.5500,2.5499,2.5497,2.5492,2.5477,2.5440,2.5357,2.5185,2.4857,2.4280,2.3339,2.1906,1.9854,1.7051
1048.0000,29.8924,29.8985,29.9166,29.9468,29.9892,30.0441,30.1114,30.1915,30.2845,30.3908,30.5106,30.6443,30.7920,30.9543,31.1313,31.3235,31.5313,31.7552,31.9960,32.2547,32.5329,2.5500,2.5500,2.5500,2.5500,2.5500,2.5500,2.5500,2.5500,2.5499,2.5497,2.5492,2.5477,2.5440,2.5356,2.5184,2.4856,2.4278,2.3337,2.1903,1.9850,1.7048
1049.0000,29.8965,29.9025,29.9207,29.9509,29.9934,30.0482,30.1156,30.1957,30.2889,30.3952,30.5151,30.6488,30.7967,30.9590,31.1361,31.3284,31.5363,31.7603,32.0013,32.2604,32.5389,2.5500,2.5500,2.5500,2.5500,2.5500,2.5500,2.5500,2.5500,2.5499,2.5497,2.5492,2.5476,2.5439,2.5356,2.5183,2.4854,2.4276,2.3334,2.1900,1.9847,1.7045
1050.0000,29.9006,29.9066,29.9247,29.9550,29.9975,30.0524,30.1198,30.2000,30.2932,30.3996,30.5196,30.6534,30.8013,30.9637,31.1409,31.3333,31.5413,31.7655,32.0067,32.2660,32.5449,2.5500,2.5500,2.5500,2.5500,2.5500,2.5500,2.5500,2.5500,2.5499,2.5497,2.5491,2.5476,2.5439,2.5355,2.5182,2.4853,2.4275,2.3331,2.1897,1.9844,1.7041
1051.0000,29.9047,29.9107,29.9288,29.9591,30.0017,30.0566,30.1241,30.2043,30.2975,30.4040,30.5240,30.6579,30.8059,30.9684,31.1457,31.3382,31.5463,31.7707,32.0121,32.2717,32.5510,2.5500,2.5500,2.5500,2.5500,2.5500,2.5500,2.5500,2.5500,2.5499,2.5497,2.5491,2.5476,2.5439,2.5355,2.5181,2.4852,2.4273,2.3329,2.1894,1.9840,1.7038
1052.0000,29.9087,29.9148,29.9329,29.9632,30.0058,30.0608,30.1283,30.2086,30.3019,30.4084,30.5285,30.6625,30.8105,30.9731,31.1505,31.3431,31.5513,31.7759,32.0175,32.2775,32.5571,2.5500,2.5500,2.5500,2.5500,2.5500,2.5500,2.5500,2.5500,2.5499,2.5497,2.5491,2.5476,2.5439,2.5354,2.5181,2.4850,2.4271,2.3326,2.1891,1.9837,1.7035
1053.0000,29.9128,29.9189,29.9370,29.9674,30.0100,30.0650,30.1325,30.2129,30.3062,30.4128,30.5330,30.6670,30.8152,30.9778,31.1553,31.3480,31.5564,31.7811,32.0230,32.2832,32.5632,2.5500,2.5500,2.5500,2.5500,2.5500,2.5500,2.5500,2.5500,2.5499,2.5497,2.5491,2.5476,2.5438,2.5354,2.5180,2.4849,2.4269,2.3324,2.1888,1.9834,1.7032
1054.0000,29.9169,29.9230,29.9411,29.9715,30.0141,30.0692,30.1368,30.2172,30.3106,30.4173,30.5375,30.6716,30.8198,30.9825,31.1601,31.3529,31.5614,31.7863,32.0284,32.2889,32.5693,2.5500,2.5500,2.5500,2.5500,2.5500,2.5500,2.5500,2.5500,2.5499,2.5497,2.5491,2.5476,2.5438,2.5353,2.5179,2.4848,2.4267,2.3321,2.1884,1.9830,1.7029
1055.0000,29.9210,29.9271,29.9452,29.9756,30.0183,30.0734,30.1410,30.2215,30.3149,30.4217,30.5420,30.6761,30.8244,30.9872,31.1649,31.3578,31.5665,31.7915,32.0339,32.2947,32.5754,2.5500,2.5500,2.5500,2.5500,2.5500,2.5500,2.5500,2.5500,2.5499,2.5497,2.5491,2.5476,2.5438,2.5353,2.5178,2.4846,2.4265,2.3319,2.1881,1.9827,1.7025
1056.0000,29.9251,29.9311,29.9493,29.9797,30.0224,30.0776,30.1453,30.2258,30.3193,30.4261,30.5465,30.6807,30.8291,30.9920,31.1697,31.3627,31.5715,31.7968,32.0394,32.3005,32.5816,2.5500,2.5500,2.5500,2.5500,2.5500,2.5500,2.5500,2.5500,2.5499,2.5497,2.5491,2.5476,2.5438,2.5352,2.5177,2.4845,2.4263,2.3316,2.1878,1.9824,1.7022
1057.0000,29.9292,29.9352,29.9535,29.9839,30.0266,30.0818,30.1495,30.2301,30.3236,30.4305,30.5510,30.6852,30.8337,30.9967,31.1745,31.3676,31.5766,31.8020,32.0448,32.3062,32.5877,2.5500,2.5500,2.5500,2.5500,2.5500,2.5500,2.5500,2.5500,2.5499,2.5497,2.5491,2.5475,2.5437,2.5352,2.5176,2.4844,2.4261,2.3313,2.1875,1.9821,1.7019
1058.0000,29.9333,29.9393,29.9576,29.9880,30.0308,30.0860,30.1538,30.2344,30.3280,30.4349,30.5554,30.6898,30.8384,31.0014,31.1793,31.3726,31.5817,31.8073,32.0503,32.3120,32.5939,2.5500,2.5500,2.5500,2.5500,2.5500,2.5500,2.5500,2.5500,2.5499,2.5497,2.5491,2.5475,2.5437,2.5352,2.5176,2.4842,2.4259,2.3311,2.1872,1.9817,1.7016
1059.0000,29.9374,29.9435,29.9617,29.9922,30.0349,30.0902,30.1580,30.2387,30.3324,30.4394,30.5599,30.6944,30.8430,31.0061,31.1842,31.3775,31.5868,31.8126,32.0559,32.3179,32.6000,2.5500,2.5500,2.5500,2.5500,2.5500,2.5500,2.5500,2.5500,2.5499,2.5497,2.5491,2.5475,2.5437,2.5351,2.5175,2.4841,2.4257,2.3308,2.1869,1.9814,1.7013
1060.0000,29.9415,29.9476,29.9658,29.9963,30.0391,30.0944,30.1623,30.2430,30.3367,30.4438,30.5644,30.6989,30.8476,31.0109,31.1890,31.3825,31.5918,31.8178,32.0614,32.3237,32.6062,2.5500,2.5500,2.5500,2.5500,2.5500,2.5500,2.5500,2.5500,2.5499,2.5497,2.5491,2.5475,2.5437,2.5351,2.5174,2.4840,2.4255,2.3306,2.1866,1.9811,1.7010
1061.0000,29.9456,29.9517,29.9699,30.0004,30.0433,30.0986,30.1665,30.2473,30.3411,30.4482,30.5689,30.7035,30.8523,31.0156,31.1938,31.3874,31.5969,31.8231,32.0669,32.3295,32.6124,2.5500,2.5500,2.5500,2.5500,2.5500,2.5500,2.5500,2.5500,2.5499,2.5497,2.5491,2.5475,2.5436,2.5350,2.5173,2.4838,2.4253,2.3303,2.1863,1.9807,1.7006
1062.0000,29.9497,29.9558,29.9741,30.0046,30.0475,30.1028,30.1708,30.2516,30.3455,30.4527,30.5734,30.7081,30.8569,31.0203,31.1987,31.3924,31.6021,31.8284,32.0725,32.3354,32.6187,2.5500,2.5500,2.5500,2.5500,2.5500,2.5500,2.5500,2.5500,2.5499,2.5497,2.5491,2.5475,2.5436,2.5350,2.5172,2.4837,2.4251,2.3301,2.1860,1.9804,1.7003
1063.0000,29.9538,29.9599,29.9782,30.0087,30.0516,30.1070,30.1750,30.2559,30.3498,30.4571,30.5779,30.7127,30.8616,31.0251,31.2035,31.3973,31.6072,31.8338,32.0780,32.3413,32.6249,2.5500,2.5500,2.5500,2.5500,2.5500,2.5500,2.5500,2.5500,2.5499,2.5497,2.5491,2.5475,2.5436,2.5349,2.5171,2.4836,2.4249,2.3298,2.1857,1.9801,1.7000
1064.0000,29.9579,29.9640,29.9823,30.0129,30.0558,30.1112,30.1793,30.2602,30.3542,30.4615,30.5824,30.7172,30.8662,31.0298,31.2083,31.4023,31.6123,31.8391,32.0836,32.3471,32.6311,2.5500,2.5500,2.5500,2.5500,2.5500,2.5500,2.5500,2.5500,2.5499,2.5497,2.5491,2.5475,2.5436,2.5349,2.5171,2.4834,2.4247,2.3295,2.1854,1.9798,1.6997
1065.0000,29.9620,29.9681,29.9865,30.0170,30.0600,30.1155,30.1836,30.2645,30.3586,30.4660,30.5869,30.7218,30.8709,31.0346,31.2132,31.4073,31.6174,31.8444,32.0892,32.3530,32.6374,2.5500,2.5500,2.5500,2.5500,2.5500,2.5500,2.5500,2.5500,2.5499,2.5497,2.5491,2.5475,2.5435,2.5348,2.5170,2.4833,2.4245,2.3293,2.1851,1.9794,1.6994
1066.0000,29.9662,29.9723,29.9906,30.0212,30.0642,30.1197,30.1878,30.2689,30.3630,30.4704,30.5914,30.7264,30.8756,31.0393,31.2181,31.4123,31.6226,31.8498,32.0948,32.3589,32.6437,2.5500,2.5500,2.5500,2.5500,2.5500,2.5500,2.5500,2.5500,2.5499,2.5497,2.5491,2.5474,2.5435,2.5348,2.5169,2.4832,2.4243,2.3290,2.1848,1.9791,1.6991
1067.0000,29.9703,29.9764,29.9947,30.0254,30.0684,30.1239,30.1921,30.2732,30.3673,30.4748,30.5959,30.7310,30.8802,31.0441,31.2229,31.4173,31.6278,31.8551,32.1004,32.3649,32.6500,2.5500,2.5500,2.5500,2.5500,2.5500,2.5500,2.5500,2.5500,2.5499,2.5497,2.5491,2.5474,2.5435,2.5347,2.5168,2.4830,2.4241,2.3288,2.1845,1.9788,1.6987
1068.0000,29.9744,29.9805,29.9989,30.0295,30.0726,30.1281,30.1964,30.2775,30.3717,30.4793,30.6005,30.7356,30.8849,31.0488,31.2278,31.4223,31.6329,31.8605,32.1060,32.3708,32.6562,2.5500,2.5500,2.5500,2.5500,2.5500,2.5500,2.5500,2.5500,2.5499,2.5497,2.5491,2.5474,2.5435,2.5347,2.5167,2.4829,2.4239,2.3285,2.1842,1.9784,1.6984
1069.0000,29.9785,29.9846,30.0030,30.0337,30.0768,30.1324,30.2007,30.2818,30.3761,30.4837,30.6050,30.7401,30.8896,31.0536,31.2327,31.4273,31.6381,31.8659,32.1117,32.3767,32.6626,2.5500,2.5500,2.5500,2.5500,2.5500,2.5500,2.5500,2.5500,2.5499,2.5497,2.5491,2.5474,2.5434,2.5346,2.5166,2.4828,2.4237,2.3283,2.1839,1.9781,1.6981
1070.0000,29.9827,29.9888,30.0072,30.0379,30.0810,30.1366,30.2049,30.2862,30.3805,30.4882,30.6095,30.7447,30.8942,31.0584,31.2375,31.4323,31.6433,31.8713,32.1173,32.3827,32.6689,2.5500,2.5500,2.5500,2.5500,2.5500,2.5500,2.5500,2.5500,2.5499,2.5497,2.5490,2.5474,2.5434,2.5346,2.5165,2.4826,2.4236,2.3280,2.1836,1.9778,1.6978
1071.0000,29.9868,29.9929,30.0113,30.0420,30.0852,30.1408,30.2092,30.2905,30.3849,30.4926,30.6140,30.7493,30.8989,31.0631,31.2424,31.4373,31.6485,31.8767,32.1230,32.3887,32.6752,2.5500,2.5500,2.5500,2.5500,2.5500,2.5500,2.5500,2.5500,2.5499,2.5497,2.5490,2.5474,2.5434,2.5345,2.5165,2.4825,2.4234,2.3278,2.1833,1.9775,1.6975
1072.0000,29.9909,29.9971,30.0155,30.0462,30.0894,30.1451,30.2135,30.2948,30.3893,30.4971,30.6185,30.7539,30.9036,31.0679,31.2473,31.4424,31.6537,31.8821,32.1287,32.3946,32.6815,2.5500,2.5500,2.5500,2.5500,2.5500,2.5500,2.5500,2.5500,2.5499,2.5497,2.5490,2.5474,2.5434,2.5345,2.5164,2.4823,2.4232,2.3275,2.1830,1.9771,1.6972
1073.0000,29.9951,30.0012,30.0196,30.0504,30.0936,30.1493,30.2178,30.2992,30.3937,30.5015,30.6230,30.7585,30.9083,31.0727,31.2522,31.4474,31.6589,31.8875,32.1343,32.4006,32.6879,2.5500,2.5500,2.5500,2.5500,2.5500,2.5500,2.5500,2.5500,2.5499,2.5497,2.5490,2.5474,2.5433,2.5344,2.5163,2.4822,2.4230,2.3272,2.1826,1.9768,1.6969
1074.0000,29.9992,30.0054,30.0238,30.0546,30.0978,30.1536,30.2221,30.3035,30.3980,30.5060,30.6276,30.7631,30.9130,31.0775,31.2571,31.4524,31.6641,31.8929,32.1400,32.4066,32.6943,2.5500,2.5500,2.5500,2.5500,2.5500,2.5500,2.5500,2.5500,2.5499,2.5497,2.5490,2.5473,2.5433,2.5344,2.5162,2.4821,2.4228,2.3270,2.1823,1.9765,1.6965
1075.0000,30.0034,30.0095,30.0279,30.0587,30.1020,30.1578,30.2264,30.3078,30.4024,30.5104,30.6321,30.7677,30.9176,31.0823,31.2620,31.4575,31.6693,31.8984,32.1457,32.4126,32.7006,2.5500,2.5500,2.5500,2.5500,2.5500,2.5500,2.5500,2.5500,2.5499,2.5497,2.5490,2.5473,2.5433,2.5343,2.5161,2.4819,2.4226,2.3267,2.1820,1.9762,1.6962
1076.0000,30.0075,30.0137,30.0321,30.0629,30.1062,30.1621,30.2307,30.3122,30.4068,30.5149,30.6366,30.7723,30.9223,31.0871,31.2669,31.4625,31.6746,31.9038,32.1514,32.4187,32.7070,2.5500,2.5500,2.5500,2.5500,2.5500,2.5500,2.5500,2.5500,2.5499,2.5497,2.5490,2.5473,2.5433,2.5343,2.5160,2.4818,2.4224,2.3265,2.1817,1.9758,1.6959
1077.0000,30.0117,30.0178,30.0363,30.0671,30.1104,30.1663,30.2349,30.3165,30.4112,30.5194,30.6412,30.7769,30.9270,31.0919,31.2719,31.4676,31.6798,31.9093,32.1572,32.4247,32.7134,2.5500,2.5500,2.5500,2.5500,2.5500,2.5500,2.5500,2.5500,2.5499,2.5497,2.5490,2.5473,2.5432,2.5342,2.5159,2.4817,2.4222,2.3262,2.1814,1.9755,1.6956
1078.0000,30.0158,30.0220,30.0405,30.0713,30.1146,30.1706,30.2392,30.3209,30.4156,30.5238,30.6457,30.7816,30.9317,31.0967,31.2768,31.4727,31.6851,31.9148,32.1629,32.4307,32.7198,2.5500,2.5500,2.5500,2.5500,2.5500,2.5500,2.5500,2.5500,2.5499,2.5497,2.5490,2.5473,2.5432,2.5342,2.5159,2.4815,2.4220,2.3260,2.1811,1.9752,1.6953
1079.0000,30.0200,30.0261,30.0446,30.0755,30.1189,30.1748,30.2435,30.3252,30.4201,30.5283,30.6502,30.7862,30.9364,31.1015,31.2817,31.4778,31.6903,31.9203,32.1687,32.4368,32.7262,2.5500,2.5500,2.5500,2.5500,2.5500,2.5500,2.5500,2.5500,2.5499,2.5497,2.5490,2.5473,2.5432,2.5341,2.5158,2.4814,2.4218,2.3257,2.1808,1.9748,1.6950
1080.0000,30.0241,30.0303,30.0488,30.0797,30.1231,30.1791,30.2478,30.3296,30.4245,30.5328,30.6548,30.7908,30.9412,31.1063,31.2866,31.4828,31.6956,31.9257,32.1744,32.4429,32.7327,2.5500,2.5500,2.5500,2.5500,2.5500,2.5500,2.5500,2.5500,2.5499,2.5497,2.5490,2.5473,2.5431,2.5341,2.5157,2.4813,2.4216,2.3255,2.1805,1.9745,1.6947
1081.0000,30.0283,30.0345,30.0530,30.0839,30.1273,30.1833,30.2522,30.3339,30.4289,30.5372,30.6593,30.7954,30.9459,31.1111,31.2916,31.4879,31.7009,31.9313,32.1802,32.4490,32.7390,2.5500,2.5500,2.5500,2.5500,2.5500,2.5500,2.5500,2.5500,2.5499,2.5497,2.5490,2.5473,2.5431,2.5340,2.5156,2.4811,2.4214,2.3252,2.1802,1.9742,1.6944
1082.0000,30.0325,30.0386,30.0572,30.0881,30.1315,30.1876,30.2565,30.3383,30.4333,30.5417,30.6639,30.8000,30.9506,31.1159,31.2965,31.4930,31.7062,31.9368,32.1860,32.4550,32.7452,2.5500,2.5500,2.5500,2.5500,2.5500,2.5500,2.5500,2.5500,2.5499,2.5497,2.5490,2.5472,2.5431,2.5340,2.5155,2.4810,2.4212,2.3249,2.1799,1.9739,1.6940
1083.0000,30.0366,30.0428,30.0613,30.0923,30.1358,30.1919,30.2608,30.3426,30.4377,30.5462,30.6684,30.8047,30.9553,31.1207,31.3015,31.4982,31.7114,31.9423,32.1917,32.4611,32.7513,2.5500,2.5500,2.5500,2.5500,2.5500,2.5500,2.5500,2.5500,2.5499,2.5497,2.5490,2.5472,2.5431,2.5339,2.5154,2.4809,2.4210,2.3247,2.1796,1.9735,1.6937
1084.0000,30.0408,30.0470,30.0655,30.0965,30.1400,30.1961,30.2651,30.3470,30.4421,30.5507,30.6730,30.8093,30.9600,31.1256,31.3065,31.5033,31.7168,31.9478,32.1975,32.4671,32.7574,2.5500,2.5500,2.5500,2.5500,2.5500,2.5500,2.5500,2.5500,2.5499,2.5496,2.5490,2.5472,2.5430,2.5339,2.5153,2.4807,2.4208,2.3244,2.1793,1.9732,1.6934
1085.0000,30.0450,30.0512,30.0697,30.1007,30.1442,30.2004,30.2694,30.3514,30.4465,30.5552,30.6775,30.8139,30.9648,31.1304,31.3114,31.5084,31.7221,31.9534,32.2033,32.4731,32.7635,2.5500,2.5500,2.5500,2.5500,2.5500,2.5500,2.5500,2.5500,2.5499,2.5496,2.5490,2.5472,2.5430,2.5338,2.5153,2.4806,2.4206,2.3242,2.1790,1.9729,1.6931
1086.0000,30.0491,30.0553,30.0739,30.1049,30.1485,30.2047,30.2737,30.3557,30.4510,30.5596,30.6821,30.8186,30.9695,31.1353,31.3164,31.5135,31.7274,31.9589,32.2091,32.4791,32.7696,2.5500,2.5500,2.5500,2.5500,2.5500,2.5500,2.5500,2.5500,2.5499,2.5496,2.5490,2.5472,2.5430,2.5338,2.5152,2.4804,2.4204,2.3239,2.1787,1.9726,1.6928
1087.0000,30.0533,30.0595,30.0781,30.1091,30.1527,30.2090,30.2780,30.3601,30.4554,30.5641,30.6866,30.8232,30.9742,31.1401,31.3214,31.5187,31.7327,31.9644,32.2149,32.4850,32.7756,2.5500,2.5500,2.5500,2.5500,2.5500,2.5500,2.5500,2.5500,2.5499,2.5496,2.5490,2.5472,2.5430,2.5337,2.5151,2.4803,2.4202,2.3237,2.1784,1.9723,1.6925
1088.0000,30.0575,30.0637,30.0823,30.1134,30.1570,30.2133,30.2824,30.3645,30.4598,30.5686,30.6912,30.8279,30.9790,31.1450,31.3264,31.5238,31.7381,31.9700,32.2206,32.4910,32.7816,2.5500,2.5500,2.5500,2.5500,2.5500,2.5500,2.5500,2.5500,2.5499,2.5496,2.5489,2.5472,2.5429,2.5337,2.5150,2.4802,2.4200,2.3234,2.1781,1.9719,1.6922
1089.0000,30.0617,30.0679,30.0865,30.1176,30.1612,30.2175,30.2867,30.3688,30.4642,30.5731,30.6958,30.8325,30.9837,31.1498,31.3314,31.5290,31.7434,31.9756,32.2264,32.4969,32.7876,2.5500,2.5500,2.5500,2.5500,2.5500,2.5500,2.5500,2.5500,2.5499,2.5496,2.5489,2.5472,2.5429,2.5336,2.5149,2.4800,2.4198,2.3232,2.1778,1.9716,1.6919
1090.0000,30.0659,30.0721,30.0907,30.1218,30.1655,30.2218,30.2910,30.3732,30.4687,30.5776,30.7003,30.8372,30.9885,31.1547,31.3364,31.5341,31.7487,31.9811,32.2322,32.5028,32.7935,2.5500,2.5500,2.5500,2.5500,2.5500,2.5500,2.5500,2.5500,2.5499,2.5496,2.5489,2.5471,2.5429,2.5336,2.5148,2.4799,2.4196,2.3229,2.1775,1.9713,1.6915
1091.0000,30.0701,30.0763,30.0949,30.1260,30.1697,30.2261,30.2953,30.3776,30.4731,30.5821,30.7049,30.8418,30.9932,31.1595,31.3414,31.5393,31.7541,31.9867,32.2379,32.5087,32.7995,2.5500,2.5500,2.5500,2.5500,2.5500,2.5500,2.5500,2.5500,2.5499,2.5496,2.5489,2.5471,2.5429,2.5335,2.5147,2.4798,2.4195,2.3226,2.1772,1.9710,1.6912
1092.0000,30.0743,30.0805,30.0991,30.1303,30.1740,30.2304,30.2997,30.3820,30.4775,30.5866,30.7095,30.8465,30.9980,31.1644,31.3464,31.5445,31.7595,31.9922,32.2437,32.5146,32.8054,2.5500,2.5500,2.5500,2.5500,2.5500,2.5500,2.5500,2.5500,2.5499,2.5496,2.5489,2.5471,2.5428,2.5335,2.5146,2.4796,2.4193,2.3224,2.1769,1.9706,1.6909
1093.0000,30.0785,30.0847,30.1033,30.1345,30.1782,30.2347,30.3040,30.3864,30.4820,30.5911,30.7141,30.8511,31.0027,31.1693,31.3514,31.5496,31.7648,31.9978,32.2494,32.5204,32.8113,2.5500,2.5500,2.5500,2.5500,2.5500,2.5500,2.5500,2.5500,2.5499,2.5496,2.5489,2.5471,2.5428,2.5334,2.5146,2.4795,2.4191,2.3221,2.1766,1.9703,1.6906
1094.0000,30.0827,30.0889,30.1075,30.1387,30.1825,30.2390,30.3083,30.3907,30.4864,30.5956,30.7186,30.8558,31.0075,31.1742,31.3564,31.5548,31.7702,32.0033,32.2551,32.5263,32.8172,2.5500,2.5500,2.5500,2.5500,2.5500,2.5500,2.5500,2.5500,2.5499,2.5496,2.5489,2.5471,2.5428,2.5334,2.5145,2.4794,2.4189,2.3219,2.1763,1.9700,1.6903
1095.0000,30.0869,30.0931,30.1118,30.1430,30.1868,30.2433,30.3127,30.3951,30.4909,30.6001,30.7232,30.8605,31.0123,31.1791,31.3614,31.5600,31.7756,32.0089,32.2608,32.5321,32.8231,2.5500,2.5500,2.5500,2.5500,2.5500,2.5500,2.5500,2.5500,2.5499,2.5496,2.5489,2.5471,2.5427,2.5333,2.5144,2.4792,2.4187,2.3216,2.1760,1.9697,1.6900
1096.0000,30.0911,30.0973,30.1160,30.1472,30.1910,30.2476,30.3170,30.3995,30.4953,30.6047,30.7278,30.8651,31.0170,31.1840,31.3665,31.5652,31.7809,32.0144,32.2666,32.5379,32.8289,2.5500,2.5500,2.5500,2.5500,2.5500,2.5500,2.5500,2.5500,2.5499,2.5496,2.5489,2.5471,2.5427,2.5333,2.5143,2.4791,2.4185,2.3214,2.1757,1.9693,1.6897
1097.0000,30.0953,30.1015,30.1202,30.1514,30.1953,30.2519,30.3214,30.4039,30.4998,30.6092,30.7324,30.8698,31.0218,31.1889,31.3715,31.5704,31.7863,32.0200,32.2723,32.5437,32.8348,2.5500,2.5500,2.5500,2.5500,2.5500,2.5500,2.5500,2.5500,2.5499,2.5496,2.5489,2.5471,2.5427,2.5332,2.5142,2.4789,2.4183,2.3211,2.1754,1.9690,1.6894
1098.0000,30.0995,30.1057,30.1244,30.1557,30.1996,30.2562,30.3257,30.4083,30.5042,30.6137,30.7370,30.8745,31.0266,31.1938,31.3766,31.5756,31.7917,32.0255,32.2780,32.5495,32.8406,2.5500,2.5500,2.5500,2.5500,2.5500,2.5500,2.5500,2.5500,2.5499,2.5496,2.5489,2.5470,2.5427,2.5332,2.5141,2.4788,2.4181,2.3209,2.1751,1.9687,1.6891
1099.0000,30.1037,30.1099,30.1287,30.1599,30.2038,30.2605,30.3301,30.4127,30.5087,30.6182,30.7416,30.8792,31.0314,31.1987,31.3816,31.5808,31.7971,32.0311,32.2837,32.5553,32.8464,2.5500,2.5500,2.5500,2.5500,2.5500,2.5500,2.5500,2.5500,2.5499,2.5496,2.5489,2.5470,2.5426,2.5331,2.5140,2.4787,2.4179,2.3206,2.1748,1.9684,1.6888
1100.0000,30.1079,30.1141,30.1329,30.1642,30.2081,30.2648,30.3344,30.4171,30.5131,30.6227,30.7462,30.8839,31.0362,31.2036,31.3867,31.5860,31.8024,32.0366,32.2893,32.5611,32.8522,2.5500,2.5500,2.5500,2.5500,2.5500,2.5500,2.5500,2.5500,2.5499,2.5496,2.5489,2.5470,2.5426,2.5331,2.5139,2.4785,2.4177,2.3204,2.1745,1.9681,1.6884
1101.0000,30.1121,30.1184,30.1371,30.1684,30.2124,30.2691,30.3388,30.4215,30.5176,30.6273,30.7508,30.8886,31.0410,31.2085,31.3917,31.5913,31.8078,32.0422,32.2950,32.5669,32.8581,2.5500,2.5500,2.5500,2.5500,2.5500,2.5500,2.5500,2.5500,2.5499,2.5496,2.5489,2.5470,2.5426,2.5330,2.5139,2.4784,2.4175,2.3201,2.1742,1.9677,1.6881
1102.0000,30.1163,30.1226,30.1413,30.1727,30.2167,30.2734,30.3431,30.4259,30.5221,30.6318,30.7554,30.8933,31.0458,31.2134,31.3968,31.5965,31.8132,32.0477,32.3007,32.5726,32.8638,2.5500,2.5500,2.5500,2.5500,2.5500,2.5500,2.5500,2.5500,2.5499,2.5496,2.5489,2.5470,2.5426,2.5330,2.5138,2.4783,2.4173,2.3199,2.1739,1.9674,1.6878
1103.0000,30.1206,30.1268,30.1456,30.1769,30.2210,30.2778,30.3475,30.4303,30.5265,30.6363,30.7600,30.8980,31.0506,31.2184,31.4019,31.6017,31.8186,32.0533,32.3064,32.5784,32.8696,2.5500,2.5500,2.5500,2.5500,2.5500,2.5500,2.5500,2.5500,2.5499,2.5496,2.5489,2.5470,2.5425,2.5329,2.5137,2.4781,2.4171,2.3196,2.1736,1.9671,1.6875
1104.0000,30.1248,30.1310,30.1498,30.1812,30.2252,30.2821,30.3518,30.4348,30.5310,30.6409,30.7646,30.9027,31.0554,31.2233,31.4069,31.6069,31.8240,32.0588,32.3120,32.5841,32.8754,2.5500,2.5500,2.5500,2.5500,2.5500,2.5500,2.5500,2.5500,2.5499,2.5496,2.5489,2.5470,2.5425,2.5329,2.5136,2.4780,2.4169,2.3193,2.1733,1.9668,1.6872
1105.0000,30.1290,30.1353,30.1541,30.1855,30.2295,30.2864,30.3562,30.4392,30.5355,30.6454,30.7693,30.9074,31.0602,31.2282,31.4120,31.6122,31.8294,32.0643,32.3177,32.5899,32.8812,2.5500,2.5500,2.5500,2.5500,2.5500,2.5500,2.5500,2.5500,2.5499,2.5496,2.5489,2.5469,2.5425,2.5328,2.5135,2.4778,2.4167,2.3191,2.1730,1.9665,1.6869
1106.0000,30.1332,30.1395,30.1583,30.1897,30.2338,30.2907,30.3606,30.4436,30.5400,30.6500,30.7739,30.9121,31.0651,31.2332,31.4171,31.6174,31.8347,32.0699,32.3233,32.5956,32.8869,2.5500,2.5500,2.5500,2.5500,2.5500,2.5500,2.5500,2.5500,2.5499,2.5496,2.5488,2.5469,2.5424,2.5328,2.5134,2.4777,2.4165,2.3188,2.1727,1.9661,1.6866
1107.0000,30.1375,30.1437,30.1626,30.1940,30.2381,30.2951,30.3650,30.4480,30.5444,30.6545,30.7785,30.9168,31.0699,31.2381,31.4222,31.6226,31.8401,32.0754,32.3290,32.6013,32.8927,2.5500,2.5500,2.5500,2.5500,2.5500,2.5500,2.5500,2.5500,2.5499,2.5496,2.5488,2.5469,2.5424,2.5327,2.5133,2.4776,2.4163,2.3186,2.1724,1.9658,1.6863
1108.0000,30.1417,30.1480,30.1668,30.1983,30.2424,30.2994,30.3693,30.4524,30.5489,30.6591,30.7831,30.9216,31.0747,31.2431,31.4273,31.6279,31.8455,32.0809,32.3346,32.6070,32.8984,2.5500,2.5500,2.5500,2.5500,2.5500,2.5500,2.5500,2.5500,2.5499,2.5496,2.5488,2.5469,2.5424,2.5327,2.5132,2.4774,2.4161,2.3183,2.1721,1.9655,1.6860
1109.0000,30.1459,30.1522,30.1711,30.2025,30.2467,30.3037,30.3737,30.4569,30.5534,30.6636,30.7878,30.9263,31.0795,31.2480,31.4324,31.6331,31.8509,32.0864,32.3402,32.6127,32.9042,2.5500,2.5500,2.5500,2.5500,2.5500,2.5500,2.5500,2.5500,2.5499,2.5496,2.5488,2.5469,2.5424,2.5326,2.5132,2.4773,2.4159,2.3181,2.1718,1.9652,1.6857
1110.0000,30.1502,30.1565,30.1753,30.2068,30.2510,30.3081,30.3781,30.4613,30.5579,30.6682,30.7924,30.9310,31.0844,31.2530,31.4375,31.6383,31.8563,32.0919,32.3459,32.6184,32.9099,2.5500,2.5500,2.5500,2.5500,2.5500,2.5500,2.5500,2.5500,2.5499,2.5496,2.5488,2.5469,2.5423,2.5326,2.5131,2.4772,2.4157,2.3178,2.1715,1.9649,1.6854
1111.0000,30.1544,30.1607,30.1796,30.2111,30.2553,30.3124,30.3825,30.4657,30.5624,30.6727,30.7971,30.9357,31.0892,31.2580,31.4425,31.6436,31.8617,32.0975,32.3515,32.6241,32.9156,2.5500,2.5500,2.5500,2.5500,2.5500,2.5500,2.5500,2.5500,2.5499,2.5496,2.5488,2.5469,2.5423,2.5325,2.5130,2.4770,2.4155,2.3176,2.1712,1.9645,1.6851
1112.0000,30.1587,30.1650,30.1838,30.2154,30.2596,30.3167,30.3868,30.4701,30.5669,30.6773,30.8017,30.9405,31.0941,31.2629,31.4477,31.6488,31.8670,32.1030,32.3571,32.6298,32.9214,2.5500,2.5500,2.5500,2.5500,2.5500,2.5500,2.5500,2.5500,2.5499,2.5496,2.5488,2.5469,2.5423,2.5324,2.5129,2.4769,2.4154,2.3173,2.1709,1.9642,1.6848
1113.0000,30.1629,30.1692,30.1881,30.2196,30.2639,30.3211,30.3912,30.4746,30.5714,30.6819,30.8064,30.9452,31.0989,31.2679,31.4528,31.6541,31.8724,32.1085,32.3627,32.6355,32.9271,2.5500,2.5500,2.5500,2.5500,2.5500,2.5500,2.5500,2.5500,2.5499,2.5496,2.5488,2.5468,2.5423,2.5324,2.5128,2.4767,2.4152,2.3171,2.1706,1.9639,1.6845
1114.0000,30.1672,30.1735,30.1924,30.2239,30.2682,30.3254,30.3956,30.4790,30.5759,30.6864,30.8110,30.9500,31.1038,31.2729,31.4579,31.6593,31.8778,32.1140,32.3683,32.6412,32.9328,2.5500,2.5500,2.5500,2.5500,2.5500,2.5500,2.5500,2.5500,2.5499,2.5496,2.5488,2.5468,2.5422,2.5323,2.5127,2.4766,2.4150,2.3168,2.1703,1.9636,1.6841
1115.0000,30.1714,30.1777,30.1966,30.2282,30.2726,30.3298,30.4000,30.4835,30.5804,30.6910,30.8157,30.9547,31.1086,31.2779,31.4630,31.6645,31.8832,32.1195,32.3739,32.6469,32.9385,2.5500,2.5500,2.5500,2.5500,2.5500,2.5500,2.5500,2.5500,2.5499,2.5496,2.5488,2.5468,2.5422,2.5323,2.5126,2.4765,2.4148,2.3166,2.1700,1.9633,1.6838
1116.0000,30.1757,30.1820,30.2009,30.2325,30.2769,30.3341,30.4044,30.4879,30.5849,30.6956,30.8203,30.9595,31.1135,31.2828,31.4681,31.6698,31.8886,32.1250,32.3795,32.6525,32.9442,2.5500,2.5500,2.5500,2.5500,2.5500,2.5500,2.5500,2.5500,2.5499,2.5496,2.5488,2.5468,2.5422,2.5322,2.5125,2.4763,2.4146,2.3163,2.1697,1.9629,1.6835
1117.0000,30.1799,30.1862,30.2052,30.2368,30.2812,30.3385,30.4088,30.4924,30.5894,30.7002,30.8250,30.9642,31.1184,31.2878,31.4732,31.6750,31.8940,32.1305,32.3851,32.6582,32.9498,2.5500,2.5500,2.5500,2.5500,2.5500,2.5500,2.5500,2.5500,2.5499,2.5496,2.5488,2.5468,2.5421,2.5322,2.5124,2.4762,2.4144,2.3161,2.1694,1.9626,1.6832
1118.0000,30.1842,30.1905,30.2095,30.2411,30.2855,30.3428,30.4132,30.4968,30.5939,30.7047,30.8296,30.9690,31.1232,31.2928,31.4783,31.6803,31.8993,32.1360,32.3907,32.6638,32.9555,2.5500,2.5500,2.5500,2.5500,2.5500,2.5500,2.5500,2.5500,2.5499,2.5496,2.5488,2.5468,2.5421,2.5321,2.5124,2.4761,2.4142,2.3158,2.1691,1.9623,1.6829
1119.0000,30.1885,30.1948,30.2137,30.2454,30.2898,30.3472,30.4176,30.5013,30.5984,30.7093,30.8343,30.9738,31.1281,31.2978,31.4834,31.6855,31.9047,32.1415,32.3963,32.6695,32.9612,2.5500,2.5500,2.5500,2.5500,2.5500,2.5500,2.5500,2.5500,2.5499,2.5496,2.5488,2.5468,2.5421,2.5321,2.5123,2.4759,2.4140,2.3156,2.1688,1.9620,1.6826
1120.0000,30.1927,30.1990,30.2180,30.2497,30.2942,30.3516,30.4220,30.5057,30.6029,30.7139,30.8390,30.9785,31.1330,31.3028,31.4886,31.6908,31.9101,32.1470,32.4019,32.6751,32.9669,2.5500,2.5500,2.5500,2.5500,2.5500,2.5500,2.5500,2.5500,2.5499,2.5496,2.5488,2.5467,2.5421,2.5320,2.5122,2.4758,2.4138,2.3153,2.1685,1.9617,1.6823
1121.0000,30.1970,30.2033,30.2223,30.2540,30.2985,30.3559,30.4264,30.5102,30.6075,30.7185,30.8437,30.9833,31.1379,31.3078,31.4937,31.6960,31.9155,32.1524,32.4074,32.6807,32.9725,2.5500,2.5500,2.5500,2.5500,2.5500,2.5500,2.5500,2.5500,2.5499,2.5496,2.5488,2.5467,2.5420,2.5320,2.5121,2.4756,2.4136,2.3150,2.1682,1.9614,1.6820
1122.0000,30.2013,30.2076,30.2266,30.2583,30.3028,30.3603,30.4308,30.5147,30.6120,30.7231,30.8483,30.9881,31.1427,31.3128,31.4988,31.7013,31.9208,32.1579,32.4130,32.6864,32.9782,2.5500,2.5500,2.5500,2.5500,2.5500,2.5500,2.5500,2.5500,2.5499,2.5496,2.5487,2.5467,2.5420,2.5319,2.5120,2.4755,2.4134,2.3148,2.1679,1.9610,1.6817
1123.0000,30.2055,30.2119,30.2309,30.2626,30.3072,30.3647,30.4352,30.5191,30.6165,30.7277,30.8530,30.9929,31.1476,31.3178,31.5039,31.7066,31.9262,32.1634,32.4186,32.6920,32.9839,2.5500,2.5500,2.5500,2.5500,2.5500,2.5500,2.5500,2.5500,2.5499,2.5496,2.5487,2.5467,2.5420,2.5319,2.5119,2.4754,2.4132,2.3145,2.1676,1.9607,1.6814
1124.0000,30.2098,30.2161,30.2352,30.2669,30.3115,30.3690,30.4397,30.5236,30.6210,30.7323,30.8577,30.9976,31.1525,31.3228,31.5091,31.7118,31.9316,32.1689,32.4241,32.6976,32.9895,2.5500,2.5500,2.5500,2.5500,2.5500,2.5500,2.5500,2.5500,2.5499,2.5496,2.5487,2.5467,2.5419,2.5318,2.5118,2.4752,2.4130,2.3143,2.1673,1.9604,1.6811
1125.0000,30.2141,30.2204,30.2395,30.2712,30.3158,30.3734,30.4441,30.5281,30.6256,30.7369,30.8624,31.0024,31.1574,31.3278,31.5142,31.7171,31.9370,32.1744,32.4297,32.7032,32.9952,2.5500,2.5500,2.5500,2.5500,2.5500,2.5500,2.5500,2.5500,2.5499,2.5495,2.5487,2.5467,2.5419,2.5318,2.5117,2.4751,2.4128,2.3140,2.1670,1.9601,1.6808
1126.0000,30.2184,30.2247,30.2438,30.2756,30.3202,30.3778,30.4485,30.5325,30.6301,30.7415,30.8671,31.0072,31.1623,31.3328,31.5193,31.7223,31.9423,32.1798,32.4353,32.7089,33.0008,2.5500,2.5500,2.5500,2.5500,2.5500,2.5500,2.5500,2.5500,2.5499,2.5495,2.5487,2.5467,2.5419,2.5317,2.5116,2.4750,2.4126,2.3138,2.1667,1.9598,1.6805
1127.0000,30.2227,30.2290,30.2481,30.2799,30.3245,30.3822,30.4529,30.5370,30.6347,30.7461,30.8718,31.0120,31.1672,31.3378,31.5245,31.7276,31.9477,32.1853,32.4408,32.7145,33.0064,2.5500,2.5500,2.5500,2.5500,2.5500,2.5500,2.5500,2.5500,2.5498,2.5495,2.5487,2.5466,2.5419,2.5317,2.5116,2.4748,2.4124,2.3135,2.1664,1.9595,1.6802
1128.0000,30.2269,30.2333,30.2524,30.2842,30.3289,30.3866,30.4574,30.5415,30.6392,30.7508,30.8765,31.0168,31.1721,31.3429,31.5296,31.7328,31.9531,32.1908,32.4464,32.7201,33.0121,2.5500,2.5500,2.5500,2.5500,2.5500,2.5500,2.5500,2.5500,2.5498,2.5495,2.5487,2.5466,2.5418,2.5316,2.5115,2.4747,2.4122,2.3133,2.1661,1.9591,1.6799
1129.0000,30.2312,30.2376,30.2567,30.2885,30.3332,30.3909,30.4618,30.5460,30.6437,30.7554,30.8812,31.0216,31.1770,31.3479,31.5347,31.7381,31.9584,32.1962,32.4519,32.7257,33.0177,2.5500,2.5500,2.5500,2.5500,2.5500,2.5500,2.5500,2.5500,2.5498,2.5495,2.5487,2.5466,2.5418,2.5316,2.5114,2.4745,2.4120,2.3130,2.1659,1.9588,1.6796
1130.0000,30.2355,30.2419,30.2610,30.2928,30.3376,30.3953,30.4662,30.5505,30.6483,30.7600,30.8859,31.0264,31.1819,31.3529,31.5399,31.7433,31.9638,32.2017,32.4574,32.7313,33.0233,2.5500,2.5500,2.5500,2.5500,2.5500,2.5500,2.5500,2.5500,2.5498,2.5495,2.5487,2.5466,2.5418,2.5315,2.5113,2.4744,2.4118,2.3128,2.1656,1.9585,1.6793
1131.0000,30.2398,30.2462,30.2653,30.2972,30.3419,30.3997,30.4707,30.5550,30.6529,30.7646,30.8906,31.0312,31.1868,31.3579,31.5450,31.7486,31.9692,32.2072,32.4630,32.7369,33.0289,2.5500,2.5500,2.5500,2.5500,2.5500,2.5500,2.5500,2.5500,2.5498,2.5495,2.5487,2.5466,2.5417,2.5314,2.5112,2.4743,2.4116,2.3125,2.1653,1.9582,1.6790
1132.0000,30.2441,30.2505,30.2696,30.3015,30.3463,30.4041,30.4751,30.5595,30.6574,30.7693,30.8953,31.0360,31.1917,31.3630,31.5502,31.7538,31.9745,32.2126,32.4685,32.7424,33.0346,2.5500,2.5500,2.5500,2.5500,2.5500,2.5500,2.5500,2.5500,2.5498,2.5495,2.5487,2.5466,2.5417,2.5314,2.5111,2.4741,2.4114,2.3123,2.1650,1.9579,1.6787
1133.0000,30.2484,30.2548,30.2739,30.3058,30.3507,30.4085,30.4795,30.5639,30.6620,30.7739,30.9001,31.0408,31.1967,31.3680,31.5553,31.7591,31.9799,32.2181,32.4740,32.7480,33.0402,2.5500,2.5500,2.5500,2.5500,2.5500,2.5500,2.5500,2.5500,2.5498,2.5495,2.5487,2.5466,2.5417,2.5313,2.5110,2.4740,2.4112,2.3120,2.1647,1.9576,1.6784
1134.0000,30.2527,30.2591,30.2782,30.3102,30.3550,30.4129,30.4840,30.5684,30.6665,30.7785,30.9048,31.0457,31.2016,31.3730,31.5604,31.7644,31.9852,32.2235,32.4796,32.7536,33.0458,2.5500,2.5500,2.5500,2.5500,2.5500,2.5500,2.5500,2.5500,2.5498,2.5495,2.5487,2.5465,2.5417,2.5313,2.5109,2.4738,2.4111,2.3118,2.1644,1.9573,1.6781
1135.0000,30.2570,30.2634,30.2825,30.3145,30.3594,30.4173,30.4884,30.5730,30.6711,30.7832,30.9095,31.0505,31.2065,31.3780,31.5656,31.7696,31.9906,32.2290,32.4851,32.7592,33.0514,2.5500,2.5500,2.5500,2.5500,2.5500,2.5500,2.5500,2.5500,2.5498,2.5495,2.5487,2.5465,2.5416,2.5312,2.5108,2.4737,2.4109,2.3115,2.1641,1.9569,1.6778
1136.0000,30.2613,30.2677,30.2869,30.3189,30.3638,30.4217,30.4929,30.5775,30.6757,30.7878,30.9142,31.0553,31.2114,31.3831,31.5707,31.7749,31.9960,32.2344,32.4906,32.7648,33.0570,2.5500,2.5500,2.5500,2.5500,2.5500,2.5500,2.5500,2.5500,2.5498,2.5495,2.5487,2.5465,2.5416,2.5312,2.5107,2.4736,2.4107,2.3113,2.1638,1.9566,1.6775
1137.0000,30.2656,30.2720,30.2912,30.3232,30.3681,30.4261,30.4973,30.5820,30.6802,30.7925,30.9190,31.0601,31.2164,31.3881,31.5759,31.7801,32.0013,32.2399,32.4961,32.7703,33.0626,2.5500,2.5500,2.5500,2.5500,2.5500,2.5500,2.5500,2.5500,2.5498,2.5495,2.5486,2.5465,2.5416,2.5311,2.5107,2.4734,2.4105,2.3110,2.1635,1.9563,1.6772
1138.0000,30.2700,30.2763,30.2955,30.3276,30.3725,30.4306,30.5018,30.5865,30.6848,30.7971,30.9237,31.0649,31.2213,31.3931,31.5810,31.7854,32.0067,32.2453,32.5017,32.7759,33.0682,2.5500,2.5500,2.5500,2.5500,2.5500,2.5500,2.5500,2.5499,2.5498,2.5495,2.5486,2.5465,2.5415,2.5311,2.5106,2.4733,2.4103,2.3108,2.1632,1.9560,1.6769
1139.0000,30.2743,30.2807,30.2999,30.3319,30.3769,30.4350,30.5063,30.5910,30.6894,30.8018,30.9284,31.0698,31.2262,31.3982,31.5862,31.7906,32.0120,32.2508,32.5072,32.7815,33.0738,2.5500,2.5500,2.5500,2.5500,2.5500,2.5500,2.5500,2.5499,2.5498,2.5495,2.5486,2.5465,2.5415,2.5310,2.5105,2.4731,2.4101,2.3105,2.1629,1.9557,1.6766
1140.0000,30.2786,30.2850,30.3042,30.3363,30.3813,30.4394,30.5107,30.5955,30.6940,30.8064,30.9332,31.0746,31.2311,31.4032,31.5913,31.7959,32.0174,32.2562,32.5127,32.7870,33.0794,2.5500,2.5500,2.5500,2.5500,2.5500,2.5500,2.5500,2.5499,2.5498,2.5495,2.5486,2.5465,2.5415,2.5310,2.5104,2.4730,2.4099,2.3103,2.1626,1.9554,1.6763
1141.0000,30.2829,30.2893,30.3085,30.3406,30.3857,30.4438,30.5152,30.6000,30.6986,30.8111,30.9379,31.0794,31.2361,31.4083,31.5965,31.8012,32.0227,32.2617,32.5182,32.7926,33.0850,2.5500,2.5500,2.5500,2.5500,2.5500,2.5500,2.5500,2.5499,2.5498,2.5495,2.5486,2.5464,2.5414,2.5309,2.5103,2.4729,2.4097,2.3100,2.1623,1.9551,1.6760
1142.0000,30.2872,30.2936,30.3129,30.3450,30.3901,30.4482,30.5197,30.6046,30.7032,30.8157,30.9427,31.0843,31.2410,31.4133,31.6016,31.8064,32.0281,32.2671,32.5237,32.7981,33.0907,2.5500,2.5500,2.5500,2.5500,2.5500,2.5500,2.5500,2.5499,2.5498,2.5495,2.5486,2.5464,2.5414,2.5309,2.5102,2.4727,2.4095,2.3098,2.1620,1.9547,1.6757
1143.0000,30.2916,30.2980,30.3172,30.3493,30.3944,30.4527,30.5241,30.6091,30.7077,30.8204,30.9474,31.0891,31.2460,31.4184,31.6068,31.8117,32.0335,32.2725,32.5292,32.8037,33.0963,2.5500,2.5500,2.5500,2.5500,2.5500,2.5500,2.5500,2.5499,2.5498,2.5495,2.5486,2.5464,2.5414,2.5308,2.5101,2.4726,2.4093,2.3095,2.1617,1.9544,1.6754
1144.0000,30.2959,30.3023,30.3216,30.3537,30.3988,30.4571,30.5286,30.6136,30.7123,30.8251,30.9522,31.0940,31.2509,31.4234,31.6119,31.8169,32.0388,32.2780,32.5347,32.8093,33.1020,2.5500,2.5500,2.5500,2.5500,2.5500,2.5500,2.5500,2.5499,2.5498,2.5495,2.5486,2.5464,2.5414,2.5307,2.5100,2.4724,2.4091,2.3093,2.1614,1.9541,1.6751
1145.0000,30.3002,30.3066,30.3259,30.3581,30.4032,30.4615,30.5331,30.6181,30.7169,30.8298,30.9569,31.0988,31.2559,31.4285,31.6171,31.8222,32.0442,32.2834,32.5402,32.8149,33.1077,2.5500,2.5500,2.5500,2.5500,2.5500,2.5500,2.5500,2.5499,2.5498,2.5495,2.5486,2.5464,2.5413,2.5307,2.5099,2.4723,2.4089,2.3090,2.1611,1.9538,1.6748
1146.0000,30.3045,30.3110,30.3302,30.3624,30.4076,30.4660,30.5376,30.6227,30.7215,30.8344,30.9617,31.1037,31.2608,31.4335,31.6222,31.8274,32.0495,32.2888,32.5457,32.8205,33.1134,2.5500,2.5500,2.5500,2.5500,2.5500,2.5500,2.5500,2.5499,2.5498,2.5495,2.5486,2.5464,2.5413,2.5306,2.5098,2.4722,2.4087,2.3088,2.1608,1.9535,1.6745
1147.0000,30.3089,30.3153,30.3346,30.3668,30.4120,30.4704,30.5421,30.6272,30.7261,30.8391,30.9664,31.1085,31.2658,31.4386,31.6274,31.8327,32.0548,32.2943,32.5512,32.8261,33.1191,2.5500,2.5500,2.5500,2.5500,2.5500,2.5500,2.5500,2.5499,2.5498,2.5495,2.5486,2.5463,2.5413,2.5306,2.5097,2.4720,2.4085,2.3085,2.1605,1.9532,1.6742
1148.0000,30.3132,30.3197,30.3390,30.3712,30.4164,30.4748,30.5465,30.6318,30.7308,30.8438,30.9712,31.1134,31.2707,31.4436,31.6325,31.8379,32.0602,32.2997,32.5567,32.8317,33.1249,2.5500,2.5500,2.5500,2.5500,2.5500,2.5500,2.5500,2.5499,2.5498,2.5495,2.5486,2.5463,2.5412,2.5305,2.5097,2.4719,2.4083,2.3083,2.1603,1.9529,1.6739
1149.0000,30.3176,30.3240,30.3433,30.3756,30.4208,30.4793,30.5510,30.6363,30.7354,30.8485,30.9760,31.1182,31.2757,31.4487,31.6377,31.8432,32.0655,32.3051,32.5623,32.8373,33.1306,2.5500,2.5500,2.5500,2.5500,2.5500,2.5500,2.5500,2.5499,2.5498,2.5495,2.5486,2.5463,2.5412,2.5305,2.5096,2.4718,2.4081,2.3080,2.1600,1.9526,1.6736
1150.0000,30.3219,30.3284,30.3477,30.3800,30.4253,30.4837,30.5555,30.6409,30.7400,30.8532,30.9807,31.1231,31.2806,31.4537,31.6429,31.8484,32.0709,32.3105,32.5678,32.8429,33.1363,2.5500,2.5500,2.5500,2.5500,2.5500,2.5500,2.5500,2.5499,2.5498,2.5495,2.5486,2.5463,2.5412,2.5304,2.5095,2.4716,2.4079,2.3078,2.1597,1.9522,1.6733
1151.0000,30.3263,30.3327,30.3520,30.3843,30.4297,30.4882,30.5600,30.6454,30.7446,30.8578,30.9855,31.1280,31.2856,31.4588,31.6480,31.8537,32.0762,32.3160,32.5733,32.8485,33.1421,2.5500,2.5500,2.5500,2.5500,2.5500,2.5500,2.5500,2.5499,2.5498,2.5495,2.5486,2.5463,2.5412,2.5304,2.5094,2.4715,2.4077,2.3075,2.1594,1.9519,1.6730
1152.0000,30.3306,30.3371,30.3564,30.3887,30.4341,30.4926,30.5645,30.6500,30.7492,30.8625,30.9903,31.1328,31.2905,31.4638,31.6532,31.8590,32.0816,32.3214,32.5788,32.8541,33.1478,2.5500,2.5500,2.5500,2.5500,2.5500,2.5500,2.5500,2.5499,2.5498,2.5495,2.5485,2.5463,2.5411,2.5303,2.5093,2.4713,2.4075,2.3073,2.1591,1.9516,1.6727
1153.0000,30.3350,30.3414,30.3608,30.3931,30.4385,30.4971,30.5690,30.6545,30.7538,30.8672,30.9951,31.1377,31.2955,31.4689,31.6583,31.8642,32.0869,32.3268,32.5843,32.8598,33.1536,2.5500,2.5500,2.5500,2.5500,2.5500,2.5500,2.5500,2.5499,2.5498,2.5495,2.5485,2.5463,2.5411,2.5303,2.5092,2.4712,2.4073,2.3070,2.1588,1.9513,1.6724
1154.0000,30.3393,30.3458,30.3652,30.3975,30.4429,30.5015,30.5735,30.6591,30.7585,30.8719,30.9999,31.1426,31.3005,31.4740,31.6635,31.8695,32.0923,32.3323,32.5899,32.8654,33.1593,2.5500,2.5500,2.5500,2.5500,2.5500,2.5500,2.5500,2.5499,2.5498,2.5495,2.5485,2.5462,2.5411,2.5302,2.5091,2.4711,2.4071,2.3068,2.1585,1.9510,1.6721
1155.0000,30.3437,30.3501,30.3695,30.4019,30.4474,30.5060,30.5780,30.6636,30.7631,30.8766,31.0046,31.1474,31.3054,31.4790,31.6687,31.8747,32.0976,32.3377,32.5954,32.8710,33.1651,2.5500,2.5500,2.5500,2.5500,2.5500,2.5500,2.5500,2.5499,2.5498,2.5495,2.5485,2.5462,2.5410,2.5301,2.5090,2.4709,2.4069,2.3065,2.1582,1.9507,1.6718
1156.0000,30.3480,30.3545,30.3739,30.4063,30.4518,30.5105,30.5825,30.6682,30.7677,30.8813,31.0094,31.1523,31.3104,31.4841,31.6738,31.8800,32.1030,32.3432,32.6009,32.8767,33.1709,2.5500,2.5500,2.5500,2.5500,2.5500,2.5500,2.5500,2.5499,2.5498,2.5495,2.5485,2.5462,2.5410,2.5301,2.5089,2.4708,2.4067,2.3063,2.1579,1.9504,1.6715
1157.0000,30.3524,30.3589,30.3783,30.4107,30.4562,30.5149,30.5871,30.6728,30.7724,30.8861,31.0142,31.1572,31.3154,31.4892,31.6790,31.8852,32.1083,32.3486,32.6065,32.8823,33.1766,2.5500,2.5500,2.5500,2.5500,2.5500,2.5500,2.5500,2.5499,2.5498,2.5495,2.5485,2.5462,2.5410,2.5300,2.5088,2.4706,2.4066,2.3060,2.1576,1.9501,1.6712
1158.0000,30.3568,30.3632,30.3827,30.4151,30.4606,30.5194,30.5916,30.6774,30.7770,30.8908,31.0190,31.1621,31.3203,31.4942,31.6841,31.8905,32.1137,32.3540,32.6120,32.8880,33.1824,2.5500,2.5500,2.5500,2.5500,2.5500,2.5500,2.5500,2.5499,2.5498,2.5495,2.5485,2.5462,2.5409,2.5300,2.5087,2.4705,2.4064,2.3058,2.1573,1.9498,1.6709
1159.0000,30.3611,30.3676,30.3871,30.4195,30.4651,30.5239,30.5961,30.6819,30.7816,30.8955,31.0238,31.1669,31.3253,31.4993,31.6893,31.8958,32.1190,32.3595,32.6176,32.8936,33.1882,2.5500,2.5500,2.5500,2.5500,2.5500,2.5500,2.5500,2.5499,2.5498,2.5495,2.5485,2.5462,2.5409,2.5299,2.5086,2.4704,2.4062,2.3055,2.1570,1.9494,1.6706
1160.0000,30.3655,30.3720,30.3914,30.4239,30.4695,30.5284,30.6006,30.6865,30.7863,30.9002,31.0286,31.1718,31.3303,31.5044,31.6945,31.9010,32.1244,32.3649,32.6231,32.8993,33.1940,2.5500,2.5500,2.5500,2.5500,2.5500,2.5500,2.5500,2.5499,2.5498,2.5494,2.5485,2.5461,2.5409,2.5299,2.5086,2.4702,2.4060,2.3053,2.1567,1.9491,1.6703
1161.0000,30.3699,30.3764,30.3958,30.4283,30.4740,30.5328,30.6051,30.6911,30.7909,30.9049,31.0334,31.1767,31.3353,31.5094,31.6996,31.9063,32.1297,32.3704,32.6286,32.9049,33.1998,2.5500,2.5500,2.5500,2.5500,2.5500,2.5500,2.5500,2.5499,2.5498,2.5494,2.5485,2.5461,2.5408,2.5298,2.5085,2.4701,2.4058,2.3050,2.1565,1.9488,1.6700
1162.0000,30.3743,30.3808,30.4002,30.4327,30.4784,30.5373,30.6097,30.6957,30.7956,30.9096,31.0382,31.1816,31.3402,31.5145,31.7048,31.9115,32.1351,32.3758,32.6342,32.9106,33.2056,2.5500,2.5500,2.5500,2.5500,2.5500,2.5500,2.5500,2.5499,2.5498,2.5494,2.5485,2.5461,2.5408,2.5298,2.5084,2.4699,2.4056,2.3048,2.1562,1.9485,1.6697
1163.0000,30.3786,30.3851,30.4046,30.4372,30.4828,30.5418,30.6142,30.7003,30.8002,30.9144,31.0430,31.1865,31.3452,31.5196,31.7100,31.9168,32.1404,32.3813,32.6398,32.9163,33.2113,2.5500,2.5500,2.5500,2.5500,2.5500,2.5500,2.5500,2.5499,2.5498,2.5494,2.5485,2.5461,2.5408,2.5297,2.5083,2.4698,2.4054,2.3045,2.1559,1.9482,1.6694
1164.0000,30.3830,30.3895,30.4090,30.4416,30.4873,30.5463,30.6187,30.7049,30.8049,30.9191,31.0478,31.1914,31.3502,31.5247,31.7151,31.9221,32.1458,32.3867,32.6453,32.9219,33.2171,2.5500,2.5500,2.5500,2.5500,2.5500,2.5500,2.5500,2.5499,2.5498,2.5494,2.5485,2.5461,2.5408,2.5296,2.5082,2.4697,2.4052,2.3043,2.1556,1.9479,1.6691
1165.0000,30.3874,30.3939,30.4134,30.4460,30.4918,30.5508,30.6233,30.7094,30.8095,30.9238,31.0526,31.1963,31.3552,31.5297,31.7203,31.9273,32.1512,32.3922,32.6509,32.9276,33.2229,2.5500,2.5500,2.5500,2.5500,2.5500,2.5500,2.5500,2.5499,2.5498,2.5494,2.5485,2.5461,2.5407,2.5296,2.5081,2.4695,2.4050,2.3040,2.1553,1.9476,1.6688
1166.0000,30.3918,30.3983,30.4178,30.4504,30.4962,30.5553,30.6278,30.7140,30.8142,30.9285,31.0574,31.2012,31.3602,31.5348,31.7255,31.9326,32.1565,32.3977,32.6564,32.9333,33.2287,2.5500,2.5500,2.5500,2.5500,2.5500,2.5500,2.5500,2.5499,2.5498,2.5494,2.5484,2.5461,2.5407,2.5295,2.5080,2.4694,2.4048,2.3038,2.1550,1.9473,1.6685
1167.0000,30.3962,30.4027,30.4222,30.4549,30.5007,30.5598,30.6324,30.7186,30.8188,30.9333,31.0622,31.2061,31.3652,31.5399,31.7307,31.9379,32.1619,32.4031,32.6620,32.9390,33.2346,2.5500,2.5500,2.5500,2.5500,2.5500,2.5500,2.5500,2.5499,2.5498,2.5494,2.5484,2.5460,2.5407,2.5295,2.5079,2.4692,2.4046,2.3035,2.1547,1.9470,1.6682
1168.0000,30.4006,30.4071,30.4267,30.4593,30.5051,30.5643,30.6369,30.7232,30.8235,30.9380,31.0670,31.2110,31.3702,31.5450,31.7358,31.9431,32.1672,32.4086,32.6676,32.9447,33.2404,2.5500,2.5500,2.5500,2.5500,2.5500,2.5500,2.5500,2.5499,2.5498,2.5494,2.5484,2.5460,2.5406,2.5294,2.5078,2.4691,2.4044,2.3033,2.1544,1.9467,1.6679
1169.0000,30.4050,30.4115,30.4311,30.4637,30.5096,30.5688,30.6415,30.7278,30.8282,30.9428,31.0719,31.2159,31.3751,31.5501,31.7410,31.9484,32.1726,32.4140,32.6731,32.9504,33.2462,2.5500,2.5500,2.5500,2.5500,2.5500,2.5500,2.5500,2.5499,2.5498,2.5494,2.5484,2.5460,2.5406,2.5294,2.5077,2.4689,2.4042,2.3030,2.1541,1.9464,1.6676
1170.0000,30.4094,30.4159,30.4355,30.4682,30.5141,30.5733,30.6460,30.7325,30.8329,30.9475,31.0767,31.2208,31.3801,31.5551,31.7462,31.9537,32.1780,32.4195,32.6787,32.9560,33.2520,2.5500,2.5500,2.5500,2.5500,2.5500,2.5500,2.5500,2.5499,2.5498,2.5494,2.5484,2.5460,2.5406,2.5293,2.5076,2.4688,2.4040,2.3028,2.1538,1.9460,1.6673
1171.0000,30.4138,30.4203,30.4399,30.4726,30.5185,30.5778,30.6506,30.7371,30.8375,30.9522,31.0815,31.2257,31.3851,31.5602,31.7514,31.9589,32.1833,32.4250,32.6843,32.9617,33.2578,2.5500,2.5500,2.5500,2.5500,2.5500,2.5500,2.5500,2.5499,2.5498,2.5494,2.5484,2.5460,2.5405,2.5293,2.5075,2.4687,2.4038,2.3025,2.1535,1.9457,1.6670
1172.0000,30.4182,30.4247,30.4443,30.4771,30.5230,30.5823,30.6551,30.7417,30.8422,30.9570,31.0863,31.2306,31.3901,31.5653,31.7565,31.9642,32.1887,32.4305,32.6899,32.9674,33.2636,2.5500,2.5500,2.5500,2.5500,2.5500,2.5500,2.5500,2.5499,2.5498,2.5494,2.5484,2.5460,2.5405,2.5292,2.5074,2.4685,2.4036,2.3023,2.1533,1.9454,1.6667
1173.0000,30.4226,30.4291,30.4488,30.4815,30.5275,30.5868,30.6597,30.7463,30.8469,30.9617,31.0912,31.2355,31.3951,31.5704,31.7617,31.9695,32.1941,32.4359,32.6955,32.9731,33.2695,2.5500,2.5500,2.5500,2.5500,2.5500,2.5500,2.5500,2.5499,2.5498,2.5494,2.5484,2.5459,2.5405,2.5291,2.5073,2.4684,2.4034,2.3020,2.1530,1.9451,1.6664
1174.0000,30.4270,30.4336,30.4532,30.4859,30.5320,30.5913,30.6643,30.7509,30.8516,30.9665,31.0960,31.2404,31.4001,31.5755,31.7669,31.9748,32.1995,32.4414,32.7010,32.9788,33.2753,2.5500,2.5500,2.5500,2.5500,2.5500,2.5500,2.5500,2.5499,2.5498,2.5494,2.5484,2.5459,2.5404,2.5291,2.5073,2.4682,2.4032,2.3018,2.1527,1.9448,1.6661
1175.0000,30.4314,30.4380,30.4576,30.4904,30.5364,30.5959,30.6688,30.7555,30.8562,30.9712,31.1008,31.2453,31.4051,31.5806,31.7721,31.9800,32.2048,32.4469,32.7066,32.9845,33.2811,2.5500,2.5500,2.5500,2.5500,2.5500,2.5500,2.5500,2.5499,2.5498,2.5494,2.5484,2.5459,2.5404,2.5290,2.5072,2.4681,2.4030,2.3015,2.1524,1.9445,1.6658
1176.0000,30.4359,30.4424,30.4620,30.4949,30.5409,30.6004,30.6734,30.7602,30.8609,30.9760,31.1057,31.2502,31.4101,31.5857,31.7773,31.9853,32.2102,32.4524,32.7122,32.9902,33.2870,2.5500,2.5500,2.5500,2.5500,2.5500,2.5500,2.5500,2.5499,2.5498,2.5494,2.5484,2.5459,2.5404,2.5290,2.5071,2.4680,2.4028,2.3013,2.1521,1.9442,1.6656
1177.0000,30.4403,30.4468,30.4665,30.4993,30.5454,30.6049,30.6780,30.7648,30.8656,30.9808,31.1105,31.2552,31.4151,31.5908,31.7825,31.9906,32.2156,32.4578,32.7178,32.9959,33.2928,2.5500,2.5500,2.5500,2.5500,2.5500,2.5500,2.5500,2.5499,2.5498,2.5494,2.5484,2.5459,2.5403,2.5289,2.5070,2.4678,2.4026,2.3010,2.1518,1.9439,1.6653
1178.0000,30.4447,30.4512,30.4709,30.5038,30.5499,30.6094,30.6825,30.7694,30.8703,30.9855,31.1153,31.2601,31.4201,31.5959,31.7876,31.9959,32.2210,32.4633,32.7234,33.0017,33.2986,2.5500,2.5500,2.5500,2.5500,2.5500,2.5500,2.5500,2.5499,2.5498,2.5494,2.5484,2.5459,2.5403,2.5289,2.5069,2.4677,2.4024,2.3008,2.1515,1.9436,1.6650
1179.0000,30.4491,30.4557,30.4754,30.5082,30.5544,30.6140,30.6871,30.7740,30.8750,30.9903,31.1202,31.2650,31.4252,31.6010,31.7928,32.0012,32.2263,32.4688,32.7290,33.0074,33.3045,2.5500,2.5500,2.5500,2.5500,2.5500,2.5500,2.5500,2.5499,2.5498,2.5494,2.5483,2.5458,2.5403,2.5288,2.5068,2.4675,2.4023,2.3005,2.1512,1.9433,1.6647
1180.0000,30.4535,30.4601,30.4798,30.5127,30.5589,30.6185,30.6917,30.7787,30.8797,30.9951,31.1250,31.2699,31.4302,31.6061,31.7980,32.0065,32.2317,32.4743,32.7346,33.0131,33.3103,2.5500,2.5500,2.5500,2.5500,2.5500,2.5500,2.5500,2.5499,2.5498,2.5494,2.5483,2.5458,2.5403,2.5287,2.5067,2.4674,2.4021,2.3003,2.1509,1.9430,1.6644
1181.0000,30.4580,30.4645,30.4843,30.5172,30.5634,30.6230,30.6963,30.7833,30.8844,30.9998,31.1299,31.2749,31.4352,31.6112,31.8032,32.0117,32.2371,32.4798,32.7402,33.0188,33.3162,2.5500,2.5500,2.5500,2.5500,2.5500,2.5500,2.5500,2.5499,2.5498,2.5494,2.5483,2.5458,2.5402,2.5287,2.5066,2.4673,2.4019,2.3000,2.1507,1.9427,1.6641
1182.0000,30.4624,30.4690,30.4887,30.5216,30.5679,30.6276,30.7009,30.7880,30.8891,31.0046,31.1347,31.2798,31.4402,31.6163,31.8084,32.0170,32.2425,32.4853,32.7458,33.0245,33.3220,2.5500,2.5500,2.5500,2.5500,2.5500,2.5500,2.5500,2.5499,2.5498,2.5494,2.5483,2.5458,2.5402,2.5286,2.5065,2.4671,2.4017,2.2998,2.1504,1.9424,1.6638
1183.0000,30.4669,30.4734,30.4932,30.5261,30.5724,30.6321,30.7055,30.7926,30.8938,31.0094,31.1396,31.2847,31.4452,31.6214,31.8136,32.0223,32.2479,32.4908,32.7514,33.0303,33.3279,2.5500,2.5500,2.5500,2.5500,2.5500,2.5500,2.5500,2.5499,2.5498,2.5494,2.5483,2.5458,2.5402,2.5286,2.5064,2.4670,2.4015,2.2995,2.1501,1.9421,1.6635
1184.0000,30.4713,30.4779,30.4976,30.5306,30.5769,30.6367,30.7100,30.7973,30.8985,31.0141,31.1444,31.2897,31.4502,31.6265,31.8188,32.0276,32.2533,32.4963,32.7570,33.0360,33.3337,2.5500,2.5500,2.5500,2.5500,2.5500,2.5500,2.5500,2.5499,2.5498,2.5494,2.5483,2.5458,2.5401,2.5285,2.5063,2.4668,2.4013,2.2993,2.1498,1.9418,1.6632
1185.0000,30.4757,30.4823,30.5021,30.5351,30.5814,30.6412,30.7146,30.8019,30.9032,31.0189,31.1493,31.2946,31.4552,31.6316,31.8240,32.0329,32.2587,32.5018,32.7626,33.0417,33.3396,2.5500,2.5500,2.5500,2.5500,2.5500,2.5500,2.5500,2.5499,2.5498,2.5494,2.5483,2.5457,2.5401,2.5285,2.5062,2.4667,2.4011,2.2990,2.1495,1.9414,1.6629
1186.0000,30.4802,30.4868,30.5065,30.5396,30.5859,30.6458,30.7192,30.8066,30.9080,31.0237,31.1541,31.2995,31.4603,31.6367,31.8292,32.0382,32.2641,32.5073,32.7682,33.0474,33.3454,2.5500,2.5500,2.5500,2.5500,2.5500,2.5500,2.5500,2.5499,2.5498,2.5494,2.5483,2.5457,2.5401,2.5284,2.5061,2.4666,2.4009,2.2988,2.1492,1.9411,1.6626
1187.0000,30.4846,30.4912,30.5110,30.5441,30.5904,30.6503,30.7238,30.8112,30.9127,31.0285,31.1590,31.3045,31.4653,31.6418,31.8344,32.0435,32.2695,32.5128,32.7739,33.0532,33.3513,2.5500,2.5500,2.5500,2.5500,2.5500,2.5500,2.5500,2.5499,2.5498,2.5494,2.5483,2.5457,2.5400,2.5283,2.5060,2.4664,2.4007,2.2985,2.1489,1.9408,1.6623
1188.0000,30.4891,30.4957,30.5155,30.5485,30.5950,30.6549,30.7284,30.8159,30.9174,31.0333,31.1638,31.3094,31.4703,31.6469,31.8396,32.0488,32.2749,32.5183,32.7795,33.0589,33.3571,2.5500,2.5500,2.5500,2.5500,2.5500,2.5500,2.5500,2.5499,2.5498,2.5494,2.5483,2.5457,2.5400,2.5283,2.5059,2.4663,2.4005,2.2983,2.1486,1.9405,1.6620
1189.0000,30.4935,30.5001,30.5199,30.5530,30.5995,30.6594,30.7330,30.8205,30.9221,31.0381,31.1687,31.3143,31.4753,31.6520,31.8448,32.0541,32.2803,32.5238,32.7851,33.0647,33.3630,2.5500,2.5500,2.5500,2.5500,2.5500,2.5500,2.5500,2.5499,2.5498,2.5494,2.5483,2.5457,2.5400,2.5282,2.5059,2.4661,2.4003,2.2980,2.1483,1.9402,1.6618
1190.0000,30.4980,30.5046,30.5244,30.5575,30.6040,30.6640,30.7377,30.8252,30.9268,31.0429,31.1736,31.3193,31.4804,31.6572,31.8500,32.0594,32.2857,32.5293,32.7907,33.0704,33.3689,2.5500,2.5500,2.5500,2.5500,2.5500,2.5500,2.5500,2.5499,2.5498,2.5493,2.5483,2.5457,2.5399,2.5282,2.5058,2.4660,2.4001,2.2978,2.1481,1.9399,1.6615
1191.0000,30.5025,30.5091,30.5289,30.5620,30.6085,30.6686,30.7423,30.8298,30.9316,31.0477,31.1784,31.3242,31.4854,31.6623,31.8552,32.0647,32.2911,32.5348,32.7963,33.0761,33.3747,2.5500,2.5500,2.5500,2.5500,2.5500,2.5500,2.5500,2.5499,2.5498,2.5493,2.5483,2.5457,2.5399,2.5281,2.5057,2.4658,2.3999,2.2975,2.1478,1.9396,1.6612
1192.0000,30.5069,30.5135,30.5334,30.5665,30.6131,30.6731,30.7469,30.8345,30.9363,31.0525,31.1833,31.3292,31.4904,31.6674,31.8605,32.0700,32.2965,32.5403,32.8020,33.0819,33.3806,2.5500,2.5500,2.5500,2.5500,2.5500,2.5500,2.5500,2.5499,2.5498,2.5493,2.5482,2.5456,2.5399,2.5281,2.5056,2.4657,2.3997,2.2973,2.1475,1.9393,1.6609
1193.0000,30.5114,30.5180,30.5379,30.5710,30.6176,30.6777,30.7515,30.8392,30.9410,31.0572,31.1882,31.3341,31.4955,31.6725,31.8657,32.0753,32.3019,32.5458,32.8076,33.0876,33.3865,2.5500,2.5500,2.5500,2.5500,2.5500,2.5500,2.5500,2.5499,2.5498,2.5493,2.5482,2.5456,2.5398,2.5280,2.5055,2.4656,2.3995,2.2970,2.1472,1.9390,1.6606
1194.0000,30.5158,30.5225,30.5423,30.5755,30.6221,30.6823,30.7561,30.8439,30.9457,31.0621,31.1931,31.3391,31.5005,31.6776,31.8709,32.0806,32.3073,32.5514,32.8132,33.0934,33.3923,2.5500,2.5500,2.5500,2.5500,2.5500,2.5500,2.5500,2.5499,2.5498,2.5493,2.5482,2.5456,2.5398,2.5279,2.5054,2.4654,2.3993,2.2968,2.1469,1.9387,1.6603
1195.0000,30.5203,30.5269,30.5468,30.5800,30.6267,30.6868,30.7607,30.8485,30.9505,31.0669,31.1979,31.3440,31.5055,31.6828,31.8761,32.0860,32.3127,32.5569,32.8189,33.0991,33.3982,2.5500,2.5500,2.5500,2.5500,2.5500,2.5500,2.5500,2.5499,2.5498,2.5493,2.5482,2.5456,2.5398,2.5279,2.5053,2.4653,2.3991,2.2966,2.1466,1.9384,1.6600
1196.0000,30.5248,30.5314,30.5513,30.5846,30.6312,30.6914,30.7654,30.8532,30.9552,31.0717,31.2028,31.3490,31.5106,31.6879,31.8813,32.0913,32.3182,32.5624,32.8245,33.1049,33.4041,2.5500,2.5500,2.5500,2.5500,2.5500,2.5500,2.5500,2.5499,2.5498,2.5493,2.5482,2.5456,2.5397,2.5278,2.5052,2.4651,2.3989,2.2963,2.1463,1.9381,1.6597
1197.0000,30.5293,30.5359,30.5558,30.5891,30.6358,30.6960,30.7700,30.8579,30.9600,31.0765,31.2077,31.3540,31.5156,31.6930,31.8865,32.0966,32.3236,32.5679,32.8301,33.1106,33.4100,2.5500,2.5500,2.5500,2.5500,2.5500,2.5500,2.5500,2.5499,2.5498,2.5493,2.5482,2.5455,2.5397,2.5278,2.5051,2.4650,2.3987,2.2961,2.1461,1.9378,1.6594
1198.0000,30.5338,30.5404,30.5603,30.5936,30.6403,30.7006,30.7746,30.8626,30.9647,31.0813,31.2126,31.3589,31.5207,31.6982,31.8918,32.1019,32.3290,32.5735,32.8358,33.1164,33.4159,2.5500,2.5500,2.5500,2.5500,2.5500,2.5500,2.5500,2.5499,2.5498,2.5493,2.5482,2.5455,2.5397,2.5277,2.5050,2.4649,2.3985,2.2958,2.1458,1.9375,1.6591
1199.0000,30.5382,30.5449,30.5648,30.5981,30.6449,30.7052,30.7792,30.8673,30.9695,31.0861,31.2175,31.3639,31.5257,31.7033,31.8970,32.1072,32.3344,32.5790,32.8414,33.1222,33.4217,2.5500,2.5500,2.5500,2.5500,2.5500,2.5500,2.5500,2.5499,2.5498,2.5493,2.5482,2.5455,2.5396,2.5277,2.5049,2.4647,2.3983,2.2956,2.1455,1.9372,1.6588
1200.0000,30.5427,30.5494,30.5693,30.6026,30.6494,30.7098,30.7839,30.8719,30.9742,31.0909,31.2223,31.3689,31.5308,31.7084,31.9022,32.1126,32.3398,32.5845,32.8470,33.1279,33.4276,2.5500,2.5500,2.5500,2.5500,2.5500,2.5500,2.5500,2.5499,2.5498,2.5493,2.5482,2.5455,2.5396,2.5276,2.5048,2.4646,2.3981,2.2953,2.1452,1.9369,1.6586
1201.0000,30.5472,30.5539,30.5738,30.6072,30.6540,30.7144,30.7885,30.8766,30.9790,31.0957,31.2272,31.3738,31.5358,31.7136,31.9075,32.1179,32.3453,32.5901,32.8527,33.1337,33.4334,2.5500,2.5500,2.5500,2.5500,2.5500,2.5500,2.5500,2.5499,2.5498,2.5493,2.5482,2.5455,2.5396,2.5275,2.5047,2.4644,2.3979,2.2951,2.1449,1.9366,1.6583
1202.0000,30.5517,30.5584,30.5783,30.6117,30.6585,30.7190,30.7932,30.8813,30.9837,31.1005,31.2321,31.3788,31.5409,31.7187,31.9127,32.1232,32.3507,32.5956,32.8583,33.1394,33.4392,2.5500,2.5500,2.5500,2.5500,2.5500,2.5500,2.5500,2.5499,2.5498,2.5493,2.5482,2.5455,2.5395,2.5275,2.5046,2.4643,2.3978,2.2948,2.1446,1.9363,1.6580
1203.0000,30.5562,30.5629,30.5828,30.6162,30.6631,30.7236,30.7978,30.8860,30.9885,31.1054,31.2370,31.3838,31.5459,31.7238,31.9179,32.1285,32.3561,32.6011,32.8640,33.1452,33.4449,2.5500,2.5500,2.5500,2.5500,2.5500,2.5500,2.5500,2.5499,2.5498,2.5493,2.5482,2.5454,2.5395,2.5274,2.5045,2.4641,2.3976,2.2946,2.1443,1.9360,1.6577
1204.0000,30.5607,30.5674,30.5874,30.6208,30.6676,30.7282,30.8024,30.8907,30.9932,31.1102,31.2419,31.3887,31.5510,31.7290,31.9232,32.1339,32.3616,32.6067,32.8696,33.1509,33.4506,2.5500,2.5500,2.5500,2.5500,2.5500,2.5500,2.5500,2.5499,2.5498,2.5493,2.5481,2.5454,2.5395,2.5274,2.5044,2.4640,2.3974,2.2943,2.1440,1.9357,1.6574
1205.0000,30.5652,30.5719,30.5919,30.6253,30.6722,30.7328,30.8071,30.8954,30.9980,31.1150,31.2468,31.3937,31.5560,31.7341,31.9284,32.1392,32.3670,32.6122,32.8753,33.1566,33.4563,2.5500,2.5500,2.5500,2.5500,2.5500,2.5500,2.5500,2.5499,2.5498,2.5493,2.5481,2.5454,2.5394,2.5273,2.5043,2.4639,2.3972,2.2941,2.1438,1.9354,1.6571
1206.0000,30.5697,30.5764,30.5964,30.6298,30.6768,30.7374,30.8117,30.9001,31.0027,31.1198,31.2517,31.3987,31.5611,31.7393,31.9336,32.1445,32.3724,32.6177,32.8809,33.1623,33.4619,2.5500,2.5500,2.5500,2.5500,2.5500,2.5500,2.5500,2.5499,2.5497,2.5493,2.5481,2.5454,2.5394,2.5272,2.5042,2.4637,2.3970,2.2938,2.1435,1.9351,1.6568
1207.0000,30.5742,30.5809,30.6009,30.6344,30.6814,30.7420,30.8164,30.9048,31.0075,31.1247,31.2566,31.4037,31.5661,31.7444,31.9389,32.1499,32.3779,32.6233,32.8865,33.1679,33.4675,2.5500,2.5500,2.5500,2.5500,2.5500,2.5500,2.5500,2.5499,2.5497,2.5493,2.5481,2.5454,2.5394,2.5272,2.5041,2.4636,2.3968,2.2936,2.1432,1.9348,1.6565
1208.0000,30.5787,30.5854,30.6054,30.6389,30.6859,30.7466,30.8211,30.9095,31.0123,31.1295,31.2615,31.4087,31.5712,31.7496,31.9441,32.1552,32.3833,32.6288,32.8922,33.1736,33.4731,2.5500,2.5500,2.5500,2.5500,2.5500,2.5500,2.5500,2.5499,2.5497,2.5493,2.5481,2.5454,2.5393,2.5271,2.5041,2.4634,2.3966,2.2933,2.1429,1.9345,1.6562
1209.0000,30.5832,30.5899,30.6100,30.6435,30.6905,30.7512,30.8257,30.9143,31.0170,31.1343,31.2664,31.4136,31.5763,31.7547,31.9494,32.1606,32.3887,32.6344,32.8978,33.1792,33.4787,2.5500,2.5500,2.5500,2.5500,2.5500,2.5500,2.5500,2.5499,2.5497,2.5493,2.5481,2.5453,2.5393,2.5271,2.5040,2.4633,2.3964,2.2931,2.1426,1.9342,1.6560
1210.0000,30.5877,30.5944,30.6145,30.6480,30.6951,30.7558,30.8304,30.9190,31.0218,31.1392,31.2713,31.4186,31.5813,31.7599,31.9546,32.1659,32.3942,32.6399,32.9034,33.1849,33.4843,2.5500,2.5500,2.5500,2.5500,2.5500,2.5500,2.5500,2.5499,2.5497,2.5493,2.5481,2.5453,2.5393,2.5270,2.5039,2.4631,2.3962,2.2928,2.1423,1.9339,1.6557
1211.0000,30.5922,30.5989,30.6190,30.6526,30.6997,30.7604,30.8350,30.9237,31.0266,31.1440,31.2763,31.4236,31.5864,31.7650,31.9598,32.1712,32.3996,32.6454,32.9090,33.1905,33.4899,2.5500,2.5500,2.5500,2.5500,2.5500,2.5500,2.5500,2.5499,2.5497,2.5493,2.5481,2.5453,2.5392,2.5270,2.5038,2.4630,2.3960,2.2926,2.1421,1.9336,1.6554
1212.0000,30.5968,30.6035,30.6236,30.6571,30.7043,30.7651,30.8397,30.9284,31.0314,31.1489,31.2812,31.4286,31.5915,31.7702,31.9651,32.1766,32.4051,32.6509,32.9146,33.1961,33.4954,2.5500,2.5500,2.5500,2.5500,2.5500,2.5500,2.5500,2.5499,2.5497,2.5493,2.5481,2.5453,2.5392,2.5269,2.5037,2.4629,2.3958,2.2924,2.1418,1.9333,1.6551
1213.0000,30.6013,30.6080,30.6281,30.6617,30.7088,30.7697,30.8444,30.9331,31.0361,31.1537,31.2861,31.4336,31.5966,31.7754,31.9703,32.1819,32.4105,32.6565,32.9201,33.2017,33.5009,2.5500,2.5500,2.5500,2.5500,2.5500,2.5500,2.5500,2.5499,2.5497,2.5493,2.5481,2.5453,2.5392,2.5268,2.5036,2.4627,2.3956,2.2921,2.1415,1.9330,1.6548
1214.0000,30.6058,30.6125,30.6326,30.6663,30.7134,30.7743,30.8491,30.9378,31.0409,31.1586,31.2910,31.4386,31.6016,31.7805,31.9756,32.1873,32.4159,32.6620,32.9257,33.2072,33.5065,2.5500,2.5500,2.5500,2.5500,2.5500,2.5500,2.5500,2.5499,2.5497,2.5493,2.5481,2.5453,2.5391,2.5268,2.5035,2.4626,2.3954,2.2919,2.1412,1.9327,1.6545
1215.0000,30.6103,30.6170,30.6372,30.6708,30.7180,30.7789,30.8537,30.9426,31.0457,31.1634,31.2959,31.4436,31.6067,31.7857,31.9809,32.1926,32.4214,32.6675,32.9313,33.2128,33.5120,2.5500,2.5500,2.5500,2.5500,2.5500,2.5500,2.5500,2.5499,2.5497,2.5493,2.5481,2.5452,2.5391,2.5267,2.5034,2.4624,2.3952,2.2916,2.1409,1.9324,1.6542
1216.0000,30.6149,30.6216,30.6417,30.6754,30.7226,30.7836,30.8584,30.9473,31.0505,31.1683,31.3008,31.4486,31.6118,31.7909,31.9861,32.1980,32.4268,32.6730,32.9368,33.2184,33.5175,2.5500,2.5500,2.5500,2.5500,2.5500,2.5500,2.5500,2.5499,2.5497,2.5493,2.5480,2.5452,2.5391,2.5267,2.5033,2.4623,2.3950,2.2914,2.1406,1.9321,1.6539
1217.0000,30.6194,30.6261,30.6463,30.6800,30.7272,30.7882,30.8631,30.9520,31.0553,31.1731,31.3058,31.4536,31.6169,31.7960,31.9914,32.2033,32.4323,32.6785,32.9424,33.2239,33.5230,2.5500,2.5500,2.5500,2.5500,2.5500,2.5500,2.5500,2.5499,2.5497,2.5493,2.5480,2.5452,2.5390,2.5266,2.5032,2.4621,2.3948,2.2911,2.1403,1.9318,1.6537
1218.0000,30.6239,30.6307,30.6508,30.6845,30.7318,30.7929,30.8678,30.9568,31.0601,31.1780,31.3107,31.4586,31.6220,31.8012,31.9966,32.2087,32.4377,32.6840,32.9479,33.2294,33.5284,2.5500,2.5500,2.5500,2.5500,2.5500,2.5500,2.5500,2.5499,2.5497,2.5492,2.5480,2.5452,2.5390,2.5265,2.5031,2.4620,2.3946,2.2909,2.1401,1.9315,1.6534
1219.0000,30.6285,30.6352,30.6554,30.6891,30.7364,30.7975,30.8725,30.9615,31.0649,31.1828,31.3156,31.4636,31.6270,31.8064,32.0019,32.2140,32.4431,32.6895,32.9535,33.2350,33.5339,2.5500,2.5500,2.5500,2.5500,2.5500,2.5500,2.5500,2.5499,2.5497,2.5492,2.5480,2.5452,2.5390,2.5265,2.5030,2.4619,2.3944,2.2906,2.1398,1.9312,1.6531
1220.0000,30.6330,30.6398,30.6600,30.6937,30.7410,30.8021,30.8771,30.9662,31.0697,31.1877,31.3206,31.4686,31.6321,31.8115,32.0072,32.2194,32.4486,32.6950,32.9590,33.2405,33.5394,2.5500,2.5500,2.5500,2.5500,2.5500,2.5500,2.5500,2.5499,2.5497,2.5492,2.5480,2.5451,2.5389,2.5264,2.5029,2.4617,2.3942,2.2904,2.1395,1.9309,1.6528
1221.0000,30.6376,30.6443,30.6645,30.6983,30.7456,30.8068,30.8818,30.9710,31.0745,31.1925,31.3255,31.4736,31.6372,31.8167,32.0124,32.2247,32.4540,32.7005,32.9645,33.2460,33.5448,2.5500,2.5500,2.5500,2.5500,2.5500,2.5500,2.5500,2.5499,2.5497,2.5492,2.5480,2.5451,2.5389,2.5264,2.5028,2.4616,2.3940,2.2901,2.1392,1.9306,1.6525
1222.0000,30.6421,30.6489,30.6691,30.7029,30.7503,30.8114,30.8865,30.9757,31.0793,31.1974,31.3304,31.4786,31.6423,31.8219,32.0177,32.2301,32.4594,32.7060,32.9700,33.2515,33.5502,2.5500,2.5500,2.5500,2.5500,2.5500,2.5500,2.5500,2.5499,2.5497,2.5492,2.5480,2.5451,2.5389,2.5263,2.5027,2.4614,2.3938,2.2899,2.1389,1.9303,1.6522
1223.0000,30.6467,30.6534,30.6736,30.7074,30.7549,30.8161,30.8912,30.9805,31.0841,31.2023,31.3354,31.4836,31.6474,31.8271,32.0229,32.2354,32.4648,32.7115,32.9755,33.2570,33.5557,2.5500,2.5500,2.5500,2.5500,2.5500,2.5500,2.5500,2.5499,2.5497,2.5492,2.5480,2.5451,2.5388,2.5262,2.5026,2.4613,2.3937,2.2896,2.1386,1.9300,1.6519
1224.0000,30.6512,30.6580,30.6782,30.7120,30.7595,30.8207,30.8959,30.9852,31.0889,31.2071,31.3403,31.4886,31.6525,31.8322,32.0282,32.2408,32.4703,32.7170,32.9810,33.2625,33.5611,2.5500,2.5500,2.5500,2.5500,2.5500,2.5500,2.5500,2.5499,2.5497,2.5492,2.5480,2.5451,2.5388,2.5262,2.5025,2.4611,2.3935,2.2894,2.1384,1.9297,1.6517
1225.0000,30.6558,30.6625,30.6828,30.7166,30.7641,30.8254,30.9006,30.9900,31.0937,31.2120,31.3452,31.4937,31.6576,31.8374,32.0335,32.2461,32.4757,32.7224,32.9865,33.2680,33.5665,2.5500,2.5500,2.5500,2.5500,2.5500,2.5500,2.5500,2.5499,2.5497,2.5492,2.5480,2.5451,2.5388,2.5261,2.5024,2.4610,2.3933,2.2892,2.1381,1.9294,1.6514
1226.0000,30.6603,30.6671,30.6874,30.7212,30.7687,30.8301,30.9053,30.9947,31.0985,31.2169,31.3502,31.4987,31.6627,31.8426,32.0387,32.2515,32.4811,32.7279,32.9920,33.2734,33.5719,2.5500,2.5500,2.5500,2.5500,2.5500,2.5500,2.5500,2.5499,2.5497,2.5492,2.5480,2.5450,2.5387,2.5261,2.5023,2.4609,2.3931,2.2889,2.1378,1.9291,1.6511
1227.0000,30.6649,30.6717,30.6919,30.7258,30.7734,30.8347,30.9100,30.9995,31.1033,31.2218,31.3551,31.5037,31.6678,31.8478,32.0440,32.2568,32.4865,32.7334,32.9975,33.2789,33.5773,2.5500,2.5500,2.5500,2.5500,2.5500,2.5500,2.5500,2.5499,2.5497,2.5492,2.5480,2.5450,2.5387,2.5260,2.5022,2.4607,2.3929,2.2887,2.1375,1.9288,1.6508
1228.0000,30.6695,30.6762,30.6965,30.7304,30.7780,30.8394,30.9147,31.0042,31.1081,31.2266,31.3601,31.5087,31.6729,31.8530,32.0493,32.2621,32.4919,32.7388,33.0030,33.2843,33.5827,2.5500,2.5500,2.5500,2.5500,2.5500,2.5500,2.5500,2.5499,2.5497,2.5492,2.5479,2.5450,2.5387,2.5259,2.5021,2.4606,2.3927,2.2884,2.1372,1.9285,1.6505
1229.0000,30.6740,30.6808,30.7011,30.7350,30.7826,30.8440,30.9194,31.0090,31.1129,31.2315,31.3650,31.5137,31.6780,31.8582,32.0545,32.2675,32.4973,32.7443,33.0084,33.2898,33.5881,2.5500,2.5500,2.5500,2.5500,2.5500,2.5500,2.5500,2.5499,2.5497,2.5492,2.5479,2.5450,2.5386,2.5259,2.5020,2.4604,2.3925,2.2882,2.1369,1.9282,1.6502
1230.0000,30.6786,30.6854,30.7057,30.7396,30.7873,30.8487,30.9242,31.0138,31.1178,31.2364,31.3700,31.5188,31.6831,31.8633,32.0598,32.2728,32.5027,32.7497,33.0139,33.2952,33.5935,2.5500,2.5500,2.5500,2.5500,2.5500,2.5500,2.5500,2.5499,2.5497,2.5492,2.5479,2.5450,2.5386,2.5258,2.5019,2.4603,2.3923,2.2879,2.1367,1.9279,1.6499
1231.0000,30.6832,30.6899,30.7103,30.7442,30.7919,30.8534,30.9289,31.0185,31.1226,31.2413,31.3749,31.5238,31.6882,31.8685,32.0651,32.2782,32.5081,32.7551,33.0193,33.3006,33.5988,2.5500,2.5500,2.5500,2.5500,2.5500,2.5500,2.5500,2.5499,2.5497,2.5492,2.5479,2.5450,2.5386,2.5258,2.5018,2.4601,2.3921,2.2877,2.1364,1.9276,1.6497
1232.0000,30.6877,30.6945,30.7149,30.7488,30.7965,30.8581,30.9336,31.0233,31.1274,31.2462,31.3799,31.5288,31.6933,31.8737,32.0703,32.2835,32.5135,32.7606,33.0248,33.3061,33.6042,2.5500,2.5500,2.5500,2.5500,2.5500,2.5500,2.5500,2.5499,2.5497,2.5492,2.5479,2.5449,2.5385,2.5257,2.5017,2.4600,2.3919,2.2874,2.1361,1.9273,1.6494
1233.0000,30.6923,30.6991,30.7195,30.7535,30.8012,30.8627,30.9383,31.0281,31.1322,31.2511,31.3848,31.5339,31.6984,31.8789,32.0756,32.2888,32.5189,32.7660,33.0302,33.3115,33.6095,2.5500,2.5500,2.5500,2.5500,2.5500,2.5500,2.5500,2.5499,2.5497,2.5492,2.5479,2.5449,2.5385,2.5256,2.5017,2.4599,2.3917,2.2872,2.1358,1.9270,1.6491
1234.0000,30.6969,30.7037,30.7241,30.7581,30.8058,30.8674,30.9430,31.0328,31.1371,31.2560,31.3898,31.5389,31.7035,31.8841,32.0809,32.2942,32.5243,32.7714,33.0357,33.3169,33.6149,2.5500,2.5500,2.5500,2.5500,2.5500,2.5500,2.5500,2.5499,2.5497,2.5492,2.5479,2.5449,2.5385,2.5256,2.5016,2.4597,2.3915,2.2870,2.1355,1.9267,1.6488
1235.0000,30.7015,30.7083,30.7287,30.7627,30.8105,30.8721,30.9478,31.0376,31.1419,31.2609,31.3948,31.5439,31.7087,31.8893,32.0861,32.2995,32.5297,32.7769,33.0411,33.3223,33.6202,2.5500,2.5500,2.5500,2.5500,2.5500,2.5500,2.5500,2.5499,2.5497,2.5492,2.5479,2.5449,2.5384,2.5255,2.5015,2.4596,2.3913,2.2867,2.1353,1.9264,1.6485
1236.0000,30.7061,30.7129,30.7333,30.7673,30.8151,30.8768,30.9525,31.0424,31.1467,31.2658,31.3997,31.5490,31.7138,31.8945,32.0914,32.3049,32.5351,32.7823,33.0465,33.3277,33.6256,2.5500,2.5500,2.5500,2.5500,2.5500,2.5500,2.5500,2.5499,2.5497,2.5492,2.5479,2.5449,2.5384,2.5255,2.5014,2.4594,2.3911,2.2865,2.1350,1.9261,1.6482
1237.0000,30.7107,30.7175,30.7379,30.7719,30.8198,30.8815,30.9572,31.0472,31.1516,31.2707,31.4047,31.5540,31.7189,31.8997,32.0967,32.3102,32.5405,32.7877,33.0519,33.3331,33.6309,2.5500,2.5500,2.5500,2.5500,2.5500,2.5500,2.5500,2.5499,2.5497,2.5492,2.5479,2.5448,2.5384,2.5254,2.5013,2.4593,2.3909,2.2862,2.1347,1.9258,1.6480
1238.0000,30.7152,30.7221,30.7425,30.7766,30.8244,30.8862,30.9619,31.0520,31.1564,31.2756,31.4097,31.5591,31.7240,31.9049,32.1019,32.3155,32.5459,32.7931,33.0574,33.3385,33.6362,2.5500,2.5500,2.5500,2.5500,2.5500,2.5500,2.5500,2.5499,2.5497,2.5492,2.5479,2.5448,2.5383,2.5253,2.5012,2.4591,2.3907,2.2860,2.1344,1.9255,1.6477
1239.0000,30.7198,30.7266,30.7471,30.7812,30.8291,30.8909,30.9667,31.0567,31.1612,31.2805,31.4146,31.5641,31.7291,31.9101,32.1072,32.3208,32.5512,32.7985,33.0628,33.3439,33.6415,2.5500,2.5500,2.5500,2.5500,2.5500,2.5500,2.5500,2.5499,2.5497,2.5492,2.5478,2.5448,2.5383,2.5253,2.5011,2.4590,2.3905,2.2857,2.1341,1.9252,1.6474
1240.0000,30.7244,30.7312,30.7517,30.7858,30.8337,30.8956,30.9714,31.0615,31.1661,31.2854,31.4196,31.5691,31.7342,31.9152,32.1125,32.3262,32.5566,32.8039,33.0682,33.3492,33.6468,2.5500,2.5500,2.5500,2.5500,2.5500,2.5500,2.5500,2.5499,2.5497,2.5492,2.5478,2.5448,2.5382,2.5252,2.5010,2.4589,2.3903,2.2855,2.1338,1.9249,1.6471
1241.0000,30.7290,30.7359,30.7563,30.7905,30.8384,30.9002,30.9762,31.0663,31.1709,31.2903,31.4246,31.5742,31.7394,31.9204,32.1177,32.3315,32.5620,32.8093,33.0736,33.3546,33.6522,2.5500,2.5500,2.5500,2.5500,2.5500,2.5500,2.5500,2.5499,2.5497,2.5492,2.5478,2.5448,2.5382,2.5252,2.5009,2.4587,2.3901,2.2852,2.1336,1.9246,1.6468
1242.0000,30.7336,30.7405,30.7609,30.7951,30.8431,30.9049,30.9809,31.0711,31.1758,31.2952,31.4296,31.5792,31.7445,31.9256,32.1230,32.3368,32.5673,32.8147,33.0790,33.3600,33.6575,2.5500,2.5500,2.5500,2.5500,2.5500,2.5500,2.5500,2.5499,2.5497,2.5492,2.5478,2.5447,2.5382,2.5251,2.5008,2.4586,2.3899,2.2850,2.1333,1.9243,1.6465
1243.0000,30.7382,30.7451,30.7655,30.7997,30.8477,30.9097,30.9856,31.0759,31.1806,31.3001,31.4345,31.5843,31.7496,31.9308,32.1282,32.3421,32.5727,32.8201,33.0843,33.3653,33.6628,2.5500,2.5500,2.5500,2.5500,2.5500,2.5500,2.5500,2.5499,2.5497,2.5491,2.5478,2.5447,2.5381,2.5250,2.5007,2.4584,2.3897,2.2848,2.1330,1.9240,1.6463
1244.0000,30.7429,30.7497,30.7702,30.8044,30.8524,30.9144,30.9904,31.0807,31.1855,31.3050,31.4395,31.5893,31.7547,31.9360,32.1335,32.3475,32.5781,32.8255,33.0897,33.3707,33.6680,2.5500,2.5500,2.5500,2.5500,2.5500,2.5500,2.5500,2.5499,2.5497,2.5491,2.5478,2.5447,2.5381,2.5250,2.5006,2.4583,2.3896,2.2845,2.1327,1.9237,1.6460
1245.0000,30.7475,30.7543,30.7748,30.8090,30.8571,30.9191,30.9951,31.0855,31.1903,31.3099,31.4445,31.5944,31.7599,31.9412,32.1388,32.3528,32.5834,32.8309,33.0951,33.3760,33.6733,2.5500,2.5500,2.5500,2.5500,2.5500,2.5500,2.5500,2.5499,2.5497,2.5491,2.5478,2.5447,2.5381,2.5249,2.5005,2.4581,2.3894,2.2843,2.1324,1.9234,1.6457
1246.0000,30.7521,30.7589,30.7794,30.8137,30.8618,30.9238,30.9999,31.0903,31.1952,31.3148,31.4495,31.5994,31.7650,31.9464,32.1440,32.3581,32.5888,32.8362,33.1005,33.3814,33.6786,2.5500,2.5500,2.5500,2.5500,2.5500,2.5500,2.5500,2.5499,2.5497,2.5491,2.5478,2.5447,2.5380,2.5248,2.5004,2.4580,2.3892,2.2840,2.1322,1.9231,1.6454
1247.0000,30.7567,30.7635,30.7841,30.8183,30.8664,30.9285,31.0046,31.0951,31.2001,31.3198,31.4545,31.6045,31.7701,31.9516,32.1493,32.3634,32.5941,32.8416,33.1058,33.3867,33.6839,2.5500,2.5500,2.5500,2.5500,2.5500,2.5500,2.5500,2.5499,2.5497,2.5491,2.5478,2.5447,2.5380,2.5248,2.5003,2.4579,2.3890,2.2838,2.1319,1.9229,1.6451
1248.0000,30.7613,30.7682,30.7887,30.8230,30.8711,30.9332,31.0094,31.0999,31.2049,31.3247,31.4595,31.6095,31.7752,31.9568,32.1545,32.3687,32.5995,32.8470,33.1112,33.3920,33.6891,2.5500,2.5500,2.5500,2.5500,2.5500,2.5500,2.5500,2.5499,2.5497,2.5491,2.5478,2.5446,2.5380,2.5247,2.5002,2.4577,2.3888,2.2835,2.1316,1.9226,1.6449
1249.0000,30.7659,30.7728,30.7933,30.8276,30.8758,30.9379,31.0142,31.1047,31.2098,31.3296,31.4645,31.6146,31.7804,31.9620,32.1598,32.3740,32.6048,32.8524,33.1166,33.3973,33.6944,2.5500,2.5500,2.5500,2.5500,2.5500,2.5500,2.5500,2.5499,2.5497,2.5491,2.5478,2.5446,2.5379,2.5247,2.5001,2.4576,2.3886,2.2833,2.1313,1.9223,1.6446
1250.0000,30.7706,30.7774,30.7980,30.8323,30.8805,30.9426,31.0189,31.1095,31.2146,31.3345,31.4694,31.6197,31.7855,31.9672,32.1651,32.3793,32.6102,32.8577,33.1219,33.4027,33.6997,2.5500,2.5500,2.5500,2.5500,2.5500,2.5500,2.5500,2.5499,2.5497,2.5491,2.5477,2.5446,2.5379,2.5246,2.5000,2.4574,2.3884,2.2830,2.1310,1.9220,1.6443
1251.0000,30.7752,30.7820,30.8026,30.8370,30.8852,30.9474,31.0237,31.1143,31.2195,31.3395,31.4744,31.6247,31.7906,31.9724,32.1703,32.3846,32.6155,32.8631,33.1273,33.4080,33.7049,2.5500,2.5500,2.5500,2.5500,2.5500,2.5500,2.5500,2.5499,2.5497,2.5491,2.5477,2.5446,2.5379,2.5245,2.4999,2.4573,2.3882,2.2828,2.1308,1.9217,1.6440
1252.0000,30.7798,30.7867,30.8073,30.8416,30.8899,30.9521,31.0285,31.1192,31.2244,31.3444,31.4794,31.6298,31.7957,31.9776,32.1756,32.3899,32.6209,32.8684,33.1326,33.4133,33.7102,2.5500,2.5500,2.5500,2.5500,2.5500,2.5500,2.5500,2.5499,2.5497,2.5491,2.5477,2.5446,2.5378,2.5245,2.4998,2.4571,2.3880,2.2826,2.1305,1.9214,1.6437
1253.0000,30.7844,30.7913,30.8119,30.8463,30.8946,30.9568,31.0332,31.1240,31.2293,31.3493,31.4844,31.6348,31.8009,31.9828,32.1808,32.3952,32.6262,32.8738,33.1379,33.4186,33.7154,2.5500,2.5500,2.5500,2.5500,2.5500,2.5500,2.5500,2.5499,2.5497,2.5491,2.5477,2.5445,2.5378,2.5244,2.4997,2.4570,2.3878,2.2823,2.1302,1.9211,1.6434
1254.0000,30.7891,30.7959,30.8166,30.8510,30.8993,30.9615,31.0380,31.1288,31.2341,31.3543,31.4894,31.6399,31.8060,31.9880,32.1861,32.4005,32.6315,32.8791,33.1433,33.4239,33.7207,2.5500,2.5500,2.5500,2.5500,2.5500,2.5500,2.5500,2.5499,2.5497,2.5491,2.5477,2.5445,2.5378,2.5244,2.4996,2.4568,2.3876,2.2821,2.1299,1.9208,1.6432
1255.0000,30.7937,30.8006,30.8212,30.8556,30.9040,30.9663,31.0428,31.1336,31.2390,31.3592,31.4944,31.6450,31.8111,31.9932,32.1913,32.4058,32.6369,32.8845,33.1486,33.4292,33.7259,2.5500,2.5500,2.5500,2.5500,2.5500,2.5500,2.5500,2.5499,2.5497,2.5491,2.5477,2.5445,2.5377,2.5243,2.4995,2.4567,2.3874,2.2818,2.1296,1.9205,1.6429
1256.0000,30.7984,30.8052,30.8259,30.8603,30.9087,30.9710,31.0476,31.1384,31.2439,31.3641,31.4994,31.6500,31.8163,31.9983,32.1966,32.4111,32.6422,32.8898,33.1539,33.4345,33.7311,2.5500,2.5500,2.5500,2.5500,2.5500,2.5500,2.5500,2.5499,2.5497,2.5491,2.5477,2.5445,2.5377,2.5242,2.4994,2.4566,2.3872,2.2816,2.1294,1.9202,1.6426
1257.0000,30.8030,30.8099,30.8305,30.8650,30.9134,30.9758,31.0523,31.1433,31.2488,31.3691,31.5044,31.6551,31.8214,32.0035,32.2018,32.4164,32.6475,32.8951,33.1593,33.4398,33.7364,2.5500,2.5500,2.5500,2.5500,2.5500,2.5500,2.5500,2.5499,2.5497,2.5491,2.5477,2.5445,2.5376,2.5242,2.4993,2.4564,2.3870,2.2813,2.1291,1.9199,1.6423
1258.0000,30.8076,30.8145,30.8352,30.8697,30.9181,30.9805,31.0571,31.1481,31.2536,31.3740,31.5094,31.6602,31.8265,32.0087,32.2071,32.4217,32.6528,32.9005,33.1646,33.4450,33.7416,2.5500,2.5500,2.5500,2.5500,2.5500,2.5500,2.5500,2.5499,2.5497,2.5491,2.5477,2.5444,2.5376,2.5241,2.4992,2.4563,2.3868,2.2811,2.1288,1.9196,1.6420
1259.0000,30.8123,30.8192,30.8398,30.8743,30.9228,30.9852,31.0619,31.1529,31.2585,31.3789,31.5144,31.6652,31.8316,32.0139,32.2123,32.4270,32.6581,32.9058,33.1699,33.4503,33.7468,2.5500,2.5500,2.5500,2.5500,2.5500,2.5500,2.5500,2.5499,2.5497,2.5491,2.5477,2.5444,2.5376,2.5240,2.4991,2.4561,2.3866,2.2809,2.1285,1.9193,1.6418
1260.0000,30.8169,30.8238,30.8445,30.8790,30.9275,30.9900,31.0667,31.1578,31.2634,31.3839,31.5194,31.6703,31.8368,32.0191,32.2176,32.4323,32.6635,32.9111,33.1752,33.4556,33.7520,2.5500,2.5500,2.5500,2.5500,2.5500,2.5500,2.5500,2.5499,2.5497,2.5491,2.5476,2.5444,2.5375,2.5240,2.4990,2.4560,2.3864,2.2806,2.1282,1.9190,1.6415
1261.0000,30.8216,30.8285,30.8492,30.8837,30.9322,30.9947,31.0715,31.1626,31.2683,31.3888,31.5244,31.6754,31.8419,32.0243,32.2228,32.4376,32.6688,32.9164,33.1805,33.4609,33.7573,2.5500,2.5500,2.5500,2.5500,2.5500,2.5500,2.5500,2.5499,2.5497,2.5491,2.5476,2.5444,2.5375,2.5239,2.4989,2.4558,2.3862,2.2804,2.1280,1.9187,1.6412
1262.0000,30.8262,30.8331,30.8538,30.8884,30.9369,30.9995,31.0763,31.1674,31.2732,31.3938,31.5294,31.6804,31.8470,32.0295,32.2280,32.4429,32.6741,32.9217,33.1858,33.4662,33.7628,2.5500,2.5500,2.5500,2.5500,2.5500,2.5500,2.5500,2.5499,2.5497,2.5491,2.5476,2.5444,2.5375,2.5239,2.4988,2.4557,2.3860,2.2801,2.1277,1.9185,1.6409
1263.0000,30.8309,30.8378,30.8585,30.8931,30.9416,31.0042,31.0811,31.1723,31.2781,31.3987,31.5345,31.6855,31.8522,32.0347,32.2333,32.4481,32.6794,32.9270,33.1911,33.4715,33.7683,2.5500,2.5500,2.5500,2.5500,2.5500,2.5500,2.5500,2.5499,2.5497,2.5491,2.5476,2.5443,2.5374,2.5238,2.4987,2.4555,2.3858,2.2799,2.1274,1.9182,1.6406
1264.0000,30.8356,30.8425,30.8632,30.8978,30.9464,31.0090,31.0858,31.1771,31.2830,31.4037,31.5395,31.6906,31.8573,32.0399,32.2385,32.4534,32.6847,32.9324,33.1964,33.4768,33.7739,2.5500,2.5500,2.5500,2.5500,2.5500,2.5500,2.5500,2.5499,2.5497,2.5491,2.5476,2.5443,2.5374,2.5237,2.4986,2.4554,2.3857,2.2796,2.1271,1.9179,1.6404
1265.0000,30.8402,30.8471,30.8679,30.9025,30.9511,31.0137,31.0906,31.1820,31.2879,31.4086,31.5445,31.6957,31.8624,32.0451,32.2438,32.4587,32.6900,32.9377,33.2017,33.4822,33.7795,2.5500,2.5500,2.5500,2.5500,2.5500,2.5500,2.5500,2.5499,2.5496,2.5491,2.5476,2.5443,2.5374,2.5237,2.4985,2.4553,2.3855,2.2794,2.1269,1.9176,1.6401
1266.0000,30.8449,30.8518,30.8726,30.9072,30.9558,31.0185,31.0954,31.1868,31.2928,31.4136,31.5495,31.7007,31.8676,32.0503,32.2490,32.4640,32.6953,32.9430,33.2071,33.4876,33.7851,2.5500,2.5500,2.5500,2.5500,2.5500,2.5500,2.5500,2.5499,2.5496,2.5490,2.5476,2.5443,2.5373,2.5236,2.4984,2.4551,2.3853,2.2792,2.1266,1.9173,1.6398
1267.0000,30.8496,30.8565,30.8772,30.9119,30.9605,31.0233,31.1002,31.1916,31.2977,31.4185,31.5545,31.7058,31.8727,32.0554,32.2542,32.4692,32.7006,32.9483,33.2124,33.4930,33.7908,2.5500,2.5500,2.5500,2.5500,2.5500,2.5500,2.5500,2.5499,2.5496,2.5490,2.5476,2.5443,2.5373,2.5235,2.4983,2.4550,2.3851,2.2789,2.1263,1.9170,1.6395
1268.0000,30.8542,30.8611,30.8819,30.9166,30.9653,31.0280,31.1051,31.1965,31.3026,31.4235,31.5595,31.7109,31.8778,32.0606,32.2595,32.4745,32.7059,32.9536,33.2177,33.4985,33.7965,2.5500,2.5500,2.5500,2.5500,2.5500,2.5500,2.5500,2.5499,2.5496,2.5490,2.5476,2.5442,2.5372,2.5235,2.4982,2.4548,2.3849,2.2787,2.1260,1.9167,1.6393
1269.0000,30.8589,30.8658,30.8866,30.9213,30.9700,31.0328,31.1099,31.2014,31.3075,31.4285,31.5645,31.7160,31.8830,32.0658,32.2647,32.4798,32.7112,32.9589,33.2231,33.5040,33.8023,2.5500,2.5500,2.5500,2.5500,2.5500,2.5500,2.5500,2.5499,2.5496,2.5490,2.5476,2.5442,2.5372,2.5234,2.4981,2.4547,2.3847,2.2784,2.1257,1.9164,1.6390
1270.0000,30.8636,30.8705,30.8913,30.9260,30.9747,31.0376,31.1147,31.2062,31.3124,31.4334,31.5696,31.7210,31.8881,32.0710,32.2699,32.4850,32.7164,32.9642,33.2285,33.5095,33.8081,2.5500,2.5500,2.5500,2.5500,2.5500,2.5500,2.5500,2.5499,2.5496,2.5490,2.5475,2.5442,2.5372,2.5234,2.4980,2.4545,2.3845,2.2782,2.1255,1.9161,1.6387
1271.0000,30.8683,30.8752,30.8960,30.9307,30.9795,31.0423,31.1195,31.2111,31.3173,31.4384,31.5746,31.7261,31.8932,32.0762,32.2752,32.4903,32.7217,32.9695,33.2339,33.5150,33.8139,2.5500,2.5500,2.5500,2.5500,2.5500,2.5500,2.5500,2.5499,2.5496,2.5490,2.5475,2.5442,2.5371,2.5233,2.4979,2.4544,2.3843,2.2779,2.1252,1.9158,1.6384
1272.0000,30.8729,30.8799,30.9007,30.9354,30.9842,31.0471,31.1243,31.2159,31.3222,31.4433,31.5796,31.7312,31.8984,32.0814,32.2804,32.4956,32.7270,32.9749,33.2393,33.5206,33.8197,2.5500,2.5500,2.5500,2.5500,2.5500,2.5500,2.5500,2.5499,2.5496,2.5490,2.5475,2.5442,2.5371,2.5232,2.4978,2.4542,2.3841,2.2777,2.1249,1.9155,1.6381
1273.0000,30.8776,30.8846,30.9054,30.9402,30.9890,31.0519,31.1291,31.2208,31.3271,31.4483,31.5846,31.7363,31.9035,32.0866,32.2856,32.5008,32.7323,32.9802,33.2447,33.5262,33.8255,2.5500,2.5500,2.5500,2.5500,2.5500,2.5500,2.5500,2.5499,2.5496,2.5490,2.5475,2.5441,2.5371,2.5232,2.4977,2.4541,2.3839,2.2775,2.1246,1.9152,1.6379
1274.0000,30.8823,30.8892,30.9101,30.9449,30.9937,31.0567,31.1339,31.2256,31.3320,31.4533,31.5896,31.7414,31.9086,32.0917,32.2908,32.5061,32.7376,32.9856,33.2501,33.5318,33.8314,2.5500,2.5500,2.5500,2.5500,2.5500,2.5500,2.5500,2.5499,2.5496,2.5490,2.5475,2.5441,2.5370,2.5231,2.4976,2.4540,2.3837,2.2772,2.1244,1.9150,1.6376
1275.0000,30.8870,30.8939,30.9148,30.9496,30.9984,31.0614,31.1387,31.2305,31.3369,31.4582,31.5947,31.7464,31.9138,32.0969,32.2961,32.5114,32.7429,32.9909,33.2556,33.5374,33.8373,2.5500,2.5500,2.5500,2.5500,2.5500,2.5500,2.5500,2.5499,2.5496,2.5490,2.5475,2.5441,2.5370,2.5230,2.4975,2.4538,2.3835,2.2770,2.1241,1.9147,1.6373
1276.0000,30.8917,30.8986,30.9195,30.9543,31.0032,31.0662,31.1436,31.2354,31.3419,31.4632,31.5997,31.7515,31.9189,32.1021,32.3013,32.5166,32.7482,32.9963,33.2610,33.5430,33.8432,2.5500,2.5500,2.5500,2.5500,2.5500,2.5500,2.5500,2.5499,2.5496,2.5490,2.5475,2.5441,2.5370,2.5230,2.4974,2.4537,2.3833,2.2767,2.1238,1.9144,1.6370
1277.0000,30.8964,30.9033,30.9242,30.9591,31.0080,31.0710,31.1484,31.2402,31.3468,31.4682,31.6047,31.7566,31.9240,32.1073,32.3065,32.5219,32.7535,33.0016,33.2665,33.5487,33.8491,2.5500,2.5500,2.5500,2.5500,2.5500,2.5500,2.5500,2.5499,2.5496,2.5490,2.5475,2.5441,2.5369,2.5229,2.4973,2.4535,2.3831,2.2765,2.1235,1.9141,1.6368
1278.0000,30.9011,30.9080,30.9289,30.9638,31.0127,31.0758,31.1532,31.2451,31.3517,31.4732,31.6097,31.7617,31.9292,32.1125,32.3117,32.5272,32.7588,33.0070,33.2720,33.5544,33.8551,2.5500,2.5500,2.5500,2.5500,2.5500,2.5500,2.5500,2.5499,2.5496,2.5490,2.5475,2.5440,2.5369,2.5229,2.4972,2.4534,2.3829,2.2763,2.1233,1.9138,1.6365
1279.0000,30.9058,30.9127,30.9336,30.9685,31.0175,31.0806,31.1580,31.2500,31.3566,31.4781,31.6148,31.7668,31.9343,32.1177,32.3170,32.5324,32.7642,33.0124,33.2775,33.5601,33.8610,2.5500,2.5500,2.5500,2.5500,2.5500,2.5500,2.5500,2.5499,2.5496,2.5490,2.5475,2.5440,2.5368,2.5228,2.4971,2.4532,2.3827,2.2760,2.1230,1.9135,1.6362
1280.0000,30.9105,30.9174,30.9383,30.9732,31.0222,31.0854,31.1629,31.2549,31.3615,31.4831,31.6198,31.7718,31.9395,32.1228,32.3222,32.5377,32.7695,33.0178,33.2830,33.5658,33.8670,2.5500,2.5500,2.5500,2.5500,2.5500,2.5500,2.5500,2.5499,2.5496,2.5490,2.5474,2.5440,2.5368,2.5227,2.4970,2.4531,2.3825,2.2758,2.1227,1.9132,1.6359
1281.0000,30.9152,30.9221,30.9431,30.9780,31.0270,31.0902,31.1677,31.2597,31.3665,31.4881,31.6248,31.7769,31.9446,32.1280,32.3274,32.5430,32.7748,33.0232,33.2885,33.5715,33.8730,2.5500,2.5500,2.5500,2.5500,2.5500,2.5500,2.5500,2.5499,2.5496,2.5490,2.5474,2.5440,2.5368,2.5227,2.4969,2.4529,2.3823,2.2755,2.1224,1.9129,1.6357
1282.0000,30.9199,30.9269,30.9478,30.9827,31.0317,31.0950,31.1725,31.2646,31.3714,31.4931,31.6299,31.7820,31.9497,32.1332,32.3326,32.5482,32.7801,33.0286,33.2941,33.5772,33.8790,2.5500,2.5500,2.5500,2.5500,2.5500,2.5500,2.5500,2.5499,2.5496,2.5490,2.5474,2.5440,2.5367,2.5226,2.4968,2.4528,2.3821,2.2753,2.1222,1.9126,1.6354
1283.0000,30.9246,30.9316,30.9525,30.9875,31.0365,31.0998,31.1774,31.2695,31.3763,31.4980,31.6349,31.7871,31.9549,32.1384,32.3379,32.5535,32.7855,33.0340,33.2996,33.5830,33.8851,2.5500,2.5500,2.5500,2.5500,2.5500,2.5500,2.5500,2.5499,2.5496,2.5490,2.5474,2.5439,2.5367,2.5225,2.4967,2.4527,2.3819,2.2750,2.1219,1.9124,1.6351
1284.0000,30.9293,30.9363,30.9572,30.9922,31.0413,31.1046,31.1822,31.2744,31.3812,31.5030,31.6399,31.7922,31.9600,32.1436,32.3431,32.5588,32.7908,33.0395,33.3052,33.5887,33.8911,2.5500,2.5500,2.5500,2.5500,2.5500,2.5500,2.5500,2.5499,2.5496,2.5490,2.5474,2.5439,2.5367,2.5225,2.4966,2.4525,2.3818,2.2748,2.1216,1.9121,1.6348
1285.0000,30.9340,30.9410,30.9620,30.9970,31.0461,31.1094,31.1871,31.2793,31.3862,31.5080,31.6450,31.7973,31.9651,32.1487,32.3483,32.5641,32.7962,33.0449,33.3108,33.5945,33.8972,2.5500,2.5500,2.5500,2.5500,2.5500,2.5500,2.5500,2.5499,2.5496,2.5490,2.5474,2.5439,2.5366,2.5224,2.4965,2.4524,2.3816,2.2746,2.1213,1.9118,1.6345
1286.0000,30.9387,30.9457,30.9667,31.0017,31.0508,31.1142,31.1919,31.2841,31.3911,31.5130,31.6500,31.8023,31.9703,32.1539,32.3536,32.5693,32.8015,33.0504,33.3164,33.6003,33.9032,2.5500,2.5500,2.5500,2.5500,2.5500,2.5500,2.5500,2.5499,2.5496,2.5490,2.5474,2.5439,2.5366,2.5224,2.4964,2.4522,2.3814,2.2743,2.1210,1.9115,1.6343
1287.0000,30.9435,30.9504,30.9714,31.0065,31.0556,31.1190,31.1967,31.2890,31.3960,31.5180,31.6550,31.8074,31.9754,32.1591,32.3588,32.5746,32.8069,33.0558,33.3220,33.6061,33.9093,2.5500,2.5500,2.5500,2.5500,2.5500,2.5500,2.5500,2.5499,2.5496,2.5489,2.5474,2.5439,2.5365,2.5223,2.4963,2.4521,2.3812,2.2741,2.1208,1.9112,1.6340
1288.0000,30.9482,30.9552,30.9762,31.0112,31.0604,31.1238,31.2016,31.2939,31.4010,31.5229,31.6601,31.8125,31.9805,32.1643,32.3640,32.5799,32.8122,33.0613,33.3276,33.6120,33.9154,2.5500,2.5500,2.5500,2.5500,2.5500,2.5500,2.5500,2.5499,2.5496,2.5489,2.5474,2.5438,2.5365,2.5222,2.4962,2.4519,2.3810,2.2738,2.1205,1.9109,1.6337
1289.0000,30.9529,30.9599,30.9809,31.0160,31.0652,31.1286,31.2064,31.2988,31.4059,31.5279,31.6651,31.8176,31.9857,32.1695,32.3693,32.5852,32.8176,33.0668,33.3332,33.6178,33.9215,2.5500,2.5500,2.5500,2.5500,2.5500,2.5500,2.5500,2.5499,2.5496,2.5489,2.5474,2.5438,2.5365,2.5222,2.4961,2.4518,2.3808,2.2736,2.1202,1.9106,1.6334
1290.0000,30.9576,30.9646,30.9856,31.0207,31.0699,31.1334,31.2113,31.3037,31.4108,31.5329,31.6701,31.8227,31.9908,32.1747,32.3745,32.5905,32.8230,33.0722,33.3389,33.6237,33.9277,2.5500,2.5500,2.5500,2.5500,2.5500,2.5500,2.5500,2.5499,2.5496,2.5489,2.5473,2.5438,2.5364,2.5221,2.4960,2.4516,2.3806,2.2734,2.1199,1.9103,1.6332
1291.0000,30.9624,30.9694,30.9904,31.0255,31.0747,31.1382,31.2161,31.3086,31.4158,31.5379,31.6752,31.8278,31.9959,32.1799,32.3797,32.5958,32.8283,33.0777,33.3445,33.6295,33.9338,2.5500,2.5500,2.5500,2.5500,2.5500,2.5500,2.5500,2.5499,2.5496,2.5489,2.5473,2.5438,2.5364,2.5220,2.4959,2.4515,2.3804,2.2731,2.1197,1.9100,1.6329
1292.0000,30.9671,30.9741,30.9951,31.0302,31.0795,31.1431,31.2210,31.3135,31.4207,31.5429,31.6802,31.8329,32.0011,32.1850,32.3850,32.6011,32.8337,33.0832,33.3502,33.6354,33.9400,2.5500,2.5500,2.5500,2.5500,2.5500,2.5500,2.5500,2.5499,2.5496,2.5489,2.5473,2.5438,2.5364,2.5220,2.4958,2.4513,2.3802,2.2729,2.1194,1.9098,1.6326
1293.0000,30.9718,30.9788,30.9999,31.0350,31.0843,31.1479,31.2259,31.3184,31.4257,31.5479,31.6852,31.8380,32.0062,32.1902,32.3902,32.6064,32.8391,33.0887,33.3559,33.6413,33.9461,2.5500,2.5500,2.5500,2.5500,2.5500,2.5500,2.5500,2.5499,2.5496,2.5489,2.5473,2.5437,2.5363,2.5219,2.4957,2.4512,2.3800,2.2726,2.1191,1.9095,1.6323
1294.0000,30.9766,30.9836,31.0046,31.0398,31.0891,31.1527,31.2307,31.3233,31.4306,31.5529,31.6903,31.8430,32.0114,32.1954,32.3955,32.6117,32.8445,33.0943,33.3615,33.6472,33.9523,2.5500,2.5500,2.5500,2.5500,2.5500,2.5500,2.5500,2.5499,2.5496,2.5489,2.5473,2.5437,2.5363,2.5218,2.4956,2.4511,2.3798,2.2724,2.1189,1.9092,1.6321
1295.0000,30.9813,30.9883,31.0094,31.0446,31.0939,31.1575,31.2356,31.3282,31.4356,31.5579,31.6953,31.8481,32.0165,32.2006,32.4007,32.6171,32.8499,33.0998,33.3672,33.6531,33.9585,2.5500,2.5500,2.5500,2.5500,2.5500,2.5500,2.5500,2.5499,2.5496,2.5489,2.5473,2.5437,2.5362,2.5218,2.4955,2.4509,2.3796,2.2722,2.1186,1.9089,1.6318
1296.0000,30.9860,30.9931,31.0141,31.0493,31.0987,31.1624,31.2404,31.3331,31.4405,31.5629,31.7004,31.8532,32.0216,32.2058,32.4060,32.6224,32.8554,33.1053,33.3729,33.6590,33.9647,2.5500,2.5500,2.5500,2.5500,2.5500,2.5500,2.5500,2.5499,2.5496,2.5489,2.5473,2.5437,2.5362,2.5217,2.4954,2.4508,2.3794,2.2719,2.1183,1.9086,1.6315
1297.0000,30.9908,30.9978,31.0189,31.0541,31.1035,31.1672,31.2453,31.3380,31.4455,31.5679,31.7054,31.8583,32.0268,32.2110,32.4112,32.6277,32.8608,33.1109,33.3787,33.6650,33.9709,2.5500,2.5500,2.5500,2.5500,2.5500,2.5500,2.5500,2.5499,2.5496,2.5489,2.5473,2.5437,2.5362,2.5216,2.4953,2.4506,2.3792,2.2717,2.1180,1.9083,1.6313
1298.0000,30.9955,31.0025,31.0237,31.0589,31.1083,31.1720,31.2502,31.3429,31.4504,31.5729,31.7105,31.8634,32.0319,32.2162,32.4165,32.6330,32.8662,33.1164,33.3844,33.6709,33.9771,2.5500,2.5500,2.5500,2.5500,2.5500,2.5500,2.5499,2.5499,2.5496,2.5489,2.5473,2.5436,2.5361,2.5216,2.4952,2.4505,2.3790,2.2714,2.1178,1.9080,1.6310
1299.0000,31.0003,31.0073,31.0284,31.0637,31.1131,31.1768,31.2550,31.3478,31.4554,31.5779,31.7155,31.8685,32.0371,32.2214,32.4217,32.6384,32.8716,33.1220,33.3901,33.6769,33.9834,2.5500,2.5500,2.5500,2.5500,2.5500,2.5500,2.5499,2.5498,2.5496,2.5489,2.5472,2.5436,2.5361,2.5215,2.4951,2.4503,2.3788,2.2712,2.1175,1.9077,1.6307
1300.0000,31.0050,31.0121,31.0332,31.0684,31.1179,31.1817,31.2599,31.3527,31.4603,31.5829,31.7205,31.8736,32.0422,32.2266,32.4270,32.6437,32.8771,33.1276,33.3959,33.6828,33.9896,2.5500,2.5500,2.5500,2.5500,2.5500,2.5500,2.5499,2.5498,2.5496,2.5489,2.5472,2.5436,2.5360,2.5215,2.4950,2.4502,2.3786,2.2709,2.1172,1.9075,1.6304
1301.0000,31.0098,31.0168,31.0379,31.0732,31.1227,31.1865,31.2648,31.3576,31.4653,31.5879,31.7256,31.8787,32.0474,32.2318,32.4323,32.6491,32.8825,33.1332,33.4016,33.6888,33.9959,2.5500,2.5500,2.5500,2.5500,2.5500,2.5500,2.5499,2.5498,2.5496,2.5489,2.5472,2.5436,2.5360,2.5214,2.4949,2.4500,2.3784,2.2707,2.1169,1.9072,1.6302
1302.0000,31.0145,31.0216,31.0427,31.0780,31.1275,31.1914,31.2696,31.3625,31.4702,31.5929,31.7306,31.8838,32.0525,32.2370,32.4375,32.6544,32.8880,33.1387,33.4074,33.6948,34.0021,2.5500,2.5500,2.5500,2.5500,2.5500,2.5500,2.5499,2.5498,2.5496,2.5489,2.5472,2.5436,2.5360,2.5213,2.4948,2.4499,2.3783,2.2705,2.1167,1.9069,1.6299
1303.0000,31.0193,31.0263,31.0475,31.0828,31.1323,31.1962,31.2745,31.3675,31.4752,31.5979,31.7357,31.8889,32.0577,32.2422,32.4428,32.6598,32.8934,33.1443,33.4132,33.7008,34.0084,2.5500,2.5500,2.5500,2.5500,2.5500,2.5500,2.5499,2.5498,2.5496,2.5489,2.5472,2.5435,2.5359,2.5213,2.4947,2.4497,2.3781,2.2702,2.1164,1.9066,1.6296
1304.0000,31.0240,31.0311,31.0523,31.0876,31.1371,31.2010,31.2794,31.3724,31.4801,31.6029,31.7407,31.8940,32.0628,32.2474,32.4481,32.6651,32.8989,33.1500,33.4190,33.7068,34.0147,2.5500,2.5500,2.5500,2.5500,2.5500,2.5500,2.5499,2.5498,2.5496,2.5489,2.5472,2.5435,2.5359,2.5212,2.4946,2.4496,2.3779,2.2700,2.1161,1.9063,1.6293
1305.0000,31.0288,31.0359,31.0570,31.0924,31.1420,31.2059,31.2843,31.3773,31.4851,31.6079,31.7458,31.8991,32.0680,32.2526,32.4534,32.6705,32.9044,33.1556,33.4248,33.7129,34.0210,2.5500,2.5500,2.5500,2.5500,2.5500,2.5500,2.5499,2.5498,2.5496,2.5489,2.5472,2.5435,2.5359,2.5211,2.4945,2.4495,2.3777,2.2697,2.1158,1.9060,1.6291
1306.0000,31.0336,31.0406,31.0618,31.0972,31.1468,31.2107,31.2892,31.3822,31.4901,31.6129,31.7508,31.9042,32.0731,32.2579,32.4587,32.6759,32.9099,33.1612,33.4306,33.7189,34.0273,2.5500,2.5500,2.5500,2.5500,2.5500,2.5500,2.5499,2.5498,2.5496,2.5489,2.5472,2.5435,2.5358,2.5211,2.4944,2.4493,2.3775,2.2695,2.1156,1.9057,1.6288
1307.0000,31.0383,31.0454,31.0666,31.1020,31.1516,31.2156,31.2940,31.3871,31.4950,31.6179,31.7559,31.9093,32.0783,32.2631,32.4640,32.6812,32.9153,33.1668,33.4364,33.7249,34.0336,2.5500,2.5500,2.5500,2.5500,2.5500,2.5500,2.5499,2.5498,2.5496,2.5488,2.5472,2.5434,2.5358,2.5210,2.4943,2.4492,2.3773,2.2693,2.1153,1.9055,1.6285
1308.0000,31.0431,31.0502,31.0714,31.1068,31.1564,31.2204,31.2989,31.3921,31.5000,31.6229,31.7610,31.9144,32.0834,32.2683,32.4692,32.6866,32.9208,33.1725,33.4422,33.7310,34.0399,2.5500,2.5500,2.5500,2.5500,2.5500,2.5500,2.5499,2.5498,2.5496,2.5488,2.5472,2.5434,2.5357,2.5209,2.4942,2.4490,2.3771,2.2690,2.1150,1.9052,1.6283
1309.0000,31.0479,31.0549,31.0762,31.1116,31.1612,31.2253,31.3038,31.3970,31.5049,31.6279,31.7660,31.9195,32.0886,32.2735,32.4745,32.6920,32.9263,33.1781,33.4480,33.7370,34.0463,2.5500,2.5500,2.5500,2.5500,2.5500,2.5500,2.5499,2.5498,2.5496,2.5488,2.5471,2.5434,2.5357,2.5209,2.4941,2.4489,2.3769,2.2688,2.1147,1.9049,1.6280
1310.0000,31.0526,31.0597,31.0809,31.1164,31.1661,31.2301,31.3087,31.4019,31.5099,31.6329,31.7711,31.9246,32.0938,32.2787,32.4798,32.6974,32.9319,33.1838,33.4539,33.7431,34.0526,2.5500,2.5500,2.5500,2.5500,2.5500,2.5500,2.5499,2.5498,2.5496,2.5488,2.5471,2.5434,2.5357,2.5208,2.4940,2.4487,2.3767,2.2686,2.1145,1.9046,1.6277
1311.0000,31.0574,31.0645,31.0857,31.1212,31.1709,31.2350,31.3136,31.4068,31.5149,31.6379,31.7761,31.9297,32.0989,32.2840,32.4851,32.7028,32.9374,33.1894,33.4597,33.7492,34.0590,2.5500,2.5500,2.5500,2.5500,2.5500,2.5500,2.5499,2.5498,2.5496,2.5488,2.5471,2.5434,2.5356,2.5207,2.4939,2.4486,2.3765,2.2683,2.1142,1.9043,1.6274
1312.0000,31.0622,31.0693,31.0905,31.1260,31.1757,31.2398,31.3185,31.4118,31.5198,31.6429,31.7812,31.9348,32.1041,32.2892,32.4905,32.7082,32.9429,33.1951,33.4656,33.7553,34.0653,2.5500,2.5500,2.5500,2.5500,2.5500,2.5500,2.5499,2.5498,2.5495,2.5488,2.5471,2.5433,2.5356,2.5207,2.4938,2.4484,2.3763,2.2681,2.1139,1.9040,1.6272
1313.0000,31.0670,31.0741,31.0953,31.1308,31.1806,31.2447,31.3234,31.4167,31.5248,31.6479,31.7863,31.9400,32.1093,32.2944,32.4958,32.7136,32.9484,33.2008,33.4715,33.7614,34.0717,2.5500,2.5500,2.5500,2.5500,2.5500,2.5500,2.5499,2.5498,2.5495,2.5488,2.5471,2.5433,2.5355,2.5206,2.4937,2.4483,2.3761,2.2678,2.1137,1.9038,1.6269
1314.0000,31.0718,31.0788,31.1001,31.1356,31.1854,31.2496,31.3283,31.4216,31.5298,31.6530,31.7913,31.9451,32.1144,32.2997,32.5011,32.7190,32.9540,33.2065,33.4773,33.7675,34.0781,2.5500,2.5500,2.5500,2.5500,2.5500,2.5500,2.5499,2.5498,2.5495,2.5488,2.5471,2.5433,2.5355,2.5205,2.4936,2.4481,2.3759,2.2676,2.1134,1.9035,1.6266
1315.0000,31.0765,31.0836,31.1049,31.1404,31.1902,31.2544,31.3332,31.4265,31.5348,31.6580,31.7964,31.9502,32.1196,32.3049,32.5064,32.7244,32.9595,33.2122,33.4832,33.7736,34.0845,2.5500,2.5500,2.5500,2.5500,2.5500,2.5500,2.5499,2.5498,2.5495,2.5488,2.5471,2.5433,2.5355,2.5205,2.4935,2.4480,2.3757,2.2674,2.1131,1.9032,1.6264
1316.0000,31.0813,31.0884,31.1097,31.1452,31.1951,31.2593,31.3381,31.4315,31.5397,31.6630,31.8015,31.9553,32.1248,32.3102,32.5117,32.7299,32.9650,33.2179,33.4891,33.7797,34.0909,2.5500,2.5500,2.5500,2.5500,2.5500,2.5500,2.5499,2.5498,2.5495,2.5488,2.5471,2.5433,2.5354,2.5204,2.4934,2.4478,2.3755,2.2671,2.1128,1.9029,1.6261
1317.0000,31.0861,31.0932,31.1145,31.1500,31.1999,31.2642,31.3430,31.4364,31.5447,31.6680,31.8065,31.9604,32.1300,32.3154,32.5171,32.7353,32.9706,33.2236,33.4950,33.7859,34.0973,2.5500,2.5500,2.5500,2.5500,2.5500,2.5500,2.5499,2.5498,2.5495,2.5488,2.5471,2.5432,2.5354,2.5203,2.4933,2.4477,2.3753,2.2669,2.1126,1.9026,1.6258
1318.0000,31.0909,31.0980,31.1193,31.1549,31.2047,31.2690,31.3479,31.4414,31.5497,31.6730,31.8116,31.9656,32.1352,32.3207,32.5224,32.7407,32.9762,33.2293,33.5010,33.7920,34.1037,2.5500,2.5500,2.5500,2.5500,2.5500,2.5500,2.5499,2.5498,2.5495,2.5488,2.5470,2.5432,2.5354,2.5203,2.4932,2.4476,2.3751,2.2666,2.1123,1.9023,1.6255
1319.0000,31.0957,31.1028,31.1241,31.1597,31.2096,31.2739,31.3528,31.4463,31.5547,31.6781,31.8167,31.9707,32.1403,32.3259,32.5277,32.7462,32.9817,33.2350,33.5069,33.7982,34.1101,2.5500,2.5500,2.5500,2.5500,2.5500,2.5500,2.5499,2.5498,2.5495,2.5488,2.5470,2.5432,2.5353,2.5202,2.4931,2.4474,2.3749,2.2664,2.1120,1.9021,1.6253
1320.0000,31.1005,31.1076,31.1289,31.1645,31.2144,31.2788,31.3577,31.4512,31.5597,31.6831,31.8217,31.9758,32.1455,32.3312,32.5331,32.7516,32.9873,33.2408,33.5128,33.8043,34.1165,2.5500,2.5500,2.5500,2.5500,2.5500,2.5500,2.5499,2.5498,2.5495,2.5488,2.5470,2.5432,2.5353,2.5201,2.4930,2.4473,2.3748,2.2662,2.1118,1.9018,1.6250
1321.0000,31.1053,31.1124,31.1337,31.1693,31.2193,31.2836,31.3626,31.4562,31.5646,31.6881,31.8268,31.9809,32.1507,32.3364,32.5384,32.7571,32.9929,33.2465,33.5187,33.8105,34.1229,2.5500,2.5500,2.5500,2.5500,2.5500,2.5500,2.5499,2.5498,2.5495,2.5488,2.5470,2.5431,2.5352,2.5201,2.4929,2.4471,2.3746,2.2659,2.1115,1.9015,1.6247
1322.0000,31.1101,31.1172,31.1386,31.1742,31.2241,31.2885,31.3675,31.4611,31.5696,31.6931,31.8319,31.9861,32.1559,32.3417,32.5438,32.7625,32.9985,33.2523,33.5247,33.8167,34.1292,2.5500,2.5500,2.5500,2.5500,2.5500,2.5500,2.5499,2.5498,2.5495,2.5488,2.5470,2.5431,2.5352,2.5200,2.4928,2.4470,2.3744,2.2657,2.1112,1.9012,1.6245
1323.0000,31.1149,31.1220,31.1434,31.1790,31.2290,31.2934,31.3724,31.4661,31.5746,31.6982,31.8370,31.9912,32.1611,32.3470,32.5491,32.7680,33.0041,33.2580,33.5306,33.8228,34.1354,2.5500,2.5500,2.5500,2.5500,2.5500,2.5500,2.5499,2.5498,2.5495,2.5488,2.5470,2.5431,2.5352,2.5200,2.4927,2.4468,2.3742,2.2654,2.1109,1.9009,1.6242
1324.0000,31.1197,31.1268,31.1482,31.1838,31.2338,31.2983,31.3773,31.4710,31.5796,31.7032,31.8420,31.9963,32.1663,32.3522,32.5545,32.7735,33.0097,33.2638,33.5366,33.8289,34.1416,2.5500,2.5500,2.5500,2.5500,2.5500,2.5500,2.5499,2.5498,2.5495,2.5488,2.5470,2.5431,2.5351,2.5199,2.4926,2.4467,2.3740,2.2652,2.1107,1.9006,1.6239
1325.0000,31.1245,31.1316,31.1530,31.1887,31.2387,31.3032,31.3822,31.4760,31.5846,31.7082,31.8471,32.0015,32.1715,32.3575,32.5598,32.7789,33.0153,33.2696,33.5425,33.8351,34.1477,2.5500,2.5500,2.5500,2.5500,2.5500,2.5500,2.5499,2.5498,2.5495,2.5488,2.5470,2.5431,2.5351,2.5198,2.4925,2.4465,2.3738,2.2650,2.1104,1.9004,1.6237
1326.0000,31.1293,31.1364,31.1578,31.1935,31.2435,31.3080,31.3871,31.4809,31.5896,31.7133,31.8522,32.0066,32.1767,32.3628,32.5652,32.7844,33.0209,33.2753,33.5485,33.8412,34.1539,2.5500,2.5500,2.5500,2.5500,2.5500,2.5500,2.5499,2.5498,2.5495,2.5487,2.5470,2.5430,2.5350,2.5198,2.4924,2.4464,2.3736,2.2647,2.1101,1.9001,1.6234
1327.0000,31.1341,31.1413,31.1626,31.1983,31.2484,31.3129,31.3920,31.4859,31.5946,31.7183,31.8573,32.0117,32.1819,32.3681,32.5706,32.7899,33.0265,33.2811,33.5544,33.8472,34.1600,2.5500,2.5500,2.5500,2.5500,2.5500,2.5500,2.5499,2.5498,2.5495,2.5487,2.5469,2.5430,2.5350,2.5197,2.4923,2.4462,2.3734,2.2645,2.1099,1.8998,1.6231
1328.0000,31.1389,31.1461,31.1675,31.2032,31.2533,31.3178,31.3970,31.4908,31.5996,31.7234,31.8624,32.0169,32.1871,32.3734,32.5760,32.7954,33.0322,33.2869,33.5604,33.8533,34.1661,2.5500,2.5500,2.5500,2.5500,2.5500,2.5500,2.5499,2.5498,2.5495,2.5487,2.5469,2.5430,2.5350,2.5196,2.4922,2.4461,2.3732,2.2643,2.1096,1.8995,1.6228
1329.0000,31.1438,31.1509,31.1723,31.2080,31.2581,31.3227,31.4019,31.4958,31.6046,31.7284,31.8675,32.0220,32.1923,32.3786,32.5814,32.8009,33.0378,33.2927,33.5663,33.8594,34.1722,2.5500,2.5500,2.5500,2.5500,2.5500,2.5500,2.5499,2.5498,2.5495,2.5487,2.5469,2.5430,2.5349,2.5196,2.4921,2.4459,2.3730,2.2640,2.1093,1.8992,1.6226
1330.0000,31.1486,31.1557,31.1771,31.2129,31.2630,31.3276,31.4068,31.5007,31.6096,31.7334,31.8726,32.0272,32.1975,32.3839,32.5867,32.8064,33.0434,33.2985,33.5723,33.8654,34.1783,2.5500,2.5500,2.5500,2.5500,2.5500,2.5500,2.5499,2.5498,2.5495,2.5487,2.5469,2.5429,2.5349,2.5195,2.4920,2.4458,2.3728,2.2638,2.1091,1.8989,1.6223
1331.0000,31.1534,31.1605,31.1820,31.2177,31.2679,31.3325,31.4117,31.5057,31.6146,31.7385,31.8777,32.0323,32.2028,32.3892,32.5921,32.8119,33.0491,33.3043,33.5782,33.8714,34.1843,2.5500,2.5500,2.5500,2.5500,2.5500,2.5500,2.5499,2.5498,2.5495,2.5487,2.5469,2.5429,2.5348,2.5194,2.4919,2.4457,2.3726,2.2635,2.1088,1.8987,1.6220
1332.0000,31.1582,31.1654,31.1868,31.2226,31.2727,31.3374,31.4167,31.5107,31.6196,31.7435,31.8828,32.0375,32.2080,32.3945,32.5975,32.8174,33.0547,33.3101,33.5841,33.8774,34.1904,2.5500,2.5500,2.5500,2.5500,2.5500,2.5500,2.5499,2.5498,2.5495,2.5487,2.5469,2.5429,2.5348,2.5194,2.4918,2.4455,2.3724,2.2633,2.1085,1.8984,1.6218
1333.0000,31.1630,31.1702,31.1916,31.2274,31.2776,31.3423,31.4216,31.5156,31.6246,31.7486,31.8879,32.0427,32.2132,32.3998,32.6029,32.8229,33.0604,33.3158,33.5900,33.8834,34.1964,2.5500,2.5500,2.5500,2.5500,2.5500,2.5500,2.5499,2.5498,2.5495,2.5487,2.5469,2.5429,2.5348,2.5193,2.4917,2.4454,2.3722,2.2631,2.1082,1.8981,1.6215
1334.0000,31.1679,31.1750,31.1965,31.2323,31.2825,31.3472,31.4265,31.5206,31.6296,31.7536,31.8930,32.0478,32.2184,32.4052,32.6083,32.8284,33.0660,33.3216,33.5959,33.8894,34.2025,2.5500,2.5500,2.5500,2.5500,2.5500,2.5500,2.5499,2.5498,2.5495,2.5487,2.5469,2.5429,2.5347,2.5192,2.4916,2.4452,2.3720,2.2628,2.1080,1.8978,1.6212
1335.0000,31.1727,31.1798,31.2013,31.2371,31.2873,31.3521,31.4314,31.5255,31.6346,31.7587,31.8981,32.0530,32.2237,32.4105,32.6137,32.8340,33.0717,33.3274,33.6018,33.8954,34.2085,2.5500,2.5500,2.5500,2.5500,2.5500,2.5500,2.5499,2.5498,2.5495,2.5487,2.5468,2.5428,2.5347,2.5192,2.4915,2.4451,2.3718,2.2626,2.1077,1.8975,1.6210
1336.0000,31.1775,31.1847,31.2061,31.2420,31.2922,31.3570,31.4364,31.5305,31.6396,31.7637,31.9032,32.0581,32.2289,32.4158,32.6192,32.8395,33.0773,33.3332,33.6077,33.9014,34.2145,2.5500,2.5500,2.5500,2.5500,2.5500,2.5500,2.5499,2.5498,2.5495,2.5487,2.5468,2.5428,2.5346,2.5191,2.4914,2.4449,2.3716,2.2623,2.1074,1.8973,1.6207
1337.0000,31.1824,31.1895,31.2110,31.2468,31.2971,31.3619,31.4413,31.5355,31.6446,31.7688,31.9083,32.0633,32.2341,32.4211,32.6246,32.8450,33.0830,33.3390,33.6136,33.9074,34.2205,2.5500,2.5500,2.5500,2.5500,2.5500,2.5500,2.5499,2.5498,2.5495,2.5487,2.5468,2.5428,2.5346,2.5190,2.4913,2.4448,2.3715,2.2621,2.1072,1.8970,1.6204
1338.0000,31.1872,31.1943,31.2158,31.2517,31.3020,31.3668,31.4462,31.5405,31.6496,31.7738,31.9134,32.0685,32.2394,32.4264,32.6300,32.8506,33.0886,33.3448,33.6195,33.9133,34.2265,2.5500,2.5500,2.5500,2.5500,2.5500,2.5500,2.5499,2.5498,2.5495,2.5487,2.5468,2.5428,2.5346,2.5190,2.4912,2.4446,2.3713,2.2619,2.1069,1.8967,1.6202
1339.0000,31.1920,31.1992,31.2207,31.2566,31.3069,31.3717,31.4512,31.5454,31.6546,31.7789,31.9185,32.0736,32.2446,32.4318,32.6354,32.8561,33.0943,33.3505,33.6254,33.9193,34.2324,2.5500,2.5500,2.5500,2.5500,2.5500,2.5500,2.5499,2.5498,2.5495,2.5487,2.5468,2.5427,2.5345,2.5189,2.4911,2.4445,2.3711,2.2616,2.1066,1.8964,1.6199
1340.0000,31.1969,31.2040,31.2255,31.2614,31.3117,31.3766,31.4561,31.5504,31.6596,31.7840,31.9236,32.0788,32.2499,32.4371,32.6409,32.8616,33.0999,33.3563,33.6313,33.9252,34.2384,2.5500,2.5500,2.5500,2.5500,2.5500,2.5500,2.5499,2.5498,2.5495,2.5487,2.5468,2.5427,2.5345,2.5188,2.4910,2.4443,2.3709,2.2614,2.1064,1.8961,1.6196
1341.0000,31.2017,31.2089,31.2304,31.2663,31.3166,31.3815,31.4611,31.5554,31.6646,31.7890,31.9287,32.0840,32.2551,32.4424,32.6463,32.8672,33.1056,33.3621,33.6372,33.9312,34.2444,2.5500,2.5500,2.5500,2.5500,2.5500,2.5500,2.5499,2.5498,2.5495,2.5487,2.5468,2.5427,2.5344,2.5188,2.4909,2.4442,2.3707,2.2612,2.1061,1.8959,1.6194
1342.0000,31.2065,31.2137,31.2352,31.2711,31.3215,31.3864,31.4660,31.5604,31.6697,31.7941,31.9338,32.0892,32.2604,32.4478,32.6517,32.8727,33.1113,33.3679,33.6430,33.9371,34.2503,2.5500,2.5500,2.5500,2.5500,2.5500,2.5500,2.5499,2.5498,2.5495,2.5487,2.5468,2.5427,2.5344,2.5187,2.4907,2.4440,2.3705,2.2609,2.1058,1.8956,1.6191
1343.0000,31.2114,31.2186,31.2401,31.2760,31.3264,31.3913,31.4709,31.5653,31.6747,31.7992,31.9390,32.0944,32.2656,32.4531,32.6572,32.8783,33.1169,33.3736,33.6489,33.9430,34.2563,2.5500,2.5500,2.5500,2.5500,2.5500,2.5500,2.5499,2.5498,2.5495,2.5487,2.5468,2.5427,2.5344,2.5186,2.4906,2.4439,2.3703,2.2607,2.1056,1.8953,1.6188
1344.0000,31.2162,31.2234,31.2449,31.2809,31.3313,31.3963,31.4759,31.5703,31.6797,31.8042,31.9441,32.0996,32.2709,32.4584,32.6626,32.8838,33.1226,33.3794,33.6548,33.9490,34.2622,2.5500,2.5500,2.5500,2.5500,2.5500,2.5500,2.5499,2.5498,2.5495,2.5486,2.5467,2.5426,2.5343,2.5186,2.4905,2.4438,2.3701,2.2604,2.1053,1.8950,1.6186
1345.0000,31.2211,31.2283,31.2498,31.2858,31.3362,31.4012,31.4808,31.5753,31.6847,31.8093,31.9492,32.1047,32.2762,32.4638,32.6680,32.8894,33.1283,33.3852,33.6606,33.9549,34.2681,2.5500,2.5500,2.5500,2.5500,2.5500,2.5500,2.5499,2.5498,2.5495,2.5486,2.5467,2.5426,2.5343,2.5185,2.4904,2.4436,2.3699,2.2602,2.1050,1.8947,1.6183
1346.0000,31.2259,31.2331,31.2547,31.2906,31.3411,31.4061,31.4858,31.5803,31.6898,31.8144,31.9543,32.1099,32.2814,32.4691,32.6735,32.8949,33.1339,33.3910,33.6665,33.9608,34.2741,2.5500,2.5500,2.5500,2.5500,2.5500,2.5500,2.5499,2.5498,2.5495,2.5486,2.5467,2.5426,2.5342,2.5184,2.4903,2.4435,2.3697,2.2600,2.1047,1.8945,1.6180
1347.0000,31.2308,31.2380,31.2595,31.2955,31.3460,31.4110,31.4907,31.5853,31.6948,31.8194,31.9595,32.1151,32.2867,32.4745,32.6789,32.9005,33.1396,33.3967,33.6723,33.9667,34.2800,2.5500,2.5500,2.5500,2.5500,2.5500,2.5500,2.5499,2.5498,2.5495,2.5486,2.5467,2.5426,2.5342,2.5184,2.4902,2.4433,2.3695,2.2597,2.1045,1.8942,1.6178
1348.0000,31.2356,31.2428,31.2644,31.3004,31.3509,31.4159,31.4957,31.5903,31.6998,31.8245,31.9646,32.1203,32.2920,32.4799,32.6844,32.9060,33.1452,33.4025,33.6782,33.9726,34.2859,2.5500,2.5500,2.5500,2.5500,2.5500,2.5500,2.5499,2.5498,2.5495,2.5486,2.5467,2.5425,2.5342,2.5183,2.4901,2.4432,2.3693,2.2595,2.1042,1.8939,1.6175
1349.0000,31.2405,31.2477,31.2693,31.3053,31.3558,31.4209,31.5006,31.5953,31.7048,31.8296,31.9697,32.1255,32.2972,32.4852,32.6899,32.9116,33.1509,33.4082,33.6840,33.9785,34.2918,2.5500,2.5500,2.5500,2.5500,2.5500,2.5500,2.5499,2.5498,2.5495,2.5486,2.5467,2.5425,2.5341,2.5182,2.4900,2.4430,2.3691,2.2593,2.1039,1.8936,1.6172
1350.0000,31.2453,31.2525,31.2741,31.3102,31.3607,31.4258,31.5056,31.6002,31.7099,31.8347,31.9749,32.1307,32.3025,32.4906,32.6953,32.9172,33.1566,33.4140,33.6898,33.9844,34.2977,2.5500,2.5500,2.5500,2.5500,2.5500,2.5500,2.5499,2.5498,2.5495,2.5486,2.5467,2.5425,2.5341,2.5182,2.4899,2.4429,2.3689,2.2590,2.1037,1.8933,1.6170
1351.0000,31.2502,31.2574,31.2790,31.3150,31.3656,31.4307,31.5106,31.6052,31.7149,31.8398,31.9800,32.1359,32.3078,32.4959,32.7008,32.9227,33.1622,33.4198,33.6957,33.9903,34.3036,2.5500,2.5500,2.5500,2.5500,2.5500,2.5500,2.5499,2.5498,2.5495,2.5486,2.5467,2.5425,2.5340,2.5181,2.4898,2.4427,2.3687,2.2588,2.1034,1.8931,1.6167
1352.0000,31.2551,31.2623,31.2839,31.3199,31.3705,31.4357,31.5155,31.6102,31.7200,31.8449,31.9852,32.1411,32.3131,32.5013,32.7062,32.9283,33.1679,33.4255,33.7015,33.9961,34.3095,2.5500,2.5500,2.5500,2.5500,2.5500,2.5500,2.5499,2.5498,2.5494,2.5486,2.5466,2.5424,2.5340,2.5180,2.4897,2.4426,2.3685,2.2586,2.1031,1.8928,1.6164
1353.0000,31.2599,31.2671,31.2887,31.3248,31.3754,31.4406,31.5205,31.6152,31.7250,31.8499,31.9903,32.1464,32.3184,32.5067,32.7117,32.9339,33.1736,33.4313,33.7073,34.0020,34.3154,2.5500,2.5500,2.5500,2.5500,2.5500,2.5500,2.5499,2.5498,2.5494,2.5486,2.5466,2.5424,2.5339,2.5179,2.4896,2.4424,2.3684,2.2583,2.1029,1.8925,1.6162
1354.0000,31.2648,31.2720,31.2936,31.3297,31.3803,31.4455,31.5255,31.6202,31.7300,31.8550,31.9955,32.1516,32.3237,32.5121,32.7172,32.9394,33.1792,33.4370,33.7131,34.0079,34.3213,2.5500,2.5500,2.5500,2.5500,2.5500,2.5500,2.5499,2.5498,2.5494,2.5486,2.5466,2.5424,2.5339,2.5179,2.4895,2.4423,2.3682,2.2581,2.1026,1.8922,1.6159
1355.0000,31.2696,31.2769,31.2985,31.3346,31.3852,31.4505,31.5304,31.6252,31.7351,31.8601,32.0006,32.1568,32.3289,32.5174,32.7226,32.9450,33.1849,33.4428,33.7190,34.0137,34.3272,2.5500,2.5500,2.5500,2.5500,2.5500,2.5500,2.5499,2.5498,2.5494,2.5486,2.5466,2.5424,2.5339,2.5178,2.4894,2.4421,2.3680,2.2578,2.1023,1.8919,1.6156
1356.0000,31.2745,31.2817,31.3034,31.3395,31.3901,31.4554,31.5354,31.6302,31.7401,31.8652,32.0058,32.1620,32.3342,32.5228,32.7281,32.9506,33.1905,33.4485,33.7248,34.0196,34.3331,2.5500,2.5500,2.5500,2.5500,2.5500,2.5500,2.5499,2.5498,2.5494,2.5486,2.5466,2.5424,2.5338,2.5177,2.4893,2.4420,2.3678,2.2576,2.1021,1.8917,1.6154
1357.0000,31.2794,31.2866,31.3083,31.3444,31.3950,31.4603,31.5404,31.6352,31.7452,31.8703,32.0109,32.1672,32.3395,32.5282,32.7336,32.9561,33.1962,33.4543,33.7306,34.0254,34.3390,2.5500,2.5500,2.5500,2.5500,2.5500,2.5500,2.5499,2.5498,2.5494,2.5486,2.5466,2.5423,2.5338,2.5177,2.4892,2.4418,2.3676,2.2574,2.1018,1.8914,1.6151
1358.0000,31.2843,31.2915,31.3131,31.3493,31.4000,31.4653,31.5453,31.6403,31.7502,31.8754,32.0161,32.1725,32.3448,32.5336,32.7391,32.9617,33.2019,33.4600,33.7364,34.0313,34.3448,2.5500,2.5500,2.5500,2.5500,2.5500,2.5500,2.5499,2.5498,2.5494,2.5486,2.5466,2.5423,2.5337,2.5176,2.4891,2.4417,2.3674,2.2571,2.1015,1.8911,1.6149
1359.0000,31.2891,31.2964,31.3180,31.3542,31.4049,31.4702,31.5503,31.6453,31.7553,31.8805,32.0212,32.1777,32.3501,32.5390,32.7445,32.9673,33.2075,33.4657,33.7422,34.0371,34.3507,2.5500,2.5500,2.5500,2.5500,2.5500,2.5500,2.5499,2.5498,2.5494,2.5486,2.5466,2.5423,2.5337,2.5175,2.4890,2.4415,2.3672,2.2569,2.1013,1.8908,1.6146
1360.0000,31.2940,31.3012,31.3229,31.3591,31.4098,31.4752,31.5553,31.6503,31.7603,31.8856,32.0264,32.1829,32.3554,32.5444,32.7500,32.9728,33.2132,33.4715,33.7480,34.0430,34.3566,2.5500,2.5500,2.5500,2.5500,2.5500,2.5500,2.5499,2.5498,2.5494,2.5485,2.5465,2.5423,2.5337,2.5175,2.4889,2.4414,2.3670,2.2567,2.1010,1.8906,1.6143
1361.0000,31.2989,31.3061,31.3278,31.3640,31.4147,31.4801,31.5603,31.6553,31.7654,31.8907,32.0316,32.1881,32.3608,32.5497,32.7555,32.9784,33.2188,33.4772,33.7538,34.0488,34.3624,2.5500,2.5500,2.5500,2.5500,2.5500,2.5500,2.5499,2.5498,2.5494,2.5485,2.5465,2.5422,2.5336,2.5174,2.4888,2.4413,2.3668,2.2564,2.1007,1.8903,1.6141
1362.0000,31.3038,31.3110,31.3327,31.3689,31.4196,31.4851,31.5652,31.6603,31.7705,31.8959,32.0367,32.1934,32.3661,32.5551,32.7610,32.9840,33.2245,33.4829,33.7596,34.0547,34.3683,2.5500,2.5500,2.5500,2.5500,2.5500,2.5500,2.5499,2.5498,2.5494,2.5485,2.5465,2.5422,2.5336,2.5173,2.4887,2.4411,2.3666,2.2562,2.1005,1.8900,1.6138
1363.0000,31.3086,31.3159,31.3376,31.3738,31.4246,31.4900,31.5702,31.6653,31.7755,31.9010,32.0419,32.1986,32.3714,32.5605,32.7665,32.9895,33.2302,33.4887,33.7654,34.0605,34.3741,2.5500,2.5500,2.5500,2.5500,2.5500,2.5500,2.5499,2.5498,2.5494,2.5485,2.5465,2.5422,2.5335,2.5173,2.4886,2.4410,2.3664,2.2560,2.1002,1.8897,1.6135
1364.0000,31.3135,31.3208,31.3425,31.3787,31.4295,31.4950,31.5752,31.6704,31.7806,31.9061,32.0471,32.2039,32.3767,32.5659,32.7719,32.9951,33.2358,33.4944,33.7712,34.0663,34.3800,2.5500,2.5500,2.5500,2.5500,2.5500,2.5500,2.5499,2.5498,2.5494,2.5485,2.5465,2.5422,2.5335,2.5172,2.4885,2.4408,2.3662,2.2557,2.0999,1.8895,1.6133
1365.0000,31.3184,31.3257,31.3474,31.3836,31.4344,31.4999,31.5802,31.6754,31.7856,31.9112,32.0523,32.2091,32.3820,32.5713,32.7774,33.0007,33.2415,33.5001,33.7770,34.0722,34.3858,2.5500,2.5500,2.5500,2.5500,2.5500,2.5500,2.5499,2.5498,2.5494,2.5485,2.5465,2.5421,2.5334,2.5171,2.4884,2.4407,2.3660,2.2555,2.0997,1.8892,1.6130
1366.0000,31.3233,31.3305,31.3523,31.3885,31.4394,31.5049,31.5852,31.6804,31.7907,31.9163,32.0574,32.2143,32.3873,32.5767,32.7829,33.0063,33.2471,33.5059,33.7827,34.0780,34.3917,2.5500,2.5500,2.5500,2.5500,2.5500,2.5500,2.5499,2.5498,2.5494,2.5485,2.5465,2.5421,2.5334,2.5171,2.4883,2.4405,2.3658,2.2552,2.0994,1.8889,1.6127
1367.0000,31.3282,31.3354,31.3572,31.3934,31.4443,31.5098,31.5902,31.6854,31.7958,31.9214,32.0626,32.2196,32.3927,32.5821,32.7884,33.0118,33.2528,33.5116,33.7885,34.0838,34.3975,2.5500,2.5500,2.5500,2.5500,2.5500,2.5500,2.5499,2.5498,2.5494,2.5485,2.5465,2.5421,2.5334,2.5170,2.4882,2.4404,2.3656,2.2550,2.0991,1.8886,1.6125
1368.0000,31.3331,31.3403,31.3621,31.3984,31.4492,31.5148,31.5952,31.6905,31.8009,31.9266,32.0678,32.2248,32.3980,32.5875,32.7939,33.0174,33.2584,33.5173,33.7943,34.0896,34.4033,2.5500,2.5500,2.5500,2.5500,2.5500,2.5500,2.5499,2.5498,2.5494,2.5485,2.5464,2.5421,2.5333,2.5169,2.4881,2.4402,2.3654,2.2548,2.0989,1.8883,1.6122
1369.0000,31.3380,31.3452,31.3670,31.4033,31.4542,31.5198,31.6002,31.6955,31.8059,31.9317,32.0730,32.2301,32.4033,32.5929,32.7994,33.0230,33.2641,33.5230,33.8001,34.0954,34.4092,2.5500,2.5500,2.5500,2.5500,2.5500,2.5500,2.5499,2.5498,2.5494,2.5485,2.5464,2.5420,2.5333,2.5169,2.4880,2.4401,2.3653,2.2545,2.0986,1.8881,1.6120
1370.0000,31.3429,31.3501,31.3719,31.4082,31.4591,31.5247,31.6051,31.7005,31.8110,31.9368,32.0782,32.2353,32.4086,32.5984,32.8049,33.0285,33.2697,33.5287,33.8059,34.1012,34.4150,2.5500,2.5500,2.5500,2.5500,2.5500,2.5500,2.5499,2.5498,2.5494,2.5485,2.5464,2.5420,2.5332,2.5168,2.4878,2.4399,2.3651,2.2543,2.0983,1.8878,1.6117
1371.0000,31.3478,31.3550,31.3768,31.4131,31.4640,31.5297,31.6101,31.7056,31.8161,31.9420,32.0834,32.2406,32.4140,32.6038,32.8104,33.0341,33.2754,33.5345,33.8116,34.1070,34.4208,2.5500,2.5500,2.5500,2.5500,2.5500,2.5500,2.5499,2.5498,2.5494,2.5485,2.5464,2.5420,2.5332,2.5167,2.4877,2.4398,2.3649,2.2541,2.0981,1.8875,1.6114
1372.0000,31.3527,31.3599,31.3817,31.4180,31.4690,31.5347,31.6151,31.7106,31.8212,31.9471,32.0886,32.2459,32.4193,32.6092,32.8159,33.0397,33.2810,33.5402,33.8174,34.1129,34.4266,2.5500,2.5500,2.5500,2.5500,2.5500,2.5500,2.5499,2.5498,2.5494,2.5485,2.5464,2.5420,2.5332,2.5167,2.4876,2.4396,2.3647,2.2538,2.0978,1.8872,1.6112
1373.0000,31.3576,31.3648,31.3866,31.4230,31.4739,31.5396,31.6201,31.7156,31.8263,31.9522,32.0938,32.2511,32.4246,32.6146,32.8213,33.0453,33.2867,33.5459,33.8232,34.1187,34.4325,2.5500,2.5500,2.5500,2.5500,2.5500,2.5500,2.5499,2.5498,2.5494,2.5485,2.5464,2.5420,2.5331,2.5166,2.4875,2.4395,2.3645,2.2536,2.0975,1.8870,1.6109
1374.0000,31.3625,31.3697,31.3915,31.4279,31.4789,31.5446,31.6252,31.7207,31.8313,31.9574,32.0990,32.2564,32.4300,32.6200,32.8268,33.0508,33.2923,33.5516,33.8289,34.1245,34.4383,2.5500,2.5500,2.5500,2.5500,2.5500,2.5500,2.5499,2.5498,2.5494,2.5485,2.5464,2.5419,2.5331,2.5165,2.4874,2.4393,2.3643,2.2534,2.0973,1.8867,1.6107
1375.0000,31.3674,31.3746,31.3964,31.4328,31.4838,31.5496,31.6302,31.7257,31.8364,31.9625,32.1042,32.2617,32.4353,32.6254,32.8323,33.0564,33.2980,33.5573,33.8347,34.1303,34.4441,2.5500,2.5500,2.5500,2.5500,2.5500,2.5500,2.5499,2.5498,2.5494,2.5485,2.5464,2.5419,2.5330,2.5164,2.4873,2.4392,2.3641,2.2531,2.0970,1.8864,1.6104
1376.0000,31.3723,31.3795,31.4014,31.4377,31.4888,31.5546,31.6352,31.7308,31.8415,31.9676,32.1094,32.2669,32.4406,32.6308,32.8378,33.0620,33.3036,33.5630,33.8404,34.1360,34.4499,2.5500,2.5500,2.5500,2.5500,2.5500,2.5500,2.5499,2.5498,2.5494,2.5485,2.5463,2.5419,2.5330,2.5164,2.4872,2.4390,2.3639,2.2529,2.0968,1.8861,1.6101
1377.0000,31.3772,31.3845,31.4063,31.4427,31.4937,31.5595,31.6402,31.7358,31.8466,31.9728,32.1146,32.2722,32.4460,32.6362,32.8433,33.0676,33.3093,33.5687,33.8462,34.1418,34.4557,2.5500,2.5500,2.5500,2.5500,2.5500,2.5500,2.5499,2.5498,2.5494,2.5484,2.5463,2.5419,2.5329,2.5163,2.4871,2.4389,2.3637,2.2527,2.0965,1.8859,1.6099
1378.0000,31.3821,31.3894,31.4112,31.4476,31.4987,31.5645,31.6452,31.7409,31.8517,31.9779,32.1198,32.2775,32.4513,32.6417,32.8488,33.0731,33.3149,33.5744,33.8520,34.1476,34.4615,2.5500,2.5500,2.5500,2.5500,2.5500,2.5500,2.5499,2.5498,2.5494,2.5484,2.5463,2.5418,2.5329,2.5162,2.4870,2.4387,2.3635,2.2524,2.0962,1.8856,1.6096
1379.0000,31.3870,31.3943,31.4161,31.4526,31.5036,31.5695,31.6502,31.7459,31.8568,31.9831,32.1250,32.2827,32.4567,32.6471,32.8543,33.0787,33.3206,33.5801,33.8577,34.1534,34.4673,2.5500,2.5500,2.5500,2.5500,2.5500,2.5500,2.5499,2.5498,2.5494,2.5484,2.5463,2.5418,2.5329,2.5162,2.4869,2.4386,2.3633,2.2522,2.0960,1.8853,1.6093
1380.0000,31.3919,31.3992,31.4210,31.4575,31.5086,31.5745,31.6552,31.7510,31.8619,31.9882,32.1302,32.2880,32.4620,32.6525,32.8598,33.0843,33.3262,33.5858,33.8635,34.1592,34.4731,2.5500,2.5500,2.5500,2.5500,2.5500,2.5500,2.5499,2.5498,2.5494,2.5484,2.5463,2.5418,2.5328,2.5161,2.4868,2.4385,2.3631,2.2520,2.0957,1.8850,1.6091
1381.0000,31.3968,31.4041,31.4260,31.4624,31.5136,31.5795,31.6602,31.7560,31.8670,31.9934,32.1354,32.2933,32.4674,32.6579,32.8653,33.0899,33.3318,33.5915,33.8692,34.1650,34.4789,2.5500,2.5500,2.5500,2.5500,2.5500,2.5500,2.5499,2.5498,2.5494,2.5484,2.5463,2.5418,2.5328,2.5160,2.4867,2.4383,2.3629,2.2517,2.0954,1.8848,1.6088
1382.0000,31.4018,31.4090,31.4309,31.4674,31.5185,31.5845,31.6653,31.7611,31.8721,31.9985,32.1406,32.2986,32.4727,32.6634,32.8708,33.0954,33.3375,33.5972,33.8750,34.1708,34.4847,2.5500,2.5500,2.5500,2.5500,2.5500,2.5500,2.5499,2.5498,2.5494,2.5484,2.5463,2.5417,2.5327,2.5160,2.4866,2.4382,2.3627,2.2515,2.0952,1.8845,1.6086
1383.0000,31.4067,31.4140,31.4358,31.4723,31.5235,31.5894,31.6703,31.7662,31.8772,32.0037,32.1458,32.3039,32.4781,32.6688,32.8763,33.1010,33.3431,33.6029,33.8807,34.1765,34.4905,2.5500,2.5500,2.5500,2.5500,2.5500,2.5500,2.5499,2.5498,2.5494,2.5484,2.5463,2.5417,2.5327,2.5159,2.4865,2.4380,2.3625,2.2512,2.0949,1.8842,1.6083
1384.0000,31.4116,31.4189,31.4408,31.4773,31.5285,31.5944,31.6753,31.7712,31.8823,32.0089,32.1510,32.3091,32.4834,32.6742,32.8818,33.1066,33.3488,33.6086,33.8864,34.1823,34.4963,2.5500,2.5500,2.5500,2.5500,2.5500,2.5500,2.5499,2.5498,2.5494,2.5484,2.5462,2.5417,2.5326,2.5158,2.4864,2.4379,2.3624,2.2510,2.0946,1.8839,1.6080
1385.0000,31.4165,31.4238,31.4457,31.4822,31.5334,31.5994,31.6803,31.7763,31.8874,32.0140,32.1563,32.3144,32.4888,32.6796,32.8873,33.1121,33.3544,33.6143,33.8922,34.1881,34.5020,2.5500,2.5500,2.5500,2.5500,2.5500,2.5500,2.5499,2.5498,2.5494,2.5484,2.5462,2.5417,2.5326,2.5158,2.4863,2.4377,2.3622,2.2508,2.0944,1.8837,1.6078
1386.0000,31.4214,31.4287,31.4506,31.4872,31.5384,31.6044,31.6854,31.7813,31.8926,32.0192,32.1615,32.3197,32.4941,32.6851,32.8928,33.1177,33.3600,33.6200,33.8979,34.1938,34.5078,2.5500,2.5500,2.5500,2.5500,2.5500,2.5500,2.5499,2.5498,2.5494,2.5484,2.5462,2.5416,2.5326,2.5157,2.4862,2.4376,2.3620,2.2505,2.0941,1.8834,1.6075
1387.0000,31.4264,31.4337,31.4556,31.4921,31.5434,31.6094,31.6904,31.7864,31.8977,32.0244,32.1667,32.3250,32.4995,32.6905,32.8983,33.1233,33.3657,33.6257,33.9037,34.1996,34.5135,2.5500,2.5500,2.5500,2.5500,2.5500,2.5500,2.5499,2.5498,2.5493,2.5484,2.5462,2.5416,2.5325,2.5156,2.4861,2.4374,2.3618,2.2503,2.0939,1.8831,1.6073
1388.0000,31.4313,31.4386,31.4605,31.4971,31.5483,31.6144,31.6954,31.7915,31.9028,32.0295,32.1719,32.3303,32.5049,32.6959,32.9038,33.1289,33.3713,33.6314,33.9094,34.2053,34.5193,2.5500,2.5500,2.5500,2.5500,2.5500,2.5500,2.5499,2.5498,2.5493,2.5484,2.5462,2.5416,2.5325,2.5155,2.4860,2.4373,2.3616,2.2501,2.0936,1.8829,1.6070
1389.0000,31.4362,31.4435,31.4655,31.5020,31.5533,31.6194,31.7005,31.7966,31.9079,32.0347,32.1772,32.3356,32.5102,32.7014,32.9093,33.1344,33.3769,33.6371,33.9151,34.2111,34.5250,2.5500,2.5500,2.5500,2.5500,2.5500,2.5500,2.5499,2.5497,2.5493,2.5484,2.5462,2.5416,2.5324,2.5155,2.4859,2.4371,2.3614,2.2498,2.0933,1.8826,1.6067
1390.0000,31.4412,31.4485,31.4704,31.5070,31.5583,31.6244,31.7055,31.8016,31.9130,32.0399,32.1824,32.3409,32.5156,32.7068,32.9148,33.1400,33.3826,33.6428,33.9208,34.2168,34.5308,2.5500,2.5500,2.5500,2.5500,2.5500,2.5500,2.5499,2.5497,2.5493,2.5484,2.5462,2.5415,2.5324,2.5154,2.4858,2.4370,2.3612,2.2496,2.0931,1.8823,1.6065
1391.0000,31.4461,31.4534,31.4753,31.5119,31.5633,31.6294,31.7105,31.8067,31.9182,32.0451,32.1876,32.3462,32.5209,32.7122,32.9203,33.1456,33.3882,33.6485,33.9266,34.2226,34.5365,2.5500,2.5500,2.5500,2.5500,2.5500,2.5500,2.5499,2.5497,2.5493,2.5484,2.5462,2.5415,2.5323,2.5153,2.4856,2.4368,2.3610,2.2494,2.0928,1.8820,1.6062
1392.0000,31.4510,31.4583,31.4803,31.5169,31.5683,31.6344,31.7156,31.8118,31.9233,32.0502,32.1929,32.3515,32.5263,32.7177,32.9258,33.1511,33.3938,33.6542,33.9323,34.2283,34.5423,2.5500,2.5500,2.5500,2.5500,2.5500,2.5500,2.5499,2.5497,2.5493,2.5483,2.5461,2.5415,2.5323,2.5153,2.4855,2.4367,2.3608,2.2491,2.0925,1.8818,1.6060
1393.0000,31.4560,31.4633,31.4852,31.5219,31.5732,31.6395,31.7206,31.8169,31.9284,32.0554,32.1981,32.3568,32.5317,32.7231,32.9313,33.1567,33.3995,33.6598,33.9380,34.2340,34.5480,2.5500,2.5500,2.5500,2.5500,2.5500,2.5500,2.5499,2.5497,2.5493,2.5483,2.5461,2.5415,2.5323,2.5152,2.4854,2.4365,2.3606,2.2489,2.0923,1.8815,1.6057
1394.0000,31.4609,31.4682,31.4902,31.5268,31.5782,31.6445,31.7257,31.8220,31.9335,32.0606,32.2034,32.3621,32.5370,32.7285,32.9369,33.1623,33.4051,33.6655,33.9437,34.2398,34.5537,2.5500,2.5500,2.5500,2.5500,2.5500,2.5500,2.5499,2.5497,2.5493,2.5483,2.5461,2.5414,2.5322,2.5151,2.4853,2.4364,2.3604,2.2487,2.0920,1.8812,1.6054
1395.0000,31.4659,31.4732,31.4951,31.5318,31.5832,31.6495,31.7307,31.8271,31.9387,32.0658,32.2086,32.3674,32.5424,32.7340,32.9424,33.1679,33.4107,33.6712,33.9494,34.2455,34.5594,2.5500,2.5500,2.5500,2.5500,2.5500,2.5500,2.5499,2.5497,2.5493,2.5483,2.5461,2.5414,2.5322,2.5151,2.4852,2.4362,2.3602,2.2484,2.0917,1.8809,1.6052
1396.0000,31.4708,31.4781,31.5001,31.5368,31.5882,31.6545,31.7358,31.8321,31.9438,32.0710,32.2138,32.3727,32.5478,32.7394,32.9479,33.1734,33.4164,33.6769,33.9551,34.2512,34.5652,2.5500,2.5500,2.5500,2.5500,2.5500,2.5500,2.5499,2.5497,2.5493,2.5483,2.5461,2.5414,2.5321,2.5150,2.4851,2.4361,2.3600,2.2482,2.0915,1.8807,1.6049
1397.0000,31.4757,31.4831,31.5051,31.5417,31.5932,31.6595,31.7408,31.8372,31.9489,32.0761,32.2191,32.3780,32.5532,32.7448,32.9534,33.1790,33.4220,33.6825,33.9608,34.2570,34.5709,2.5500,2.5500,2.5500,2.5500,2.5500,2.5500,2.5499,2.5497,2.5493,2.5483,2.5461,2.5414,2.5321,2.5149,2.4850,2.4359,2.3598,2.2480,2.0912,1.8804,1.6047
1398.0000,31.4807,31.4880,31.5100,31.5467,31.5982,31.6645,31.7459,31.8423,31.9541,32.0813,32.2243,32.3833,32.5585,32.7503,32.9589,33.1846,33.4276,33.6882,33.9665,34.2627,34.5766,2.5500,2.5500,2.5500,2.5500,2.5500,2.5500,2.5499,2.5497,2.5493,2.5483,2.5461,2.5413,2.5320,2.5148,2.4849,2.4358,2.3597,2.2477,2.0910,1.8801,1.6044
1399.0000,31.4856,31.4930,31.5150,31.5517,31.6032,31.6696,31.7509,31.8474,31.9592,32.0865,32.2296,32.3886,32.5639,32.7557,32.9644,33.1901,33.4332,33.6939,33.9722,34.2684,34.5823,2.5500,2.5500,2.5500,2.5500,2.5500,2.5500,2.5499,2.5497,2.5493,2.5483,2.5460,2.5413,2.5320,2.5148,2.4848,2.4356,2.3595,2.2475,2.0907,1.8799,1.6042
1400.0000,31.4906,31.4979,31.5199,31.5567,31.6082,31.6746,31.7560,31.8525,31.9644,32.0917,32.2348,32.3939,32.5693,32.7612,32.9699,33.1957,33.4388,33.6995,33.9779,34.2741,34.5880,2.5500,2.5500,2.5500,2.5500,2.5500,2.5500,2.5499,2.5497,2.5493,2.5483,2.5460,2.5413,2.5320,2.5147,2.4847,2.4355,2.3593,2.2473,2.0904,1.8796,1.6039
1401.0000,31.4955,31.5029,31.5249,31.5617,31.6132,31.6796,31.7610,31.8576,31.9695,32.0969,32.2401,32.3992,32.5747,32.7666,32.9754,33.2013,33.4445,33.7052,33.9836,34.2798,34.5937,2.5500,2.5500,2.5500,2.5500,2.5500,2.5500,2.5499,2.5497,2.5493,2.5483,2.5460,2.5413,2.5319,2.5146,2.4846,2.4353,2.3591,2.2470,2.0902,1.8793,1.6036
1402.0000,31.5005,31.5078,31.5299,31.5666,31.6182,31.6847,31.7661,31.8627,31.9746,32.1021,32.2453,32.4045,32.5800,32.7721,32.9809,33.2068,33.4501,33.7109,33.9893,34.2855,34.5994,2.5500,2.5500,2.5500,2.5500,2.5500,2.5500,2.5499,2.5497,2.5493,2.5483,2.5460,2.5412,2.5319,2.5146,2.4845,2.4352,2.3589,2.2468,2.0899,1.8790,1.6034
1403.0000,31.5055,31.5128,31.5348,31.5716,31.6232,31.6897,31.7712,31.8678,31.9798,32.1073,32.2506,32.4099,32.5854,32.7775,32.9864,33.2124,33.4557,33.7165,33.9950,34.2912,34.6051,2.5500,2.5500,2.5500,2.5500,2.5500,2.5500,2.5499,2.5497,2.5493,2.5483,2.5460,2.5412,2.5318,2.5145,2.4844,2.4351,2.3587,2.2466,2.0896,1.8788,1.6031
1404.0000,31.5104,31.5178,31.5398,31.5766,31.6282,31.6947,31.7762,31.8729,31.9849,32.1125,32.2558,32.4152,32.5908,32.7829,32.9919,33.2180,33.4613,33.7222,34.0007,34.2969,34.6108,2.5500,2.5500,2.5500,2.5500,2.5500,2.5500,2.5499,2.5497,2.5493,2.5483,2.5460,2.5412,2.5318,2.5144,2.4843,2.4349,2.3585,2.2463,2.0894,1.8785,1.6029
1405.0000,31.5154,31.5227,31.5448,31.5816,31.6332,31.6998,31.7813,31.8780,31.9901,32.1177,32.2611,32.4205,32.5962,32.7884,32.9974,33.2235,33.4669,33.7279,34.0064,34.3026,34.6165,2.5500,2.5500,2.5500,2.5500,2.5500,2.5500,2.5499,2.5497,2.5493,2.5483,2.5460,2.5412,2.5317,2.5144,2.4842,2.4348,2.3583,2.2461,2.0891,1.8782,1.6026
1406.0000,31.5203,31.5277,31.5498,31.5866,31.6382,31.7048,31.7864,31.8831,31.9953,32.1229,32.2664,32.4258,32.6016,32.7938,33.0029,33.2291,33.4726,33.7335,34.0121,34.3083,34.6222,2.5500,2.5500,2.5500,2.5500,2.5500,2.5500,2.5499,2.5497,2.5493,2.5483,2.5460,2.5411,2.5317,2.5143,2.4841,2.4346,2.3581,2.2459,2.0889,1.8780,1.6023
1407.0000,31.5253,31.5327,31.5547,31.5916,31.6432,31.7098,31.7914,31.8883,32.0004,32.1281,32.2716,32.4311,32.6069,32.7993,33.0084,33.2347,33.4782,33.7392,34.0178,34.3140,34.6279,2.5500,2.5500,2.5500,2.5500,2.5500,2.5500,2.5499,2.5497,2.5493,2.5482,2.5459,2.5411,2.5317,2.5142,2.4840,2.4345,2.3579,2.2456,2.0886,1.8777,1.6021
1408.0000,31.5303,31.5376,31.5597,31.5966,31.6483,31.7149,31.7965,31.8934,32.0056,32.1333,32.2769,32.4365,32.6123,32.8047,33.0139,33.2402,33.4838,33.7448,34.0234,34.3197,34.6336,2.5500,2.5500,2.5500,2.5500,2.5500,2.5500,2.5499,2.5497,2.5493,2.5482,2.5459,2.5411,2.5316,2.5141,2.4839,2.4343,2.3577,2.2454,2.0883,1.8774,1.6018
1409.0000,31.5352,31.5426,31.5647,31.6016,31.6533,31.7199,31.8016,31.8985,32.0107,32.1385,32.2821,32.4418,32.6177,32.8102,33.0195,33.2458,33.4894,33.7505,34.0291,34.3254,34.6393,2.5500,2.5500,2.5500,2.5500,2.5500,2.5500,2.5499,2.5497,2.5493,2.5482,2.5459,2.5411,2.5316,2.5141,2.4837,2.4342,2.3575,2.2452,2.0881,1.8771,1.6016
1410.0000,31.5402,31.5476,31.5697,31.6066,31.6583,31.7250,31.8067,31.9036,32.0159,32.1438,32.2874,32.4471,32.6231,32.8156,33.0250,33.2513,33.4950,33.7561,34.0348,34.3311,34.6450,2.5500,2.5500,2.5500,2.5500,2.5500,2.5500,2.5499,2.5497,2.5493,2.5482,2.5459,2.5410,2.5315,2.5140,2.4836,2.4340,2.3573,2.2449,2.0878,1.8769,1.6013
1411.0000,31.5452,31.5526,31.5747,31.6116,31.6633,31.7300,31.8118,31.9087,32.0211,32.1490,32.2927,32.4524,32.6285,32.8211,33.0305,33.2569,33.5006,33.7618,34.0405,34.3368,34.6507,2.5500,2.5500,2.5500,2.5500,2.5500,2.5500,2.5499,2.5497,2.5493,2.5482,2.5459,2.5410,2.5315,2.5139,2.4835,2.4339,2.3571,2.2447,2.0876,1.8766,1.6011
1412.0000,31.5502,31.5575,31.5797,31.6166,31.6683,31.7351,31.8168,31.9138,32.0262,32.1542,32.2980,32.4578,32.6339,32.8265,33.0360,33.2625,33.5062,33.7674,34.0461,34.3424,34.6563,2.5500,2.5500,2.5500,2.5500,2.5500,2.5500,2.5499,2.5497,2.5493,2.5482,2.5459,2.5410,2.5314,2.5139,2.4834,2.4337,2.3570,2.2445,2.0873,1.8763,1.6008
1413.0000,31.5551,31.5625,31.5846,31.6216,31.6734,31.7401,31.8219,31.9190,32.0314,32.1594,32.3032,32.4631,32.6393,32.8320,33.0415,33.2680,33.5118,33.7730,34.0518,34.3481,34.6620,2.5500,2.5500,2.5500,2.5500,2.5500,2.5500,2.5499,2.5497,2.5493,2.5482,2.5459,2.5410,2.5314,2.5138,2.4833,2.4336,2.3568,2.2442,2.0870,1.8761,1.6005
1414.0000,31.5601,31.5675,31.5896,31.6266,31.6784,31.7452,31.8270,31.9241,32.0366,32.1646,32.3085,32.4684,32.6446,32.8374,33.0470,33.2736,33.5174,33.7787,34.0575,34.3538,34.6677,2.5500,2.5500,2.5500,2.5500,2.5500,2.5500,2.5499,2.5497,2.5493,2.5482,2.5458,2.5409,2.5313,2.5137,2.4832,2.4334,2.3566,2.2440,2.0868,1.8758,1.6003
1415.0000,31.5651,31.5725,31.5946,31.6316,31.6834,31.7502,31.8321,31.9292,32.0417,32.1698,32.3138,32.4738,32.6500,32.8429,33.0525,33.2791,33.5230,33.7843,34.0631,34.3595,34.6734,2.5500,2.5500,2.5500,2.5500,2.5500,2.5500,2.5499,2.5497,2.5493,2.5482,2.5458,2.5409,2.5313,2.5136,2.4831,2.4333,2.3564,2.2438,2.0865,1.8755,1.6000
1416.0000,31.5701,31.5775,31.5996,31.6366,31.6885,31.7553,31.8372,31.9343,32.0469,32.1751,32.3190,32.4791,32.6554,32.8483,33.0580,33.2847,33.5286,33.7900,34.0688,34.3651,34.6790,2.5500,2.5500,2.5500,2.5500,2.5500,2.5500,2.5499,2.5497,2.5493,2.5482,2.5458,2.5409,2.5313,2.5136,2.4830,2.4331,2.3562,2.2435,2.0863,1.8753,1.5998
1417.0000,31.5751,31.5825,31.6046,31.6416,31.6935,31.7603,31.8423,31.9395,32.0521,32.1803,32.3243,32.4844,32.6608,32.8538,33.0635,33.2903,33.5342,33.7956,34.0744,34.3708,34.6847,2.5500,2.5500,2.5500,2.5500,2.5500,2.5500,2.5499,2.5497,2.5493,2.5482,2.5458,2.5409,2.5312,2.5135,2.4829,2.4330,2.3560,2.2433,2.0860,1.8750,1.5995
1418.0000,31.5801,31.5875,31.6096,31.6466,31.6985,31.7654,31.8474,31.9446,32.0573,32.1855,32.3296,32.4898,32.6662,32.8592,33.0690,33.2958,33.5398,33.8012,34.0801,34.3765,34.6904,2.5500,2.5500,2.5500,2.5500,2.5500,2.5500,2.5499,2.5497,2.5492,2.5482,2.5458,2.5408,2.5312,2.5134,2.4828,2.4328,2.3558,2.2431,2.0857,1.8747,1.5993
1419.0000,31.5851,31.5924,31.6146,31.6516,31.7036,31.7705,31.8525,31.9497,32.0624,32.1907,32.3349,32.4951,32.6716,32.8647,33.0745,33.3014,33.5454,33.8069,34.0858,34.3822,34.6960,2.5500,2.5500,2.5500,2.5500,2.5500,2.5500,2.5499,2.5497,2.5492,2.5482,2.5458,2.5408,2.5311,2.5134,2.4827,2.4327,2.3556,2.2428,2.0855,1.8744,1.5990
1420.0000,31.5900,31.5974,31.6196,31.6567,31.7086,31.7755,31.8576,31.9549,32.0676,32.1960,32.3402,32.5004,32.6770,32.8701,33.0800,33.3069,33.5510,33.8125,34.0914,34.3878,34.7017,2.5500,2.5500,2.5500,2.5500,2.5500,2.5500,2.5499,2.5497,2.5492,2.5482,2.5458,2.5408,2.5311,2.5133,2.4826,2.4325,2.3554,2.2426,2.0852,1.8742,1.5988
1421.0000,31.5950,31.6024,31.6246,31.6617,31.7136,31.7806,31.8627,31.9600,32.0728,32.2012,32.3455,32.5058,32.6824,32.8756,33.0855,33.3125,33.5566,33.8181,34.0971,34.3935,34.7074,2.5500,2.5500,2.5500,2.5500,2.5500,2.5500,2.5499,2.5497,2.5492,2.5481,2.5457,2.5408,2.5310,2.5132,2.4825,2.4324,2.3552,2.2424,2.0850,1.8739,1.5985
1422.0000,31.6000,31.6074,31.6296,31.6667,31.7187,31.7857,31.8678,31.9652,32.0780,32.2064,32.3507,32.5111,32.6878,32.8810,33.0910,33.3180,33.5622,33.8238,34.1027,34.3991,34.7130,2.5500,2.5500,2.5500,2.5500,2.5500,2.5500,2.5499,2.5497,2.5492,2.5481,2.5457,2.5407,2.5310,2.5131,2.4824,2.4322,2.3550,2.2422,2.0847,1.8736,1.5982
1423.0000,31.6050,31.6124,31.6347,31.6717,31.7237,31.7907,31.8729,31.9703,32.0832,32.2117,32.3560,32.5164,32.6932,32.8865,33.0965,33.3236,33.5678,33.8294,34.1084,34.4048,34.7187,2.5500,2.5500,2.5500,2.5500,2.5500,2.5500,2.5499,2.5497,2.5492,2.5481,2.5457,2.5407,2.5309,2.5131,2.4823,2.4321,2.3548,2.2419,2.0844,1.8734,1.5980
1424.0000,31.6100,31.6174,31.6397,31.6768,31.7288,31.7958,31.8780,31.9754,32.0884,32.2169,32.3613,32.5218,32.6986,32.8919,33.1020,33.3292,33.5734,33.8350,34.1140,34.4105,34.7243,2.5500,2.5500,2.5500,2.5500,2.5500,2.5500,2.5499,2.5497,2.5492,2.5481,2.5457,2.5407,2.5309,2.5130,2.4821,2.4319,2.3546,2.2417,2.0842,1.8731,1.5977
1425.0000,31.6150,31.6224,31.6447,31.6818,31.7338,31.8009,31.8831,31.9806,32.0935,32.2221,32.3666,32.5271,32.7040,32.8974,33.1076,33.3347,33.5790,33.8406,34.1197,34.4161,34.7300,2.5500,2.5500,2.5500,2.5500,2.5500,2.5500,2.5499,2.5497,2.5492,2.5481,2.5457,2.5407,2.5309,2.5129,2.4820,2.4318,2.3545,2.2415,2.0839,1.8728,1.5975
1426.0000,31.6200,31.6274,31.6497,31.6868,31.7389,31.8060,31.8882,31.9857,32.0987,32.2274,32.3719,32.5325,32.7094,32.9028,33.1131,33.3403,33.5846,33.8463,34.1253,34.4218,34.7356,2.5500,2.5500,2.5500,2.5500,2.5500,2.5500,2.5499,2.5497,2.5492,2.5481,2.5457,2.5406,2.5308,2.5129,2.4819,2.4316,2.3543,2.2412,2.0837,1.8726,1.5972
1427.0000,31.6250,31.6325,31.6547,31.6918,31.7439,31.8110,31.8933,31.9909,32.1039,32.2326,32.3772,32.5378,32.7148,32.9083,33.1186,33.3458,33.5902,33.8519,34.1309,34.4274,34.7413,2.5500,2.5500,2.5500,2.5500,2.5500,2.5500,2.5499,2.5497,2.5492,2.5481,2.5457,2.5406,2.5308,2.5128,2.4818,2.4315,2.3541,2.2410,2.0834,1.8723,1.5970
1428.0000,31.6301,31.6375,31.6597,31.6969,31.7490,31.8161,31.8984,31.9960,32.1091,32.2379,32.3825,32.5432,32.7202,32.9137,33.1241,33.3514,33.5958,33.8575,34.1366,34.4331,34.7469,2.5500,2.5500,2.5500,2.5500,2.5500,2.5500,2.5499,2.5497,2.5492,2.5481,2.5456,2.5406,2.5307,2.5127,2.4817,2.4313,2.3539,2.2408,2.0831,1.8720,1.5967
1429.0000,31.6351,31.6425,31.6648,31.7019,31.7540,31.8212,31.9035,32.0012,32.1143,32.2431,32.3878,32.5485,32.7256,32.9192,33.1296,33.3569,33.6014,33.8631,34.1422,34.4387,34.7526,2.5500,2.5500,2.5500,2.5500,2.5500,2.5500,2.5499,2.5497,2.5492,2.5481,2.5456,2.5405,2.5307,2.5126,2.4816,2.4312,2.3537,2.2405,2.0829,1.8718,1.5965
1430.0000,31.6401,31.6475,31.6698,31.7070,31.7591,31.8263,31.9087,32.0063,32.1195,32.2484,32.3931,32.5539,32.7310,32.9246,33.1351,33.3625,33.6070,33.8687,34.1479,34.4444,34.7582,2.5500,2.5500,2.5500,2.5500,2.5500,2.5500,2.5499,2.5497,2.5492,2.5481,2.5456,2.5405,2.5306,2.5126,2.4815,2.4310,2.3535,2.2403,2.0826,1.8715,1.5962
1431.0000,31.6451,31.6525,31.6748,31.7120,31.7642,31.8314,31.9138,32.0115,32.1247,32.2536,32.3984,32.5592,32.7364,32.9301,33.1406,33.3680,33.6126,33.8744,34.1535,34.4500,34.7639,2.5500,2.5500,2.5500,2.5500,2.5500,2.5500,2.5499,2.5497,2.5492,2.5481,2.5456,2.5405,2.5306,2.5125,2.4814,2.4309,2.3533,2.2401,2.0824,1.8712,1.5959
1432.0000,31.6501,31.6575,31.6798,31.7170,31.7692,31.8365,31.9189,32.0167,32.1299,32.2588,32.4037,32.5646,32.7418,32.9356,33.1461,33.3736,33.6181,33.8800,34.1591,34.4556,34.7695,2.5500,2.5500,2.5500,2.5500,2.5500,2.5500,2.5499,2.5497,2.5492,2.5481,2.5456,2.5405,2.5305,2.5124,2.4813,2.4308,2.3531,2.2398,2.0821,1.8710,1.5957
1433.0000,31.6551,31.6625,31.6849,31.7221,31.7743,31.8416,31.9240,32.0218,32.1351,32.2641,32.4090,32.5699,32.7472,32.9410,33.1516,33.3791,33.6237,33.8856,34.1648,34.4613,34.7751,2.5500,2.5500,2.5500,2.5500,2.5500,2.5500,2.5499,2.5497,2.5492,2.5481,2.5456,2.5404,2.5305,2.5124,2.4812,2.4306,2.3529,2.2396,2.0818,1.8707,1.5954
1434.0000,31.6601,31.6676,31.6899,31.7271,31.7794,31.8467,31.9292,32.0270,32.1403,32.2693,32.4143,32.5753,32.7526,32.9465,33.1571,33.3846,33.6293,33.8912,34.1704,34.4669,34.7808,2.5500,2.5500,2.5500,2.5500,2.5500,2.5500,2.5499,2.5497,2.5492,2.5481,2.5456,2.5404,2.5305,2.5123,2.4811,2.4305,2.3527,2.2394,2.0816,1.8704,1.5952
1435.0000,31.6652,31.6726,31.6949,31.7322,31.7844,31.8517,31.9343,32.0322,32.1455,32.2746,32.4196,32.5806,32.7580,32.9519,33.1626,33.3902,33.6349,33.8968,34.1760,34.4726,34.7864,2.5500,2.5500,2.5500,2.5500,2.5500,2.5500,2.5499,2.5497,2.5492,2.5480,2.5455,2.5404,2.5304,2.5122,2.4810,2.4303,2.3525,2.2391,2.0813,1.8702,1.5949
1436.0000,31.6702,31.6776,31.7000,31.7372,31.7895,31.8568,31.9394,32.0373,32.1507,32.2799,32.4249,32.5860,32.7634,32.9574,33.1681,33.3957,33.6405,33.9024,34.1816,34.4782,34.7920,2.5500,2.5500,2.5500,2.5500,2.5500,2.5500,2.5499,2.5497,2.5492,2.5480,2.5455,2.5404,2.5304,2.5121,2.4809,2.4302,2.3523,2.2389,2.0811,1.8699,1.5947
1437.0000,31.6752,31.6827,31.7050,31.7423,31.7946,31.8619,31.9445,32.0425,32.1559,32.2851,32.4302,32.5913,32.7688,32.9628,33.1736,33.4013,33.6460,33.9080,34.1873,34.4838,34.7977,2.5500,2.5500,2.5500,2.5500,2.5500,2.5500,2.5499,2.5497,2.5492,2.5480,2.5455,2.5403,2.5303,2.5121,2.4808,2.4300,2.3521,2.2387,2.0808,1.8696,1.5944
1438.0000,31.6802,31.6877,31.7100,31.7473,31.7996,31.8670,31.9497,32.0477,32.1612,32.2904,32.4355,32.5967,32.7742,32.9683,33.1791,33.4068,33.6516,33.9136,34.1929,34.4895,34.8033,2.5500,2.5500,2.5500,2.5500,2.5500,2.5500,2.5499,2.5497,2.5492,2.5480,2.5455,2.5403,2.5303,2.5120,2.4806,2.4299,2.3520,2.2384,2.0806,1.8694,1.5942
1439.0000,31.6853,31.6927,31.7151,31.7524,31.8047,31.8721,31.9548,32.0528,32.1664,32.2956,32.4408,32.6020,32.7796,32.9737,33.1846,33.4124,33.6572,33.9192,34.1985,34.4951,34.8089,2.5500,2.5500,2.5500,2.5500,2.5500,2.5500,2.5499,2.5497,2.5492,2.5480,2.5455,2.5403,2.5302,2.5119,2.4805,2.4297,2.3518,2.2382,2.0803,1.8691,1.5939
1440.0000,31.6903,31.6977,31.7201,31.7574,31.8098,31.8773,31.9599,32.0580,32.1716,32.3009,32.4461,32.6074,32.7850,32.9792,33.1901,33.4179,33.6628,33.9248,34.2041,34.5007,34.8146,2.5500,2.5500,2.5500,2.5500,2.5500,2.5500,2.5499,2.5497,2.5492,2.5480,2.5455,2.5403,2.5302,2.5119,2.4804,2.4296,2.3516,2.2380,2.0800,1.8688,1.5937
1441.0000,31.6953,31.7028,31.7252,31.7625,31.8149,31.8824,31.9651,32.0632,32.1768,32.3061,32.4514,32.6128,32.7904,32.9847,33.1956,33.4234,33.6684,33.9304,34.2097,34.5063,34.8201,2.5500,2.5500,2.5500,2.5500,2.5500,2.5500,2.5499,2.5497,2.5492,2.5480,2.5455,2.5402,2.5301,2.5118,2.4803,2.4294,2.3514,2.2378,2.0798,1.8686,1.5934
1442.0000,31.7004,31.7078,31.7302,31.7676,31.8200,31.8875,31.9702,32.0684,32.1820,32.3114,32.4567,32.6181,32.7958,32.9901,33.2011,33.4290,33.6739,33.9360,34.2154,34.5120,34.8256,2.5500,2.5500,2.5500,2.5500,2.5500,2.5500,2.5499,2.5497,2.5492,2.5480,2.5454,2.5402,2.5301,2.5117,2.4802,2.4293,2.3512,2.2375,2.0795,1.8683,1.5932
1443.0000,31.7054,31.7129,31.7353,31.7726,31.8250,31.8926,31.9754,32.0735,32.1872,32.3167,32.4620,32.6235,32.8013,32.9956,33.2066,33.4345,33.6795,33.9416,34.2210,34.5175,34.8311,2.5500,2.5500,2.5500,2.5500,2.5500,2.5500,2.5499,2.5497,2.5492,2.5480,2.5454,2.5402,2.5300,2.5116,2.4801,2.4291,2.3510,2.2373,2.0793,1.8680,1.5929
1444.0000,31.7104,31.7179,31.7403,31.7777,31.8301,31.8977,31.9805,32.0787,32.1925,32.3219,32.4673,32.6288,32.8067,33.0010,33.2121,33.4401,33.6851,33.9472,34.2266,34.5231,34.8365,2.5500,2.5500,2.5500,2.5500,2.5500,2.5500,2.5499,2.5497,2.5492,2.5480,2.5454,2.5401,2.5300,2.5116,2.4800,2.4290,2.3508,2.2371,2.0790,1.8678,1.5927
1445.0000,31.7155,31.7230,31.7454,31.7828,31.8352,31.9028,31.9857,32.0839,32.1977,32.3272,32.4726,32.6342,32.8121,33.0065,33.2176,33.4456,33.6906,33.9528,34.2322,34.5287,34.8419,2.5500,2.5500,2.5500,2.5500,2.5500,2.5500,2.5499,2.5497,2.5492,2.5480,2.5454,2.5401,2.5300,2.5115,2.4799,2.4288,2.3506,2.2368,2.0788,1.8675,1.5924
1446.0000,31.7205,31.7280,31.7504,31.7878,31.8403,31.9079,31.9908,32.0891,32.2029,32.3325,32.4779,32.6396,32.8175,33.0119,33.2231,33.4511,33.6962,33.9584,34.2378,34.5342,34.8473,2.5500,2.5500,2.5500,2.5500,2.5500,2.5500,2.5499,2.5497,2.5492,2.5480,2.5454,2.5401,2.5299,2.5114,2.4798,2.4287,2.3504,2.2366,2.0785,1.8672,1.5921
1447.0000,31.7256,31.7330,31.7555,31.7929,31.8454,31.9130,31.9959,32.0943,32.2081,32.3377,32.4833,32.6449,32.8229,33.0174,33.2286,33.4567,33.7018,33.9640,34.2434,34.5397,34.8527,2.5500,2.5500,2.5500,2.5500,2.5500,2.5500,2.5499,2.5497,2.5491,2.5480,2.5454,2.5401,2.5299,2.5113,2.4797,2.4285,2.3502,2.2364,2.0782,1.8670,1.5919
1448.0000,31.7306,31.7381,31.7605,31.7980,31.8505,31.9182,32.0011,32.0994,32.2134,32.3430,32.4886,32.6503,32.8283,33.0228,33.2341,33.4622,33.7074,33.9696,34.2489,34.5452,34.8580,2.5500,2.5500,2.5500,2.5500,2.5500,2.5500,2.5499,2.5497,2.5491,2.5479,2.5454,2.5400,2.5298,2.5113,2.4796,2.4284,2.3500,2.2361,2.0780,1.8667,1.5916
1449.0000,31.7357,31.7431,31.7656,31.8031,31.8556,31.9233,32.0063,32.1046,32.2186,32.3483,32.4939,32.6556,32.8337,33.0283,33.2396,33.4678,33.7129,33.9752,34.2545,34.5507,34.8633,2.5500,2.5500,2.5500,2.5500,2.5500,2.5500,2.5499,2.5497,2.5491,2.5479,2.5453,2.5400,2.5298,2.5112,2.4795,2.4282,2.3498,2.2359,2.0777,1.8664,1.5914
1450.0000,31.7407,31.7482,31.7707,31.8081,31.8607,31.9284,32.0114,32.1098,32.2238,32.3535,32.4992,32.6610,32.8391,33.0338,33.2451,33.4733,33.7185,33.9807,34.2601,34.5562,34.8686,2.5500,2.5500,2.5500,2.5500,2.5500,2.5500,2.5499,2.5497,2.5491,2.5479,2.5453,2.5400,2.5297,2.5111,2.4794,2.4281,2.3497,2.2357,2.0775,1.8662,1.5911
1451.0000,31.7458,31.7533,31.7757,31.8132,31.8658,31.9335,32.0166,32.1150,32.2290,32.3588,32.5045,32.6664,32.8445,33.0392,33.2506,33.4788,33.7240,33.9863,34.2656,34.5616,34.8739,2.5500,2.5500,2.5500,2.5500,2.5500,2.5500,2.5499,2.5497,2.5491,2.5479,2.5453,2.5400,2.5297,2.5111,2.4793,2.4279,2.3495,2.2355,2.0772,1.8659,1.5909
1452.0000,31.7508,31.7583,31.7808,31.8183,31.8709,31.9387,32.0217,32.1202,32.2343,32.3641,32.5099,32.6717,32.8499,33.0447,33.2561,33.4844,33.7296,33.9919,34.2711,34.5671,34.8792,2.5500,2.5500,2.5500,2.5500,2.5500,2.5500,2.5499,2.5497,2.5491,2.5479,2.5453,2.5399,2.5296,2.5110,2.4791,2.4278,2.3493,2.2352,2.0770,1.8656,1.5906
1453.0000,31.7559,31.7634,31.7859,31.8234,31.8760,31.9438,32.0269,32.1254,32.2395,32.3694,32.5152,32.6771,32.8554,33.0501,33.2616,33.4899,33.7352,33.9974,34.2766,34.5725,34.8844,2.5500,2.5500,2.5500,2.5500,2.5500,2.5500,2.5499,2.5497,2.5491,2.5479,2.5453,2.5399,2.5296,2.5109,2.4790,2.4276,2.3491,2.2350,2.0767,1.8654,1.5904
1454.0000,31.7609,31.7684,31.7909,31.8285,31.8811,31.9489,32.0320,32.1306,32.2447,32.3746,32.5205,32.6825,32.8608,33.0556,33.2671,33.4954,33.7407,34.0030,34.2822,34.5779,34.8897,2.5500,2.5500,2.5500,2.5500,2.5500,2.5500,2.5499,2.5497,2.5491,2.5479,2.5453,2.5399,2.5295,2.5108,2.4789,2.4275,2.3489,2.2348,2.0764,1.8651,1.5901
1455.0000,31.7660,31.7735,31.7960,31.8336,31.8862,31.9540,32.0372,32.1358,32.2500,32.3799,32.5258,32.6878,32.8662,33.0610,33.2726,33.5009,33.7462,34.0085,34.2877,34.5833,34.8949,2.5500,2.5500,2.5500,2.5500,2.5500,2.5500,2.5499,2.5496,2.5491,2.5479,2.5452,2.5399,2.5295,2.5108,2.4788,2.4273,2.3487,2.2345,2.0762,1.8648,1.5899
1456.0000,31.7711,31.7786,31.8011,31.8386,31.8913,31.9592,32.0424,32.1410,32.2552,32.3852,32.5311,32.6932,32.8716,33.0665,33.2781,33.5065,33.7518,34.0141,34.2931,34.5887,34.9001,2.5500,2.5500,2.5500,2.5500,2.5500,2.5500,2.5499,2.5496,2.5491,2.5479,2.5452,2.5398,2.5294,2.5107,2.4787,2.4272,2.3485,2.2343,2.0759,1.8646,1.5896
1457.0000,31.7761,31.7836,31.8062,31.8437,31.8964,31.9643,32.0475,32.1462,32.2605,32.3905,32.5365,32.6986,32.8770,33.0720,33.2836,33.5120,33.7573,34.0196,34.2986,34.5941,34.9053,2.5500,2.5500,2.5500,2.5500,2.5500,2.5500,2.5499,2.5496,2.5491,2.5479,2.5452,2.5398,2.5294,2.5106,2.4786,2.4270,2.3483,2.2341,2.0757,1.8643,1.5894
1458.0000,31.7812,31.7887,31.8112,31.8488,31.9015,31.9695,32.0527,32.1514,32.2657,32.3958,32.5418,32.7039,32.8824,33.0774,33.2891,33.5175,33.7629,34.0251,34.3041,34.5994,34.9105,2.5500,2.5500,2.5500,2.5500,2.5500,2.5500,2.5499,2.5496,2.5491,2.5479,2.5452,2.5398,2.5294,2.5105,2.4785,2.4269,2.3481,2.2338,2.0754,1.8641,1.5891
1459.0000,31.7863,31.7938,31.8163,31.8539,31.9066,31.9746,32.0579,32.1566,32.2709,32.4011,32.5471,32.7093,32.8878,33.0829,33.2945,33.5230,33.7684,34.0306,34.3095,34.6048,34.9157,2.5500,2.5500,2.5500,2.5500,2.5500,2.5500,2.5499,2.5496,2.5491,2.5479,2.5452,2.5397,2.5293,2.5105,2.4784,2.4267,2.3479,2.2336,2.0752,1.8638,1.5889
1460.0000,31.7913,31.7989,31.8214,31.8590,31.9118,31.9797,32.0630,32.1618,32.2762,32.4063,32.5524,32.7147,32.8933,33.0883,33.3000,33.5286,33.7739,34.0361,34.3150,34.6101,34.9209,2.5500,2.5500,2.5500,2.5500,2.5500,2.5500,2.5499,2.5496,2.5491,2.5479,2.5452,2.5397,2.5293,2.5104,2.4783,2.4266,2.3477,2.2334,2.0749,1.8635,1.5886
1461.0000,31.7964,31.8039,31.8265,31.8641,31.9169,31.9849,32.0682,32.1670,32.2814,32.4116,32.5578,32.7201,32.8987,33.0938,33.3055,33.5341,33.7794,34.0416,34.3204,34.6155,34.9260,2.5500,2.5500,2.5500,2.5500,2.5500,2.5500,2.5499,2.5496,2.5491,2.5478,2.5452,2.5397,2.5292,2.5103,2.4782,2.4264,2.3475,2.2332,2.0747,1.8633,1.5884
1462.0000,31.8015,31.8090,31.8316,31.8692,31.9220,31.9900,32.0734,32.1722,32.2867,32.4169,32.5631,32.7254,32.9041,33.0992,33.3110,33.5396,33.7850,34.0471,34.3259,34.6208,34.9312,2.5500,2.5500,2.5500,2.5500,2.5500,2.5500,2.5499,2.5496,2.5491,2.5478,2.5451,2.5397,2.5292,2.5103,2.4781,2.4263,2.3474,2.2329,2.0744,1.8630,1.5881
1463.0000,31.8066,31.8141,31.8367,31.8743,31.9271,31.9952,32.0786,32.1774,32.2919,32.4222,32.5684,32.7308,32.9095,33.1047,33.3165,33.5451,33.7905,34.0526,34.3313,34.6261,34.9363,2.5500,2.5500,2.5500,2.5500,2.5500,2.5500,2.5499,2.5496,2.5491,2.5478,2.5451,2.5396,2.5291,2.5102,2.4780,2.4261,2.3472,2.2327,2.0741,1.8627,1.5879
1464.0000,31.8116,31.8192,31.8417,31.8794,31.9322,32.0003,32.0837,32.1826,32.2972,32.4275,32.5738,32.7362,32.9149,33.1101,33.3220,33.5506,33.7960,34.0581,34.3367,34.6314,34.9414,2.5500,2.5500,2.5500,2.5500,2.5500,2.5499,2.5499,2.5496,2.5491,2.5478,2.5451,2.5396,2.5291,2.5101,2.4778,2.4260,2.3470,2.2325,2.0739,1.8625,1.5876
1465.0000,31.8167,31.8243,31.8468,31.8845,31.9374,32.0055,32.0889,32.1879,32.3024,32.4328,32.5791,32.7416,32.9203,33.1156,33.3275,33.5561,33.8015,34.0636,34.3421,34.6367,34.9466,2.5500,2.5500,2.5500,2.5500,2.5500,2.5499,2.5499,2.5496,2.5491,2.5478,2.5451,2.5396,2.5290,2.5100,2.4777,2.4258,2.3468,2.2322,2.0736,1.8622,1.5874
1466.0000,31.8218,31.8293,31.8519,31.8896,31.9425,32.0106,32.0941,32.1931,32.3077,32.4381,32.5844,32.7469,32.9257,33.1210,33.3330,33.5616,33.8070,34.0690,34.3475,34.6419,34.9517,2.5500,2.5500,2.5500,2.5500,2.5500,2.5499,2.5499,2.5496,2.5491,2.5478,2.5451,2.5395,2.5290,2.5100,2.4776,2.4257,2.3466,2.2320,2.0734,1.8620,1.5871
1467.0000,31.8269,31.8344,31.8570,31.8947,31.9476,32.0158,32.0993,32.1983,32.3129,32.4434,32.5898,32.7523,32.9312,33.1265,33.3384,33.5671,33.8125,34.0745,34.3529,34.6472,34.9568,2.5500,2.5500,2.5500,2.5500,2.5500,2.5499,2.5499,2.5496,2.5491,2.5478,2.5451,2.5395,2.5289,2.5099,2.4775,2.4255,2.3464,2.2318,2.0731,1.8617,1.5869
1468.0000,31.8320,31.8395,31.8621,31.8999,31.9528,32.0209,32.1045,32.2035,32.3182,32.4486,32.5951,32.7577,32.9366,33.1319,33.3439,33.5726,33.8180,34.0799,34.3583,34.6525,34.9618,2.5500,2.5500,2.5500,2.5500,2.5500,2.5499,2.5499,2.5496,2.5491,2.5478,2.5450,2.5395,2.5289,2.5098,2.4774,2.4254,2.3462,2.2316,2.0729,1.8614,1.5866
1469.0000,31.8371,31.8446,31.8672,31.9050,31.9579,32.0261,32.1097,32.2087,32.3234,32.4539,32.6004,32.7630,32.9420,33.1374,33.3494,33.5781,33.8234,34.0854,34.3636,34.6577,34.9669,2.5500,2.5500,2.5500,2.5500,2.5500,2.5499,2.5499,2.5496,2.5491,2.5478,2.5450,2.5395,2.5288,2.5097,2.4773,2.4252,2.3460,2.2313,2.0726,1.8612,1.5864
1470.0000,31.8422,31.8497,31.8723,31.9101,31.9630,32.0312,32.1148,32.2139,32.3287,32.4592,32.6058,32.7684,32.9474,33.1428,33.3549,33.5836,33.8289,34.0908,34.3690,34.6629,34.9720,2.5500,2.5500,2.5500,2.5500,2.5500,2.5499,2.5499,2.5496,2.5491,2.5478,2.5450,2.5394,2.5288,2.5097,2.4772,2.4251,2.3458,2.2311,2.0724,1.8609,1.5861
1471.0000,31.8473,31.8548,31.8774,31.9152,31.9682,32.0364,32.1200,32.2192,32.3339,32.4645,32.6111,32.7738,32.9528,33.1483,33.3603,33.5890,33.8344,34.0962,34.3743,34.6682,34.9770,2.5500,2.5500,2.5500,2.5500,2.5500,2.5499,2.5499,2.5496,2.5491,2.5478,2.5450,2.5394,2.5287,2.5096,2.4771,2.4249,2.3456,2.2309,2.0721,1.8606,1.5859
1472.0000,31.8523,31.8599,31.8825,31.9203,31.9733,32.0416,32.1252,32.2244,32.3392,32.4698,32.6164,32.7792,32.9582,33.1537,33.3658,33.5945,33.8398,34.1017,34.3797,34.6734,34.9821,2.5500,2.5500,2.5500,2.5500,2.5500,2.5499,2.5499,2.5496,2.5491,2.5478,2.5450,2.5394,2.5287,2.5095,2.4770,2.4248,2.3454,2.2306,2.0719,1.8604,1.5856
1473.0000,31.8574,31.8650,31.8876,31.9254,31.9784,32.0467,32.1304,32.2296,32.3445,32.4751,32.6218,32.7846,32.9636,33.1592,33.3713,33.6000,33.8453,34.1071,34.3850,34.6786,34.9871,2.5500,2.5500,2.5500,2.5500,2.5500,2.5499,2.5499,2.5496,2.5490,2.5478,2.5450,2.5394,2.5287,2.5094,2.4769,2.4246,2.3453,2.2304,2.0716,1.8601,1.5854
1474.0000,31.8625,31.8701,31.8928,31.9306,31.9836,32.0519,32.1356,32.2348,32.3497,32.4804,32.6271,32.7899,32.9691,33.1646,33.3767,33.6055,33.8508,34.1125,34.3903,34.6838,34.9922,2.5500,2.5500,2.5500,2.5500,2.5500,2.5499,2.5499,2.5496,2.5490,2.5477,2.5450,2.5393,2.5286,2.5094,2.4768,2.4245,2.3451,2.2302,2.0713,1.8599,1.5851
1475.0000,31.8676,31.8752,31.8979,31.9357,31.9887,32.0571,32.1408,32.2401,32.3550,32.4857,32.6324,32.7953,32.9745,33.1701,33.3822,33.6109,33.8562,34.1179,34.3956,34.6890,34.9972,2.5500,2.5500,2.5500,2.5500,2.5500,2.5499,2.5499,2.5496,2.5490,2.5477,2.5449,2.5393,2.5286,2.5093,2.4767,2.4243,2.3449,2.2300,2.0711,1.8596,1.5849
1476.0000,31.8727,31.8803,31.9030,31.9408,31.9939,32.0622,32.1460,32.2453,32.3602,32.4910,32.6378,32.8007,32.9799,33.1755,33.3877,33.6164,33.8617,34.1233,34.4010,34.6942,35.0022,2.5500,2.5500,2.5500,2.5500,2.5500,2.5499,2.5499,2.5496,2.5490,2.5477,2.5449,2.5393,2.5285,2.5092,2.4765,2.4242,2.3447,2.2297,2.0708,1.8593,1.5846
1477.0000,31.8778,31.8854,31.9081,31.9459,31.9990,32.0674,32.1512,32.2505,32.3655,32.4963,32.6431,32.8061,32.9853,33.1809,33.3931,33.6218,33.8671,34.1287,34.4063,34.6993,35.0072,2.5500,2.5500,2.5500,2.5500,2.5500,2.5499,2.5499,2.5496,2.5490,2.5477,2.5449,2.5392,2.5285,2.5091,2.4764,2.4240,2.3445,2.2295,2.0706,1.8591,1.5844
1478.0000,31.8830,31.8905,31.9132,31.9511,32.0042,32.0726,32.1564,32.2557,32.3708,32.5016,32.6485,32.8114,32.9907,33.1864,33.3986,33.6273,33.8725,34.1340,34.4115,34.7045,35.0122,2.5500,2.5500,2.5500,2.5500,2.5500,2.5499,2.5499,2.5496,2.5490,2.5477,2.5449,2.5392,2.5284,2.5091,2.4763,2.4239,2.3443,2.2293,2.0703,1.8588,1.5841
1479.0000,31.8881,31.8956,31.9183,31.9562,32.0093,32.0777,32.1616,32.2610,32.3760,32.5069,32.6538,32.8168,32.9961,33.1918,33.4040,33.6328,33.8780,34.1394,34.4168,34.7097,35.0172,2.5500,2.5500,2.5500,2.5500,2.5500,2.5499,2.5498,2.5496,2.5490,2.5477,2.5449,2.5392,2.5284,2.5090,2.4762,2.4237,2.3441,2.2290,2.0701,1.8585,1.5839
1480.0000,31.8932,31.9007,31.9234,31.9613,32.0145,32.0829,32.1668,32.2662,32.3813,32.5122,32.6591,32.8222,33.0015,33.1973,33.4095,33.6382,33.8834,34.1448,34.4221,34.7148,35.0222,2.5500,2.5500,2.5500,2.5500,2.5500,2.5499,2.5498,2.5496,2.5490,2.5477,2.5449,2.5392,2.5283,2.5089,2.4761,2.4236,2.3439,2.2288,2.0698,1.8583,1.5837
1481.0000,31.8983,31.9058,31.9286,31.9665,32.0196,32.0881,32.1720,32.2714,32.3866,32.5175,32.6645,32.8276,33.0069,33.2027,33.4149,33.6436,33.8888,34.1502,34.4274,34.7199,35.0271,2.5500,2.5500,2.5500,2.5500,2.5500,2.5499,2.5498,2.5496,2.5490,2.5477,2.5448,2.5391,2.5283,2.5088,2.4760,2.4234,2.3437,2.2286,2.0696,1.8580,1.5834
1482.0000,31.9034,31.9110,31.9337,31.9716,32.0248,32.0933,32.1772,32.2767,32.3919,32.5228,32.6698,32.8329,33.0123,33.2081,33.4204,33.6491,33.8942,34.1555,34.4326,34.7251,35.0321,2.5500,2.5500,2.5500,2.5500,2.5500,2.5499,2.5498,2.5496,2.5490,2.5477,2.5448,2.5391,2.5282,2.5088,2.4759,2.4233,2.3435,2.2284,2.0693,1.8578,1.5832
1483.0000,31.9085,31.9161,31.9388,31.9767,32.0299,32.0985,32.1824,32.2819,32.3971,32.5282,32.6752,32.8383,33.0177,33.2135,33.4258,33.6545,33.8996,34.1609,34.4379,34.7302,35.0371,2.5500,2.5500,2.5500,2.5500,2.5500,2.5499,2.5498,2.5496,2.5490,2.5477,2.5448,2.5391,2.5282,2.5087,2.4758,2.4232,2.3433,2.2281,2.0691,1.8575,1.5829
1484.0000,31.9136,31.9212,31.9439,31.9819,32.0351,32.1036,32.1876,32.2872,32.4024,32.5335,32.6805,32.8437,33.0232,33.2190,33.4312,33.6600,33.9050,34.1662,34.4431,34.7353,35.0420,2.5500,2.5500,2.5500,2.5500,2.5500,2.5499,2.5498,2.5496,2.5490,2.5477,2.5448,2.5390,2.5281,2.5086,2.4757,2.4230,2.3431,2.2279,2.0688,1.8572,1.5827
1485.0000,31.9187,31.9263,31.9491,31.9870,32.0402,32.1088,32.1928,32.2924,32.4077,32.5388,32.6859,32.8491,33.0286,33.2244,33.4367,33.6654,33.9104,34.1715,34.4484,34.7404,35.0469,2.5500,2.5500,2.5500,2.5500,2.5500,2.5499,2.5498,2.5496,2.5490,2.5477,2.5448,2.5390,2.5281,2.5086,2.4756,2.4229,2.3430,2.2277,2.0686,1.8570,1.5824
1486.0000,31.9239,31.9314,31.9542,31.9922,32.0454,32.1140,32.1980,32.2976,32.4129,32.5441,32.6912,32.8545,33.0340,33.2298,33.4421,33.6708,33.9158,34.1769,34.4536,34.7455,35.0519,2.5500,2.5500,2.5500,2.5500,2.5500,2.5499,2.5498,2.5496,2.5490,2.5476,2.5448,2.5390,2.5280,2.5085,2.4755,2.4227,2.3428,2.2274,2.0683,1.8567,1.5822
1487.0000,31.9290,31.9366,31.9593,31.9973,32.0506,32.1192,32.2033,32.3029,32.4182,32.5494,32.6965,32.8598,33.0394,33.2352,33.4475,33.6762,33.9212,34.1822,34.4588,34.7506,35.0568,2.5500,2.5500,2.5500,2.5500,2.5500,2.5499,2.5498,2.5496,2.5490,2.5476,2.5448,2.5390,2.5280,2.5084,2.4753,2.4226,2.3426,2.2272,2.0681,1.8565,1.5819
1488.0000,31.9341,31.9417,31.9645,32.0025,32.0557,32.1244,32.2085,32.3081,32.4235,32.5547,32.7019,32.8652,33.0448,33.2407,33.4530,33.6816,33.9266,34.1875,34.4641,34.7557,35.0617,2.5500,2.5500,2.5500,2.5500,2.5500,2.5499,2.5498,2.5496,2.5490,2.5476,2.5447,2.5389,2.5279,2.5083,2.4752,2.4224,2.3424,2.2270,2.0678,1.8562,1.5817
1489.0000,31.9392,31.9468,31.9696,32.0076,32.0609,32.1296,32.2137,32.3134,32.4288,32.5600,32.7072,32.8706,33.0502,33.2461,33.4584,33.6870,33.9319,34.1928,34.4693,34.7608,35.0666,2.5500,2.5500,2.5500,2.5500,2.5500,2.5499,2.5498,2.5496,2.5490,2.5476,2.5447,2.5389,2.5279,2.5083,2.4751,2.4223,2.3422,2.2268,2.0675,1.8559,1.5814
1490.0000,31.9444,31.9519,31.9747,32.0128,32.0661,32.1348,32.2189,32.3186,32.4340,32.5653,32.7126,32.8760,33.0556,33.2515,33.4638,33.6925,33.9373,34.1981,34.4745,34.7659,35.0716,2.5500,2.5500,2.5500,2.5500,2.5500,2.5499,2.5498,2.5496,2.5490,2.5476,2.5447,2.5389,2.5278,2.5082,2.4750,2.4221,2.3420,2.2265,2.0673,1.8557,1.5812
1491.0000,31.9495,31.9571,31.9799,32.0179,32.0712,32.1399,32.2241,32.3239,32.4393,32.5706,32.7179,32.8813,33.0610,33.2569,33.4692,33.6979,33.9427,34.2034,34.4797,34.7709,35.0765,2.5500,2.5500,2.5500,2.5500,2.5500,2.5499,2.5498,2.5496,2.5490,2.5476,2.5447,2.5388,2.5278,2.5081,2.4749,2.4220,2.3418,2.2263,2.0670,1.8554,1.5809
1492.0000,31.9546,31.9622,31.9850,32.0231,32.0764,32.1451,32.2293,32.3291,32.4446,32.5759,32.7233,32.8867,33.0664,33.2623,33.4746,33.7032,33.9480,34.2087,34.4849,34.7760,35.0813,2.5500,2.5500,2.5500,2.5500,2.5500,2.5499,2.5498,2.5496,2.5490,2.5476,2.5447,2.5388,2.5278,2.5080,2.4748,2.4218,2.3416,2.2261,2.0668,1.8552,1.5807
1493.0000,31.9597,31.9673,31.9902,32.0282,32.0816,32.1503,32.2346,32.3344,32.4499,32.5813,32.7286,32.8921,33.0718,33.2677,33.4801,33.7086,33.9534,34.2140,34.4901,34.7810,35.0862,2.5500,2.5500,2.5500,2.5500,2.5500,2.5499,2.5498,2.5496,2.5490,2.5476,2.5447,2.5388,2.5277,2.5080,2.4747,2.4217,2.3414,2.2259,2.0665,1.8549,1.5804
1494.0000,31.9649,31.9725,31.9953,32.0334,32.0868,32.1555,32.2398,32.3396,32.4552,32.5866,32.7340,32.8974,33.0772,33.2732,33.4855,33.7140,33.9587,34.2193,34.4952,34.7861,35.0911,2.5500,2.5500,2.5500,2.5500,2.5500,2.5499,2.5498,2.5496,2.5490,2.5476,2.5446,2.5388,2.5277,2.5079,2.4746,2.4215,2.3412,2.2256,2.0663,1.8546,1.5802
1495.0000,31.9700,31.9776,32.0005,32.0385,32.0919,32.1607,32.2450,32.3449,32.4605,32.5919,32.7393,32.9028,33.0825,33.2786,33.4909,33.7194,33.9641,34.2245,34.5004,34.7911,35.0960,2.5500,2.5500,2.5500,2.5500,2.5500,2.5499,2.5498,2.5496,2.5490,2.5476,2.5446,2.5387,2.5276,2.5078,2.4745,2.4214,2.3410,2.2254,2.0660,1.8544,1.5800
1496.0000,31.9752,31.9828,32.0056,32.0437,32.0971,32.1659,32.2502,32.3501,32.4657,32.5972,32.7446,32.9082,33.0879,33.2840,33.4963,33.7248,33.9694,34.2298,34.5056,34.7962,35.1009,2.5500,2.5500,2.5500,2.5500,2.5500,2.5499,2.5498,2.5496,2.5490,2.5476,2.5446,2.5387,2.5276,2.5077,2.4744,2.4212,2.3409,2.2252,2.0658,1.8541,1.5797
1497.0000,31.9803,31.9879,32.0107,32.0489,32.1023,32.1711,32.2554,32.3554,32.4710,32.6025,32.7500,32.9136,33.0933,33.2894,33.5017,33.7302,33.9747,34.2351,34.5107,34.8012,35.1057,2.5500,2.5500,2.5500,2.5500,2.5500,2.5499,2.5498,2.5496,2.5490,2.5476,2.5446,2.5387,2.5275,2.5077,2.4742,2.4211,2.3407,2.2249,2.0655,1.8539,1.5795
1498.0000,31.9854,31.9930,32.0159,32.0540,32.1075,32.1763,32.2607,32.3606,32.4763,32.6078,32.7553,32.9189,33.0987,33.2948,33.5071,33.7355,33.9801,34.2403,34.5159,34.8062,35.1106,2.5500,2.5500,2.5500,2.5500,2.5500,2.5499,2.5498,2.5496,2.5489,2.5475,2.5446,2.5386,2.5275,2.5076,2.4741,2.4209,2.3405,2.2247,2.0653,1.8536,1.5792
1499.0000,31.9906,31.9982,32.0211,32.0592,32.1127,32.1815,32.2659,32.3659,32.4816,32.6131,32.7607,32.9243,33.1041,33.3002,33.5125,33.7409,33.9854,34.2456,34.5210,34.8112,35.1154,2.5500,2.5500,2.5500,2.5500,2.5500,2.5499,2.5498,2.5496,2.5489,2.5475,2.5446,2.5386,2.5274,2.5075,2.4740,2.4208,2.3403,2.2245,2.0650,1.8533,1.5790
1500.0000,31.9957,32.0033,32.0262,32.0644,32.1178,32.1867,32.2711,32.3711,32.4869,32.6185,32.7660,32.9297,33.1095,33.3056,33.5178,33.7463,33.9907,34.2508,34.5262,34.8162,35.1203,2.5500,2.5500,2.5500,2.5500,2.5500,2.5499,2.5498,2.5496,2.5489,2.5475,2.5445,2.5386,2.5274,2.5074,2.4739,2.4206,2.3401,2.2243,2.0648,1.8531,1.5787
1501.0000,32.0009,32.0085,32.0314,32.0695,32.1230,32.1919,32.2764,32.3764,32.4922,32.6238,32.7714,32.9350,33.1149,33.3109,33.5232,33.7516,33.9960,34.2560,34.5313,34.8212,35.1252,2.5500,2.5500,2.5500,2.5500,2.5500,2.5499,2.5498,2.5496,2.5489,2.5475,2.5445,2.5386,2.5273,2.5074,2.4738,2.4205,2.3399,2.2240,2.0645,1.8528,1.5785
1502.0000,32.0060,32.0136,32.0365,32.0747,32.1282,32.1971,32.2816,32.3817,32.4974,32.6291,32.7767,32.9404,33.1203,33.3163,33.5286,33.7570,34.0013,34.2613,34.5364,34.8262,35.1303,2.5500,2.5500,2.5500,2.5500,2.5500,2.5499,2.5498,2.5496,2.5489,2.5475,2.5445,2.5385,2.5273,2.5073,2.4737,2.4203,2.3397,2.2238,2.0643,1.8526,1.5782
1503.0000,32.0112,32.0188,32.0417,32.0799,32.1334,32.2024,32.2868,32.3869,32.5027,32.6344,32.7821,32.9458,33.1256,33.3217,33.5340,33.7623,34.0066,34.2665,34.5416,34.8313,35.1354,2.5500,2.5500,2.5500,2.5500,2.5500,2.5499,2.5498,2.5496,2.5489,2.5475,2.5445,2.5385,2.5272,2.5072,2.4736,2.4202,2.3395,2.2236,2.0640,1.8523,1.5780
1504.0000,32.0163,32.0239,32.0468,32.0850,32.1386,32.2076,32.2921,32.3922,32.5080,32.6397,32.7874,32.9511,33.1310,33.3271,33.5394,33.7677,34.0119,34.2717,34.5467,34.8363,35.1405,2.5500,2.5500,2.5500,2.5500,2.5500,2.5499,2.5498,2.5496,2.5489,2.5475,2.5445,2.5385,2.5272,2.5071,2.4735,2.4200,2.3393,2.2234,2.0638,1.8521,1.5777
1505.0000,32.0215,32.0291,32.0520,32.0902,32.1438,32.2128,32.2973,32.3974,32.5133,32.6450,32.7927,32.9565,33.1364,33.3325,33.5447,33.7730,34.0172,34.2769,34.5518,34.8414,35.1457,2.5500,2.5500,2.5500,2.5500,2.5500,2.5499,2.5498,2.5496,2.5489,2.5475,2.5445,2.5384,2.5271,2.5070,2.4734,2.4199,2.3391,2.2231,2.0635,1.8518,1.5775
1506.0000,32.0266,32.0343,32.0572,32.0954,32.1490,32.2180,32.3025,32.4027,32.5186,32.6504,32.7981,32.9619,33.1418,33.3379,33.5501,33.7784,34.0225,34.2821,34.5569,34.8465,35.1509,2.5500,2.5500,2.5500,2.5500,2.5500,2.5499,2.5498,2.5496,2.5489,2.5475,2.5444,2.5384,2.5271,2.5070,2.4733,2.4197,2.3390,2.2229,2.0633,1.8515,1.5773
1507.0000,32.0318,32.0394,32.0623,32.1006,32.1542,32.2232,32.3078,32.4080,32.5239,32.6557,32.8034,32.9672,33.1472,33.3432,33.5555,33.7837,34.0278,34.2874,34.5621,34.8517,35.1561,2.5500,2.5500,2.5500,2.5500,2.5500,2.5499,2.5498,2.5496,2.5489,2.5475,2.5444,2.5384,2.5270,2.5069,2.4732,2.4196,2.3388,2.2227,2.0630,1.8513,1.5770
1508.0000,32.0369,32.0446,32.0675,32.1057,32.1594,32.2284,32.3130,32.4132,32.5292,32.6610,32.8088,32.9726,33.1525,33.3486,33.5608,33.7890,34.0330,34.2926,34.5672,34.8568,35.1614,2.5500,2.5500,2.5500,2.5500,2.5500,2.5499,2.5498,2.5496,2.5489,2.5475,2.5444,2.5384,2.5270,2.5068,2.4730,2.4194,2.3386,2.2225,2.0628,1.8510,1.5768
1509.0000,32.0421,32.0497,32.0727,32.1109,32.1646,32.2336,32.3182,32.4185,32.5345,32.6663,32.8141,32.9779,33.1579,33.3540,33.5662,33.7944,34.0383,34.2978,34.5724,34.8620,35.1666,2.5500,2.5500,2.5500,2.5500,2.5500,2.5499,2.5498,2.5495,2.5489,2.5474,2.5444,2.5383,2.5269,2.5067,2.4729,2.4193,2.3384,2.2222,2.0625,1.8508,1.5765
1510.0000,32.0473,32.0549,32.0778,32.1161,32.1698,32.2389,32.3235,32.4238,32.5398,32.6716,32.8194,32.9833,33.1633,33.3594,33.5715,33.7997,34.0436,34.3030,34.5776,34.8672,35.1719,2.5500,2.5500,2.5500,2.5500,2.5500,2.5499,2.5498,2.5495,2.5489,2.5474,2.5444,2.5383,2.5269,2.5067,2.4728,2.4191,2.3382,2.2220,2.0623,1.8505,1.5763
1511.0000,32.0524,32.0601,32.0830,32.1213,32.1750,32.2441,32.3287,32.4290,32.5451,32.6769,32.8248,32.9887,33.1686,33.3647,33.5769,33.8050,34.0489,34.3082,34.5828,34.8724,35.1773,2.5500,2.5500,2.5500,2.5500,2.5500,2.5499,2.5498,2.5495,2.5489,2.5474,2.5444,2.5383,2.5268,2.5066,2.4727,2.4190,2.3380,2.2218,2.0620,1.8503,1.5760
1512.0000,32.0576,32.0652,32.0882,32.1265,32.1802,32.2493,32.3340,32.4343,32.5504,32.6823,32.8301,32.9940,33.1740,33.3701,33.5822,33.8103,34.0541,34.3134,34.5879,34.8776,35.1826,2.5500,2.5500,2.5500,2.5500,2.5500,2.5499,2.5498,2.5495,2.5489,2.5474,2.5443,2.5382,2.5268,2.5065,2.4726,2.4188,2.3378,2.2215,2.0618,1.8500,1.5758
1513.0000,32.0627,32.0704,32.0934,32.1317,32.1854,32.2545,32.3392,32.4396,32.5556,32.6876,32.8355,32.9994,33.1794,33.3755,33.5876,33.8156,34.0594,34.3186,34.5931,34.8828,35.1880,2.5500,2.5500,2.5500,2.5500,2.5500,2.5499,2.5498,2.5495,2.5489,2.5474,2.5443,2.5382,2.5267,2.5064,2.4725,2.4187,2.3376,2.2213,2.0615,1.8497,1.5755
1514.0000,32.0679,32.0756,32.0985,32.1369,32.1906,32.2597,32.3445,32.4448,32.5609,32.6929,32.8408,33.0047,33.1847,33.3808,33.5929,33.8209,34.0647,34.3239,34.5984,34.8881,35.1933,2.5500,2.5500,2.5500,2.5500,2.5500,2.5499,2.5498,2.5495,2.5489,2.5474,2.5443,2.5382,2.5267,2.5064,2.4724,2.4185,2.3374,2.2211,2.0613,1.8495,1.5753
1515.0000,32.0731,32.0807,32.1037,32.1420,32.1958,32.2650,32.3497,32.4501,32.5662,32.6982,32.8461,33.0101,33.1901,33.3862,33.5983,33.8263,34.0699,34.3291,34.6036,34.8933,35.1987,2.5500,2.5500,2.5500,2.5500,2.5500,2.5499,2.5498,2.5495,2.5489,2.5474,2.5443,2.5381,2.5266,2.5063,2.4723,2.4184,2.3372,2.2209,2.0610,1.8492,1.5751
1516.0000,32.0783,32.0859,32.1089,32.1472,32.2010,32.2702,32.3550,32.4554,32.5715,32.7035,32.8515,33.0154,33.1955,33.3915,33.6036,33.8316,34.0752,34.3343,34.6088,34.8986,35.2041,2.5500,2.5500,2.5500,2.5500,2.5500,2.5499,2.5498,2.5495,2.5489,2.5474,2.5443,2.5381,2.5266,2.5062,2.4722,2.4182,2.3370,2.2206,2.0608,1.8490,1.5748
1517.0000,32.0834,32.0911,32.1141,32.1524,32.2062,32.2754,32.3602,32.4606,32.5768,32.7089,32.8568,33.0208,33.2008,33.3969,33.6089,33.8369,34.0805,34.3396,34.6140,34.9039,35.2096,2.5500,2.5500,2.5500,2.5500,2.5500,2.5499,2.5498,2.5495,2.5489,2.5474,2.5443,2.5381,2.5265,2.5061,2.4720,2.4181,2.3369,2.2204,2.0605,1.8487,1.5746
1518.0000,32.0886,32.0963,32.1193,32.1576,32.2114,32.2806,32.3655,32.4659,32.5821,32.7142,32.8622,33.0261,33.2062,33.4022,33.6143,33.8422,34.0857,34.3448,34.6193,34.9092,35.2150,2.5500,2.5500,2.5500,2.5500,2.5500,2.5499,2.5498,2.5495,2.5489,2.5474,2.5442,2.5381,2.5265,2.5061,2.4719,2.4179,2.3367,2.2202,2.0603,1.8485,1.5743
1519.0000,32.0938,32.1014,32.1244,32.1628,32.2166,32.2859,32.3707,32.4712,32.5874,32.7195,32.8675,33.0315,33.2115,33.4076,33.6196,33.8475,34.0910,34.3501,34.6246,34.9145,35.2204,2.5500,2.5500,2.5500,2.5500,2.5500,2.5499,2.5498,2.5495,2.5489,2.5474,2.5442,2.5380,2.5264,2.5060,2.4718,2.4178,2.3365,2.2200,2.0600,1.8482,1.5741
1520.0000,32.0990,32.1066,32.1296,32.1680,32.2218,32.2911,32.3760,32.4765,32.5927,32.7248,32.8728,33.0368,33.2169,33.4129,33.6249,33.8528,34.0963,34.3553,34.6298,34.9199,35.2259,2.5500,2.5500,2.5500,2.5500,2.5500,2.5499,2.5498,2.5495,2.5488,2.5473,2.5442,2.5380,2.5264,2.5059,2.4717,2.4176,2.3363,2.2197,2.0598,1.8479,1.5738
1521.0000,32.1041,32.1118,32.1348,32.1732,32.2270,32.2963,32.3812,32.4817,32.5980,32.7301,32.8782,33.0422,33.2222,33.4183,33.6303,33.8581,34.1016,34.3606,34.6351,34.9252,35.2314,2.5500,2.5500,2.5500,2.5500,2.5500,2.5499,2.5498,2.5495,2.5488,2.5473,2.5442,2.5380,2.5263,2.5058,2.4716,2.4175,2.3361,2.2195,2.0595,1.8477,1.5736
1522.0000,32.1093,32.1170,32.1400,32.1784,32.2322,32.3016,32.3865,32.4870,32.6033,32.7354,32.8835,33.0475,33.2276,33.4236,33.6356,33.8634,34.1068,34.3658,34.6404,34.9306,35.2368,2.5500,2.5500,2.5500,2.5500,2.5500,2.5499,2.5498,2.5495,2.5488,2.5473,2.5442,2.5379,2.5263,2.5058,2.4715,2.4173,2.3359,2.2193,2.0593,1.8474,1.5734
1523.0000,32.1145,32.1222,32.1452,32.1836,32.2375,32.3068,32.3917,32.4923,32.6086,32.7408,32.8888,33.0529,33.2329,33.4290,33.6409,33.8687,34.1121,34.3711,34.6457,34.9359,35.2423,2.5500,2.5500,2.5500,2.5500,2.5500,2.5499,2.5498,2.5495,2.5488,2.5473,2.5442,2.5379,2.5262,2.5057,2.4714,2.4172,2.3357,2.2191,2.0590,1.8472,1.5731
1524.0000,32.1197,32.1273,32.1504,32.1888,32.2427,32.3120,32.3970,32.4976,32.6139,32.7461,32.8942,33.0582,33.2383,33.4343,33.6462,33.8740,34.1174,34.3764,34.6510,34.9413,35.2478,2.5500,2.5500,2.5500,2.5500,2.5500,2.5499,2.5498,2.5495,2.5488,2.5473,2.5441,2.5379,2.5262,2.5056,2.4713,2.4170,2.3355,2.2188,2.0588,1.8469,1.5729
1525.0000,32.1249,32.1325,32.1556,32.1940,32.2479,32.3173,32.4022,32.5028,32.6192,32.7514,32.8995,33.0636,33.2436,33.4396,33.6515,33.8793,34.1227,34.3817,34.6563,34.9467,35.2533,2.5500,2.5500,2.5500,2.5500,2.5500,2.5499,2.5498,2.5495,2.5488,2.5473,2.5441,2.5378,2.5261,2.5055,2.4712,2.4169,2.3353,2.2186,2.0585,1.8467,1.5726
1526.0000,32.1300,32.1377,32.1608,32.1992,32.2531,32.3225,32.4075,32.5081,32.6245,32.7567,32.9048,33.0689,33.2490,33.4450,33.6569,33.8846,34.1280,34.3870,34.6616,34.9521,35.2589,2.5500,2.5500,2.5500,2.5500,2.5500,2.5499,2.5498,2.5495,2.5488,2.5473,2.5441,2.5378,2.5261,2.5055,2.4711,2.4167,2.3351,2.2184,2.0583,1.8464,1.5724
1527.0000,32.1352,32.1429,32.1660,32.2044,32.2583,32.3277,32.4127,32.5134,32.6298,32.7620,32.9102,33.0742,33.2543,33.4503,33.6622,33.8899,34.1332,34.3923,34.6669,34.9575,35.2644,2.5500,2.5500,2.5500,2.5500,2.5500,2.5499,2.5498,2.5495,2.5488,2.5473,2.5441,2.5378,2.5260,2.5054,2.4709,2.4166,2.3350,2.2182,2.0580,1.8462,1.5721
1528.0000,32.1404,32.1481,32.1712,32.2096,32.2635,32.3330,32.4180,32.5187,32.6351,32.7673,32.9155,33.0796,33.2596,33.4556,33.6675,33.8952,34.1385,34.3975,34.6723,34.9629,35.2700,2.5500,2.5500,2.5500,2.5500,2.5500,2.5499,2.5498,2.5495,2.5488,2.5473,2.5441,2.5378,2.5260,2.5053,2.4708,2.4164,2.3348,2.2179,2.0578,1.8459,1.5719
1529.0000,32.1456,32.1533,32.1764,32.2148,32.2688,32.3382,32.4232,32.5239,32.6404,32.7726,32.9208,33.0849,33.2650,33.4610,33.6728,33.9005,34.1438,34.4029,34.6776,34.9683,35.2755,2.5500,2.5500,2.5500,2.5500,2.5500,2.5499,2.5498,2.5495,2.5488,2.5473,2.5441,2.5377,2.5259,2.5052,2.4707,2.4163,2.3346,2.2177,2.0575,1.8456,1.5717
1530.0000,32.1508,32.1585,32.1816,32.2200,32.2740,32.3435,32.4285,32.5292,32.6457,32.7780,32.9261,33.0902,33.2703,33.4663,33.6781,33.9058,34.1491,34.4082,34.6830,34.9738,35.2811,2.5500,2.5500,2.5500,2.5500,2.5500,2.5499,2.5498,2.5495,2.5488,2.5473,2.5440,2.5377,2.5259,2.5051,2.4706,2.4161,2.3344,2.2175,2.0573,1.8454,1.5714
1531.0000,32.1560,32.1637,32.1868,32.2253,32.2792,32.3487,32.4338,32.5345,32.6510,32.7833,32.9315,33.0956,33.2756,33.4716,33.6835,33.9111,34.1544,34.4135,34.6883,34.9792,35.2866,2.5500,2.5500,2.5500,2.5500,2.5500,2.5499,2.5498,2.5495,2.5488,2.5472,2.5440,2.5377,2.5258,2.5051,2.4705,2.4160,2.3342,2.2173,2.0570,1.8451,1.5712
1532.0000,32.1612,32.1689,32.1920,32.2305,32.2844,32.3539,32.4390,32.5398,32.6563,32.7886,32.9368,33.1009,33.2810,33.4769,33.6888,33.9164,34.1597,34.4188,34.6937,34.9847,35.2922,2.5500,2.5500,2.5500,2.5500,2.5500,2.5499,2.5498,2.5495,2.5488,2.5472,2.5440,2.5376,2.5258,2.5050,2.4704,2.4158,2.3340,2.2170,2.0568,1.8449,1.5709
1533.0000,32.1664,32.1741,32.1972,32.2357,32.2897,32.3592,32.4443,32.5451,32.6616,32.7939,32.9421,33.1062,33.2863,33.4823,33.6941,33.9217,34.1650,34.4241,34.6990,34.9901,35.2978,2.5500,2.5500,2.5500,2.5500,2.5500,2.5499,2.5498,2.5495,2.5488,2.5472,2.5440,2.5376,2.5257,2.5049,2.4703,2.4157,2.3338,2.2168,2.0565,1.8446,1.5707
1534.0000,32.1716,32.1793,32.2024,32.2409,32.2949,32.3644,32.4495,32.5503,32.6669,32.7992,32.9474,33.1116,33.2916,33.4876,33.6994,33.9270,34.1703,34.4294,34.7044,34.9956,35.3034,2.5500,2.5500,2.5500,2.5500,2.5500,2.5499,2.5498,2.5495,2.5488,2.5472,2.5440,2.5376,2.5257,2.5048,2.4702,2.4155,2.3336,2.2166,2.0563,1.8444,1.5705
1535.0000,32.1768,32.1845,32.2076,32.2461,32.3001,32.3697,32.4548,32.5556,32.6722,32.8045,32.9528,33.1169,33.2970,33.4929,33.7047,33.9323,34.1757,34.4348,34.7098,35.0011,35.3090,2.5500,2.5500,2.5500,2.5500,2.5500,2.5499,2.5498,2.5495,2.5488,2.5472,2.5440,2.5375,2.5256,2.5048,2.4701,2.4154,2.3334,2.2164,2.0560,1.8441,1.5702
1536.0000,32.1820,32.1897,32.2128,32.2513,32.3054,32.3749,32.4601,32.5609,32.6775,32.8098,32.9581,33.1222,33.3023,33.4982,33.7100,33.9376,34.1810,34.4401,34.7152,35.0065,35.3146,2.5500,2.5500,2.5500,2.5500,2.5500,2.5499,2.5498,2.5495,2.5488,2.5472,2.5439,2.5375,2.5256,2.5047,2.4699,2.4152,2.3332,2.2161,2.0558,1.8439,1.5700
1537.0000,32.1872,32.1949,32.2180,32.2566,32.3106,32.3802,32.4653,32.5662,32.6828,32.8152,32.9634,33.1276,33.3076,33.5036,33.7153,33.9429,34.1863,34.4455,34.7206,35.0120,35.3202,2.5500,2.5500,2.5500,2.5500,2.5500,2.5499,2.5498,2.5495,2.5488,2.5472,2.5439,2.5375,2.5255,2.5046,2.4698,2.4151,2.3331,2.2159,2.0555,1.8436,1.5697
1538.0000,32.1924,32.2001,32.2232,32.2618,32.3158,32.3854,32.4706,32.5715,32.6881,32.8205,32.9687,33.1329,33.3130,33.5089,33.7207,33.9482,34.1916,34.4508,34.7260,35.0175,35.3259,2.5500,2.5500,2.5500,2.5500,2.5500,2.5499,2.5498,2.5495,2.5488,2.5472,2.5439,2.5375,2.5255,2.5045,2.4697,2.4149,2.3329,2.2157,2.0553,1.8434,1.5695
1539.0000,32.1976,32.2053,32.2284,32.2670,32.3211,32.3907,32.4759,32.5767,32.6934,32.8258,32.9741,33.1382,33.3183,33.5142,33.7260,33.9536,34.1969,34.4562,34.7314,35.0230,35.3315,2.5500,2.5500,2.5500,2.5500,2.5500,2.5499,2.5498,2.5495,2.5488,2.5472,2.5439,2.5374,2.5254,2.5045,2.4696,2.4148,2.3327,2.2155,2.0551,1.8431,1.5693
1540.0000,32.2028,32.2105,32.2336,32.2722,32.3263,32.3959,32.4811,32.5820,32.6986,32.8311,32.9794,33.1435,33.3236,33.5195,33.7313,33.9589,34.2023,34.4615,34.7368,35.0286,35.3371,2.5500,2.5500,2.5500,2.5500,2.5500,2.5499,2.5498,2.5495,2.5488,2.5472,2.5439,2.5374,2.5254,2.5044,2.4695,2.4146,2.3325,2.2152,2.0548,1.8429,1.5690
1541.0000,32.2080,32.2157,32.2388,32.2774,32.3315,32.4012,32.4864,32.5873,32.7039,32.8364,32.9847,33.1489,33.3289,33.5249,33.7366,33.9642,34.2076,34.4669,34.7423,35.0341,35.3428,2.5500,2.5500,2.5500,2.5500,2.5500,2.5499,2.5498,2.5495,2.5488,2.5472,2.5438,2.5374,2.5253,2.5043,2.4694,2.4145,2.3323,2.2150,2.0546,1.8426,1.5688
1542.0000,32.2132,32.2209,32.2441,32.2827,32.3368,32.4064,32.4917,32.5926,32.7092,32.8417,32.9900,33.1542,33.3343,33.5302,33.7419,33.9695,34.2129,34.4723,34.7477,35.0396,35.3485,2.5500,2.5500,2.5500,2.5500,2.5500,2.5499,2.5498,2.5495,2.5487,2.5471,2.5438,2.5373,2.5253,2.5042,2.4693,2.4143,2.3321,2.2148,2.0543,1.8423,1.5685
1543.0000,32.2184,32.2261,32.2493,32.2879,32.3420,32.4117,32.4969,32.5979,32.7145,32.8470,32.9953,33.1595,33.3396,33.5355,33.7473,33.9748,34.2183,34.4776,34.7531,35.0451,35.3541,2.5500,2.5500,2.5500,2.5500,2.5500,2.5499,2.5498,2.5495,2.5487,2.5471,2.5438,2.5373,2.5252,2.5041,2.4692,2.4142,2.3319,2.2146,2.0541,1.8421,1.5683
1544.0000,32.2236,32.2313,32.2545,32.2931,32.3472,32.4169,32.5022,32.6031,32.7198,32.8523,33.0006,33.1648,33.3449,33.5408,33.7526,33.9802,34.2236,34.4830,34.7586,35.0507,35.3598,2.5500,2.5500,2.5500,2.5500,2.5500,2.5499,2.5498,2.5495,2.5487,2.5471,2.5438,2.5373,2.5252,2.5041,2.4691,2.4140,2.3317,2.2144,2.0538,1.8418,1.5681
1545.0000,32.2288,32.2366,32.2597,32.2983,32.3525,32.4222,32.5075,32.6084,32.7251,32.8576,33.0060,33.1702,33.3502,33.5461,33.7579,33.9855,34.2290,34.4884,34.7640,35.0562,35.3655,2.5500,2.5500,2.5500,2.5500,2.5500,2.5499,2.5498,2.5495,2.5487,2.5471,2.5438,2.5372,2.5251,2.5040,2.4689,2.4139,2.3315,2.2141,2.0536,1.8416,1.5678
1546.0000,32.2340,32.2418,32.2649,32.3036,32.3577,32.4274,32.5127,32.6137,32.7304,32.8629,33.0113,33.1755,33.3555,33.5515,33.7632,33.9908,34.2343,34.4938,34.7695,35.0618,35.3711,2.5500,2.5500,2.5500,2.5500,2.5500,2.5499,2.5498,2.5495,2.5487,2.5471,2.5438,2.5372,2.5251,2.5039,2.4688,2.4137,2.3314,2.2139,2.0533,1.8413,1.5676
1547.0000,32.2393,32.2470,32.2702,32.3088,32.3630,32.4327,32.5180,32.6190,32.7357,32.8682,33.0166,33.1808,33.3609,33.5568,33.7686,33.9962,34.2397,34.4992,34.7750,35.0673,35.3768,2.5500,2.5500,2.5500,2.5500,2.5500,2.5499,2.5498,2.5495,2.5487,2.5471,2.5437,2.5372,2.5250,2.5038,2.4687,2.4136,2.3312,2.2137,2.0531,1.8411,1.5673
1548.0000,32.2445,32.2522,32.2754,32.3140,32.3682,32.4379,32.5233,32.6243,32.7410,32.8736,33.0219,33.1861,33.3662,33.5621,33.7739,34.0015,34.2450,34.5046,34.7804,35.0729,35.3825,2.5500,2.5500,2.5500,2.5500,2.5500,2.5499,2.5498,2.5495,2.5487,2.5471,2.5437,2.5371,2.5250,2.5038,2.4686,2.4134,2.3310,2.2135,2.0528,1.8408,1.5671
1549.0000,32.2497,32.2574,32.2806,32.3193,32.3734,32.4432,32.5285,32.6296,32.7463,32.8789,33.0272,33.1914,33.3715,33.5674,33.7792,34.0068,34.2504,34.5100,34.7859,35.0785,35.3882,2.5500,2.5500,2.5500,2.5500,2.5500,2.5499,2.5498,2.5495,2.5487,2.5471,2.5437,2.5371,2.5249,2.5037,2.4685,2.4133,2.3308,2.2132,2.0526,1.8406,1.5669
1550.0000,32.2549,32.2626,32.2858,32.3245,32.3787,32.4484,32.5338,32.6348,32.7516,32.8842,33.0325,33.1968,33.3768,33.5728,33.7845,34.0122,34.2558,34.5154,34.7914,35.0841,35.3939,2.5500,2.5500,2.5500,2.5500,2.5500,2.5499,2.5498,2.5495,2.5487,2.5471,2.5437,2.5371,2.5249,2.5036,2.4684,2.4131,2.3306,2.2130,2.0523,1.8403,1.5666
1551.0000,32.2601,32.2679,32.2911,32.3297,32.3839,32.4537,32.5391,32.6401,32.7569,32.8895,33.0379,33.2021,33.3822,33.5781,33.7899,34.0175,34.2611,34.5208,34.7969,35.0896,35.3997,2.5500,2.5500,2.5500,2.5500,2.5500,2.5499,2.5498,2.5495,2.5487,2.5471,2.5437,2.5371,2.5248,2.5035,2.4683,2.4130,2.3304,2.2128,2.0521,1.8401,1.5664
1552.0000,32.2654,32.2731,32.2963,32.3350,32.3892,32.4589,32.5443,32.6454,32.7622,32.8948,33.0432,33.2074,33.3875,33.5834,33.7952,34.0229,34.2665,34.5263,34.8024,35.0952,35.4054,2.5500,2.5500,2.5500,2.5500,2.5500,2.5499,2.5498,2.5495,2.5487,2.5471,2.5437,2.5370,2.5248,2.5034,2.4682,2.4128,2.3302,2.2126,2.0518,1.8398,1.5661
1553.0000,32.2706,32.2783,32.3015,32.3402,32.3944,32.4642,32.5496,32.6507,32.7675,32.9001,33.0485,33.2127,33.3928,33.5887,33.8005,34.0282,34.2719,34.5317,34.8079,35.1008,35.4111,2.5500,2.5500,2.5500,2.5500,2.5500,2.5499,2.5498,2.5495,2.5487,2.5470,2.5436,2.5370,2.5247,2.5034,2.4681,2.4127,2.3300,2.2123,2.0516,1.8396,1.5659
1554.0000,32.2758,32.2835,32.3067,32.3454,32.3997,32.4695,32.5549,32.6560,32.7728,32.9054,33.0538,33.2180,33.3981,33.5941,33.8059,34.0336,34.2773,34.5371,34.8134,35.1064,35.4168,2.5500,2.5500,2.5500,2.5500,2.5500,2.5499,2.5498,2.5494,2.5487,2.5470,2.5436,2.5370,2.5247,2.5033,2.4679,2.4125,2.3298,2.2121,2.0514,1.8393,1.5657
1555.0000,32.2810,32.2888,32.3120,32.3507,32.4049,32.4747,32.5601,32.6613,32.7781,32.9107,33.0591,33.2234,33.4034,33.5994,33.8112,34.0389,34.2826,34.5425,34.8189,35.1120,35.4226,2.5500,2.5500,2.5500,2.5500,2.5500,2.5499,2.5498,2.5494,2.5487,2.5470,2.5436,2.5369,2.5246,2.5032,2.4678,2.4124,2.3296,2.2119,2.0511,1.8391,1.5654
1556.0000,32.2862,32.2940,32.3172,32.3559,32.4102,32.4800,32.5654,32.6665,32.7834,32.9160,33.0644,33.2287,33.4088,33.6047,33.8165,34.0443,34.2880,34.5480,34.8244,35.1176,35.4283,2.5500,2.5500,2.5500,2.5500,2.5500,2.5499,2.5498,2.5494,2.5487,2.5470,2.5436,2.5369,2.5246,2.5031,2.4677,2.4122,2.3295,2.2117,2.0509,1.8388,1.5652
1557.0000,32.2915,32.2992,32.3224,32.3611,32.4154,32.4852,32.5707,32.6718,32.7887,32.9213,33.0697,33.2340,33.4141,33.6100,33.8219,34.0496,34.2934,34.5534,34.8299,35.1233,35.4340,2.5500,2.5500,2.5500,2.5500,2.5500,2.5499,2.5498,2.5494,2.5487,2.5470,2.5436,2.5369,2.5245,2.5031,2.4676,2.4121,2.3293,2.2114,2.0506,1.8386,1.5649
1558.0000,32.2967,32.3044,32.3277,32.3664,32.4207,32.4905,32.5760,32.6771,32.7940,32.9266,33.0751,33.2393,33.4194,33.6154,33.8272,34.0550,34.2988,34.5589,34.8354,35.1289,35.4398,2.5500,2.5500,2.5500,2.5500,2.5500,2.5499,2.5498,2.5494,2.5487,2.5470,2.5435,2.5368,2.5245,2.5030,2.4675,2.4119,2.3291,2.2112,2.0504,1.8383,1.5647
1559.0000,32.3019,32.3097,32.3329,32.3716,32.4259,32.4958,32.5812,32.6824,32.7993,32.9319,33.0804,33.2446,33.4247,33.6207,33.8326,34.0604,34.3042,34.5643,34.8410,35.1345,35.4456,2.5500,2.5500,2.5500,2.5500,2.5500,2.5499,2.5498,2.5494,2.5487,2.5470,2.5435,2.5368,2.5244,2.5029,2.4674,2.4118,2.3289,2.2110,2.0501,1.8381,1.5645
1560.0000,32.3071,32.3149,32.3381,32.3769,32.4312,32.5010,32.5865,32.6877,32.8046,32.9372,33.0857,33.2499,33.4301,33.6260,33.8379,34.0657,34.3096,34.5698,34.8465,35.1402,35.4513,2.5500,2.5500,2.5500,2.5500,2.5500,2.5499,2.5498,2.5494,2.5487,2.5470,2.5435,2.5368,2.5244,2.5028,2.4673,2.4116,2.3287,2.2108,2.0499,1.8378,1.5642
1561.0000,32.3124,32.3201,32.3434,32.3821,32.4364,32.5063,32.5918,32.6930,32.8099,32.9425,33.0910,33.2553,33.4354,33.6314,33.8432,34.0711,34.3150,34.5752,34.8520,35.1458,35.4570,2.5500,2.5500,2.5500,2.5500,2.5500,2.5499,2.5498,2.5494,2.5487,2.5470,2.5435,2.5367,2.5243,2.5027,2.4672,2.4115,2.3285,2.2106,2.0496,1.8376,1.5640
1562.0000,32.3176,32.3254,32.3486,32.3874,32.4417,32.5115,32.5971,32.6982,32.8152,32.9478,33.0963,33.2606,33.4407,33.6367,33.8486,34.0765,34.3204,34.5807,34.8576,35.1514,35.4626,2.5500,2.5500,2.5500,2.5500,2.5500,2.5499,2.5498,2.5494,2.5486,2.5470,2.5435,2.5367,2.5243,2.5027,2.4670,2.4113,2.3283,2.2103,2.0494,1.8373,1.5638
1563.0000,32.3228,32.3306,32.3538,32.3926,32.4469,32.5168,32.6023,32.7035,32.8205,32.9531,33.1016,33.2659,33.4460,33.6420,33.8539,34.0818,34.3258,34.5862,34.8631,35.1570,35.4681,2.5500,2.5500,2.5500,2.5500,2.5500,2.5499,2.5498,2.5494,2.5486,2.5469,2.5435,2.5367,2.5242,2.5026,2.4669,2.4112,2.3281,2.2101,2.0491,1.8370,1.5635
1564.0000,32.3281,32.3358,32.3591,32.3978,32.4522,32.5221,32.6076,32.7088,32.8258,32.9584,33.1069,33.2712,33.4514,33.6474,33.8593,34.0872,34.3313,34.5916,34.8687,35.1626,35.4736,2.5500,2.5500,2.5500,2.5500,2.5500,2.5499,2.5498,2.5494,2.5486,2.5469,2.5434,2.5366,2.5242,2.5025,2.4668,2.4110,2.3279,2.2099,2.0489,1.8368,1.5633
1565.0000,32.3333,32.3411,32.3643,32.4031,32.4574,32.5273,32.6129,32.7141,32.8310,32.9637,33.1122,33.2765,33.4567,33.6527,33.8647,34.0926,34.3367,34.5971,34.8742,35.1682,35.4791,2.5500,2.5500,2.5500,2.5500,2.5500,2.5499,2.5498,2.5494,2.5486,2.5469,2.5434,2.5366,2.5241,2.5024,2.4667,2.4109,2.3278,2.2097,2.0487,1.8365,1.5630
1566.0000,32.3385,32.3463,32.3695,32.4083,32.4627,32.5326,32.6182,32.7194,32.8363,32.9690,33.1175,33.2819,33.4620,33.6580,33.8700,34.0980,34.3421,34.6026,34.8797,35.1737,35.4845,2.5500,2.5500,2.5500,2.5500,2.5500,2.5499,2.5498,2.5494,2.5486,2.5469,2.5434,2.5366,2.5241,2.5024,2.4666,2.4107,2.3276,2.2094,2.0484,1.8363,1.5628
1567.0000,32.3438,32.3515,32.3748,32.4136,32.4679,32.5379,32.6234,32.7247,32.8416,32.9744,33.1229,33.2872,33.4673,33.6634,33.8754,34.1034,34.3475,34.6081,34.8853,35.1793,35.4899,2.5500,2.5500,2.5500,2.5500,2.5500,2.5499,2.5498,2.5494,2.5486,2.5469,2.5434,2.5366,2.5240,2.5023,2.4665,2.4106,2.3274,2.2092,2.0482,1.8360,1.5626
1568.0000,32.3490,32.3568,32.3800,32.4188,32.4732,32.5431,32.6287,32.7300,32.8469,32.9797,33.1282,33.2925,33.4727,33.6687,33.8807,34.1088,34.3530,34.6136,34.8908,35.1848,35.4953,2.5500,2.5500,2.5500,2.5500,2.5500,2.5499,2.5498,2.5494,2.5486,2.5469,2.5434,2.5365,2.5240,2.5022,2.4664,2.4104,2.3272,2.2090,2.0479,1.8358,1.5623
1569.0000,32.3542,32.3620,32.3853,32.4241,32.4784,32.5484,32.6340,32.7352,32.8522,32.9850,33.1335,33.2978,33.4780,33.6741,33.8861,34.1141,34.3584,34.6190,34.8963,35.1903,35.5007,2.5500,2.5500,2.5500,2.5500,2.5500,2.5499,2.5498,2.5494,2.5486,2.5469,2.5433,2.5365,2.5239,2.5021,2.4663,2.4103,2.3270,2.2088,2.0477,1.8355,1.5621
1570.0000,32.3595,32.3672,32.3905,32.4293,32.4837,32.5537,32.6393,32.7405,32.8575,32.9903,33.1388,33.3031,33.4833,33.6794,33.8914,34.1195,34.3638,34.6245,34.9018,35.1957,35.5061,2.5500,2.5500,2.5500,2.5500,2.5500,2.5499,2.5498,2.5494,2.5486,2.5469,2.5433,2.5365,2.5239,2.5020,2.4662,2.4101,2.3268,2.2086,2.0474,1.8353,1.5619
1571.0000,32.3647,32.3725,32.3958,32.4346,32.4890,32.5589,32.6445,32.7458,32.8628,32.9956,33.1441,33.3085,33.4887,33.6848,33.8968,34.1249,34.3693,34.6300,34.9073,35.2012,35.5114,2.5500,2.5500,2.5500,2.5500,2.5500,2.5499,2.5498,2.5494,2.5486,2.5469,2.5433,2.5364,2.5238,2.5020,2.4660,2.4100,2.3266,2.2083,2.0472,1.8350,1.5616
1572.0000,32.3700,32.3777,32.4010,32.4398,32.4942,32.5642,32.6498,32.7511,32.8681,33.0009,33.1494,33.3138,33.4940,33.6901,33.9022,34.1303,34.3747,34.6355,34.9128,35.2066,35.5167,2.5500,2.5500,2.5500,2.5500,2.5500,2.5499,2.5498,2.5494,2.5486,2.5469,2.5433,2.5364,2.5238,2.5019,2.4659,2.4098,2.3264,2.2081,2.0469,1.8348,1.5614
1573.0000,32.3752,32.3830,32.4062,32.4451,32.4995,32.5695,32.6551,32.7564,32.8734,33.0062,33.1547,33.3191,33.4993,33.6954,33.9075,34.1357,34.3801,34.6409,34.9182,35.2121,35.5220,2.5500,2.5500,2.5500,2.5500,2.5500,2.5499,2.5498,2.5494,2.5486,2.5468,2.5433,2.5364,2.5237,2.5018,2.4658,2.4097,2.3262,2.2079,2.0467,1.8345,1.5611
1574.0000,32.3804,32.3882,32.4115,32.4503,32.5047,32.5747,32.6604,32.7617,32.8787,33.0115,33.1600,33.3244,33.5047,33.7008,33.9129,34.1411,34.3856,34.6464,34.9237,35.2175,35.5273,2.5500,2.5500,2.5500,2.5500,2.5500,2.5499,2.5498,2.5494,2.5486,2.5468,2.5433,2.5363,2.5237,2.5017,2.4657,2.4095,2.3261,2.2077,2.0465,1.8343,1.5609
1575.0000,32.3857,32.3935,32.4167,32.4556,32.5100,32.5800,32.6656,32.7670,32.8840,33.0168,33.1654,33.3297,33.5100,33.7061,33.9183,34.1465,34.3910,34.6518,34.9292,35.2229,35.5326,2.5500,2.5500,2.5500,2.5500,2.5500,2.5499,2.5498,2.5494,2.5486,2.5468,2.5432,2.5363,2.5236,2.5017,2.4656,2.4094,2.3259,2.2074,2.0462,1.8340,1.5607
1576.0000,32.3909,32.3987,32.4220,32.4608,32.5152,32.5853,32.6709,32.7723,32.8893,33.0221,33.1707,33.3351,33.5153,33.7115,33.9237,34.1519,34.3964,34.6573,34.9346,35.2283,35.5379,2.5500,2.5500,2.5500,2.5500,2.5500,2.5499,2.5498,2.5494,2.5486,2.5468,2.5432,2.5363,2.5236,2.5016,2.4655,2.4092,2.3257,2.2072,2.0460,1.8338,1.5604
1577.0000,32.3962,32.4039,32.4272,32.4661,32.5205,32.5905,32.6762,32.7775,32.8946,33.0274,33.1760,33.3404,33.5207,33.7168,33.9290,34.1573,34.4019,34.6627,34.9400,35.2336,35.5431,2.5500,2.5500,2.5500,2.5500,2.5500,2.5499,2.5498,2.5494,2.5486,2.5468,2.5432,2.5362,2.5235,2.5015,2.4654,2.4091,2.3255,2.2070,2.0457,1.8335,1.5602
1578.0000,32.4014,32.4092,32.4325,32.4713,32.5258,32.5958,32.6815,32.7828,32.8999,33.0327,33.1813,33.3457,33.5260,33.7222,33.9344,34.1627,34.4073,34.6682,34.9455,35.2390,35.5484,2.5500,2.5500,2.5500,2.5500,2.5500,2.5499,2.5498,2.5494,2.5486,2.5468,2.5432,2.5362,2.5235,2.5014,2.4653,2.4089,2.3253,2.2068,2.0455,1.8333,1.5600
1579.0000,32.4067,32.4144,32.4377,32.4766,32.5310,32.6011,32.6868,32.7881,32.9052,33.0380,33.1866,33.3510,33.5313,33.7276,33.9398,34.1681,34.4127,34.6736,34.9509,35.2443,35.5536,2.5500,2.5500,2.5500,2.5500,2.5500,2.5499,2.5498,2.5494,2.5486,2.5468,2.5432,2.5362,2.5234,2.5013,2.4651,2.4088,2.3251,2.2066,2.0452,1.8331,1.5597
1580.0000,32.4119,32.4197,32.4430,32.4819,32.5363,32.6063,32.6920,32.7934,32.9105,33.0433,33.1919,33.3564,33.5367,33.7329,33.9452,34.1735,34.4181,34.6791,34.9563,35.2497,35.5588,2.5500,2.5500,2.5500,2.5500,2.5500,2.5499,2.5497,2.5494,2.5486,2.5468,2.5431,2.5361,2.5234,2.5013,2.4650,2.4086,2.3249,2.2063,2.0450,1.8328,1.5595
1581.0000,32.4172,32.4249,32.4482,32.4871,32.5416,32.6116,32.6973,32.7987,32.9158,33.0486,33.1972,33.3617,33.5420,33.7383,33.9505,34.1789,34.4236,34.6845,34.9617,35.2550,35.5640,2.5500,2.5500,2.5500,2.5500,2.5500,2.5499,2.5497,2.5494,2.5486,2.5468,2.5431,2.5361,2.5233,2.5012,2.4649,2.4085,2.3247,2.2061,2.0448,1.8326,1.5593
1582.0000,32.4224,32.4302,32.4535,32.4924,32.5468,32.6169,32.7026,32.8040,32.9211,33.0539,33.2026,33.3670,33.5474,33.7436,33.9559,34.1843,34.4290,34.6899,34.9671,35.2603,35.5692,2.5500,2.5500,2.5500,2.5500,2.5500,2.5499,2.5497,2.5494,2.5485,2.5468,2.5431,2.5361,2.5233,2.5011,2.4648,2.4083,2.3246,2.2059,2.0445,1.8323,1.5590
1583.0000,32.4277,32.4354,32.4587,32.4976,32.5521,32.6222,32.7079,32.8093,32.9264,33.0592,33.2079,33.3723,33.5527,33.7490,33.9613,34.1897,34.4344,34.6953,34.9725,35.2657,35.5744,2.5500,2.5500,2.5500,2.5500,2.5500,2.5499,2.5497,2.5494,2.5485,2.5467,2.5431,2.5360,2.5232,2.5010,2.4647,2.4082,2.3244,2.2057,2.0443,1.8321,1.5588
1584.0000,32.4329,32.4407,32.4640,32.5029,32.5573,32.6274,32.7132,32.8146,32.9317,33.0645,33.2132,33.3777,33.5580,33.7543,33.9667,34.1951,34.4398,34.7007,34.9779,35.2710,35.5796,2.5500,2.5500,2.5500,2.5500,2.5500,2.5499,2.5497,2.5494,2.5485,2.5467,2.5431,2.5360,2.5231,2.5009,2.4646,2.4080,2.3242,2.2054,2.0440,1.8318,1.5586
1585.0000,32.4382,32.4459,32.4693,32.5081,32.5626,32.6327,32.7184,32.8198,32.9370,33.0698,33.2185,33.3830,33.5634,33.7597,33.9721,34.2005,34.4452,34.7061,34.9832,35.2762,35.5847,2.5500,2.5500,2.5500,2.5500,2.5500,2.5499,2.5497,2.5494,2.5485,2.5467,2.5430,2.5360,2.5231,2.5009,2.4645,2.4079,2.3240,2.2052,2.0438,1.8316,1.5583
1586.0000,32.4434,32.4512,32.4745,32.5134,32.5679,32.6380,32.7237,32.8251,32.9423,33.0751,33.2238,33.3883,33.5687,33.7651,33.9774,34.2059,34.4506,34.7116,34.9886,35.2815,35.5899,2.5500,2.5500,2.5500,2.5500,2.5500,2.5499,2.5497,2.5494,2.5485,2.5467,2.5430,2.5359,2.5230,2.5008,2.4644,2.4077,2.3238,2.2050,2.0435,1.8313,1.5581
1587.0000,32.4487,32.4564,32.4798,32.5187,32.5731,32.6432,32.7290,32.8304,32.9476,33.0805,33.2291,33.3937,33.5741,33.7704,33.9828,34.2113,34.4560,34.7169,34.9940,35.2868,35.5950,2.5500,2.5500,2.5500,2.5500,2.5500,2.5499,2.5497,2.5494,2.5485,2.5467,2.5430,2.5359,2.5230,2.5007,2.4642,2.4076,2.3236,2.2048,2.0433,1.8311,1.5578
1588.0000,32.4539,32.4617,32.4850,32.5239,32.5784,32.6485,32.7343,32.8357,32.9529,33.0858,33.2345,33.3990,33.5794,33.7758,33.9882,34.2167,34.4614,34.7223,34.9993,35.2921,35.6001,2.5500,2.5500,2.5500,2.5500,2.5500,2.5499,2.5497,2.5494,2.5485,2.5467,2.5430,2.5359,2.5229,2.5006,2.4641,2.4074,2.3234,2.2046,2.0431,1.8308,1.5576
1589.0000,32.4592,32.4669,32.4903,32.5292,32.5837,32.6538,32.7396,32.8410,32.9582,33.0911,33.2398,33.4043,33.5848,33.7812,33.9936,34.2221,34.4668,34.7277,35.0046,35.2973,35.6053,2.5500,2.5500,2.5500,2.5500,2.5500,2.5499,2.5497,2.5494,2.5485,2.5467,2.5430,2.5358,2.5229,2.5005,2.4640,2.4073,2.3232,2.2043,2.0428,1.8306,1.5574
1590.0000,32.4644,32.4722,32.4955,32.5344,32.5889,32.6591,32.7448,32.8463,32.9635,33.0964,33.2451,33.4097,33.5901,33.7865,33.9990,34.2275,34.4722,34.7331,35.0100,35.3026,35.6104,2.5500,2.5500,2.5500,2.5500,2.5500,2.5499,2.5497,2.5494,2.5485,2.5467,2.5430,2.5358,2.5228,2.5005,2.4639,2.4071,2.3230,2.2041,2.0426,1.8303,1.5571
1591.0000,32.4697,32.4774,32.5008,32.5397,32.5942,32.6643,32.7501,32.8516,32.9688,33.1017,33.2504,33.4150,33.5954,33.7919,34.0043,34.2329,34.4776,34.7385,35.0153,35.3078,35.6155,2.5500,2.5500,2.5500,2.5500,2.5500,2.5499,2.5497,2.5494,2.5485,2.5467,2.5429,2.5358,2.5228,2.5004,2.4638,2.4070,2.3229,2.2039,2.0423,1.8301,1.5569
1592.0000,32.4749,32.4827,32.5060,32.5450,32.5995,32.6696,32.7554,32.8569,32.9741,33.1070,33.2557,33.4203,33.6008,33.7972,34.0097,34.2383,34.4830,34.7438,35.0206,35.3130,35.6206,2.5500,2.5500,2.5500,2.5500,2.5500,2.5499,2.5497,2.5494,2.5485,2.5466,2.5429,2.5357,2.5227,2.5003,2.4637,2.4068,2.3227,2.2037,2.0421,1.8298,1.5567
1593.0000,32.4802,32.4880,32.5113,32.5502,32.6048,32.6749,32.7607,32.8622,32.9794,33.1123,33.2611,33.4256,33.6061,33.8026,34.0151,34.2437,34.4884,34.7492,35.0259,35.3183,35.6257,2.5500,2.5500,2.5500,2.5500,2.5500,2.5499,2.5497,2.5494,2.5485,2.5466,2.5429,2.5357,2.5227,2.5002,2.4636,2.4067,2.3225,2.2035,2.0418,1.8296,1.5564
1594.0000,32.4854,32.4932,32.5166,32.5555,32.6100,32.6802,32.7660,32.8675,32.9847,33.1176,33.2664,33.4310,33.6115,33.8080,34.0205,34.2491,34.4938,34.7546,35.0312,35.3235,35.6308,2.5500,2.5500,2.5500,2.5500,2.5500,2.5499,2.5497,2.5493,2.5485,2.5466,2.5429,2.5357,2.5226,2.5001,2.4635,2.4065,2.3223,2.2032,2.0416,1.8293,1.5562
1595.0000,32.4907,32.4985,32.5218,32.5608,32.6153,32.6854,32.7713,32.8727,32.9900,33.1229,33.2717,33.4363,33.6168,33.8133,34.0259,34.2545,34.4992,34.7599,35.0365,35.3287,35.6359,2.5500,2.5500,2.5500,2.5500,2.5500,2.5499,2.5497,2.5493,2.5485,2.5466,2.5429,2.5356,2.5226,2.5001,2.4633,2.4064,2.3221,2.2030,2.0414,1.8291,1.5560
1596.0000,32.4959,32.5037,32.5271,32.5660,32.6206,32.6907,32.7765,32.8780,32.9953,33.1282,33.2770,33.4417,33.6222,33.8187,34.0312,34.2599,34.5046,34.7653,35.0418,35.3339,35.6409,2.5500,2.5500,2.5500,2.5500,2.5500,2.5499,2.5497,2.5493,2.5485,2.5466,2.5428,2.5356,2.5225,2.5000,2.4632,2.4062,2.3219,2.2028,2.0411,1.8288,1.5557
1597.0000,32.5012,32.5090,32.5323,32.5713,32.6258,32.6960,32.7818,32.8833,33.0006,33.1336,33.2823,33.4470,33.6275,33.8241,34.0366,34.2652,34.5099,34.7706,35.0471,35.3391,35.6460,2.5500,2.5500,2.5500,2.5500,2.5500,2.5499,2.5497,2.5493,2.5485,2.5466,2.5428,2.5356,2.5225,2.4999,2.4631,2.4061,2.3217,2.2026,2.0409,1.8286,1.5555
1598.0000,32.5065,32.5142,32.5376,32.5766,32.6311,32.7013,32.7871,32.8886,33.0059,33.1389,33.2877,33.4523,33.6329,33.8294,34.0420,34.2706,34.5153,34.7759,35.0524,35.3443,35.6511,2.5500,2.5500,2.5500,2.5500,2.5500,2.5499,2.5497,2.5493,2.5485,2.5466,2.5428,2.5356,2.5224,2.4998,2.4630,2.4059,2.3215,2.2024,2.0406,1.8283,1.5553
1599.0000,32.5117,32.5195,32.5429,32.5818,32.6364,32.7066,32.7924,32.8939,33.0112,33.1442,33.2930,33.4577,33.6382,33.8348,34.0474,34.2760,34.5207,34.7813,35.0577,35.3494,35.6561,2.5500,2.5500,2.5500,2.5500,2.5500,2.5499,2.5497,2.5493,2.5485,2.5466,2.5428,2.5355,2.5224,2.4998,2.4629,2.4058,2.3214,2.2021,2.0404,1.8281,1.5550
1600.0000,32.5170,32.5248,32.5481,32.5871,32.6416,32.7118,32.7977,32.8992,33.0165,33.1495,33.2983,33.4630,33.6436,33.8401,34.0527,34.2814,34.5260,34.7866,35.0629,35.3546,35.6612,2.5500,2.5500,2.5500,2.5500,2.5500,2.5499,2.5497,2.5493,2.5484,2.5466,2.5428,2.5355,2.5223,2.4997,2.4628,2.4056,2.3212,2.2019,2.0401,1.8278,1.5548
1601.0000,32.5222,32.5300,32.5534,32.5923,32.6469,32.7171,32.8030,32.9045,33.0218,33.1548,33.3036,33.4683,33.6489,33.8455,34.0581,34.2867,34.5314,34.7919,35.0682,35.3598,35.6662,2.5500,2.5500,2.5500,2.5500,2.5500,2.5499,2.5497,2.5493,2.5484,2.5466,2.5427,2.5355,2.5223,2.4996,2.4627,2.4055,2.3210,2.2017,2.0399,1.8276,1.5546
1602.0000,32.5275,32.5353,32.5587,32.5976,32.6522,32.7224,32.8082,32.9098,33.0271,33.1601,33.3090,33.4737,33.6543,33.8509,34.0635,34.2921,34.5367,34.7972,35.0734,35.3649,35.6712,2.5500,2.5500,2.5500,2.5500,2.5500,2.5499,2.5497,2.5493,2.5484,2.5465,2.5427,2.5354,2.5222,2.4995,2.4626,2.4053,2.3208,2.2015,2.0397,1.8274,1.5543
1603.0000,32.5328,32.5405,32.5639,32.6029,32.6575,32.7277,32.8135,32.9151,33.0324,33.1654,33.3143,33.4790,33.6596,33.8562,34.0688,34.2975,34.5421,34.8026,35.0787,35.3701,35.6762,2.5500,2.5500,2.5500,2.5500,2.5500,2.5499,2.5497,2.5493,2.5484,2.5465,2.5427,2.5354,2.5221,2.4994,2.4624,2.4052,2.3206,2.2013,2.0394,1.8271,1.5541
1604.0000,32.5380,32.5458,32.5692,32.6082,32.6627,32.7329,32.8188,32.9204,33.0377,33.1707,33.3196,33.4843,33.6650,33.8616,34.0742,34.3028,34.5474,34.8079,35.0839,35.3752,35.6813,2.5500,2.5500,2.5500,2.5500,2.5500,2.5499,2.5497,2.5493,2.5484,2.5465,2.5427,2.5354,2.5221,2.4994,2.4623,2.4050,2.3204,2.2010,2.0392,1.8269,1.5539
1605.0000,32.5433,32.5511,32.5744,32.6134,32.6680,32.7382,32.8241,32.9257,33.0430,33.1761,33.3249,33.4897,33.6703,33.8670,34.0796,34.3082,34.5528,34.8132,35.0892,35.3804,35.6863,2.5500,2.5500,2.5500,2.5500,2.5500,2.5499,2.5497,2.5493,2.5484,2.5465,2.5427,2.5353,2.5220,2.4993,2.4622,2.4049,2.3202,2.2008,2.0389,1.8266,1.5536
1606.0000,32.5485,32.5563,32.5797,32.6187,32.6733,32.7435,32.8294,32.9310,33.0483,33.1814,33.3303,33.4950,33.6757,33.8723,34.0849,34.3135,34.5581,34.8185,35.0944,35.3855,35.6913,2.5500,2.5500,2.5500,2.5500,2.5500,2.5499,2.5497,2.5493,2.5484,2.5465,2.5426,2.5353,2.5220,2.4992,2.4621,2.4047,2.3200,2.2006,2.0387,1.8264,1.5534
1607.0000,32.5538,32.5616,32.5850,32.6240,32.6786,32.7488,32.8347,32.9363,33.0536,33.1867,33.3356,33.5004,33.6810,33.8777,34.0903,34.3189,34.5634,34.8238,35.0996,35.3906,35.6963,2.5500,2.5500,2.5500,2.5500,2.5500,2.5499,2.5497,2.5493,2.5484,2.5465,2.5426,2.5353,2.5219,2.4991,2.4620,2.4045,2.3198,2.2004,2.0385,1.8261,1.5532
1608.0000,32.5591,32.5669,32.5902,32.6292,32.6838,32.7541,32.8400,32.9416,33.0589,33.1920,33.3409,33.5057,33.6864,33.8830,34.0957,34.3243,34.5688,34.8290,35.1048,35.3958,35.7013,2.5500,2.5500,2.5500,2.5500,2.5500,2.5499,2.5497,2.5493,2.5484,2.5465,2.5426,2.5352,2.5219,2.4990,2.4619,2.4044,2.3197,2.2002,2.0382,1.8259,1.5529
1609.0000,32.5643,32.5721,32.5955,32.6345,32.6891,32.7594,32.8453,32.9469,33.0642,33.1973,33.3462,33.5110,33.6917,33.8884,34.1010,34.3296,34.5741,34.8343,35.1100,35.4009,35.7063,2.5500,2.5500,2.5500,2.5500,2.5500,2.5499,2.5497,2.5493,2.5484,2.5465,2.5426,2.5352,2.5218,2.4990,2.4618,2.4042,2.3195,2.1999,2.0380,1.8256,1.5527
1610.0000,32.5696,32.5774,32.6008,32.6398,32.6944,32.7646,32.8506,32.9522,33.0695,33.2026,33.3516,33.5164,33.6971,33.8937,34.1064,34.3349,34.5794,34.8396,35.1153,35.4060,35.7112,2.5500,2.5500,2.5500,2.5500,2.5500,2.5499,2.5497,2.5493,2.5484,2.5465,2.5426,2.5352,2.5218,2.4989,2.4616,2.4041,2.3193,2.1997,2.0377,1.8254,1.5525
1611.0000,32.5749,32.5827,32.6060,32.6450,32.6997,32.7699,32.8558,32.9575,33.0748,33.2080,33.3569,33.5217,33.7024,33.8991,34.1117,34.3403,34.5847,34.8449,35.1205,35.4111,35.7162,2.5500,2.5500,2.5500,2.5500,2.5500,2.5499,2.5497,2.5493,2.5484,2.5464,2.5425,2.5351,2.5217,2.4988,2.4615,2.4039,2.3191,2.1995,2.0375,1.8251,1.5522
1612.0000,32.5801,32.5879,32.6113,32.6503,32.7049,32.7752,32.8611,32.9628,33.0801,33.2133,33.3622,33.5270,33.7078,33.9044,34.1171,34.3456,34.5900,34.8501,35.1257,35.4162,35.7212,2.5500,2.5500,2.5500,2.5500,2.5500,2.5499,2.5497,2.5493,2.5484,2.5464,2.5425,2.5351,2.5217,2.4987,2.4614,2.4038,2.3189,2.1993,2.0373,1.8249,1.5520
1613.0000,32.5854,32.5932,32.6166,32.6556,32.7102,32.7805,32.8664,32.9681,33.0854,33.2186,33.3676,33.5324,33.7131,33.9098,34.1224,34.3510,34.5954,34.8554,35.1308,35.4213,35.7261,2.5500,2.5500,2.5500,2.5500,2.5500,2.5499,2.5497,2.5493,2.5484,2.5464,2.5425,2.5351,2.5216,2.4986,2.4613,2.4036,2.3187,2.1991,2.0370,1.8247,1.5518
1614.0000,32.5907,32.5985,32.6219,32.6609,32.7155,32.7858,32.8717,32.9734,33.0907,33.2239,33.3729,33.5377,33.7185,33.9152,34.1278,34.3563,34.6007,34.8607,35.1360,35.4264,35.7311,2.5500,2.5500,2.5500,2.5500,2.5500,2.5499,2.5497,2.5493,2.5484,2.5464,2.5425,2.5350,2.5216,2.4986,2.4612,2.4035,2.3185,2.1988,2.0368,1.8244,1.5515
1615.0000,32.5959,32.6037,32.6271,32.6661,32.7208,32.7910,32.8770,32.9787,33.0960,33.2292,33.3782,33.5431,33.7238,33.9205,34.1331,34.3616,34.6060,34.8659,35.1412,35.4314,35.7361,2.5500,2.5500,2.5500,2.5500,2.5500,2.5499,2.5497,2.5493,2.5484,2.5464,2.5425,2.5350,2.5215,2.4985,2.4611,2.4033,2.3183,2.1986,2.0365,1.8242,1.5513
1616.0000,32.6012,32.6090,32.6324,32.6714,32.7260,32.7963,32.8823,32.9840,33.1014,33.2345,33.3835,33.5484,33.7292,33.9259,34.1385,34.3670,34.6113,34.8712,35.1464,35.4365,35.7410,2.5500,2.5500,2.5500,2.5500,2.5500,2.5499,2.5497,2.5493,2.5484,2.5464,2.5424,2.5350,2.5215,2.4984,2.4610,2.4032,2.3182,2.1984,2.0363,1.8239,1.5511
1617.0000,32.6065,32.6143,32.6377,32.6767,32.7313,32.8016,32.8876,32.9893,33.1067,33.2399,33.3889,33.5537,33.7345,33.9312,34.1438,34.3723,34.6166,34.8764,35.1516,35.4416,35.7459,2.5500,2.5500,2.5500,2.5500,2.5500,2.5499,2.5497,2.5493,2.5484,2.5464,2.5424,2.5349,2.5214,2.4983,2.4609,2.4030,2.3180,2.1982,2.0361,1.8237,1.5509
1618.0000,32.6117,32.6195,32.6429,32.6820,32.7366,32.8069,32.8929,32.9946,33.1120,33.2452,33.3942,33.5591,33.7399,33.9365,34.1492,34.3776,34.6219,34.8816,35.1567,35.4466,35.7509,2.5500,2.5500,2.5500,2.5500,2.5500,2.5499,2.5497,2.5493,2.5483,2.5464,2.5424,2.5349,2.5213,2.4982,2.4607,2.4029,2.3178,2.1980,2.0358,1.8234,1.5506
1619.0000,32.6170,32.6248,32.6482,32.6872,32.7419,32.8122,32.8982,32.9999,33.1173,33.2505,33.3995,33.5644,33.7452,33.9419,34.1545,34.3829,34.6271,34.8869,35.1619,35.4517,35.7558,2.5500,2.5500,2.5500,2.5500,2.5500,2.5499,2.5497,2.5493,2.5483,2.5464,2.5424,2.5349,2.5213,2.4982,2.4606,2.4027,2.3176,2.1977,2.0356,1.8232,1.5504
1620.0000,32.6223,32.6301,32.6535,32.6925,32.7472,32.8175,32.9035,33.0052,33.1226,33.2558,33.4049,33.5697,33.7505,33.9472,34.1598,34.3883,34.6324,34.8921,35.1670,35.4568,35.7607,2.5500,2.5500,2.5500,2.5500,2.5500,2.5499,2.5497,2.5493,2.5483,2.5463,2.5424,2.5348,2.5212,2.4981,2.4605,2.4026,2.3174,2.1975,2.0353,1.8229,1.5502
1621.0000,32.6275,32.6353,32.6588,32.6978,32.7524,32.8228,32.9088,33.0105,33.1279,33.2611,33.4102,33.5751,33.7559,33.9526,34.1652,34.3936,34.6377,34.8973,35.1722,35.4618,35.7657,2.5500,2.5500,2.5500,2.5500,2.5500,2.5499,2.5497,2.5493,2.5483,2.5463,2.5423,2.5348,2.5212,2.4980,2.4604,2.4024,2.3172,2.1973,2.0351,1.8227,1.5499
1622.0000,32.6328,32.6406,32.6640,32.7031,32.7577,32.8280,32.9140,33.0158,33.1332,33.2665,33.4155,33.5804,33.7612,33.9579,34.1705,34.3989,34.6430,34.9026,35.1773,35.4669,35.7708,2.5500,2.5500,2.5500,2.5500,2.5500,2.5499,2.5497,2.5493,2.5483,2.5463,2.5423,2.5348,2.5211,2.4979,2.4603,2.4023,2.3170,2.1971,2.0349,1.8225,1.5497
1623.0000,32.6381,32.6459,32.6693,32.7083,32.7630,32.8333,32.9193,33.0211,33.1385,33.2718,33.4208,33.5858,33.7666,33.9633,34.1758,34.4042,34.6483,34.9078,35.1825,35.4719,35.7759,2.5500,2.5500,2.5500,2.5500,2.5500,2.5499,2.5497,2.5493,2.5483,2.5463,2.5423,2.5347,2.5211,2.4978,2.4602,2.4021,2.3168,2.1969,2.0346,1.8222,1.5495
1624.0000,32.6434,32.6512,32.6746,32.7136,32.7683,32.8386,32.9246,33.0264,33.1438,33.2771,33.4262,33.5911,33.7719,33.9686,34.1812,34.4095,34.6535,34.9130,35.1876,35.4770,35.7810,2.5500,2.5500,2.5500,2.5500,2.5500,2.5499,2.5497,2.5493,2.5483,2.5463,2.5423,2.5347,2.5210,2.4977,2.4601,2.4020,2.3167,2.1966,2.0344,1.8220,1.5492
1625.0000,32.6486,32.6564,32.6798,32.7189,32.7736,32.8439,32.9299,33.0317,33.1491,33.2824,33.4315,33.5964,33.7772,33.9739,34.1865,34.4148,34.6588,34.9182,35.1927,35.4821,35.7861,2.5500,2.5500,2.5500,2.5500,2.5500,2.5499,2.5497,2.5493,2.5483,2.5463,2.5423,2.5347,2.5210,2.4977,2.4599,2.4018,2.3165,2.1964,2.0341,1.8217,1.5490
1626.0000,32.6539,32.6617,32.6851,32.7242,32.7789,32.8492,32.9352,33.0370,33.1545,33.2877,33.4368,33.6018,33.7826,33.9793,34.1918,34.4201,34.6641,34.9234,35.1979,35.4872,35.7913,2.5500,2.5500,2.5500,2.5500,2.5500,2.5499,2.5497,2.5493,2.5483,2.5463,2.5422,2.5346,2.5209,2.4976,2.4598,2.4017,2.3163,2.1962,2.0339,1.8215,1.5488
1627.0000,32.6592,32.6670,32.6904,32.7294,32.7841,32.8545,32.9405,33.0423,33.1598,33.2930,33.4421,33.6071,33.7879,33.9846,34.1971,34.4254,34.6693,34.9286,35.2030,35.4923,35.7964,2.5500,2.5500,2.5500,2.5500,2.5500,2.5499,2.5497,2.5493,2.5483,2.5463,2.5422,2.5346,2.5209,2.4975,2.4597,2.4015,2.3161,2.1960,2.0337,1.8212,1.5485
1628.0000,32.6644,32.6722,32.6957,32.7347,32.7894,32.8598,32.9458,33.0476,33.1651,33.2984,33.4475,33.6124,33.7932,33.9899,34.2024,34.4307,34.6746,34.9338,35.2082,35.4975,35.8016,2.5500,2.5500,2.5500,2.5500,2.5500,2.5499,2.5497,2.5493,2.5483,2.5463,2.5422,2.5345,2.5208,2.4974,2.4596,2.4014,2.3159,2.1958,2.0334,1.8210,1.5483
1629.0000,32.6697,32.6775,32.7010,32.7400,32.7947,32.8651,32.9511,33.0529,33.1704,33.3037,33.4528,33.6178,33.7986,33.9953,34.2078,34.4360,34.6798,34.9390,35.2134,35.5026,35.8068,2.5500,2.5500,2.5500,2.5500,2.5500,2.5499,2.5497,2.5492,2.5483,2.5462,2.5422,2.5345,2.5208,2.4973,2.4595,2.4012,2.3157,2.1956,2.0332,1.8207,1.5481
1630.0000,32.6750,32.6828,32.7062,32.7453,32.8000,32.8704,32.9564,33.0582,33.1757,33.3090,33.4581,33.6231,33.8039,34.0006,34.2131,34.4413,34.6851,34.9442,35.2185,35.5078,35.8120,2.5500,2.5500,2.5500,2.5500,2.5500,2.5499,2.5497,2.5492,2.5483,2.5462,2.5422,2.5345,2.5207,2.4973,2.4594,2.4011,2.3155,2.1953,2.0329,1.8205,1.5479
1631.0000,32.6803,32.6881,32.7115,32.7506,32.8053,32.8756,32.9617,33.0635,33.1810,33.3143,33.4635,33.6284,33.8092,34.0059,34.2184,34.4466,34.6903,34.9494,35.2237,35.5129,35.8172,2.5500,2.5500,2.5500,2.5500,2.5500,2.5499,2.5497,2.5492,2.5483,2.5462,2.5421,2.5344,2.5206,2.4972,2.4593,2.4009,2.3153,2.1951,2.0327,1.8203,1.5476
1632.0000,32.6855,32.6933,32.7168,32.7558,32.8106,32.8809,32.9670,33.0688,33.1863,33.3196,33.4688,33.6338,33.8146,34.0112,34.2237,34.4519,34.6956,34.9546,35.2289,35.5181,35.8224,2.5500,2.5500,2.5500,2.5500,2.5500,2.5499,2.5497,2.5492,2.5483,2.5462,2.5421,2.5344,2.5206,2.4971,2.4591,2.4008,2.3152,2.1949,2.0325,1.8200,1.5474
1633.0000,32.6908,32.6986,32.7221,32.7611,32.8158,32.8862,32.9723,33.0741,33.1916,33.3250,33.4741,33.6391,33.8199,34.0166,34.2290,34.4571,34.7008,34.9598,35.2340,35.5233,35.8277,2.5500,2.5500,2.5500,2.5500,2.5500,2.5499,2.5497,2.5492,2.5483,2.5462,2.5421,2.5344,2.5205,2.4970,2.4590,2.4006,2.3150,2.1947,2.0322,1.8198,1.5472
1634.0000,32.6961,32.7039,32.7273,32.7664,32.8211,32.8915,32.9776,33.0794,33.1970,33.3303,33.4794,33.6444,33.8252,34.0219,34.2343,34.4624,34.7061,34.9651,35.2392,35.5285,35.8329,2.5500,2.5500,2.5500,2.5500,2.5499,2.5499,2.5497,2.5492,2.5483,2.5462,2.5421,2.5343,2.5205,2.4969,2.4589,2.4005,2.3148,2.1945,2.0320,1.8195,1.5469
1635.0000,32.7014,32.7092,32.7326,32.7717,32.8264,32.8968,32.9829,33.0847,33.2023,33.3356,33.4848,33.6497,33.8306,34.0272,34.2396,34.4677,34.7113,34.9703,35.2444,35.5337,35.8382,2.5500,2.5500,2.5500,2.5500,2.5499,2.5499,2.5497,2.5492,2.5482,2.5462,2.5421,2.5343,2.5204,2.4969,2.4588,2.4003,2.3146,2.1942,2.0318,1.8193,1.5467
1636.0000,32.7066,32.7145,32.7379,32.7770,32.8317,32.9021,32.9882,33.0900,33.2076,33.3409,33.4901,33.6551,33.8359,34.0325,34.2449,34.4730,34.7166,34.9755,35.2496,35.5389,35.8434,2.5500,2.5500,2.5500,2.5500,2.5499,2.5499,2.5497,2.5492,2.5482,2.5462,2.5420,2.5343,2.5204,2.4968,2.4587,2.4002,2.3144,2.1940,2.0315,1.8190,1.5465
1637.0000,32.7119,32.7197,32.7432,32.7823,32.8370,32.9074,32.9935,33.0953,33.2129,33.3462,33.4954,33.6604,33.8412,34.0378,34.2502,34.4783,34.7218,34.9807,35.2548,35.5441,35.8487,2.5500,2.5500,2.5500,2.5500,2.5499,2.5499,2.5497,2.5492,2.5482,2.5462,2.5420,2.5342,2.5203,2.4967,2.4586,2.4000,2.3142,2.1938,2.0313,1.8188,1.5462
1638.0000,32.7172,32.7250,32.7485,32.7875,32.8423,32.9127,32.9988,33.1006,33.2182,33.3516,33.5007,33.6657,33.8465,34.0432,34.2555,34.4835,34.7270,34.9859,35.2600,35.5493,35.8540,2.5500,2.5500,2.5500,2.5500,2.5499,2.5499,2.5497,2.5492,2.5482,2.5461,2.5420,2.5342,2.5203,2.4966,2.4585,2.3999,2.3140,2.1936,2.0310,1.8186,1.5460
1639.0000,32.7225,32.7303,32.7537,32.7928,32.8476,32.9180,33.0041,33.1059,33.2235,33.3569,33.5061,33.6711,33.8519,34.0485,34.2608,34.4888,34.7323,34.9911,35.2652,35.5546,35.8593,2.5500,2.5500,2.5500,2.5500,2.5499,2.5499,2.5497,2.5492,2.5482,2.5461,2.5420,2.5342,2.5202,2.4965,2.4583,2.3997,2.3139,2.1934,2.0308,1.8183,1.5458
1640.0000,32.7278,32.7356,32.7590,32.7981,32.8529,32.9233,33.0094,33.1112,33.2288,33.3622,33.5114,33.6764,33.8572,34.0538,34.2661,34.4941,34.7375,34.9964,35.2704,35.5598,35.8646,2.5500,2.5500,2.5500,2.5500,2.5499,2.5499,2.5497,2.5492,2.5482,2.5461,2.5420,2.5341,2.5202,2.4965,2.4582,2.3996,2.3137,2.1932,2.0306,1.8181,1.5456
1641.0000,32.7330,32.7408,32.7643,32.8034,32.8581,32.9286,33.0147,33.1165,33.2341,33.3675,33.5167,33.6817,33.8625,34.0591,34.2714,34.4993,34.7428,35.0016,35.2757,35.5650,35.8699,2.5500,2.5500,2.5500,2.5500,2.5499,2.5499,2.5497,2.5492,2.5482,2.5461,2.5419,2.5341,2.5201,2.4964,2.4581,2.3994,2.3135,2.1929,2.0303,1.8178,1.5453
1642.0000,32.7383,32.7461,32.7696,32.8087,32.8634,32.9339,33.0200,33.1219,33.2395,33.3728,33.5220,33.6870,33.8678,34.0644,34.2767,34.5046,34.7480,35.0068,35.2809,35.5703,35.8752,2.5500,2.5500,2.5500,2.5500,2.5499,2.5499,2.5497,2.5492,2.5482,2.5461,2.5419,2.5341,2.5200,2.4963,2.4580,2.3993,2.3133,2.1927,2.0301,1.8176,1.5451
1643.0000,32.7436,32.7514,32.7749,32.8140,32.8687,32.9392,33.0253,33.1272,33.2448,33.3782,33.5274,33.6924,33.8732,34.0697,34.2820,34.5099,34.7533,35.0120,35.2861,35.5756,35.8805,2.5500,2.5500,2.5500,2.5500,2.5499,2.5499,2.5497,2.5492,2.5482,2.5461,2.5419,2.5340,2.5200,2.4962,2.4579,2.3991,2.3131,2.1925,2.0299,1.8173,1.5449
1644.0000,32.7489,32.7567,32.7801,32.8192,32.8740,32.9445,33.0306,33.1325,33.2501,33.3835,33.5327,33.6977,33.8785,34.0750,34.2873,34.5152,34.7585,35.0173,35.2914,35.5808,35.8858,2.5500,2.5500,2.5500,2.5500,2.5499,2.5499,2.5497,2.5492,2.5482,2.5461,2.5419,2.5340,2.5199,2.4961,2.4578,2.3990,2.3129,2.1923,2.0296,1.8171,1.5446
1645.0000,32.7542,32.7620,32.7854,32.8245,32.8793,32.9497,33.0359,33.1378,33.2554,33.3888,33.5380,33.7030,33.8838,34.0803,34.2926,34.5204,34.7638,35.0225,35.2966,35.5861,35.8911,2.5500,2.5500,2.5500,2.5500,2.5499,2.5499,2.5497,2.5492,2.5482,2.5461,2.5419,2.5340,2.5199,2.4960,2.4577,2.3988,2.3127,2.1921,2.0294,1.8169,1.5444
1646.0000,32.7594,32.7673,32.7907,32.8298,32.8846,32.9550,33.0412,33.1431,33.2607,33.3941,33.5433,33.7083,33.8891,34.0856,34.2979,34.5257,34.7690,35.0277,35.3018,35.5914,35.8965,2.5500,2.5500,2.5500,2.5500,2.5499,2.5499,2.5497,2.5492,2.5482,2.5461,2.5418,2.5339,2.5198,2.4960,2.4576,2.3987,2.3125,2.1918,2.0291,1.8166,1.5442
1647.0000,32.7647,32.7725,32.7960,32.8351,32.8899,32.9603,33.0465,33.1484,33.2660,33.3994,33.5486,33.7136,33.8944,34.0909,34.3032,34.5310,34.7743,35.0330,35.3071,35.5966,35.9018,2.5500,2.5500,2.5500,2.5500,2.5499,2.5499,2.5497,2.5492,2.5482,2.5460,2.5418,2.5339,2.5198,2.4959,2.4574,2.3985,2.3124,2.1916,2.0289,1.8164,1.5440
1648.0000,32.7700,32.7778,32.8013,32.8404,32.8952,32.9656,33.0518,33.1537,33.2713,33.4048,33.5540,33.7190,33.8997,34.0962,34.3084,34.5362,34.7795,35.0382,35.3123,35.6019,35.9071,2.5500,2.5500,2.5500,2.5500,2.5499,2.5499,2.5497,2.5492,2.5482,2.5460,2.5418,2.5339,2.5197,2.4958,2.4573,2.3984,2.3122,2.1914,2.0287,1.8161,1.5437
1649.0000,32.7753,32.7831,32.8066,32.8457,32.9005,32.9709,33.0571,33.1590,33.2766,33.4101,33.5593,33.7243,33.9050,34.1015,34.3137,34.5415,34.7848,35.0435,35.3176,35.6072,35.9125,2.5500,2.5500,2.5500,2.5500,2.5499,2.5499,2.5497,2.5492,2.5482,2.5460,2.5418,2.5338,2.5197,2.4957,2.4572,2.3982,2.3120,2.1912,2.0284,1.8159,1.5435
1650.0000,32.7806,32.7884,32.8118,32.8510,32.9058,32.9762,33.0624,33.1643,33.2820,33.4154,33.5646,33.7296,33.9104,34.1068,34.3190,34.5468,34.7900,35.0487,35.3229,35.6125,35.9178,2.5500,2.5500,2.5500,2.5500,2.5499,2.5499,2.5497,2.5492,2.5482,2.5460,2.5418,2.5338,2.5196,2.4956,2.4571,2.3981,2.3118,2.1910,2.0282,1.8157,1.5433
1651.0000,32.7858,32.7937,32.8171,32.8563,32.9110,32.9815,33.0677,33.1696,33.2873,33.4207,33.5699,33.7349,33.9157,34.1121,34.3243,34.5520,34.7953,35.0540,35.3281,35.6178,35.9232,2.5500,2.5500,2.5500,2.5500,2.5499,2.5499,2.5497,2.5492,2.5481,2.5460,2.5417,2.5338,2.5196,2.4956,2.4570,2.3979,2.3116,2.1908,2.0280,1.8154,1.5430
1652.0000,32.7911,32.7989,32.8224,32.8615,32.9163,32.9868,33.0730,33.1749,33.2926,33.4260,33.5752,33.7402,33.9210,34.1174,34.3296,34.5573,34.8005,35.0592,35.3334,35.6231,35.9286,2.5500,2.5500,2.5500,2.5500,2.5499,2.5499,2.5497,2.5492,2.5481,2.5460,2.5417,2.5337,2.5195,2.4955,2.4569,2.3978,2.3114,2.1905,2.0277,1.8152,1.5428
1653.0000,32.7964,32.8042,32.8277,32.8668,32.9216,32.9921,33.0783,33.1802,33.2979,33.4313,33.5805,33.7455,33.9263,34.1227,34.3349,34.5626,34.8058,35.0645,35.3387,35.6284,35.9339,2.5500,2.5500,2.5500,2.5500,2.5499,2.5499,2.5497,2.5492,2.5481,2.5460,2.5417,2.5337,2.5194,2.4954,2.4567,2.3976,2.3112,2.1903,2.0275,1.8149,1.5426
1654.0000,32.8017,32.8095,32.8330,32.8721,32.9269,32.9974,33.0836,33.1855,33.3032,33.4367,33.5859,33.7509,33.9316,34.1280,34.3401,34.5678,34.8111,35.0697,35.3439,35.6337,35.9393,2.5500,2.5500,2.5500,2.5500,2.5499,2.5499,2.5496,2.5492,2.5481,2.5460,2.5417,2.5337,2.5194,2.4953,2.4566,2.3975,2.3110,2.1901,2.0272,1.8147,1.5424
1655.0000,32.8070,32.8148,32.8383,32.8774,32.9322,33.0027,33.0889,33.1908,33.3085,33.4420,33.5912,33.7562,33.9369,34.1333,34.3454,34.5731,34.8163,35.0750,35.3492,35.6390,35.9447,2.5500,2.5500,2.5500,2.5500,2.5499,2.5499,2.5496,2.5492,2.5481,2.5459,2.5417,2.5336,2.5193,2.4952,2.4565,2.3973,2.3109,2.1899,2.0270,1.8145,1.5421
1656.0000,32.8123,32.8201,32.8436,32.8827,32.9375,33.0080,33.0942,33.1962,33.3138,33.4473,33.5965,33.7615,33.9422,34.1386,34.3507,34.5784,34.8216,35.0803,35.3545,35.6443,35.9500,2.5500,2.5500,2.5500,2.5500,2.5499,2.5499,2.5496,2.5492,2.5481,2.5459,2.5416,2.5336,2.5193,2.4951,2.4564,2.3972,2.3107,2.1897,2.0268,1.8142,1.5419
1657.0000,32.8175,32.8254,32.8489,32.8880,32.9428,33.0133,33.0995,33.2015,33.3191,33.4526,33.6018,33.7668,33.9475,34.1439,34.3560,34.5837,34.8268,35.0855,35.3598,35.6497,35.9554,2.5500,2.5500,2.5500,2.5500,2.5499,2.5499,2.5496,2.5492,2.5481,2.5459,2.5416,2.5335,2.5192,2.4951,2.4563,2.3970,2.3105,2.1895,2.0265,1.8140,1.5417
1658.0000,32.8228,32.8307,32.8541,32.8933,32.9481,33.0186,33.1048,33.2068,33.3245,33.4579,33.6071,33.7721,33.9528,34.1492,34.3613,34.5889,34.8321,35.0908,35.3651,35.6550,35.9608,2.5500,2.5500,2.5500,2.5500,2.5499,2.5499,2.5496,2.5492,2.5481,2.5459,2.5416,2.5335,2.5192,2.4950,2.4562,2.3969,2.3103,2.1892,2.0263,1.8137,1.5415
1659.0000,32.8281,32.8359,32.8594,32.8986,32.9534,33.0239,33.1101,33.2121,33.3298,33.4632,33.6124,33.7774,33.9581,34.1545,34.3666,34.5942,34.8374,35.0961,35.3704,35.6603,35.9662,2.5500,2.5500,2.5500,2.5500,2.5499,2.5499,2.5496,2.5492,2.5481,2.5459,2.5416,2.5335,2.5191,2.4949,2.4561,2.3967,2.3101,2.1890,2.0261,1.8135,1.5412
1660.0000,32.8334,32.8412,32.8647,32.9039,32.9587,33.0292,33.1154,33.2174,33.3351,33.4685,33.6178,33.7827,33.9634,34.1598,34.3719,34.5995,34.8427,35.1014,35.3757,35.6657,35.9716,2.5500,2.5500,2.5500,2.5500,2.5499,2.5499,2.5496,2.5492,2.5481,2.5459,2.5415,2.5334,2.5191,2.4948,2.4559,2.3966,2.3099,2.1888,2.0258,1.8133,1.5410
1661.0000,32.8387,32.8465,32.8700,32.9092,32.9640,33.0345,33.1207,33.2227,33.3404,33.4738,33.6231,33.7880,33.9687,34.1651,34.3771,34.6048,34.8479,35.1066,35.3810,35.6710,35.9770,2.5500,2.5500,2.5500,2.5500,2.5499,2.5499,2.5496,2.5491,2.5481,2.5459,2.5415,2.5334,2.5190,2.4947,2.4558,2.3964,2.3097,2.1886,2.0256,1.8130,1.5408
1662.0000,32.8440,32.8518,32.8753,32.9145,32.9693,33.0398,33.1260,33.2280,33.3457,33.4792,33.6284,33.7933,33.9740,34.1704,34.3824,34.6100,34.8532,35.1119,35.3863,35.6763,35.9824,2.5500,2.5500,2.5500,2.5500,2.5499,2.5499,2.5496,2.5491,2.5481,2.5459,2.5415,2.5334,2.5189,2.4947,2.4557,2.3963,2.3096,2.1884,2.0254,1.8128,1.5405
1663.0000,32.8493,32.8571,32.8806,32.9197,32.9746,33.0451,33.1313,33.2333,33.3510,33.4845,33.6337,33.7986,33.9793,34.1757,34.3877,34.6153,34.8585,35.1172,35.3916,35.6817,35.9878,2.5500,2.5500,2.5500,2.5500,2.5499,2.5499,2.5496,2.5491,2.5481,2.5458,2.5415,2.5333,2.5189,2.4946,2.4556,2.3961,2.3094,2.1882,2.0251,1.8125,1.5403
1664.0000,32.8546,32.8624,32.8859,32.9250,32.9799,33.0504,33.1366,33.2386,33.3563,33.4898,33.6390,33.8040,33.9846,34.1810,34.3930,34.6206,34.8637,35.1225,35.3969,35.6870,35.9932,2.5500,2.5500,2.5500,2.5500,2.5499,2.5499,2.5496,2.5491,2.5481,2.5458,2.5415,2.5333,2.5188,2.4945,2.4555,2.3960,2.3092,2.1879,2.0249,1.8123,1.5401
1665.0000,32.8598,32.8677,32.8912,32.9303,32.9852,33.0557,33.1420,33.2439,33.3616,33.4951,33.6443,33.8093,33.9899,34.1863,34.3983,34.6259,34.8690,35.1278,35.4022,35.6924,35.9986,2.5500,2.5500,2.5500,2.5500,2.5499,2.5498,2.5496,2.5491,2.5481,2.5458,2.5414,2.5333,2.5188,2.4944,2.4554,2.3958,2.3090,2.1877,2.0247,1.8121,1.5399
1666.0000,32.8651,32.8730,32.8965,32.9356,32.9905,33.0610,33.1473,33.2492,33.3669,33.5004,33.6496,33.8146,33.9952,34.1916,34.4036,34.6311,34.8743,35.1331,35.4075,35.6977,36.0040,2.5500,2.5500,2.5500,2.5500,2.5499,2.5498,2.5496,2.5491,2.5481,2.5458,2.5414,2.5332,2.5187,2.4943,2.4553,2.3957,2.3088,2.1875,2.0244,1.8118,1.5396
1667.0000,32.8704,32.8783,32.9017,32.9409,32.9958,33.0663,33.1526,33.2545,33.3723,33.5057,33.6549,33.8199,34.0005,34.1969,34.4088,34.6364,34.8796,35.1384,35.4128,35.7031,36.0095,2.5500,2.5500,2.5500,2.5500,2.5499,2.5498,2.5496,2.5491,2.5480,2.5458,2.5414,2.5332,2.5187,2.4942,2.4551,2.3955,2.3086,2.1873,2.0242,1.8116,1.5394
1668.0000,32.8757,32.8835,32.9070,32.9462,33.0011,33.0716,33.1579,33.2598,33.3776,33.5110,33.6602,33.8252,34.0058,34.2022,34.4141,34.6417,34.8849,35.1437,35.4181,35.7085,36.0149,2.5500,2.5500,2.5500,2.5500,2.5499,2.5498,2.5496,2.5491,2.5480,2.5458,2.5414,2.5332,2.5186,2.4942,2.4550,2.3954,2.3084,2.1871,2.0239,1.8113,1.5392
1669.0000,32.8810,32.8888,32.9123,32.9515,33.0064,33.0769,33.1632,33.2652,33.3829,33.5163,33.6655,33.8305,34.0111,34.2075,34.4194,34.6470,34.8902,35.1490,35.4235,35.7138,36.0203,2.5500,2.5500,2.5500,2.5500,2.5499,2.5498,2.5496,2.5491,2.5480,2.5458,2.5414,2.5331,2.5186,2.4941,2.4549,2.3952,2.3083,2.1869,2.0237,1.8111,1.5390
1670.0000,32.8863,32.8941,32.9176,32.9568,33.0117,33.0822,33.1685,33.2705,33.3882,33.5217,33.6709,33.8358,34.0164,34.2127,34.4247,34.6523,34.8954,35.1543,35.4288,35.7192,36.0257,2.5500,2.5500,2.5500,2.5500,2.5499,2.5498,2.5496,2.5491,2.5480,2.5458,2.5413,2.5331,2.5185,2.4940,2.4548,2.3951,2.3081,2.1867,2.0235,1.8109,1.5387
1671.0000,32.8916,32.8994,32.9229,32.9621,33.0170,33.0875,33.1738,33.2758,33.3935,33.5270,33.6762,33.8411,34.0217,34.2180,34.4300,34.6576,34.9007,35.1596,35.4341,35.7246,36.0312,2.5500,2.5500,2.5500,2.5500,2.5499,2.5498,2.5496,2.5491,2.5480,2.5458,2.5413,2.5331,2.5184,2.4939,2.4547,2.3949,2.3079,2.1864,2.0232,1.8106,1.5385
1672.0000,32.8969,32.9047,32.9282,32.9674,33.0222,33.0928,33.1791,33.2811,33.3988,33.5323,33.6815,33.8464,34.0270,34.2233,34.4353,34.6628,34.9060,35.1649,35.4395,35.7300,36.0366,2.5500,2.5500,2.5500,2.5500,2.5499,2.5498,2.5496,2.5491,2.5480,2.5457,2.5413,2.5330,2.5184,2.4938,2.4546,2.3948,2.3077,2.1862,2.0230,1.8104,1.5383
1673.0000,32.9022,32.9100,32.9335,32.9727,33.0275,33.0981,33.1844,33.2864,33.4041,33.5376,33.6868,33.8517,34.0323,34.2286,34.4406,34.6681,34.9113,35.1702,35.4448,35.7353,36.0420,2.5500,2.5500,2.5500,2.5500,2.5499,2.5498,2.5496,2.5491,2.5480,2.5457,2.5413,2.5330,2.5183,2.4937,2.4545,2.3946,2.3075,2.1860,2.0228,1.8101,1.5381
1674.0000,32.9075,32.9153,32.9388,32.9780,33.0328,33.1034,33.1897,33.2917,33.4094,33.5429,33.6921,33.8570,34.0376,34.2339,34.4459,34.6734,34.9166,35.1755,35.4501,35.7407,36.0475,2.5500,2.5500,2.5500,2.5500,2.5499,2.5498,2.5496,2.5491,2.5480,2.5457,2.5412,2.5329,2.5183,2.4937,2.4543,2.3945,2.3073,2.1858,2.0225,1.8099,1.5378
1675.0000,32.9127,32.9206,32.9441,32.9833,33.0381,33.1087,33.1950,33.2970,33.4147,33.5482,33.6974,33.8623,34.0429,34.2392,34.4511,34.6787,34.9219,35.1808,35.4555,35.7461,36.0529,2.5500,2.5500,2.5500,2.5500,2.5499,2.5498,2.5496,2.5491,2.5480,2.5457,2.5412,2.5329,2.5182,2.4936,2.4542,2.3943,2.3071,2.1856,2.0223,1.8097,1.5376
1676.0000,32.9180,32.9259,32.9494,32.9886,33.0434,33.1140,33.2003,33.3023,33.4200,33.5535,33.7027,33.8676,34.0482,34.2445,34.4564,34.6840,34.9272,35.1861,35.4608,35.7515,36.0584,2.5500,2.5500,2.5500,2.5500,2.5499,2.5498,2.5496,2.5491,2.5480,2.5457,2.5412,2.5329,2.5182,2.4935,2.4541,2.3942,2.3070,2.1854,2.0221,1.8094,1.5374
1677.0000,32.9233,32.9312,32.9547,32.9939,33.0487,33.1193,33.2056,33.3076,33.4253,33.5588,33.7080,33.8729,34.0535,34.2498,34.4617,34.6893,34.9325,35.1914,35.4662,35.7569,36.0638,2.5500,2.5500,2.5500,2.5500,2.5499,2.5498,2.5496,2.5491,2.5480,2.5457,2.5412,2.5328,2.5181,2.4934,2.4540,2.3940,2.3068,2.1851,2.0218,1.8092,1.5372
1678.0000,32.9286,32.9365,32.9600,32.9992,33.0540,33.1246,33.2109,33.3129,33.4307,33.5641,33.7133,33.8782,34.0588,34.2551,34.4670,34.6946,34.9378,35.1968,35.4715,35.7623,36.0693,2.5500,2.5500,2.5500,2.5500,2.5499,2.5498,2.5496,2.5491,2.5480,2.5457,2.5412,2.5328,2.5181,2.4933,2.4539,2.3939,2.3066,2.1849,2.0216,1.8090,1.5369
1679.0000,32.9339,32.9418,32.9653,33.0045,33.0593,33.1299,33.2162,33.3182,33.4360,33.5694,33.7186,33.8835,34.0641,34.2604,34.4723,34.6999,34.9431,35.2021,35.4769,35.7677,36.0747,2.5500,2.5500,2.5500,2.5500,2.5499,2.5498,2.5496,2.5491,2.5480,2.5457,2.5411,2.5328,2.5180,2.4933,2.4538,2.3937,2.3064,2.1847,2.0214,1.8087,1.5367
1680.0000,32.9392,32.9470,32.9706,33.0098,33.0646,33.1352,33.2215,33.3235,33.4413,33.5747,33.7239,33.8888,34.0694,34.2657,34.4776,34.7052,34.9484,35.2074,35.4822,35.7731,36.0802,2.5500,2.5500,2.5500,2.5500,2.5499,2.5498,2.5496,2.5491,2.5480,2.5456,2.5411,2.5327,2.5179,2.4932,2.4537,2.3936,2.3062,2.1845,2.0211,1.8085,1.5365
1681.0000,32.9445,32.9523,32.9759,33.0150,33.0699,33.1405,33.2268,33.3288,33.4466,33.5800,33.7292,33.8941,34.0747,34.2710,34.4829,34.7105,34.9537,35.2127,35.4876,35.7785,36.0857,2.5500,2.5500,2.5500,2.5500,2.5499,2.5498,2.5496,2.5491,2.5480,2.5456,2.5411,2.5327,2.5179,2.4931,2.4535,2.3934,2.3060,2.1843,2.0209,1.8082,1.5363
1682.0000,32.9498,32.9576,32.9811,33.0203,33.0752,33.1458,33.2321,33.3341,33.4519,33.5853,33.7345,33.8994,34.0800,34.2763,34.4882,34.7158,34.9590,35.2181,35.4929,35.7839,36.0913,2.5500,2.5500,2.5500,2.5500,2.5499,2.5498,2.5496,2.5491,2.5479,2.5456,2.5411,2.5327,2.5178,2.4930,2.4534,2.3933,2.3058,2.1841,2.0207,1.8080,1.5360
1683.0000,32.9551,32.9629,32.9864,33.0256,33.0805,33.1511,33.2374,33.3394,33.4572,33.5906,33.7398,33.9047,34.0853,34.2816,34.4935,34.7211,34.9643,35.2234,35.4983,35.7893,36.0969,2.5500,2.5500,2.5500,2.5500,2.5499,2.5498,2.5496,2.5491,2.5479,2.5456,2.5411,2.5326,2.5178,2.4929,2.4533,2.3931,2.3057,2.1838,2.0204,1.8078,1.5358
1684.0000,32.9604,32.9682,32.9917,33.0309,33.0858,33.1564,33.2427,33.3447,33.4625,33.5960,33.7451,33.9100,34.0906,34.2869,34.4988,34.7264,34.9697,35.2287,35.5037,35.7948,36.1025,2.5500,2.5500,2.5500,2.5500,2.5499,2.5498,2.5496,2.5491,2.5479,2.5456,2.5410,2.5326,2.5177,2.4928,2.4532,2.3930,2.3055,2.1836,2.0202,1.8075,1.5356
1685.0000,32.9657,32.9735,32.9970,33.0362,33.0911,33.1617,33.2480,33.3501,33.4678,33.6013,33.7504,33.9153,34.0959,34.2922,34.5041,34.7317,34.9750,35.2341,35.5091,35.8002,36.1081,2.5500,2.5500,2.5500,2.5500,2.5499,2.5498,2.5496,2.5491,2.5479,2.5456,2.5410,2.5325,2.5177,2.4928,2.4531,2.3928,2.3053,2.1834,2.0200,1.8073,1.5354
1686.0000,32.9710,32.9788,33.0023,33.0415,33.0964,33.1670,33.2533,33.3554,33.4731,33.6066,33.7557,33.9206,34.1012,34.2974,34.5094,34.7370,34.9803,35.2394,35.5145,35.8057,36.1138,2.5500,2.5500,2.5500,2.5500,2.5499,2.5498,2.5496,2.5491,2.5479,2.5456,2.5410,2.5325,2.5176,2.4927,2.4530,2.3926,2.3051,2.1832,2.0197,1.8070,1.5351
1687.0000,32.9763,32.9841,33.0076,33.0468,33.1017,33.1723,33.2586,33.3607,33.4784,33.6119,33.7610,33.9259,34.1065,34.3027,34.5147,34.7423,34.9856,35.2447,35.5198,35.8112,36.1195,2.5500,2.5500,2.5500,2.5500,2.5499,2.5498,2.5496,2.5491,2.5479,2.5456,2.5410,2.5325,2.5175,2.4926,2.4528,2.3925,2.3049,2.1830,2.0195,1.8068,1.5349
1688.0000,32.9816,32.9894,33.0129,33.0521,33.1070,33.1776,33.2639,33.3660,33.4837,33.6172,33.7664,33.9312,34.1118,34.3080,34.5200,34.7476,34.9909,35.2501,35.5253,35.8167,36.1252,2.5500,2.5500,2.5500,2.5500,2.5499,2.5498,2.5496,2.5491,2.5479,2.5455,2.5409,2.5324,2.5175,2.4925,2.4527,2.3923,2.3047,2.1828,2.0193,1.8066,1.5347
1689.0000,32.9869,32.9947,33.0182,33.0574,33.1123,33.1829,33.2692,33.3713,33.4890,33.6225,33.7717,33.9365,34.1171,34.3133,34.5253,34.7529,34.9962,35.2554,35.5307,35.8223,36.1309,2.5500,2.5500,2.5500,2.5500,2.5499,2.5498,2.5496,2.5491,2.5479,2.5455,2.5409,2.5324,2.5174,2.4924,2.4526,2.3922,2.3045,2.1826,2.0190,1.8063,1.5345
1690.0000,32.9922,33.0000,33.0235,33.0627,33.1176,33.1882,33.2746,33.3766,33.4943,33.6278,33.7770,33.9418,34.1224,34.3186,34.5306,34.7582,35.0016,35.2608,35.5361,35.8278,36.1367,2.5500,2.5500,2.5500,2.5500,2.5499,2.5498,2.5496,2.5491,2.5479,2.5455,2.5409,2.5324,2.5174,2.4923,2.4525,2.3920,2.3044,2.1823,2.0188,1.8061,1.5342
1691.0000,32.9974,33.0053,33.0288,33.0680,33.1229,33.1935,33.2799,33.3819,33.4996,33.6331,33.7823,33.9471,34.1277,34.3239,34.5359,34.7635,35.0069,35.2662,35.5415,35.8334,36.1424,2.5500,2.5500,2.5500,2.5500,2.5499,2.5498,2.5496,2.5490,2.5479,2.5455,2.5409,2.5323,2.5173,2.4923,2.4524,2.3919,2.3042,2.1821,2.0186,1.8059,1.5340
1692.0000,33.0027,33.0106,33.0341,33.0733,33.1282,33.1988,33.2852,33.3872,33.5049,33.6384,33.7876,33.9524,34.1330,34.3292,34.5412,34.7688,35.0122,35.2715,35.5470,35.8390,36.1482,2.5500,2.5500,2.5500,2.5500,2.5499,2.5498,2.5496,2.5490,2.5479,2.5455,2.5409,2.5323,2.5173,2.4922,2.4523,2.3917,2.3040,2.1819,2.0183,1.8056,1.5338
1693.0000,33.0080,33.0159,33.0394,33.0786,33.1335,33.2041,33.2905,33.3925,33.5102,33.6437,33.7929,33.9577,34.1383,34.3345,34.5465,34.7741,35.0176,35.2769,35.5524,35.8445,36.1540,2.5500,2.5500,2.5500,2.5500,2.5499,2.5498,2.5496,2.5490,2.5479,2.5455,2.5408,2.5323,2.5172,2.4921,2.4522,2.3916,2.3038,2.1817,2.0181,1.8054,1.5336
1694.0000,33.0133,33.0212,33.0447,33.0839,33.1388,33.2094,33.2958,33.3978,33.5155,33.6490,33.7982,33.9630,34.1436,34.3398,34.5518,34.7795,35.0229,35.2823,35.5579,35.8501,36.1598,2.5500,2.5500,2.5500,2.5500,2.5499,2.5498,2.5496,2.5490,2.5479,2.5455,2.5408,2.5322,2.5172,2.4920,2.4520,2.3914,2.3036,2.1815,2.0179,1.8052,1.5333
1695.0000,33.0186,33.0265,33.0500,33.0892,33.1441,33.2147,33.3011,33.4031,33.5208,33.6543,33.8035,33.9683,34.1489,34.3451,34.5571,34.7848,35.0283,35.2877,35.5634,35.8557,36.1656,2.5500,2.5500,2.5500,2.5500,2.5499,2.5498,2.5496,2.5490,2.5479,2.5455,2.5408,2.5322,2.5171,2.4919,2.4519,2.3913,2.3034,2.1813,2.0176,1.8049,1.5331
1696.0000,33.0239,33.0318,33.0553,33.0945,33.1494,33.2201,33.3064,33.4084,33.5262,33.6596,33.8088,33.9736,34.1542,34.3504,34.5624,34.7901,35.0336,35.2931,35.5689,35.8614,36.1714,2.5500,2.5500,2.5500,2.5500,2.5499,2.5498,2.5496,2.5490,2.5478,2.5454,2.5408,2.5321,2.5170,2.4918,2.4518,2.3911,2.3032,2.1811,2.0174,1.8047,1.5329
1697.0000,33.0292,33.0371,33.0606,33.0998,33.1547,33.2254,33.3117,33.4137,33.5315,33.6649,33.8141,33.9789,34.1595,34.3557,34.5677,34.7954,35.0390,35.2985,35.5744,35.8670,36.1772,2.5500,2.5500,2.5500,2.5500,2.5499,2.5498,2.5496,2.5490,2.5478,2.5454,2.5407,2.5321,2.5170,2.4918,2.4517,2.3910,2.3031,2.1808,2.0172,1.8044,1.5327
1698.0000,33.0345,33.0424,33.0659,33.1051,33.1600,33.2307,33.3170,33.4190,33.5368,33.6702,33.8194,33.9842,34.1648,34.3610,34.5730,34.8007,35.0443,35.3039,35.5799,35.8726,36.1831,2.5500,2.5500,2.5500,2.5500,2.5499,2.5498,2.5496,2.5490,2.5478,2.5454,2.5407,2.5321,2.5169,2.4917,2.4516,2.3908,2.3029,2.1806,2.0169,1.8042,1.5325
1699.0000,33.0398,33.0477,33.0712,33.1104,33.1653,33.2360,33.3223,33.4243,33.5421,33.6755,33.8247,33.9895,34.1701,34.3664,34.5783,34.8061,35.0497,35.3093,35.5854,35.8783,36.1889,2.5500,2.5500,2.5500,2.5500,2.5499,2.5498,2.5496,2.5490,2.5478,2.5454,2.5407,2.5320,2.5169,2.4916,2.4515,2.3907,2.3027,2.1804,2.0167,1.8040,1.5322
1700.0000,33.0451,33.0530,33.0765,33.1157,33.1706,33.2413,33.3276,33.4296,33.5474,33.6808,33.8300,33.9948,34.1754,34.3717,34.5836,34.8114,35.0550,35.3148,35.5909,35.8840,36.1948,2.5500,2.5500,2.5500,2.5500,2.5499,2.5498,2.5496,2.5490,2.5478,2.5454,2.5407,2.5320,2.5168,2.4915,2.4513,2.3905,2.3025,2.1802,2.0165,1.8037,1.5320
1701.0000,33.0504,33.0583,33.0818,33.1210,33.1759,33.2466,33.3329,33.4349,33.5527,33.6861,33.8353,34.0001,34.1807,34.3770,34.5890,34.8167,35.0604,35.3202,35.5964,35.8896,36.2006,2.5500,2.5500,2.5500,2.5500,2.5499,2.5498,2.5496,2.5490,2.5478,2.5454,2.5407,2.5320,2.5168,2.4914,2.4512,2.3904,2.3023,2.1800,2.0162,1.8035,1.5318
1702.0000,33.0557,33.0636,33.0871,33.1263,33.1812,33.2519,33.3382,33.4402,33.5580,33.6914,33.8406,34.0054,34.1860,34.3823,34.5943,34.8221,35.0658,35.3256,35.6020,35.8953,36.2065,2.5500,2.5500,2.5500,2.5500,2.5499,2.5498,2.5496,2.5490,2.5478,2.5454,2.5406,2.5319,2.5167,2.4913,2.4511,2.3902,2.3021,2.1798,2.0160,1.8033,1.5316
1703.0000,33.0610,33.0689,33.0924,33.1316,33.1865,33.2572,33.3435,33.4455,33.5633,33.6967,33.8459,34.0107,34.1913,34.3876,34.5996,34.8274,35.0712,35.3311,35.6075,35.9010,36.2124,2.5500,2.5500,2.5500,2.5500,2.5499,2.5498,2.5496,2.5490,2.5478,2.5454,2.5406,2.5319,2.5166,2.4913,2.4510,2.3901,2.3019,2.1796,2.0158,1.8030,1.5313
1704.0000,33.0663,33.0742,33.0977,33.1369,33.1918,33.2625,33.3488,33.4508,33.5686,33.7020,33.8512,34.0160,34.1966,34.3929,34.6049,34.8328,35.0766,35.3365,35.6131,35.9067,36.2183,2.5500,2.5500,2.5500,2.5500,2.5499,2.5498,2.5496,2.5490,2.5478,2.5453,2.5406,2.5319,2.5166,2.4912,2.4509,2.3899,2.3018,2.1793,2.0155,1.8028,1.5311
1705.0000,33.0716,33.0795,33.1030,33.1422,33.1971,33.2678,33.3541,33.4561,33.5739,33.7073,33.8565,34.0214,34.2019,34.3982,34.6102,34.8381,35.0819,35.3420,35.6186,35.9124,36.2242,2.5500,2.5500,2.5500,2.5500,2.5499,2.5498,2.5496,2.5490,2.5478,2.5453,2.5406,2.5318,2.5165,2.4911,2.4508,2.3898,2.3016,2.1791,2.0153,1.8026,1.5309
1706.0000,33.0769,33.0848,33.1083,33.1475,33.2024,33.2731,33.3594,33.4614,33.5792,33.7126,33.8618,34.0267,34.2072,34.4035,34.6156,34.8435,35.0873,35.3475,35.6242,35.9182,36.2302,2.5500,2.5500,2.5500,2.5500,2.5499,2.5498,2.5496,2.5490,2.5478,2.5453,2.5405,2.5318,2.5165,2.4910,2.4506,2.3896,2.3014,2.1789,2.0151,1.8023,1.5307
1707.0000,33.0822,33.0901,33.1136,33.1528,33.2077,33.2784,33.3647,33.4667,33.5845,33.7179,33.8671,34.0320,34.2125,34.4088,34.6209,34.8488,35.0927,35.3529,35.6298,35.9239,36.2361,2.5500,2.5500,2.5500,2.5500,2.5499,2.5498,2.5496,2.5490,2.5478,2.5453,2.5405,2.5317,2.5164,2.4909,2.4505,2.3895,2.3012,2.1787,2.0148,1.8021,1.5305
1708.0000,33.0875,33.0954,33.1189,33.1581,33.2130,33.2837,33.3700,33.4720,33.5898,33.7232,33.8724,34.0373,34.2178,34.4141,34.6262,34.8542,35.0981,35.3584,35.6354,35.9297,36.2420,2.5500,2.5500,2.5500,2.5500,2.5499,2.5498,2.5496,2.5490,2.5478,2.5453,2.5405,2.5317,2.5164,2.4908,2.4504,2.3893,2.3010,2.1785,2.0146,1.8019,1.5302
1709.0000,33.0928,33.1007,33.1242,33.1634,33.2183,33.2890,33.3753,33.4774,33.5951,33.7285,33.8777,34.0426,34.2231,34.4195,34.6316,34.8595,35.1036,35.3639,35.6410,35.9354,36.2480,2.5500,2.5500,2.5500,2.5500,2.5499,2.5498,2.5496,2.5490,2.5478,2.5453,2.5405,2.5317,2.5163,2.4907,2.4503,2.3892,2.3008,2.1783,2.0144,1.8016,1.5300
1710.0000,33.0981,33.1060,33.1295,33.1687,33.2237,33.2943,33.3806,33.4827,33.6004,33.7339,33.8830,34.0479,34.2285,34.4248,34.6369,34.8649,35.1090,35.3694,35.6466,35.9412,36.2539,2.5500,2.5500,2.5500,2.5500,2.5499,2.5498,2.5496,2.5490,2.5478,2.5453,2.5405,2.5316,2.5162,2.4907,2.4502,2.3890,2.3007,2.1781,2.0142,1.8014,1.5298
1711.0000,33.1034,33.1113,33.1348,33.1740,33.2290,33.2996,33.3859,33.4880,33.6057,33.7392,33.8883,34.0532,34.2338,34.4301,34.6422,34.8703,35.1144,35.3749,35.6522,35.9469,36.2599,2.5500,2.5500,2.5500,2.5500,2.5499,2.5498,2.5496,2.5490,2.5477,2.5452,2.5404,2.5316,2.5162,2.4906,2.4501,2.3889,2.3005,2.1779,2.0139,1.8012,1.5296
1712.0000,33.1087,33.1166,33.1401,33.1793,33.2343,33.3049,33.3912,33.4933,33.6110,33.7445,33.8936,34.0585,34.2391,34.4354,34.6476,34.8756,35.1198,35.3804,35.6578,35.9527,36.2659,2.5500,2.5500,2.5500,2.5500,2.5499,2.5498,2.5496,2.5490,2.5477,2.5452,2.5404,2.5316,2.5161,2.4905,2.4500,2.3887,2.3003,2.1776,2.0137,1.8009,1.5293
1713.0000,33.1140,33.1218,33.1454,33.1846,33.2396,33.3102,33.3965,33.4986,33.6163,33.7498,33.8989,34.0638,34.2444,34.4407,34.6529,34.8810,35.1253,35.3859,35.6635,35.9585,36.2719,2.5500,2.5500,2.5500,2.5500,2.5499,2.5498,2.5496,2.5490,2.5477,2.5452,2.5404,2.5315,2.5161,2.4904,2.4498,2.3886,2.3001,2.1774,2.0135,1.8007,1.5291
1714.0000,33.1193,33.1271,33.1507,33.1899,33.2449,33.3155,33.4018,33.5039,33.6216,33.7551,33.9042,34.0691,34.2497,34.4461,34.6583,34.8864,35.1307,35.3914,35.6691,35.9643,36.2779,2.5500,2.5500,2.5500,2.5500,2.5499,2.5498,2.5495,2.5490,2.5477,2.5452,2.5404,2.5315,2.5160,2.4903,2.4497,2.3884,2.2999,2.1772,2.0132,1.8004,1.5289
1715.0000,33.1246,33.1324,33.1560,33.1952,33.2502,33.3208,33.4071,33.5092,33.6269,33.7604,33.9095,34.0744,34.2550,34.4514,34.6636,34.8918,35.1361,35.3970,35.6748,35.9701,36.2839,2.5500,2.5500,2.5500,2.5500,2.5499,2.5498,2.5495,2.5490,2.5477,2.5452,2.5403,2.5314,2.5160,2.4902,2.4496,2.3883,2.2997,2.1770,2.0130,1.8002,1.5287
1716.0000,33.1299,33.1377,33.1613,33.2005,33.2555,33.3261,33.4124,33.5145,33.6322,33.7657,33.9148,34.0797,34.2603,34.4567,34.6690,34.8972,35.1416,35.4025,35.6804,35.9759,36.2899,2.5500,2.5500,2.5500,2.5500,2.5499,2.5498,2.5495,2.5490,2.5477,2.5452,2.5403,2.5314,2.5159,2.4902,2.4495,2.3881,2.2995,2.1768,2.0128,1.8000,1.5285
1717.0000,33.1352,33.1430,33.1666,33.2058,33.2608,33.3314,33.4177,33.5198,33.6375,33.7710,33.9201,34.0850,34.2656,34.4620,34.6743,34.9026,35.1470,35.4081,35.6861,35.9817,36.2959,2.5500,2.5500,2.5500,2.5500,2.5499,2.5498,2.5495,2.5490,2.5477,2.5452,2.5403,2.5314,2.5158,2.4901,2.4494,2.3880,2.2994,2.1766,2.0125,1.7997,1.5282
1718.0000,33.1405,33.1483,33.1719,33.2111,33.2661,33.3367,33.4230,33.5251,33.6428,33.7763,33.9254,34.0903,34.2710,34.4674,34.6797,34.9080,35.1525,35.4136,35.6917,35.9876,36.3019,2.5500,2.5500,2.5500,2.5500,2.5499,2.5498,2.5495,2.5489,2.5477,2.5452,2.5403,2.5313,2.5158,2.4900,2.4493,2.3878,2.2992,2.1764,2.0123,1.7995,1.5280
1719.0000,33.1458,33.1536,33.1772,33.2164,33.2714,33.3420,33.4283,33.5304,33.6481,33.7816,33.9307,34.0956,34.2763,34.4727,34.6850,34.9134,35.1580,35.4192,35.6974,35.9934,36.3079,2.5500,2.5500,2.5500,2.5500,2.5499,2.5498,2.5495,2.5489,2.5477,2.5451,2.5403,2.5313,2.5157,2.4899,2.4491,2.3877,2.2990,2.1761,2.0121,1.7993,1.5278
1720.0000,33.1511,33.1589,33.1825,33.2217,33.2767,33.3473,33.4336,33.5357,33.6534,33.7869,33.9361,34.1010,34.2816,34.4781,34.6904,34.9188,35.1634,35.4247,35.7031,35.9993,36.3140,2.5500,2.5500,2.5500,2.5500,2.5499,2.5498,2.5495,2.5489,2.5477,2.5451,2.5402,2.5313,2.5157,2.4898,2.4490,2.3875,2.2988,2.1759,2.0118,1.7990,1.5276
1721.0000,33.1564,33.1642,33.1878,33.2270,33.2820,33.3526,33.4389,33.5410,33.6587,33.7922,33.9414,34.1063,34.2869,34.4834,34.6958,34.9242,35.1689,35.4303,35.7088,36.0051,36.3200,2.5500,2.5500,2.5500,2.5500,2.5499,2.5498,2.5495,2.5489,2.5477,2.5451,2.5402,2.5312,2.5156,2.4897,2.4489,2.3874,2.2986,2.1757,2.0116,1.7988,1.5274
1722.0000,33.1617,33.1695,33.1931,33.2323,33.2873,33.3579,33.4442,33.5463,33.6640,33.7975,33.9467,34.1116,34.2922,34.4887,34.7011,34.9296,35.1744,35.4359,35.7145,36.0110,36.3261,2.5500,2.5500,2.5500,2.5500,2.5499,2.5498,2.5495,2.5489,2.5477,2.5451,2.5402,2.5312,2.5155,2.4897,2.4488,2.3872,2.2984,2.1755,2.0114,1.7986,1.5271
1723.0000,33.1670,33.1749,33.1984,33.2376,33.2926,33.3632,33.4495,33.5516,33.6693,33.8028,33.9520,34.1169,34.2976,34.4941,34.7065,34.9350,35.1799,35.4414,35.7202,36.0168,36.3321,2.5500,2.5500,2.5500,2.5500,2.5499,2.5498,2.5495,2.5489,2.5477,2.5451,2.5402,2.5312,2.5155,2.4896,2.4487,2.3871,2.2982,2.1753,2.0112,1.7983,1.5269
1724.0000,33.1723,33.1802,33.2037,33.2429,33.2979,33.3685,33.4548,33.5569,33.6746,33.8081,33.9573,34.1222,34.3029,34.4994,34.7119,34.9404,35.1854,35.4470,35.7259,36.0227,36.3382,2.5500,2.5500,2.5500,2.5500,2.5499,2.5498,2.5495,2.5489,2.5477,2.5451,2.5401,2.5311,2.5154,2.4895,2.4486,2.3869,2.2981,2.1751,2.0109,1.7981,1.5267
1725.0000,33.1776,33.1855,33.2090,33.2482,33.3032,33.3738,33.4602,33.5622,33.6799,33.8134,33.9626,34.1275,34.3082,34.5048,34.7173,34.9459,35.1909,35.4526,35.7316,36.0286,36.3443,2.5500,2.5500,2.5500,2.5500,2.5499,2.5498,2.5495,2.5489,2.5476,2.5451,2.5401,2.5311,2.5154,2.4894,2.4484,2.3868,2.2979,2.1749,2.0107,1.7979,1.5265
1726.0000,33.1829,33.1908,33.2143,33.2535,33.3085,33.3791,33.4655,33.5675,33.6853,33.8187,33.9679,34.1328,34.3136,34.5101,34.7226,34.9513,35.1964,35.4582,35.7374,36.0345,36.3504,2.5500,2.5500,2.5500,2.5500,2.5499,2.5498,2.5495,2.5489,2.5476,2.5450,2.5401,2.5310,2.5153,2.4893,2.4483,2.3866,2.2977,2.1747,2.0105,1.7976,1.5263
1727.0000,33.1882,33.1961,33.2196,33.2588,33.3138,33.3844,33.4708,33.5728,33.6906,33.8240,33.9732,34.1382,34.3189,34.5155,34.7280,34.9567,35.2019,35.4638,35.7431,36.0404,36.3564,2.5500,2.5500,2.5500,2.5500,2.5499,2.5498,2.5495,2.5489,2.5476,2.5450,2.5401,2.5310,2.5153,2.4892,2.4482,2.3865,2.2975,2.1744,2.0102,1.7974,1.5260
1728.0000,33.1935,33.2014,33.2249,33.2641,33.3191,33.3897,33.4761,33.5781,33.6959,33.8293,33.9785,34.1435,34.3242,34.5208,34.7334,34.9622,35.2074,35.4694,35.7488,36.0463,36.3625,2.5500,2.5500,2.5500,2.5500,2.5499,2.5498,2.5495,2.5489,2.5476,2.5450,2.5400,2.5310,2.5152,2.4891,2.4481,2.3863,2.2973,2.1742,2.0100,1.7972,1.5258
1729.0000,33.1988,33.2067,33.2302,33.2694,33.3244,33.3950,33.4814,33.5834,33.7012,33.8346,33.9838,34.1488,34.3295,34.5262,34.7388,34.9676,35.2129,35.4751,35.7546,36.0522,36.3686,2.5500,2.5500,2.5500,2.5500,2.5499,2.5498,2.5495,2.5489,2.5476,2.5450,2.5400,2.5309,2.5151,2.4891,2.4480,2.3862,2.2971,2.1740,2.0098,1.7969,1.5256
1730.0000,33.2041,33.2120,33.2355,33.2747,33.3297,33.4003,33.4867,33.5887,33.7065,33.8399,33.9892,34.1541,34.3349,34.5315,34.7442,34.9731,35.2184,35.4807,35.7604,36.0581,36.3747,2.5500,2.5500,2.5500,2.5500,2.5499,2.5498,2.5495,2.5489,2.5476,2.5450,2.5400,2.5309,2.5151,2.4890,2.4479,2.3860,2.2970,2.1738,2.0095,1.7967,1.5254
1731.0000,33.2094,33.2173,33.2408,33.2800,33.3350,33.4056,33.4920,33.5940,33.7118,33.8453,33.9945,34.1594,34.3402,34.5369,34.7496,34.9785,35.2240,35.4863,35.7661,36.0640,36.3809,2.5500,2.5500,2.5500,2.5500,2.5499,2.5498,2.5495,2.5489,2.5476,2.5450,2.5400,2.5308,2.5150,2.4889,2.4477,2.3859,2.2968,2.1736,2.0093,1.7965,1.5252
1732.0000,33.2147,33.2226,33.2461,33.2853,33.3403,33.4109,33.4973,33.5993,33.7171,33.8506,33.9998,34.1648,34.3456,34.5423,34.7550,34.9840,35.2295,35.4920,35.7719,36.0699,36.3870,2.5500,2.5500,2.5500,2.5500,2.5499,2.5498,2.5495,2.5489,2.5476,2.5450,2.5400,2.5308,2.5150,2.4888,2.4476,2.3857,2.2966,2.1734,2.0091,1.7962,1.5249
1733.0000,33.2200,33.2279,33.2514,33.2906,33.3456,33.4162,33.5026,33.6046,33.7224,33.8559,34.0051,34.1701,34.3509,34.5476,34.7604,34.9895,35.2350,35.4976,35.7777,36.0759,36.3931,2.5500,2.5500,2.5500,2.5500,2.5499,2.5498,2.5495,2.5489,2.5476,2.5450,2.5399,2.5308,2.5149,2.4887,2.4475,2.3856,2.2964,2.1732,2.0089,1.7960,1.5247
1734.0000,33.2253,33.2332,33.2567,33.2959,33.3509,33.4215,33.5079,33.6099,33.7277,33.8612,34.0104,34.1754,34.3562,34.5530,34.7658,34.9949,35.2406,35.5033,35.7834,36.0818,36.3992,2.5500,2.5500,2.5500,2.5500,2.5499,2.5498,2.5495,2.5489,2.5476,2.5449,2.5399,2.5307,2.5149,2.4886,2.4474,2.3854,2.2962,2.1730,2.0086,1.7958,1.5245
1735.0000,33.2306,33.2385,33.2620,33.3012,33.3562,33.4268,33.5132,33.6152,33.7330,33.8665,34.0157,34.1807,34.3616,34.5584,34.7712,35.0004,35.2461,35.5089,35.7892,36.0878,36.4054,2.5500,2.5500,2.5500,2.5500,2.5499,2.5498,2.5495,2.5489,2.5476,2.5449,2.5399,2.5307,2.5148,2.4886,2.4473,2.3853,2.2960,2.1727,2.0084,1.7956,1.5243
1736.0000,33.2359,33.2438,33.2673,33.3065,33.3615,33.4321,33.5185,33.6205,33.7383,33.8718,34.0210,34.1861,34.3669,34.5638,34.7767,35.0059,35.2517,35.5146,35.7950,36.0937,36.4115,2.5500,2.5500,2.5500,2.5500,2.5499,2.5498,2.5495,2.5489,2.5476,2.5449,2.5399,2.5307,2.5147,2.4885,2.4472,2.3851,2.2959,2.1725,2.0082,1.7953,1.5241
1737.0000,33.2412,33.2491,33.2726,33.3119,33.3668,33.4374,33.5238,33.6258,33.7436,33.8771,34.0264,34.1914,34.3723,34.5691,34.7821,35.0113,35.2573,35.5202,35.8008,36.0997,36.4177,2.5500,2.5500,2.5500,2.5500,2.5499,2.5498,2.5495,2.5489,2.5476,2.5449,2.5398,2.5306,2.5147,2.4884,2.4471,2.3850,2.2957,2.1723,2.0079,1.7951,1.5238
1738.0000,33.2465,33.2544,33.2779,33.3172,33.3721,33.4427,33.5291,33.6311,33.7489,33.8824,34.0317,34.1967,34.3776,34.5745,34.7875,35.0168,35.2628,35.5259,35.8066,36.1057,36.4238,2.5500,2.5500,2.5500,2.5500,2.5499,2.5498,2.5495,2.5489,2.5475,2.5449,2.5398,2.5306,2.5146,2.4883,2.4469,2.3848,2.2955,2.1721,2.0077,1.7949,1.5236
1739.0000,33.2518,33.2597,33.2832,33.3225,33.3774,33.4480,33.5344,33.6365,33.7542,33.8877,34.0370,34.2021,34.3830,34.5799,34.7929,35.0223,35.2684,35.5316,35.8124,36.1116,36.4300,2.5500,2.5500,2.5500,2.5500,2.5499,2.5498,2.5495,2.5489,2.5475,2.5449,2.5398,2.5305,2.5146,2.4882,2.4468,2.3847,2.2953,2.1719,2.0075,1.7946,1.5234
1740.0000,33.2571,33.2650,33.2885,33.3278,33.3827,33.4533,33.5397,33.6418,33.7595,33.8931,34.0423,34.2074,34.3883,34.5853,34.7984,35.0278,35.2740,35.5373,35.8183,36.1176,36.4362,2.5500,2.5500,2.5500,2.5500,2.5499,2.5498,2.5495,2.5489,2.5475,2.5449,2.5398,2.5305,2.5145,2.4881,2.4467,2.3845,2.2951,2.1717,2.0073,1.7944,1.5232
1741.0000,33.2624,33.2703,33.2938,33.3331,33.3880,33.4586,33.5450,33.6471,33.7648,33.8984,34.0476,34.2127,34.3937,34.5907,34.8038,35.0333,35.2796,35.5430,35.8241,36.1236,36.4423,2.5500,2.5500,2.5500,2.5500,2.5499,2.5498,2.5495,2.5489,2.5475,2.5448,2.5397,2.5305,2.5144,2.4880,2.4466,2.3844,2.2949,2.1715,2.0070,1.7942,1.5230
1742.0000,33.2677,33.2756,33.2991,33.3384,33.3933,33.4640,33.5503,33.6524,33.7702,33.9037,34.0530,34.2181,34.3991,34.5961,34.8092,35.0388,35.2851,35.5487,35.8299,36.1296,36.4483,2.5500,2.5500,2.5500,2.5500,2.5499,2.5498,2.5495,2.5489,2.5475,2.5448,2.5397,2.5304,2.5144,2.4880,2.4465,2.3842,2.2947,2.1713,2.0068,1.7939,1.5227
1743.0000,33.2730,33.2809,33.3044,33.3437,33.3986,33.4693,33.5556,33.6577,33.7755,33.9090,34.0583,34.2234,34.4044,34.6015,34.8147,35.0443,35.2907,35.5544,35.8357,36.1356,36.4544,2.5500,2.5500,2.5500,2.5500,2.5499,2.5498,2.5495,2.5489,2.5475,2.5448,2.5397,2.5304,2.5143,2.4879,2.4464,2.3841,2.2946,2.1711,2.0066,1.7937,1.5225
1744.0000,33.2783,33.2862,33.3097,33.3490,33.4039,33.4746,33.5609,33.6630,33.7808,33.9143,34.0636,34.2288,34.4098,34.6069,34.8201,35.0498,35.2963,35.5601,35.8416,36.1415,36.4604,2.5500,2.5500,2.5500,2.5500,2.5499,2.5498,2.5495,2.5488,2.5475,2.5448,2.5397,2.5304,2.5143,2.4878,2.4462,2.3839,2.2944,2.1708,2.0063,1.7935,1.5223
1745.0000,33.2836,33.2915,33.3150,33.3543,33.4092,33.4799,33.5662,33.6683,33.7861,33.9196,34.0689,34.2341,34.4152,34.6123,34.8256,35.0553,35.3019,35.5658,35.8474,36.1475,36.4663,2.5500,2.5500,2.5500,2.5500,2.5499,2.5498,2.5495,2.5488,2.5475,2.5448,2.5396,2.5303,2.5142,2.4877,2.4461,2.3838,2.2942,2.1706,2.0061,1.7932,1.5221
1746.0000,33.2889,33.2968,33.3203,33.3596,33.4145,33.4852,33.5715,33.6736,33.7914,33.9249,34.0743,34.2394,34.4205,34.6177,34.8310,35.0609,35.3075,35.5715,35.8533,36.1534,36.4723,2.5500,2.5500,2.5500,2.5500,2.5499,2.5498,2.5495,2.5488,2.5475,2.5448,2.5396,2.5303,2.5141,2.4876,2.4460,2.3836,2.2940,2.1704,2.0059,1.7930,1.5219
1747.0000,33.2942,33.3021,33.3256,33.3649,33.4198,33.4905,33.5768,33.6789,33.7967,33.9303,34.0796,34.2448,34.4259,34.6231,34.8365,35.0664,35.3132,35.5772,35.8591,36.1593,36.4783,2.5500,2.5500,2.5500,2.5500,2.5499,2.5498,2.5495,2.5488,2.5475,2.5448,2.5396,2.5302,2.5141,2.4875,2.4459,2.3835,2.2938,2.1702,2.0057,1.7928,1.5217
1748.0000,33.2995,33.3074,33.3309,33.3702,33.4251,33.4958,33.5821,33.6842,33.8020,33.9356,34.0849,34.2501,34.4313,34.6285,34.8419,35.0719,35.3188,35.5829,35.8649,36.1652,36.4842,2.5500,2.5500,2.5500,2.5500,2.5499,2.5498,2.5495,2.5488,2.5475,2.5447,2.5396,2.5302,2.5140,2.4875,2.4458,2.3833,2.2936,2.1700,2.0054,1.7925,1.5214
1749.0000,33.3048,33.3127,33.3362,33.3755,33.4304,33.5011,33.5874,33.6895,33.8073,33.9409,34.0903,34.2555,34.4366,34.6339,34.8474,35.0774,35.3244,35.5887,35.8707,36.1711,36.4901,2.5500,2.5500,2.5500,2.5500,2.5499,2.5498,2.5495,2.5488,2.5475,2.5447,2.5396,2.5302,2.5140,2.4874,2.4457,2.3832,2.2935,2.1698,2.0052,1.7923,1.5212
1750.0000,33.3101,33.3180,33.3415,33.3808,33.4357,33.5064,33.5927,33.6948,33.8126,33.9462,34.0956,34.2608,34.4420,34.6393,34.8529,35.0830,35.3300,35.5944,35.8766,36.1770,36.4960,2.5500,2.5500,2.5500,2.5500,2.5499,2.5498,2.5495,2.5488,2.5475,2.5447,2.5395,2.5301,2.5139,2.4873,2.4455,2.3830,2.2933,2.1696,2.0050,1.7921,1.5210
1751.0000,33.3154,33.3233,33.3468,33.3861,33.4410,33.5117,33.5981,33.7001,33.8180,33.9515,34.1009,34.2662,34.4474,34.6447,34.8583,35.0885,35.3356,35.6001,35.8824,36.1829,36.5019,2.5500,2.5500,2.5500,2.5500,2.5499,2.5498,2.5495,2.5488,2.5474,2.5447,2.5395,2.5301,2.5139,2.4872,2.4454,2.3829,2.2931,2.1694,2.0047,1.7918,1.5208
1752.0000,33.3207,33.3286,33.3521,33.3914,33.4463,33.5170,33.6034,33.7054,33.8233,33.9569,34.1063,34.2715,34.4528,34.6501,34.8638,35.0941,35.3413,35.6058,35.8882,36.1888,36.5078,2.5500,2.5500,2.5500,2.5500,2.5499,2.5498,2.5495,2.5488,2.5474,2.5447,2.5395,2.5300,2.5138,2.4871,2.4453,2.3827,2.2929,2.1692,2.0045,1.7916,1.5206
1753.0000,33.3260,33.3339,33.3574,33.3967,33.4516,33.5223,33.6087,33.7108,33.8286,33.9622,34.1116,34.2769,34.4582,34.6556,34.8693,35.0996,35.3469,35.6115,35.8940,36.1947,36.5137,2.5500,2.5500,2.5500,2.5500,2.5499,2.5498,2.5495,2.5488,2.5474,2.5447,2.5395,2.5300,2.5137,2.4870,2.4452,2.3826,2.2927,2.1689,2.0043,1.7914,1.5203
1754.0000,33.3313,33.3392,33.3627,33.4020,33.4569,33.5276,33.6140,33.7161,33.8339,33.9675,34.1169,34.2823,34.4636,34.6610,34.8748,35.1052,35.3525,35.6173,35.8998,36.2005,36.5196,2.5500,2.5500,2.5500,2.5500,2.5499,2.5498,2.5495,2.5488,2.5474,2.5447,2.5394,2.5300,2.5137,2.4869,2.4451,2.3824,2.2925,2.1687,2.0041,1.7912,1.5201
1755.0000,33.3366,33.3445,33.3680,33.4073,33.4622,33.5329,33.6193,33.7214,33.8392,33.9728,34.1223,34.2876,34.4689,34.6664,34.8803,35.1107,35.3582,35.6230,35.9056,36.2064,36.5255,2.5500,2.5500,2.5500,2.5500,2.5499,2.5498,2.5495,2.5488,2.5474,2.5447,2.5394,2.5299,2.5136,2.4869,2.4450,2.3822,2.2924,2.1685,2.0038,1.7909,1.5199
1756.0000,33.3419,33.3498,33.3733,33.4126,33.4675,33.5382,33.6246,33.7267,33.8445,33.9782,34.1276,34.2930,34.4743,34.6719,34.8857,35.1163,35.3638,35.6287,35.9114,36.2122,36.5313,2.5500,2.5500,2.5500,2.5500,2.5499,2.5498,2.5495,2.5488,2.5474,2.5446,2.5394,2.5299,2.5136,2.4868,2.4448,2.3821,2.2922,2.1683,2.0036,1.7907,1.5197
1757.0000,33.3472,33.3551,33.3786,33.4179,33.4728,33.5435,33.6299,33.7320,33.8499,33.9835,34.1330,34.2983,34.4797,34.6773,34.8912,35.1218,35.3694,35.6344,35.9172,36.2181,36.5372,2.5500,2.5500,2.5500,2.5500,2.5499,2.5498,2.5495,2.5488,2.5474,2.5446,2.5394,2.5299,2.5135,2.4867,2.4447,2.3819,2.2920,2.1681,2.0034,1.7905,1.5195
1758.0000,33.3525,33.3604,33.3839,33.4232,33.4782,33.5488,33.6352,33.7373,33.8552,33.9888,34.1383,34.3037,34.4851,34.6827,34.8967,35.1274,35.3751,35.6402,35.9230,36.2239,36.5431,2.5500,2.5500,2.5500,2.5500,2.5499,2.5498,2.5495,2.5488,2.5474,2.5446,2.5393,2.5298,2.5134,2.4866,2.4446,2.3818,2.2918,2.1679,2.0031,1.7902,1.5193
1759.0000,33.3578,33.3657,33.3892,33.4285,33.4835,33.5541,33.6405,33.7426,33.8605,33.9942,34.1437,34.3091,34.4905,34.6882,34.9022,35.1330,35.3807,35.6459,35.9288,36.2297,36.5489,2.5500,2.5500,2.5500,2.5500,2.5499,2.5498,2.5495,2.5488,2.5474,2.5446,2.5393,2.5298,2.5134,2.4865,2.4445,2.3816,2.2916,2.1677,2.0029,1.7900,1.5190
1760.0000,33.3631,33.3710,33.3945,33.4338,33.4888,33.5594,33.6458,33.7479,33.8658,33.9995,34.1490,34.3144,34.4959,34.6936,34.9077,35.1385,35.3864,35.6516,35.9346,36.2356,36.5547,2.5500,2.5500,2.5500,2.5500,2.5499,2.5498,2.5495,2.5488,2.5474,2.5446,2.5393,2.5297,2.5133,2.4864,2.4444,2.3815,2.2914,2.1675,2.0027,1.7898,1.5188
1761.0000,33.3684,33.3763,33.3999,33.4391,33.4941,33.5647,33.6511,33.7533,33.8711,34.0048,34.1544,34.3198,34.5013,34.6991,34.9132,35.1441,35.3920,35.6573,35.9404,36.2414,36.5606,2.5500,2.5500,2.5500,2.5500,2.5499,2.5498,2.5495,2.5488,2.5474,2.5446,2.5393,2.5297,2.5133,2.4863,2.4442,2.3813,2.2913,2.1673,2.0025,1.7895,1.5186
1762.0000,33.3738,33.3816,33.4052,33.4444,33.4994,33.5700,33.6564,33.7586,33.8765,34.0102,34.1597,34.3252,34.5067,34.7045,34.9187,35.1497,35.3977,35.6630,35.9461,36.2472,36.5664,2.5500,2.5500,2.5500,2.5500,2.5499,2.5498,2.5495,2.5488,2.5474,2.5446,2.5392,2.5297,2.5132,2.4863,2.4441,2.3812,2.2911,2.1670,2.0022,1.7893,1.5184
1763.0000,33.3791,33.3869,33.4105,33.4497,33.5047,33.5753,33.6617,33.7639,33.8818,34.0155,34.1651,34.3306,34.5121,34.7100,34.9242,35.1552,35.4033,35.6688,35.9519,36.2530,36.5722,2.5500,2.5500,2.5500,2.5500,2.5499,2.5498,2.5495,2.5488,2.5474,2.5445,2.5392,2.5296,2.5131,2.4862,2.4440,2.3810,2.2909,2.1668,2.0020,1.7891,1.5182
1764.0000,33.3844,33.3922,33.4158,33.4550,33.5100,33.5807,33.6671,33.7692,33.8871,34.0208,34.1704,34.3359,34.5176,34.7154,34.9298,35.1608,35.4090,35.6745,35.9577,36.2588,36.5781,2.5500,2.5500,2.5500,2.5500,2.5499,2.5498,2.5494,2.5488,2.5473,2.5445,2.5392,2.5296,2.5131,2.4861,2.4439,2.3809,2.2907,2.1666,2.0018,1.7889,1.5180
1765.0000,33.3897,33.3975,33.4211,33.4603,33.5153,33.5860,33.6724,33.7745,33.8924,34.0262,34.1758,34.3413,34.5230,34.7209,34.9353,35.1664,35.4146,35.6802,35.9635,36.2646,36.5839,2.5500,2.5500,2.5500,2.5500,2.5499,2.5498,2.5494,2.5488,2.5473,2.5445,2.5392,2.5295,2.5130,2.4860,2.4438,2.3807,2.2905,2.1664,2.0016,1.7886,1.5177
1766.0000,33.3950,33.4028,33.4264,33.4656,33.5206,33.5913,33.6777,33.7798,33.8978,34.0315,34.1811,34.3467,34.5284,34.7263,34.9408,35.1720,35.4202,35.6859,35.9692,36.2704,36.5897,2.5500,2.5500,2.5500,2.5500,2.5499,2.5498,2.5494,2.5488,2.5473,2.5445,2.5391,2.5295,2.5130,2.4859,2.4437,2.3806,2.2903,2.1662,2.0013,1.7884,1.5175
1767.0000,33.4003,33.4081,33.4317,33.4709,33.5259,33.5966,33.6830,33.7852,33.9031,34.0368,34.1865,34.3521,34.5338,34.7318,34.9463,35.1776,35.4259,35.6916,35.9750,36.2762,36.5955,2.5500,2.5500,2.5500,2.5500,2.5499,2.5498,2.5494,2.5488,2.5473,2.5445,2.5391,2.5295,2.5129,2.4858,2.4435,2.3804,2.2902,2.1660,2.0011,1.7882,1.5173
1768.0000,33.4056,33.4134,33.4370,33.4762,33.5312,33.6019,33.6883,33.7905,33.9084,34.0422,34.1918,34.3575,34.5392,34.7373,34.9518,35.1831,35.4315,35.6973,35.9807,36.2820,36.6013,2.5500,2.5500,2.5500,2.5500,2.5499,2.5498,2.5494,2.5487,2.5473,2.5445,2.5391,2.5294,2.5128,2.4857,2.4434,2.3803,2.2900,2.1658,2.0009,1.7879,1.5171
1769.0000,33.4109,33.4187,33.4423,33.4815,33.5365,33.6072,33.6936,33.7958,33.9137,34.0475,34.1972,34.3629,34.5446,34.7427,34.9573,35.1887,35.4372,35.7030,35.9865,36.2878,36.6071,2.5500,2.5500,2.5500,2.5500,2.5499,2.5498,2.5494,2.5487,2.5473,2.5445,2.5391,2.5294,2.5128,2.4857,2.4433,2.3801,2.2898,2.1656,2.0007,1.7877,1.5169
1770.0000,33.4162,33.4240,33.4476,33.4868,33.5418,33.6125,33.6989,33.8011,33.9191,34.0529,34.2026,34.3682,34.5501,34.7482,34.9629,35.1943,35.4428,35.7087,35.9923,36.2936,36.6129,2.5500,2.5500,2.5500,2.5500,2.5499,2.5498,2.5494,2.5487,2.5473,2.5444,2.5390,2.5293,2.5127,2.4856,2.4432,2.3800,2.2896,2.1654,2.0004,1.7875,1.5167
1771.0000,33.4215,33.4293,33.4529,33.4921,33.5471,33.6178,33.7042,33.8064,33.9244,34.0582,34.2079,34.3736,34.5555,34.7537,34.9684,35.1999,35.4485,35.7144,35.9980,36.2994,36.6187,2.5500,2.5500,2.5500,2.5500,2.5499,2.5498,2.5494,2.5487,2.5473,2.5444,2.5390,2.5293,2.5127,2.4855,2.4431,2.3798,2.2894,2.1652,2.0002,1.7873,1.5164
1772.0000,33.4268,33.4346,33.4582,33.4975,33.5524,33.6231,33.7096,33.8117,33.9297,34.0636,34.2133,34.3790,34.5609,34.7591,34.9739,35.2055,35.4541,35.7201,36.0038,36.3052,36.6245,2.5500,2.5500,2.5500,2.5500,2.5499,2.5498,2.5494,2.5487,2.5473,2.5444,2.5390,2.5293,2.5126,2.4854,2.4430,2.3797,2.2892,2.1649,2.0000,1.7870,1.5162
1773.0000,33.4321,33.4399,33.4635,33.5028,33.5577,33.6284,33.7149,33.8171,33.9351,34.0689,34.2187,34.3844,34.5664,34.7646,34.9794,35.2111,35.4598,35.7258,36.0095,36.3110,36.6303,2.5500,2.5500,2.5500,2.5500,2.5499,2.5498,2.5494,2.5487,2.5473,2.5444,2.5390,2.5292,2.5125,2.4853,2.4428,2.3795,2.2891,2.1647,1.9997,1.7868,1.5160
1774.0000,33.4374,33.4452,33.4688,33.5081,33.5630,33.6337,33.7202,33.8224,33.9404,34.0742,34.2240,34.3898,34.5718,34.7701,34.9850,35.2167,35.4654,35.7315,36.0153,36.3167,36.6360,2.5500,2.5500,2.5500,2.5500,2.5499,2.5498,2.5494,2.5487,2.5473,2.5444,2.5389,2.5292,2.5125,2.4852,2.4427,2.3794,2.2889,2.1645,1.9995,1.7866,1.5158
1775.0000,33.4427,33.4505,33.4741,33.5134,33.5684,33.6391,33.7255,33.8277,33.9457,34.0796,34.2294,34.3952,34.5772,34.7756,34.9905,35.2222,35.4711,35.7372,36.0210,36.3225,36.6418,2.5500,2.5500,2.5500,2.5500,2.5499,2.5498,2.5494,2.5487,2.5473,2.5444,2.5389,2.5292,2.5124,2.4851,2.4426,2.3792,2.2887,2.1643,1.9993,1.7863,1.5156
1776.0000,33.4480,33.4558,33.4794,33.5187,33.5737,33.6444,33.7308,33.8330,33.9511,34.0849,34.2348,34.4006,34.5827,34.7811,34.9960,35.2278,35.4767,35.7429,36.0267,36.3283,36.6476,2.5500,2.5500,2.5500,2.5500,2.5499,2.5498,2.5494,2.5487,2.5472,2.5444,2.5389,2.5291,2.5124,2.4851,2.4425,2.3791,2.2885,2.1641,1.9991,1.7861,1.5154
1777.0000,33.4533,33.4612,33.4847,33.5240,33.5790,33.6497,33.7361,33.8384,33.9564,34.0903,34.2401,34.4060,34.5881,34.7865,35.0016,35.2334,35.4824,35.7486,36.0325,36.3340,36.6534,2.5500,2.5500,2.5500,2.5500,2.5499,2.5497,2.5494,2.5487,2.5472,2.5443,2.5389,2.5291,2.5123,2.4850,2.4424,2.3789,2.2883,2.1639,1.9988,1.7859,1.5152
1778.0000,33.4586,33.4665,33.4900,33.5293,33.5843,33.6550,33.7415,33.8437,33.9617,34.0957,34.2455,34.4114,34.5935,34.7920,35.0071,35.2390,35.4880,35.7543,36.0382,36.3398,36.6591,2.5500,2.5500,2.5500,2.5500,2.5499,2.5497,2.5494,2.5487,2.5472,2.5443,2.5388,2.5290,2.5122,2.4849,2.4423,2.3788,2.2881,2.1637,1.9986,1.7857,1.5149
1779.0000,33.4639,33.4718,33.4953,33.5346,33.5896,33.6603,33.7468,33.8490,33.9671,34.1010,34.2509,34.4168,34.5990,34.7975,35.0126,35.2446,35.4937,35.7600,36.0440,36.3456,36.6649,2.5500,2.5500,2.5500,2.5500,2.5499,2.5497,2.5494,2.5487,2.5472,2.5443,2.5388,2.5290,2.5122,2.4848,2.4421,2.3786,2.2880,2.1635,1.9984,1.7854,1.5147
1780.0000,33.4692,33.4771,33.5006,33.5399,33.5949,33.6656,33.7521,33.8543,33.9724,34.1064,34.2563,34.4222,34.6044,34.8030,35.0182,35.2502,35.4993,35.7657,36.0497,36.3513,36.6707,2.5500,2.5500,2.5500,2.5500,2.5499,2.5497,2.5494,2.5487,2.5472,2.5443,2.5388,2.5290,2.5121,2.4847,2.4420,2.3785,2.2878,2.1633,1.9982,1.7852,1.5145
1781.0000,33.4745,33.4824,33.5059,33.5452,33.6002,33.6709,33.7574,33.8597,33.9778,34.1117,34.2616,34.4277,34.6099,34.8085,35.0237,35.2558,35.5049,35.7714,36.0554,36.3571,36.6764,2.5500,2.5500,2.5500,2.5500,2.5499,2.5497,2.5494,2.5487,2.5472,2.5443,2.5388,2.5289,2.5121,2.4846,2.4419,2.3783,2.2876,2.1631,1.9979,1.7850,1.5143
1782.0000,33.4798,33.4877,33.5112,33.5505,33.6055,33.6762,33.7627,33.8650,33.9831,34.1171,34.2670,34.4331,34.6153,34.8140,35.0293,35.2614,35.5106,35.7771,36.0611,36.3628,36.6822,2.5500,2.5500,2.5500,2.5500,2.5499,2.5497,2.5494,2.5487,2.5472,2.5443,2.5388,2.5289,2.5120,2.4845,2.4418,2.3782,2.2874,2.1629,1.9977,1.7847,1.5141
1783.0000,33.4851,33.4930,33.5165,33.5558,33.6108,33.6816,33.7681,33.8703,33.9884,34.1224,34.2724,34.4385,34.6208,34.8195,35.0348,35.2670,35.5162,35.7828,36.0669,36.3686,36.6880,2.5500,2.5500,2.5500,2.5500,2.5499,2.5497,2.5494,2.5487,2.5472,2.5443,2.5387,2.5288,2.5119,2.4844,2.4417,2.3780,2.2872,2.1626,1.9975,1.7845,1.5139
1784.0000,33.4904,33.4983,33.5219,33.5611,33.6161,33.6869,33.7734,33.8757,33.9938,34.1278,34.2778,34.4439,34.6262,34.8250,35.0404,35.2726,35.5219,35.7885,36.0726,36.3743,36.6937,2.5500,2.5500,2.5500,2.5500,2.5499,2.5497,2.5494,2.5487,2.5472,2.5442,2.5387,2.5288,2.5119,2.4844,2.4416,2.3779,2.2871,2.1624,1.9973,1.7843,1.5137
1785.0000,33.4957,33.5036,33.5272,33.5664,33.6214,33.6922,33.7787,33.8810,33.9991,34.1332,34.2832,34.4493,34.6317,34.8305,35.0459,35.2782,35.5275,35.7942,36.0783,36.3801,36.6995,2.5500,2.5500,2.5500,2.5500,2.5499,2.5497,2.5494,2.5487,2.5472,2.5442,2.5387,2.5288,2.5118,2.4843,2.4414,2.3777,2.2869,2.1622,1.9970,1.7841,1.5134
1786.0000,33.5010,33.5089,33.5325,33.5717,33.6268,33.6975,33.7840,33.8863,34.0045,34.1385,34.2886,34.4547,34.6371,34.8360,35.0514,35.2838,35.5332,35.7999,36.0840,36.3858,36.7052,2.5500,2.5500,2.5500,2.5500,2.5499,2.5497,2.5494,2.5487,2.5472,2.5442,2.5387,2.5287,2.5118,2.4842,2.4413,2.3776,2.2867,2.1620,1.9968,1.7838,1.5132
1787.0000,33.5063,33.5142,33.5378,33.5771,33.6321,33.7028,33.7893,33.8917,34.0098,34.1439,34.2940,34.4601,34.6426,34.8415,35.0570,35.2894,35.5388,35.8056,36.0898,36.3916,36.7110,2.5500,2.5500,2.5500,2.5500,2.5499,2.5497,2.5494,2.5487,2.5472,2.5442,2.5386,2.5287,2.5117,2.4841,2.4412,2.3774,2.2865,2.1618,1.9966,1.7836,1.5130
1788.0000,33.5117,33.5195,33.5431,33.5824,33.6374,33.7081,33.7947,33.8970,34.0152,34.1493,34.2994,34.4656,34.6480,34.8470,35.0625,35.2950,35.5445,35.8112,36.0955,36.3973,36.7167,2.5500,2.5500,2.5500,2.5500,2.5499,2.5497,2.5494,2.5487,2.5472,2.5442,2.5386,2.5286,2.5116,2.4840,2.4411,2.3773,2.2863,2.1616,1.9964,1.7834,1.5128
1789.0000,33.5170,33.5248,33.5484,33.5877,33.6427,33.7135,33.8000,33.9023,34.0205,34.1546,34.3047,34.4710,34.6535,34.8525,35.0681,35.3006,35.5501,35.8169,36.1012,36.4030,36.7225,2.5500,2.5500,2.5500,2.5500,2.5499,2.5497,2.5494,2.5487,2.5471,2.5442,2.5386,2.5286,2.5116,2.4839,2.4410,2.3771,2.2861,2.1614,1.9961,1.7832,1.5126
1790.0000,33.5223,33.5301,33.5537,33.5930,33.6480,33.7188,33.8053,33.9077,34.0259,34.1600,34.3101,34.4764,34.6590,34.8580,35.0736,35.3062,35.5557,35.8226,36.1069,36.4088,36.7282,2.5500,2.5500,2.5500,2.5500,2.5499,2.5497,2.5494,2.5487,2.5471,2.5441,2.5386,2.5286,2.5115,2.4838,2.4409,2.3770,2.2860,2.1612,1.9959,1.7829,1.5124
1791.0000,33.5276,33.5354,33.5590,33.5983,33.6533,33.7241,33.8106,33.9130,34.0312,34.1654,34.3155,34.4818,34.6644,34.8635,35.0792,35.3117,35.5614,35.8283,36.1126,36.4145,36.7340,2.5500,2.5500,2.5500,2.5500,2.5499,2.5497,2.5494,2.5486,2.5471,2.5441,2.5385,2.5285,2.5115,2.4838,2.4407,2.3768,2.2858,2.1610,1.9957,1.7827,1.5122
1792.0000,33.5329,33.5407,33.5643,33.6036,33.6586,33.7294,33.8160,33.9183,34.0366,34.1707,34.3209,34.4873,34.6699,34.8690,35.0847,35.3173,35.5670,35.8340,36.1183,36.4202,36.7397,2.5500,2.5500,2.5500,2.5500,2.5499,2.5497,2.5494,2.5486,2.5471,2.5441,2.5385,2.5285,2.5114,2.4837,2.4406,2.3767,2.2856,2.1608,1.9955,1.7825,1.5119
1793.0000,33.5382,33.5460,33.5696,33.6089,33.6640,33.7347,33.8213,33.9237,34.0419,34.1761,34.3263,34.4927,34.6754,34.8745,35.0903,35.3229,35.5727,35.8396,36.1240,36.4260,36.7454,2.5500,2.5500,2.5500,2.5500,2.5499,2.5497,2.5494,2.5486,2.5471,2.5441,2.5385,2.5284,2.5113,2.4836,2.4405,2.3765,2.2854,2.1606,1.9952,1.7822,1.5117
1794.0000,33.5435,33.5514,33.5749,33.6142,33.6693,33.7401,33.8266,33.9290,34.0473,34.1815,34.3317,34.4981,34.6808,34.8800,35.0958,35.3285,35.5783,35.8453,36.1298,36.4317,36.7512,2.5500,2.5500,2.5500,2.5500,2.5499,2.5497,2.5494,2.5486,2.5471,2.5441,2.5385,2.5284,2.5113,2.4835,2.4404,2.3764,2.2852,2.1603,1.9950,1.7820,1.5115
1795.0000,33.5488,33.5567,33.5802,33.6195,33.6746,33.7454,33.8320,33.9344,34.0526,34.1869,34.3371,34.5036,34.6863,34.8855,35.1014,35.3341,35.5839,35.8510,36.1355,36.4374,36.7569,2.5500,2.5500,2.5500,2.5500,2.5499,2.5497,2.5494,2.5486,2.5471,2.5441,2.5384,2.5284,2.5112,2.4834,2.4403,2.3762,2.2850,2.1601,1.9948,1.7818,1.5113
1796.0000,33.5541,33.5620,33.5855,33.6249,33.6799,33.7507,33.8373,33.9397,34.0580,34.1922,34.3425,34.5090,34.6918,34.8910,35.1069,35.3397,35.5896,35.8567,36.1412,36.4431,36.7626,2.5500,2.5500,2.5500,2.5500,2.5499,2.5497,2.5494,2.5486,2.5471,2.5441,2.5384,2.5283,2.5112,2.4833,2.4401,2.3761,2.2849,2.1599,1.9946,1.7816,1.5111
1797.0000,33.5594,33.5673,33.5909,33.6302,33.6852,33.7560,33.8426,33.9451,34.0634,34.1976,34.3479,34.5144,34.6972,34.8965,35.1125,35.3453,35.5952,35.8624,36.1469,36.4489,36.7684,2.5500,2.5500,2.5500,2.5500,2.5499,2.5497,2.5494,2.5486,2.5471,2.5440,2.5384,2.5283,2.5111,2.4832,2.4400,2.3759,2.2847,2.1597,1.9943,1.7813,1.5109
1798.0000,33.5647,33.5726,33.5962,33.6355,33.6905,33.7614,33.8480,33.9504,34.0687,34.2030,34.3533,34.5199,34.7027,34.9020,35.1181,35.3509,35.6009,35.8680,36.1526,36.4546,36.7741,2.5500,2.5500,2.5500,2.5500,2.5499,2.5497,2.5494,2.5486,2.5471,2.5440,2.5384,2.5282,2.5110,2.4831,2.4399,2.3758,2.2845,2.1595,1.9941,1.7811,1.5107
1799.0000,33.5700,33.5779,33.6015,33.6408,33.6959,33.7667,33.8533,33.9557,34.0741,34.2084,34.3588,34.5253,34.7082,34.9076,35.1236,35.3565,35.6065,35.8737,36.1583,36.4603,36.7798,2.5500,2.5500,2.5500,2.5500,2.5499,2.5497,2.5494,2.5486,2.5471,2.5440,2.5383,2.5282,2.5110,2.4831,2.4398,2.3756,2.2843,2.1593,1.9939,1.7809,1.5104
1800.0000,33.5753,33.5832,33.6068,33.6461,33.7012,33.7720,33.8586,33.9611,34.0794,34.2138,34.3642,34.5307,34.7137,34.9131,35.1292,35.3621,35.6121,35.8794,36.1640,36.4660,36.7856,2.5500,2.5500,2.5500,2.5500,2.5499,2.5497,2.5494,2.5486,2.5470,2.5440,2.5383,2.5282,2.5109,2.4830,2.4397,2.3755,2.2841,2.1591,1.9937,1.7807,1.5102
