t,X_0.0,X_0.1,X_0.2,X_0.3,X_0.4,X_0.5,X_0.6,X_0.7,X_0.8,X_0.9,X_1.0,X_1.1,X_1.2,X_1.3,X_1.4,X_1.5,X_1.6,X_1.7,X_1.8,X_1.9,X_2.0
60,2.550000,2.550000,2.550000,2.550000,2.550000,2.550000,2.550000,2.550000,2.550000,2.550000,2.550000,2.550000,2.550000,2.550000,2.550000,2.550000,2.550000,2.549978,2.548476,2.518346,2.327465
120,2.550000,2.550000,2.550000,2.550000,2.550000,2.550000,2.550000,2.550000,2.550000,2.550000,2.550000,2.550000,2.550000,2.550000,2.550000,2.549998,2.549930,2.548618,2.535336,2.463132,2.242331
180,2.550000,2.550000,2.550000,2.550000,2.550000,2.550000,2.550000,2.550000,2.550000,2.550000,2.550000,2.550000,2.550000,2.550000,2.549997,2.549934,2.549174,2.543251,2.513221,2.412248,2.180009
240,2.550000,2.550000,2.550000,2.550000,2.550000,2.550000,2.550000,2.550000,2.550000,2.550000,2.550000,2.550000,2.550000,2.549997,2.549955,2.549557,2.546864,2.533756,2.487438,2.366740,2.129421
300,2.550000,2.550000,2.550000,2.550000,2.550000,2.550000,2.550000,2.550000,2.550000,2.550000,2.550000,2.550000,2.549998,2.549973,2.549772,2.548528,2.542634,2.521162,2.460487,2.325733,2.086465
360,2.550000,2.550000,2.550000,2.550000,2.550000,2.550000,2.550000,2.550000,2.550000,2.550000,2.550000,2.549998,2.549985,2.549884,2.549302,2.546595,2.536533,2.506437,2.433455,2.288411,2.048965
420,2.550000,2.550000,2.550000,2.550000,2.550000,2.550000,2.550000,2.550000,2.550000,2.550000,2.549999,2.549992,2.549942,2.549666,2.548403,2.543641,2.528792,2.490311,2.406882,2.254172,2.015538
480,2.550000,2.550000,2.550000,2.550000,2.550000,2.550000,2.550000,2.550000,2.550000,2.549999,2.549996,2.549971,2.549838,2.549241,2.546967,2.539649,2.519682,2.473299,2.381019,2.222530,1.985290
540,2.550000,2.550000,2.550000,2.550000,2.550000,2.550000,2.550000,2.550000,2.550000,2.549998,2.549985,2.549921,2.549635,2.548540,2.544930,2.534668,2.509466,2.455769,2.355980,2.193094,1.957697
600,2.550000,2.550000,2.550000,2.550000,2.550000,2.550000,2.550000,2.550000,2.549999,2.549993,2.549961,2.549823,2.549291,2.547505,2.542259,2.528776,2.498367,2.437961,2.331772,2.165561,1.932381
660,2.550000,2.550000,2.550000,2.550000,2.550000,2.550000,2.550000,2.549999,2.549996,2.549981,2.549913,2.549653,2.548765,2.546090,2.538951,2.522065,2.486568,2.420042,2.308392,2.139704,1.909032
720,2.550000,2.550000,2.550000,2.550000,2.550000,2.550000,2.550000,2.549998,2.549990,2.549957,2.549828,2.549385,2.548021,2.544266,2.535019,2.514622,2.474218,2.402125,2.285811,2.115349,1.887356
780,2.550000,2.550000,2.550000,2.550000,2.550000,2.550000,2.549999,2.549995,2.549978,2.549914,2.549692,2.548994,2.547026,2.542013,2.530489,2.506538,2.461441,2.384305,2.264022,2.092341,1.867119
840,2.550000,2.550000,2.550000,2.550000,2.550000,2.549999,2.549997,2.549989,2.549957,2.549844,2.549487,2.548456,2.545756,2.539326,2.525393,2.497892,2.448343,2.366647,2.242990,2.070547,1.848149
900,2.550000,2.550000,2.550000,2.550000,2.550000,2.549999,2.549994,2.549978,2.549920,2.549736,2.549196,2.547747,2.544191,2.536203,2.519769,2.488762,2.435012,2.349206,2.222694,2.049854,1.830263
960,2.550000,2.550000,2.550000,2.550000,2.549999,2.549997,2.549988,2.549959,2.549863,2.549579,2.548803,2.546848,2.542318,2.532654,2.513658,2.479218,2.421521,2.332015,2.203089,2.030141,1.813427
1020,2.550000,2.550000,2.550000,2.550000,2.549998,2.549994,2.549978,2.549928,2.549778,2.549362,2.548291,2.545742,2.540128,2.528688,2.507097,2.469317,2.407924,2.315086,2.184129,2.011342,1.797507
1080,2.550000,2.550000,2.550000,2.549999,2.549997,2.549988,2.549962,2.549882,2.549658,2.549072,2.547644,2.544413,2.537616,2.524321,2.500126,2.459115,2.394269,2.298440,2.165791,1.993375,1.782498
1140,2.550000,2.550000,2.549999,2.549998,2.549994,2.549979,2.549937,2.549815,2.549494,2.548696,2.546848,2.542851,2.534782,2.519570,2.492780,2.448654,2.380585,2.282067,2.148020,1.976191,1.768318
1200,2.550000,2.550000,2.549999,2.549996,2.549989,2.549965,2.549899,2.549722,2.549276,2.548223,2.545890,2.541047,2.531626,2.514451,2.485090,2.437974,2.366905,2.265983,2.130814,1.959747,1.754846
1260,2.549999,2.549999,2.549998,2.549993,2.549980,2.549944,2.549846,2.549596,2.548996,2.547641,2.544758,2.538993,2.528152,2.508983,2.477089,2.427111,2.353257,2.250195,2.114150,1.943990,1.741977
1320,2.549999,2.549998,2.549996,2.549989,2.549968,2.549913,2.549772,2.549430,2.548644,2.546938,2.543442,2.536685,2.524368,2.503187,2.468809,2.416101,2.339671,2.234713,2.098006,1.928849,1.729742
1380,2.549998,2.549997,2.549993,2.549981,2.549950,2.549869,2.549673,2.549217,2.548210,2.546104,2.541934,2.534121,2.520279,2.497080,2.460277,2.404971,2.326157,2.219519,2.082332,1.914298,1.718137
1440,2.549996,2.549994,2.549988,2.549970,2.549923,2.549810,2.549544,2.548950,2.547686,2.545130,2.540225,2.531299,2.515895,2.490681,2.451516,2.393744,2.312732,2.204617,2.067130,1.900319,1.706999
1500,2.549993,2.549990,2.549980,2.549953,2.549887,2.549731,2.549379,2.548621,2.547061,2.544006,2.538311,2.528221,2.511226,2.484010,2.442554,2.382447,2.299415,2.190018,2.052392,1.886864,1.696251
1560,2.549988,2.549984,2.549969,2.549930,2.549838,2.549628,2.549173,2.548222,2.546328,2.542724,2.536187,2.524888,2.506281,2.477086,2.433417,2.371109,2.286230,2.175729,2.038097,1.873877,1.685925
1620,2.549981,2.549975,2.549953,2.549898,2.549772,2.549497,2.548917,2.547746,2.545477,2.541278,2.533850,2.521304,2.501075,2.469930,2.424129,2.359747,2.273180,2.161731,2.024203,1.861336,1.676000
1680,2.549971,2.549962,2.549931,2.549855,2.549688,2.549333,2.548608,2.547184,2.544502,2.539661,2.531298,2.517474,2.495618,2.462561,2.414709,2.348381,2.260277,2.148025,2.010704,1.849215,1.666437
1740,2.549955,2.549943,2.549900,2.549798,2.549580,2.549130,2.548236,2.546529,2.543394,2.537869,2.528532,2.513405,2.489924,2.454994,2.405177,2.337023,2.247520,2.134592,1.997562,1.837480,1.657324
1800,2.549934,2.549918,2.549859,2.549725,2.549444,2.548882,2.547797,2.545774,2.542148,2.535898,2.525551,2.509101,2.484004,2.447246,2.395546,2.325679,2.234903,2.121412,1.984755,1.826140,1.648613
1860,2.549904,2.549882,2.549805,2.549631,2.549277,2.548585,2.547283,2.544913,2.540758,2.533744,2.522355,2.504569,2.477868,2.439328,2.385826,2.314357,2.222427,2.108485,1.972288,1.815183,1.640239
1920,2.549865,2.549836,2.549735,2.549513,2.549073,2.548233,2.546687,2.543938,2.539218,2.531405,2.518947,2.499814,2.471526,2.431255,2.376033,2.303066,2.210099,2.095813,1.960160,1.804595,1.632102
1980,2.549812,2.549775,2.549645,2.549368,2.548827,2.547819,2.546003,2.542842,2.537522,2.528878,2.515328,2.494844,2.464992,2.423041,2.366184,2.291825,2.197937,2.083414,1.948374,1.794329,1.624174
2040,2.549743,2.549696,2.549533,2.549190,2.548533,2.547336,2.545225,2.541621,2.535668,2.526163,2.511502,2.489668,2.458277,2.414704,2.356294,2.280645,2.185942,2.071271,1.936890,1.784353,1.616520
2100,2.549656,2.549596,2.549395,2.548974,2.548188,2.546780,2.544347,2.540269,2.533652,2.523259,2.507474,2.484294,2.451395,2.406256,2.346374,2.269533,2.174112,2.059373,1.925692,1.774667,1.609084
2160,2.549545,2.549472,2.549225,2.548717,2.547783,2.546144,2.543362,2.538781,2.531470,2.520168,2.503248,2.478731,2.444356,2.397710,2.336437,2.258498,2.162451,2.047718,1.914779,1.765251,1.601845
2220,2.549408,2.549318,2.549019,2.548412,2.547315,2.545422,2.542264,2.537152,2.529122,2.516890,2.498829,2.472988,2.437173,2.389079,2.326494,2.247545,2.150959,2.036296,1.904126,1.756083,1.594868
2280,2.549238,2.549130,2.548772,2.548055,2.546777,2.544608,2.541050,2.535380,2.526606,2.513427,2.494222,2.467073,2.429856,2.380372,2.316551,2.236675,2.139625,2.025090,1.893718,1.747172,1.588096
2340,2.549033,2.548904,2.548479,2.547638,2.546163,2.543697,2.539713,2.533460,2.523920,2.509783,2.489434,2.460995,2.422414,2.371601,2.306616,2.225893,2.128453,2.014102,1.883558,1.738494,1.581517
2400,2.548785,2.548633,2.548134,2.547158,2.545467,2.542683,2.538249,2.531389,2.521066,2.505958,2.484469,2.454761,2.414857,2.362772,2.296695,2.215198,2.117434,2.003316,1.873624,1.730046,1.575136
2460,2.548491,2.548312,2.547731,2.546607,2.544684,2.541560,2.536655,2.529166,2.518041,2.501957,2.479333,2.448380,2.407194,2.353894,2.286794,2.204594,2.106573,1.992736,1.863920,1.721815,1.568941
2520,2.548143,2.547936,2.547266,2.545981,2.543807,2.540324,2.534925,2.526789,2.514848,2.497781,2.474032,2.441859,2.399433,2.344975,2.276917,2.194083,2.095862,1.982349,1.854429,1.713799,1.562921
2580,2.547736,2.547498,2.546730,2.545272,2.542832,2.538969,2.533057,2.524254,2.511486,2.493436,2.468573,2.435205,2.391583,2.336023,2.267071,2.183668,2.085308,1.972163,1.845163,1.705990,1.556982
2640,2.547264,2.546992,2.546119,2.544475,2.541753,2.537492,2.531047,2.521563,2.507957,2.488924,2.462960,2.428428,2.383653,2.327048,2.257267,2.173359,2.074915,1.962178,1.836105,1.698346,1.551197
2700,2.546720,2.546411,2.545426,2.543584,2.540563,2.535887,2.528893,2.518713,2.504263,2.484250,2.457203,2.421537,2.375653,2.318058,2.247507,2.163152,2.064671,1.952369,1.827224,1.690877,1.545582
2760,2.546097,2.545750,2.544645,2.542593,2.539260,2.534152,2.526593,2.515706,2.500407,2.479419,2.451306,2.414537,2.367588,2.309055,2.237793,2.153046,2.054575,1.942739,1.818538,1.683590,1.540033
2820,2.545390,2.545001,2.543769,2.541496,2.537836,2.532282,2.524144,2.512540,2.496390,2.474435,2.445276,2.407437,2.359467,2.300051,2.228134,2.143052,2.044638,1.933299,1.810045,1.676451,1.534544
2880,2.544591,2.544159,2.542793,2.540288,2.536288,2.530273,2.521545,2.509217,2.492216,2.469304,2.439120,2.400245,2.351301,2.291054,2.218538,2.133172,2.034854,1.924032,1.801716,1.669439,1.529193
2940,2.543695,2.543216,2.541710,2.538964,2.534612,2.528124,2.518796,2.505738,2.487888,2.464032,2.432847,2.392970,2.343095,2.282067,2.209004,2.123399,2.025212,1.914923,1.793542,1.662577,1.523933
3000,2.542694,2.542167,2.540515,2.537518,2.532803,2.525833,2.515895,2.502104,2.483410,2.458623,2.426461,2.385619,2.334856,2.273097,2.199537,2.113740,2.015719,1.905983,1.785538,1.655844,1.518700
3060,2.541583,2.541006,2.539202,2.535946,2.530859,2.523396,2.512843,2.498318,2.478786,2.453083,2.419971,2.378199,2.326593,2.264152,2.190143,2.104196,2.006371,1.897199,1.777679,1.649222,1.513564
3120,2.540355,2.539727,2.537766,2.534244,2.528776,2.520812,2.509639,2.494382,2.474020,2.447419,2.413384,2.370717,2.318311,2.255234,2.180822,2.094763,1.997160,1.888561,1.769951,1.642706,1.508568
3180,2.539006,2.538324,2.536201,2.532407,2.526550,2.518081,2.506286,2.490298,2.469116,2.441636,2.406705,2.363179,2.310015,2.246344,2.171569,2.085430,1.988067,1.880043,1.762337,1.636321,1.503726
3240,2.537529,2.536792,2.534504,2.530432,2.524181,2.515201,2.502782,2.486068,2.464078,2.435738,2.399939,2.355589,2.301704,2.237482,2.162381,2.076194,1.979094,1.871659,1.754868,1.630072,1.498938
3300,2.535919,2.535127,2.532670,2.528315,2.521665,2.512172,2.499129,2.481695,2.458909,2.429730,2.393090,2.347950,2.293385,2.228650,2.153262,2.067058,1.970243,1.863410,1.747532,1.623933,1.494222
3360,2.534173,2.533323,2.530695,2.526053,2.519001,2.508992,2.495329,2.477182,2.453613,2.423616,2.386164,2.340269,2.285061,2.219854,2.144214,2.058023,1.961515,1.855294,1.740327,1.617901,1.489530
3420,2.532284,2.531377,2.528575,2.523643,2.516187,2.505663,2.491382,2.472530,2.448195,2.417402,2.379167,2.332551,2.276739,2.211096,2.135241,2.049094,1.952915,1.847316,1.733250,1.611954,1.484874
3480,2.530250,2.529284,2.526307,2.521083,2.513222,2.502183,2.487289,2.467744,2.442659,2.411093,2.372104,2.324803,2.268423,2.202383,2.126346,2.040270,1.944437,1.839465,1.726285,1.606092,1.480235
3540,2.528067,2.527042,2.523888,2.518372,2.510105,2.498554,2.483055,2.462827,2.437010,2.404696,2.364983,2.317029,2.260118,2.193718,2.117533,2.031556,1.936087,1.831744,1.719435,1.600299,1.475609
3600,2.525730,2.524646,2.521316,2.515507,2.506835,2.494778,2.478680,2.457784,2.431253,2.398215,2.357808,2.309237,2.251832,2.185105,2.108803,2.022947,1.927853,1.824134,1.712672,1.594563,1.471085
3660,2.523239,2.522096,2.518588,2.512487,2.503414,2.490854,2.474168,2.452617,2.425393,2.391656,2.350586,2.301429,2.243563,2.176542,2.100149,2.014432,1.919718,1.816616,1.705989,1.588917,1.466648
3720,2.520590,2.519388,2.515704,2.509313,2.499842,2.486786,2.469522,2.447331,2.419433,2.385023,2.343318,2.293608,2.235312,2.168027,2.091569,2.006009,1.911685,1.809203,1.699409,1.583355,1.462242
3780,2.517783,2.516522,2.512663,2.505984,2.496119,2.482575,2.464744,2.441930,2.413378,2.378320,2.336009,2.285776,2.227083,2.159563,2.083064,1.997677,1.903752,1.801889,1.692918,1.577864,1.457909
3840,2.514816,2.513496,2.509463,2.502499,2.492247,2.478223,2.459837,2.436415,2.407232,2.371550,2.328662,2.277938,2.218877,2.151149,2.074631,1.989434,1.895914,1.794669,1.686515,1.572452,1.453605
3900,2.511687,2.510310,2.506106,2.498860,2.488226,2.473731,2.454804,2.430792,2.400999,2.364719,2.321281,2.270095,2.210695,2.142786,2.066271,1.981279,1.888175,1.787550,1.680206,1.567104,1.449307
3960,2.508397,2.506963,2.502589,2.495067,2.484058,2.469103,2.449648,2.425064,2.394682,2.357830,2.313871,2.262251,2.202541,2.134476,2.057986,1.973215,1.880534,1.780529,1.673979,1.561810,1.445040
4020,2.504945,2.503455,2.498915,2.491121,2.479744,2.464340,2.444372,2.419234,2.388286,2.350887,2.306434,2.254409,2.194417,2.126222,2.049777,1.965241,1.872989,1.773600,1.667832,1.556573,1.440769
4080,2.501333,2.499787,2.495083,2.487024,2.475287,2.459445,2.438979,2.413307,2.381816,2.343894,2.298976,2.246574,2.186327,2.118025,2.041645,1.957358,1.865543,1.766767,1.661765,1.551378,1.436472
4140,2.497559,2.495960,2.491096,2.482776,2.470690,2.454423,2.433474,2.407287,2.375275,2.336857,2.291500,2.238749,2.178273,2.109890,2.033593,1.949568,1.858192,1.760021,1.655761,1.546211,1.432234
4200,2.493627,2.491974,2.486955,2.478381,2.465955,2.449275,2.427861,2.401179,2.368668,2.329781,2.284011,2.230938,2.170258,2.101813,2.025616,1.941860,1.850922,1.753345,1.649810,1.541098,1.428039
4260,2.489537,2.487833,2.482662,2.473842,2.461085,2.444006,2.422143,2.394986,2.362000,2.322667,2.276511,2.223141,2.162280,2.093794,2.017711,1.934232,1.843733,1.746743,1.643926,1.536031,1.423860
4320,2.485293,2.483539,2.478219,2.469160,2.456084,2.438619,2.416325,2.388712,2.355274,2.315519,2.269002,2.215359,2.154340,2.085831,2.009875,1.926680,1.836617,1.740207,1.638091,1.531005,1.419772
4380,2.480895,2.479093,2.473630,2.464340,2.450954,2.433118,2.410409,2.382361,2.348493,2.308340,2.261486,2.207593,2.146435,2.077920,2.002101,1.919195,1.829568,1.733732,1.632318,1.526049,1.415675
4440,2.476348,2.474499,2.468897,2.459383,2.445699,2.427506,2.404399,2.375935,2.341658,2.301131,2.253963,2.199843,2.138568,2.070063,1.994396,1.911786,1.822602,1.727344,1.626626,1.521128,1.411517
4500,2.471653,2.469759,2.464023,2.454293,2.440322,2.421786,2.398299,2.369439,2.334776,2.293897,2.246438,2.192114,2.130742,2.062265,1.986762,1.904459,1.815718,1.721031,1.620985,1.516220,1.407390
4560,2.466815,2.464876,2.459012,2.449074,2.434827,2.415962,2.392112,2.362877,2.327849,2.286641,2.238915,2.184407,2.122958,2.054525,1.979197,1.897204,1.808904,1.714775,1.615383,1.511348,1.403311
4620,2.461835,2.459855,2.453866,2.443729,2.429218,2.410039,2.385844,2.356252,2.320881,2.279366,2.231394,2.176725,2.115215,2.046839,1.971696,1.890016,1.802153,1.708574,1.609825,1.506511,1.399276
4680,2.456718,2.454697,2.448590,2.438262,2.423499,2.404021,2.379496,2.349568,2.313874,2.272074,2.223877,2.169064,2.107511,2.039205,1.964253,1.882888,1.795460,1.702422,1.604311,1.501723,1.395288
4740,2.451468,2.449409,2.443187,2.432676,2.417673,2.397910,2.373074,2.342828,2.306831,2.264766,2.216364,2.161425,2.099844,2.031619,1.956867,1.875821,1.788826,1.696327,1.598851,1.496977,1.391319
4800,2.446088,2.443992,2.437662,2.426977,2.411744,2.391710,2.366579,2.336033,2.299753,2.257443,2.208855,2.153809,2.092214,2.024083,1.949537,1.868812,1.782250,1.690287,1.593439,1.492269,1.387353
4860,2.440583,2.438451,2.432017,2.421166,2.405715,2.385424,2.360015,2.329188,2.292643,2.250108,2.201352,2.146215,2.084622,2.016595,1.942264,1.861865,1.775736,1.684309,1.588082,1.487591,1.383354
4920,2.434955,2.432790,2.426257,2.415248,2.399590,2.379057,2.353385,2.322294,2.285504,2.242762,2.193857,2.138646,2.077069,2.009158,1.935050,1.854981,1.769288,1.678389,1.582765,1.482926,1.379389
4980,2.429210,2.427012,2.420386,2.409228,2.393373,2.372611,2.346693,2.315355,2.278339,2.235408,2.186372,2.131103,2.069555,2.001771,1.927892,1.848157,1.762895,1.672516,1.577487,1.478300,1.375412
5040,2.423350,2.421122,2.414407,2.403107,2.387068,2.366090,2.339941,2.308375,2.271149,2.228048,2.178898,2.123588,2.062083,1.994436,1.920795,1.841397,1.756569,1.666709,1.572264,1.473687,1.371366
5100,2.417380,2.415124,2.408325,2.396892,2.380679,2.359499,2.333135,2.301356,2.263940,2.220686,2.171439,2.116103,2.054655,1.987157,1.913761,1.834704,1.750307,1.660955,1.567070,1.469071,1.367332
5160,2.411306,2.409023,2.402145,2.390586,2.374211,2.352842,2.326277,2.294303,2.256713,2.213325,2.163998,2.108650,2.047271,1.979932,1.906785,1.828069,1.744096,1.655236,1.561891,1.464466,1.363374
5220,2.405131,2.402823,2.395871,2.384195,2.367667,2.346122,2.319373,2.287220,2.249472,2.205965,2.156573,2.101227,2.039928,1.972753,1.899858,1.821478,1.737920,1.649540,1.556732,1.459902,1.359454
5280,2.398861,2.396529,2.389508,2.377722,2.361051,2.339344,2.312423,2.280106,2.242218,2.198607,2.149164,2.093832,2.032622,1.965617,1.892977,1.814936,1.731790,1.643891,1.551622,1.455370,1.355475
5340,2.392500,2.390146,2.383059,2.371171,2.354369,2.332510,2.305432,2.272966,2.234951,2.191252,2.141772,2.086466,2.025356,1.958530,1.886149,1.808446,1.725713,1.638290,1.546545,1.450842,1.351522
5400,2.386052,2.383677,2.376530,2.364547,2.347622,2.325624,2.298402,2.265801,2.227675,2.183902,2.134398,2.079131,2.018129,1.951488,1.879370,1.802004,1.719679,1.632723,1.541492,1.446338,1.347561
5460,2.379521,2.377127,2.369925,2.357853,2.340815,2.318690,2.291337,2.258615,2.220391,2.176558,2.127044,2.071826,2.010942,1.944491,1.872638,1.795611,1.713690,1.627196,1.536468,1.441841,1.343638
5520,2.372913,2.370501,2.363247,2.351093,2.333952,2.311710,2.284239,2.251409,2.213102,2.169221,2.119709,2.064550,2.003792,1.937536,1.865951,1.789259,1.707736,1.621694,1.531463,1.437377,1.339746
5580,2.366230,2.363802,2.356500,2.344272,2.327036,2.304688,2.277110,2.244186,2.205808,2.161893,2.112393,2.057303,1.996677,1.930622,1.859306,1.782950,1.701824,1.616232,1.526498,1.432935,1.335809
5640,2.359478,2.357035,2.349689,2.337393,2.320070,2.297626,2.269954,2.236947,2.198511,2.154573,2.105096,2.050086,1.989600,1.923750,1.852705,1.776686,1.695955,1.610809,1.521559,1.428499,1.331874
5700,2.352660,2.350203,2.342818,2.330459,2.313058,2.290528,2.262773,2.229695,2.191213,2.147264,2.097821,2.042898,1.982560,1.916921,1.846150,1.770466,1.690126,1.605420,1.516641,1.424071,1.327959
5760,2.345781,2.343311,2.335889,2.323474,2.306003,2.283397,2.255569,2.222432,2.183915,2.139967,2.090568,2.035741,1.975556,1.910131,1.839635,1.764284,1.684331,1.600055,1.511742,1.419667,1.324063
5820,2.338843,2.336362,2.328908,2.316442,2.298909,2.276236,2.248345,2.215160,2.176619,2.132681,2.083336,2.028613,1.968587,1.903380,1.833161,1.758144,1.678576,1.594728,1.506878,1.415279,1.320107
5880,2.331852,2.329361,2.321877,2.309367,2.291778,2.269047,2.241103,2.207881,2.169327,2.125409,2.076127,2.021516,1.961656,1.896672,1.826733,1.752050,1.672864,1.589440,1.502038,1.410887,1.316154
5940,2.324810,2.322310,2.314800,2.302250,2.284614,2.261833,2.233846,2.200597,2.162040,2.118153,2.068943,2.014451,1.954763,1.890005,1.820347,1.745995,1.667187,1.584173,1.497202,1.406497,1.312274
6000,2.317722,2.315214,2.307682,2.295097,2.277420,2.254598,2.226578,2.193310,2.154761,2.110913,2.061782,2.007416,1.947903,1.883372,1.813992,1.739966,1.661524,1.578910,1.492370,1.402144,1.308475
6060,2.310591,2.308077,2.300525,2.287911,2.270199,2.247343,2.219298,2.186022,2.147487,2.103687,2.054642,2.000406,1.941072,1.876769,1.807666,1.733963,1.655885,1.573674,1.487577,1.397832,1.304641
6120,2.303422,2.300901,2.293332,2.280693,2.262953,2.240070,2.212008,2.178731,2.140219,2.096474,2.047522,1.993422,1.934270,1.870198,1.801373,1.727994,1.650284,1.568480,1.482823,1.393531,1.300738
6180,2.296215,2.293690,2.286107,2.273447,2.255683,2.232782,2.204709,2.171439,2.132960,2.089277,2.040425,1.986467,1.927502,1.863664,1.795121,1.722067,1.644724,1.563322,1.478087,1.389216,1.296873
6240,2.288975,2.286446,2.278851,2.266175,2.248394,2.225479,2.197405,2.164150,2.125710,2.082097,2.033351,1.979540,1.920767,1.857165,1.788901,1.716170,1.639187,1.558175,1.473354,1.384925,1.293052
6300,2.281704,2.279172,2.271568,2.258880,2.241087,2.218166,2.190096,2.156864,2.118470,2.074934,2.026300,1.972641,1.914061,1.850696,1.782713,1.710303,1.633678,1.553055,1.468651,1.380655,1.289207
6360,2.274406,2.271871,2.264260,2.251563,2.233764,2.210842,2.182784,2.149581,2.111241,2.067788,2.019272,1.965768,1.907386,1.844261,1.776559,1.704470,1.628201,1.547966,1.463972,1.376391,1.285316
6420,2.267082,2.264545,2.256931,2.244229,2.226427,2.203511,2.175471,2.142304,2.104024,2.060660,2.012267,1.958925,1.900744,1.837861,1.770442,1.698675,1.622762,1.542910,1.459314,1.372122,1.281399
6480,2.259737,2.257199,2.249582,2.236879,2.219080,2.196175,2.168158,2.135034,2.096821,2.053553,2.005289,1.952113,1.894137,1.831499,1.764365,1.692918,1.617358,1.537882,1.454670,1.367850,1.277449
6540,2.252371,2.249833,2.242216,2.229516,2.211724,2.188835,2.160849,2.127775,2.089634,2.046468,1.998339,1.945333,1.887565,1.825175,1.758325,1.687196,1.611982,1.532871,1.450026,1.363565,1.273579
6600,2.244990,2.242452,2.234838,2.222142,2.204362,2.181495,2.153546,2.120526,2.082464,2.039405,1.991415,1.938584,1.881026,1.818882,1.752312,1.681496,1.606619,1.527860,1.445382,1.359314,1.269727
6660,2.237596,2.235059,2.227448,2.214762,2.196997,2.174157,2.146248,2.113289,2.075312,2.032364,1.984517,1.931861,1.874515,1.812618,1.746329,1.675823,1.601281,1.522878,1.440772,1.355076,1.265821
6720,2.230191,2.227656,2.220051,2.207376,2.189631,2.166821,2.138959,2.106065,2.068177,2.025345,1.977645,1.925169,1.868037,1.806387,1.740379,1.670182,1.595974,1.517924,1.436178,1.350833,1.261909
6780,2.222778,2.220245,2.212648,2.199986,2.182264,2.159490,2.131679,2.098856,2.061061,2.018350,1.970801,1.918508,1.861591,1.800190,1.734460,1.664570,1.590691,1.512984,1.431587,1.346591,1.258033
6840,2.215359,2.212829,2.205241,2.192596,2.174901,2.152166,2.124409,2.091661,2.053965,2.011379,1.963983,1.911875,1.855176,1.794022,1.728569,1.658982,1.585425,1.508057,1.427008,1.342367,1.254144
6900,2.207937,2.205410,2.197832,2.185207,2.167541,2.144849,2.117152,2.084483,2.046889,2.004432,1.957193,1.905272,1.848790,1.787884,1.722707,1.653420,1.580184,1.503150,1.422443,1.338142,1.250292
6960,2.200513,2.197990,2.190424,2.177820,2.160187,2.137541,2.109908,2.077322,2.039834,1.997508,1.950429,1.898696,1.842432,1.781772,1.716868,1.647876,1.574954,1.498247,1.417879,1.333942,1.246486
7020,2.193090,2.190572,2.183019,2.170438,2.152840,2.130244,2.102677,2.070178,2.032799,1.990607,1.943689,1.892146,1.836099,1.775684,1.711050,1.642351,1.569741,1.493363,1.413341,1.329762,1.242656
7080,2.185669,2.183155,2.175617,2.163061,2.145502,2.122958,2.095461,2.063051,2.025784,1.983729,1.936973,1.885620,1.829791,1.769621,1.705257,1.636850,1.564551,1.488503,1.408823,1.325590,1.238798
7140,2.178251,2.175743,2.168220,2.155692,2.138172,2.115684,2.088259,2.055942,2.018789,1.976873,1.930283,1.879122,1.823511,1.763586,1.699492,1.631376,1.559389,1.483668,1.404322,1.321416,1.234945
7200,2.170839,2.168336,2.160830,2.148330,2.130852,2.108422,2.081073,2.048851,2.011816,1.970042,1.923619,1.872651,1.817260,1.757580,1.693753,1.625928,1.554248,1.478847,1.399827,1.317247,1.231088
7260,2.163433,2.160935,2.153447,2.140978,2.123545,2.101175,2.073904,2.041780,2.004865,1.963235,1.916980,1.866207,1.811036,1.751600,1.688040,1.620502,1.549127,1.474041,1.395343,1.313081,1.227236
7320,2.156035,2.153543,2.146074,2.133636,2.116250,2.093942,2.066752,2.034729,1.997937,1.956452,1.910368,1.859790,1.804838,1.745646,1.682353,1.615100,1.544027,1.469254,1.390874,1.308927,1.223344
7380,2.148646,2.146161,2.138711,2.126307,2.108969,2.086726,2.059619,2.027699,1.991032,1.949695,1.903783,1.853401,1.798670,1.739722,1.676695,1.609728,1.538955,1.464492,1.386421,1.304762,1.219456
7440,2.141268,2.138790,2.131360,2.118991,2.101703,2.079527,2.052506,2.020692,1.984151,1.942965,1.897226,1.847042,1.792532,1.733828,1.671066,1.604380,1.533902,1.459741,1.381970,1.300605,1.215563
7500,2.133903,2.131432,2.124023,2.111690,2.094454,2.072348,2.045414,2.013707,1.977296,1.936261,1.890698,1.840712,1.786424,1.727963,1.665463,1.599058,1.528871,1.455006,1.377529,1.296443,1.211691
7560,2.126552,2.124089,2.116702,2.104406,2.087224,2.065188,2.038344,2.006747,1.970467,1.929586,1.884198,1.834410,1.780344,1.722124,1.659885,1.593754,1.523852,1.450276,1.373088,1.292297,1.207842
7620,2.119217,2.116761,2.109397,2.097140,2.080012,2.058050,2.031297,1.999812,1.963664,1.922936,1.877725,1.828136,1.774289,1.716310,1.654328,1.588469,1.518849,1.445562,1.368665,1.288161,1.203957
7680,2.111900,2.109451,2.102111,2.089892,2.072821,2.050933,2.024273,1.992900,1.956886,1.916314,1.871279,1.821889,1.768262,1.710522,1.648796,1.583207,1.513867,1.440866,1.364255,1.284022,1.200072
7740,2.104600,2.102160,2.094843,2.082665,2.065651,2.043838,2.017272,1.986014,1.950135,1.909719,1.864862,1.815671,1.762263,1.704761,1.643289,1.577967,1.508903,1.436181,1.359846,1.279885,1.196230
7800,2.097320,2.094888,2.087595,2.075459,2.058503,2.036767,2.010297,1.979154,1.943411,1.903151,1.858472,1.809480,1.756289,1.699022,1.637801,1.572741,1.503948,1.431501,1.355444,1.275768,1.192379
7860,2.090060,2.087636,2.080369,2.068274,2.051378,2.029719,2.003346,1.972319,1.936712,1.896610,1.852109,1.803314,1.750340,1.693306,1.632333,1.567534,1.499009,1.426836,1.351053,1.271648,1.188566
7920,2.082822,2.080406,2.073164,2.061111,2.044276,2.022695,1.996419,1.965510,1.930040,1.890095,1.845771,1.797172,1.744413,1.687610,1.626881,1.562337,1.494076,1.422171,1.346665,1.267556,1.184784
7980,2.075605,2.073197,2.065981,2.053972,2.037197,2.015695,1.989518,1.958725,1.923393,1.883604,1.839456,1.791053,1.738506,1.681933,1.621447,1.557157,1.489160,1.417529,1.342305,1.263479,1.180950
8040,2.068410,2.066011,2.058820,2.046854,2.030141,2.008719,1.982640,1.951965,1.916770,1.877139,1.833167,1.784958,1.732624,1.676278,1.616035,1.551999,1.484267,1.412908,1.337958,1.259396,1.177125
8100,2.061237,2.058847,2.051682,2.039760,2.023109,2.001767,1.975787,1.945231,1.910173,1.870699,1.826903,1.778889,1.726766,1.670647,1.610644,1.546862,1.479391,1.408300,1.333621,1.255327,1.173293
8160,2.054087,2.051706,2.044568,2.032690,2.016100,1.994839,1.968959,1.938522,1.903602,1.864285,1.820665,1.772845,1.720933,1.665041,1.605278,1.541748,1.474538,1.403712,1.329295,1.251250,1.169489
8220,2.046960,2.044588,2.037476,2.025643,2.009117,1.987937,1.962157,1.931839,1.897058,1.857898,1.814454,1.766827,1.715124,1.659456,1.599930,1.536646,1.469689,1.399121,1.324964,1.247195,1.165717
8280,2.039857,2.037494,2.030409,2.018621,2.002158,1.981061,1.955381,1.925182,1.890539,1.851536,1.808266,1.760831,1.709336,1.653890,1.594599,1.531560,1.464857,1.394547,1.320655,1.243151,1.161942
8340,2.032779,2.030425,2.023367,2.011624,1.995225,1.974209,1.948630,1.918551,1.884045,1.845199,1.802103,1.754858,1.703570,1.648345,1.589287,1.526492,1.460040,1.389990,1.316363,1.239124,1.158130
8400,2.025726,2.023380,2.016350,2.004652,1.988316,1.967383,1.941905,1.911945,1.877578,1.838887,1.795965,1.748911,1.697829,1.642824,1.583999,1.521448,1.455250,1.385459,1.312088,1.235085,1.154312
8460,2.018697,2.016361,2.009358,1.997706,1.981434,1.960583,1.935206,1.905366,1.871136,1.832602,1.789853,1.742989,1.692113,1.637328,1.578734,1.516424,1.450475,1.380934,1.307811,1.231052,1.150529
8520,2.011694,2.009367,2.002391,1.990785,1.974577,1.953810,1.928534,1.898813,1.864722,1.826343,1.783768,1.737093,1.686420,1.631852,1.573488,1.511416,1.445710,1.376416,1.303538,1.227027,1.146779
8580,2.004717,2.002399,1.995451,1.983891,1.967748,1.947063,1.921888,1.892287,1.858334,1.820110,1.777706,1.731219,1.680748,1.626395,1.568256,1.506419,1.440953,1.371903,1.299274,1.223025,1.143033
8640,1.997767,1.995458,1.988538,1.977023,1.960945,1.940342,1.915269,1.885787,1.851971,1.813901,1.771668,1.725366,1.675096,1.620957,1.563043,1.501439,1.436214,1.367411,1.295035,1.219033,1.139267
8700,1.990843,1.988544,1.981651,1.970182,1.954168,1.933648,1.908676,1.879313,1.845633,1.807717,1.765654,1.719538,1.669468,1.615541,1.557851,1.496480,1.431496,1.362939,1.290810,1.215045,1.135477
8760,1.983946,1.981655,1.974790,1.963368,1.947418,1.926981,1.902109,1.872865,1.839322,1.801559,1.759666,1.713735,1.663864,1.610149,1.552682,1.491544,1.426799,1.358485,1.286594,1.211052,1.131688
8820,1.977075,1.974794,1.967957,1.956580,1.940695,1.920341,1.895570,1.866445,1.833037,1.795428,1.753704,1.707958,1.658285,1.604781,1.547535,1.486627,1.422118,1.354040,1.282381,1.207059,1.127910
8880,1.970232,1.967960,1.961150,1.949820,1.933999,1.913728,1.889058,1.860052,1.826780,1.789323,1.747768,1.702205,1.652729,1.599434,1.542407,1.481726,1.417448,1.349601,1.278171,1.203076,1.124163
8940,1.963417,1.961154,1.954372,1.943088,1.927332,1.907143,1.882574,1.853686,1.820550,1.783244,1.741857,1.696476,1.647195,1.594108,1.537298,1.476841,1.412792,1.345178,1.273978,1.199111,1.120377
9000,1.956630,1.954377,1.947622,1.936385,1.920692,1.900586,1.876118,1.847347,1.814346,1.777192,1.735971,1.690772,1.641686,1.588804,1.532211,1.471977,1.408156,1.340769,1.269792,1.195133,1.116644
9060,1.949872,1.947628,1.940901,1.929709,1.914081,1.894058,1.869689,1.841036,1.808169,1.771166,1.730111,1.685091,1.636198,1.583519,1.527137,1.467121,1.403520,1.336353,1.265597,1.191182,1.112999
9120,1.943142,1.940907,1.934208,1.923062,1.907499,1.887557,1.863288,1.834752,1.802018,1.765164,1.724273,1.679430,1.630727,1.578248,1.522075,1.462273,1.398892,1.331951,1.261432,1.187270,1.109293
9180,1.936441,1.934215,1.927544,1.916443,1.900943,1.881083,1.856913,1.828493,1.795892,1.759185,1.718457,1.673791,1.625276,1.572997,1.517032,1.457448,1.394290,1.327579,1.257293,1.183345,1.105551
9240,1.929768,1.927551,1.920907,1.909852,1.894416,1.874637,1.850565,1.822260,1.789791,1.753232,1.712665,1.668175,1.619848,1.567768,1.512010,1.452641,1.389704,1.323218,1.253156,1.179423,1.101823
9300,1.923123,1.920916,1.914299,1.903289,1.887916,1.868218,1.844244,1.816054,1.783716,1.747304,1.706898,1.662583,1.614443,1.562560,1.507009,1.447854,1.385138,1.318874,1.249029,1.175503,1.098125
9360,1.916507,1.914308,1.907718,1.896754,1.881444,1.861826,1.837950,1.809875,1.777667,1.741401,1.701156,1.657014,1.609059,1.557372,1.502026,1.443082,1.380581,1.314533,1.244905,1.171600,1.094429
9420,1.909919,1.907729,1.901166,1.890247,1.875000,1.855462,1.831684,1.803723,1.771645,1.735523,1.695437,1.651467,1.603696,1.552203,1.497060,1.438326,1.376039,1.310208,1.240796,1.167700,1.090742
9480,1.903359,1.901179,1.894643,1.883768,1.868583,1.849126,1.825445,1.797597,1.765648,1.729670,1.689742,1.645943,1.598354,1.547053,1.492111,1.433583,1.371507,1.305888,1.236689,1.163813,1.087095
9540,1.896828,1.894657,1.888148,1.877318,1.862195,1.842817,1.819232,1.791496,1.759676,1.723841,1.684069,1.640439,1.593031,1.541920,1.487176,1.428853,1.366985,1.301579,1.232596,1.159944,1.083455
9600,1.890326,1.888163,1.881681,1.870896,1.855835,1.836535,1.813046,1.785422,1.753728,1.718035,1.678418,1.634956,1.587726,1.536804,1.482256,1.424137,1.362479,1.297287,1.228525,1.156094,1.079783
9660,1.883851,1.881698,1.875242,1.864501,1.849501,1.830280,1.806885,1.779372,1.747805,1.712252,1.672790,1.629494,1.582443,1.531709,1.477359,1.419443,1.357996,1.293018,1.224468,1.152234,1.076132
9720,1.877405,1.875260,1.868831,1.858133,1.843195,1.824052,1.800752,1.773349,1.741907,1.706494,1.667186,1.624056,1.577181,1.526634,1.472478,1.414763,1.353522,1.288752,1.220411,1.148391,1.072474
9780,1.870987,1.868850,1.862447,1.851794,1.836916,1.817851,1.794644,1.767351,1.736034,1.700760,1.661604,1.618639,1.571940,1.521578,1.467616,1.410104,1.349070,1.284511,1.216380,1.144551,1.068778
9840,1.864596,1.862469,1.856092,1.845482,1.830664,1.811676,1.788563,1.761379,1.730186,1.695051,1.656047,1.613246,1.566723,1.516547,1.462779,1.405467,1.344638,1.280286,1.212352,1.140703,1.065122
9900,1.858234,1.856116,1.849765,1.839198,1.824441,1.805529,1.782509,1.755434,1.724365,1.689368,1.650515,1.607877,1.561528,1.511535,1.457959,1.400845,1.340215,1.276061,1.208322,1.136869,1.061480
9960,1.851901,1.849791,1.843466,1.832942,1.818245,1.799410,1.776483,1.749516,1.718570,1.683710,1.645006,1.602530,1.556353,1.506542,1.453155,1.396235,1.335803,1.271845,1.204301,1.133044,1.057882
10020,1.845596,1.843495,1.837196,1.826715,1.812077,1.793319,1.770483,1.743624,1.712799,1.678075,1.639520,1.597204,1.551197,1.501565,1.448364,1.391635,1.331396,1.267633,1.200287,1.129241,1.054305
10080,1.839320,1.837227,1.830954,1.820515,1.805937,1.787254,1.764510,1.737756,1.707052,1.672462,1.634054,1.591896,1.546058,1.496603,1.443586,1.387046,1.327001,1.263436,1.196295,1.125459,1.050709
10140,1.833073,1.830988,1.824740,1.814344,1.799824,1.781216,1.758562,1.731914,1.701329,1.666872,1.628610,1.586609,1.540938,1.491660,1.438826,1.382476,1.322626,1.259260,1.192320,1.121677,1.047130
10200,1.826853,1.824777,1.818554,1.808199,1.793738,1.775203,1.752639,1.726096,1.695630,1.661305,1.623187,1.581343,1.535838,1.486734,1.434082,1.377920,1.318262,1.255092,1.188350,1.117913,1.043548
10260,1.820660,1.818593,1.812395,1.802082,1.787678,1.769217,1.746742,1.720302,1.689955,1.655761,1.617787,1.576097,1.530757,1.481827,1.429357,1.373382,1.313918,1.250947,1.184403,1.114148,1.039931
10320,1.814495,1.812436,1.806263,1.795991,1.781645,1.763257,1.740870,1.714534,1.684304,1.650241,1.612409,1.570873,1.525697,1.476940,1.424651,1.368864,1.309591,1.246813,1.180460,1.110386,1.036342
10380,1.808358,1.806307,1.800158,1.789927,1.775638,1.757323,1.735025,1.708791,1.678677,1.644744,1.607054,1.565671,1.520659,1.472074,1.419964,1.364363,1.305280,1.242691,1.176522,1.106627,1.032778
10440,1.802247,1.800205,1.794081,1.783891,1.769658,1.751416,1.729205,1.703073,1.673075,1.639271,1.601722,1.560491,1.515640,1.467224,1.415292,1.359873,1.300975,1.238572,1.172591,1.102889,1.029214
10500,1.796165,1.794130,1.788031,1.777882,1.763705,1.745535,1.723410,1.697380,1.667497,1.633820,1.596411,1.555330,1.510640,1.462394,1.410638,1.355402,1.296691,1.234479,1.168687,1.099156,1.025594
10560,1.790110,1.788083,1.782008,1.771899,1.757779,1.739680,1.717642,1.691712,1.661943,1.628393,1.591123,1.550193,1.505663,1.457587,1.406007,1.350953,1.292428,1.230400,1.164785,1.095414,1.022027
10620,1.784083,1.782064,1.776013,1.765944,1.751879,1.733851,1.711899,1.686069,1.656414,1.622991,1.585860,1.545079,1.500708,1.452798,1.401392,1.346516,1.288171,1.226320,1.160877,1.091686,1.018528
10680,1.778083,1.776072,1.770046,1.760016,1.746007,1.728050,1.706183,1.680452,1.650910,1.617612,1.580617,1.539984,1.495769,1.448023,1.396787,1.342085,1.283914,1.222239,1.156977,1.087990,1.015078
10740,1.772111,1.770109,1.764106,1.754116,1.740162,1.722274,1.700491,1.674859,1.645428,1.612254,1.575394,1.534906,1.490845,1.443261,1.392192,1.337662,1.279667,1.218173,1.153103,1.084322,1.011604
10800,1.766167,1.764172,1.758192,1.748242,1.734342,1.716523,1.694824,1.669289,1.639968,1.606916,1.570190,1.529845,1.485937,1.438513,1.387612,1.333254,1.275436,1.214127,1.149248,1.080658,1.008120
10860,1.760248,1.758262,1.752305,1.742393,1.728547,1.710797,1.689180,1.663741,1.634530,1.601599,1.565005,1.524803,1.481046,1.433782,1.383046,1.328860,1.271220,1.210094,1.145402,1.077001,1.004656
10920,1.754356,1.752377,1.746444,1.736570,1.722777,1.705094,1.683560,1.658216,1.629113,1.596302,1.559839,1.519778,1.476172,1.429066,1.378496,1.324481,1.267019,1.206076,1.141572,1.073359,1.001174
10980,1.748489,1.746518,1.740608,1.730772,1.717031,1.699416,1.677962,1.652713,1.623717,1.591026,1.554694,1.514773,1.471317,1.424369,1.373965,1.320123,1.262840,1.202082,1.137763,1.069722,0.997673
11040,1.742648,1.740684,1.734796,1.724998,1.711310,1.693762,1.672389,1.647234,1.618345,1.585772,1.549570,1.509790,1.466483,1.419694,1.369456,1.315786,1.258682,1.198103,1.133960,1.066082,0.994209
11100,1.736832,1.734875,1.729010,1.719250,1.705614,1.688132,1.666839,1.641778,1.612995,1.580541,1.544468,1.504828,1.461670,1.415037,1.364963,1.311463,1.254532,1.194128,1.130158,1.062458,0.990763
11160,1.731041,1.729092,1.723250,1.713526,1.699943,1.682527,1.661314,1.636346,1.607668,1.575331,1.539387,1.499884,1.456874,1.410397,1.360485,1.307154,1.250396,1.190167,1.126373,1.058847,0.987308
11220,1.725276,1.723335,1.717515,1.707828,1.694296,1.676946,1.655812,1.630936,1.602364,1.570143,1.534326,1.494961,1.452098,1.405776,1.356027,1.302865,1.246279,1.186226,1.122607,1.055242,0.983804
11280,1.719537,1.717603,1.711805,1.702156,1.688674,1.671389,1.650335,1.625551,1.597082,1.564978,1.529288,1.490061,1.447344,1.401177,1.351590,1.298595,1.242182,1.182300,1.118844,1.051625,0.980364
11340,1.713824,1.711897,1.706121,1.696508,1.683078,1.665858,1.644882,1.620189,1.591824,1.559836,1.524272,1.485181,1.442609,1.396596,1.347168,1.294338,1.238091,1.178374,1.115082,1.048035,0.976946
11400,1.708136,1.706217,1.700463,1.690886,1.677507,1.660351,1.639453,1.614851,1.586589,1.554715,1.519276,1.480321,1.437893,1.392031,1.342762,1.290095,1.234013,1.174462,1.111336,1.044453,0.973547
11460,1.702475,1.700563,1.694831,1.685290,1.671961,1.654869,1.634048,1.609536,1.581377,1.549616,1.514301,1.475480,1.433194,1.387482,1.338369,1.285862,1.229942,1.170556,1.107599,1.040893,0.970146
11520,1.696839,1.694934,1.689224,1.679719,1.666440,1.649411,1.628667,1.604244,1.576186,1.544538,1.509346,1.470657,1.428513,1.382950,1.333993,1.281646,1.225892,1.166675,1.103888,1.037339,0.966700
11580,1.691229,1.689331,1.683642,1.674173,1.660943,1.643977,1.623309,1.598975,1.571017,1.539481,1.504412,1.465856,1.423853,1.378439,1.329637,1.277450,1.221860,1.162807,1.100178,1.033774,0.963298
11640,1.685644,1.683754,1.678086,1.668652,1.655471,1.638568,1.617975,1.593729,1.565872,1.534447,1.499500,1.461074,1.419211,1.373944,1.325294,1.273265,1.217834,1.158941,1.096470,1.030230,0.959908
11700,1.680085,1.678201,1.672555,1.663156,1.650024,1.633183,1.612665,1.588507,1.560748,1.529434,1.494607,1.456311,1.414587,1.369466,1.320968,1.269096,1.213826,1.155095,1.092786,1.026695,0.956485
11760,1.674551,1.672675,1.667049,1.657685,1.644601,1.627822,1.607378,1.583307,1.555647,1.524442,1.489735,1.451569,1.409983,1.365007,1.316661,1.264945,1.209833,1.151261,1.089105,1.023158,0.953120
11820,1.669042,1.667173,1.661568,1.652238,1.639203,1.622485,1.602115,1.578130,1.550568,1.519472,1.484885,1.446847,1.405397,1.360564,1.312367,1.260803,1.205846,1.147427,1.085424,1.019644,0.949819
11880,1.663559,1.661696,1.656112,1.646817,1.633829,1.617172,1.596876,1.572976,1.545511,1.514523,1.480053,1.442141,1.400825,1.356134,1.308083,1.256670,1.201866,1.143603,1.081764,1.016161,0.946483
11940,1.658101,1.656245,1.650681,1.641420,1.628479,1.611882,1.591658,1.567843,1.540474,1.509592,1.475239,1.437453,1.396271,1.351720,1.303816,1.252555,1.197907,1.139805,1.078130,1.012679,0.943123
12000,1.652667,1.650818,1.645274,1.636047,1.623152,1.606615,1.586464,1.562732,1.535459,1.504683,1.470446,1.432785,1.391736,1.347325,1.299567,1.248457,1.193963,1.136018,1.074498,1.009195,0.939804
12060,1.647257,1.645415,1.639891,1.630697,1.617849,1.601371,1.581292,1.557644,1.530465,1.499794,1.465672,1.428135,1.387217,1.342945,1.295330,1.244368,1.190026,1.132233,1.070865,1.005729,0.936553
12120,1.641871,1.640036,1.634532,1.625372,1.612570,1.596150,1.576142,1.552576,1.525491,1.494924,1.460915,1.423500,1.382712,1.338576,1.291104,1.240288,1.186096,1.128457,1.067253,1.002294,0.933273
12180,1.636510,1.634681,1.629197,1.620069,1.607313,1.590952,1.571013,1.547529,1.520536,1.490073,1.456176,1.418882,1.378223,1.334223,1.286893,1.236225,1.182186,1.124708,1.063668,0.998864,0.929943
12240,1.631172,1.629349,1.623885,1.614789,1.602079,1.585775,1.565905,1.542503,1.515602,1.485241,1.451456,1.414283,1.373754,1.329890,1.282703,1.232184,1.178301,1.120981,1.060098,0.995429,0.926607
12300,1.625856,1.624040,1.618596,1.609532,1.596866,1.580620,1.560820,1.537498,1.510689,1.480430,1.446757,1.409705,1.369305,1.325578,1.278534,1.228164,1.174434,1.117268,1.056532,0.991994,0.923301
12360,1.620564,1.618755,1.613330,1.604298,1.591677,1.575488,1.555757,1.532516,1.505798,1.475641,1.442080,1.405148,1.364876,1.321285,1.274383,1.224160,1.170580,1.113562,1.052969,0.988570,0.920005
12420,1.615296,1.613493,1.608087,1.599088,1.586512,1.570379,1.550717,1.527556,1.500929,1.470873,1.437422,1.400610,1.360466,1.317009,1.270248,1.220170,1.166736,1.109864,1.049412,0.985148,0.916740
12480,1.610052,1.608255,1.602868,1.593901,1.581369,1.565293,1.545699,1.522618,1.496081,1.466125,1.432785,1.396091,1.356072,1.312748,1.266124,1.216188,1.162897,1.106169,1.045861,0.981751,0.913496
12540,1.604831,1.603041,1.597674,1.588738,1.576250,1.560230,1.540703,1.517701,1.491254,1.461397,1.428165,1.391588,1.351694,1.308502,1.262016,1.212221,1.159074,1.102492,1.042331,0.978363,0.910241
12600,1.599635,1.597851,1.592502,1.583598,1.571153,1.555189,1.535729,1.512805,1.486446,1.456688,1.423564,1.387104,1.347334,1.304271,1.257921,1.208265,1.155261,1.098821,1.038804,0.974986,0.907056
12660,1.594462,1.592684,1.587354,1.578481,1.566079,1.550170,1.530777,1.507929,1.481659,1.451999,1.418981,1.382635,1.342988,1.300054,1.253837,1.204319,1.151455,1.095159,1.035291,0.971637,0.903876
12720,1.589311,1.587540,1.582228,1.573386,1.561027,1.545172,1.525845,1.503074,1.476890,1.447327,1.414414,1.378183,1.338656,1.295850,1.249766,1.200386,1.147664,1.091515,1.031801,0.968302,0.900653
12780,1.584183,1.582418,1.577125,1.568313,1.555997,1.540195,1.520933,1.498238,1.472141,1.442673,1.409866,1.373747,1.334341,1.291663,1.245712,1.196470,1.143891,1.087889,1.028322,0.964960,0.897461
12840,1.579078,1.577319,1.572044,1.563262,1.550988,1.535240,1.516042,1.493423,1.467411,1.438038,1.405335,1.369329,1.330043,1.287490,1.241671,1.192565,1.140126,1.084266,1.024844,0.961636,0.894318
12900,1.573994,1.572241,1.566984,1.558232,1.545999,1.530305,1.511172,1.488627,1.462700,1.433421,1.400821,1.364926,1.325758,1.283330,1.237641,1.188671,1.136371,1.080656,1.021383,0.958336,0.891196
12960,1.568932,1.567185,1.561946,1.553224,1.541032,1.525390,1.506320,1.483849,1.458006,1.428821,1.396323,1.360538,1.321488,1.279184,1.233625,1.184790,1.132632,1.077063,1.017946,0.955057,0.888023
13020,1.563891,1.562150,1.556929,1.548236,1.536085,1.520495,1.501488,1.479091,1.453331,1.424239,1.391843,1.356168,1.317235,1.275056,1.229628,1.180931,1.128916,1.073497,1.014529,0.951771,0.884828
13080,1.558871,1.557136,1.551932,1.543269,1.531159,1.515621,1.496676,1.474352,1.448676,1.419676,1.387382,1.351817,1.313001,1.270947,1.225651,1.177090,1.125217,1.069941,1.011110,0.948480,0.881705
13140,1.553873,1.552143,1.546957,1.538323,1.526253,1.510767,1.491885,1.469634,1.444040,1.415132,1.382939,1.347483,1.308784,1.266852,1.221684,1.173258,1.121522,1.066384,1.007693,0.945217,0.878602
13200,1.548895,1.547171,1.542003,1.533397,1.521368,1.505933,1.487113,1.464934,1.439422,1.410606,1.378512,1.343164,1.304581,1.262771,1.217732,1.169440,1.117842,1.062845,1.004301,0.941966,0.875454
13260,1.543939,1.542221,1.537070,1.528493,1.516504,1.501119,1.482361,1.460254,1.434823,1.406098,1.374103,1.338863,1.300395,1.258708,1.213797,1.165638,1.114178,1.059323,1.000918,0.938716,0.872347
13320,1.539004,1.537292,1.532157,1.523609,1.511660,1.496326,1.477629,1.455592,1.430243,1.401608,1.369713,1.334579,1.296226,1.254660,1.209877,1.161850,1.110526,1.055808,0.997541,0.935481,0.869262
13380,1.534090,1.532383,1.527266,1.518746,1.506836,1.491552,1.472916,1.450950,1.425682,1.397136,1.365339,1.330312,1.292072,1.250626,1.205968,1.158072,1.106882,1.052300,0.994172,0.932259,0.866223
13440,1.529196,1.527495,1.522395,1.513903,1.502032,1.486798,1.468222,1.446327,1.421138,1.392681,1.360981,1.326059,1.287931,1.246604,1.202070,1.154303,1.103246,1.048803,0.990821,0.929066,0.863164
13500,1.524323,1.522628,1.517544,1.509080,1.497248,1.482063,1.463547,1.441721,1.416611,1.388242,1.356638,1.321821,1.283805,1.242597,1.198188,1.150551,1.099630,1.045328,0.987490,0.925873,0.860114
13560,1.519470,1.517780,1.512714,1.504277,1.492483,1.477347,1.458890,1.437133,1.412102,1.383820,1.352313,1.317599,1.279695,1.238604,1.194320,1.146812,1.096025,1.041862,0.984168,0.922699,0.857058
13620,1.514637,1.512953,1.507903,1.499494,1.487737,1.472650,1.454252,1.432564,1.407610,1.379416,1.348004,1.313394,1.275601,1.234629,1.190469,1.143093,1.092443,1.038421,0.980867,0.919522,0.853974
13680,1.509824,1.508145,1.503111,1.494729,1.483011,1.467972,1.449632,1.428013,1.403137,1.375030,1.343714,1.309207,1.271525,1.230671,1.186635,1.139388,1.088871,1.034984,0.977562,0.916346,0.850954
13740,1.505030,1.503357,1.498339,1.489985,1.478304,1.463314,1.445032,1.423480,1.398682,1.370662,1.339440,1.305037,1.267464,1.226727,1.182814,1.135695,1.085311,1.031558,0.974272,0.913194,0.847909
13800,1.500257,1.498589,1.493588,1.485260,1.473617,1.458674,1.440450,1.418967,1.394246,1.366311,1.335184,1.300882,1.263420,1.222800,1.179010,1.132020,1.081769,1.028152,0.971001,0.910044,0.844848
13860,1.495503,1.493841,1.488855,1.480555,1.468949,1.454054,1.435888,1.414471,1.389827,1.361978,1.330946,1.296747,1.259394,1.218891,1.175224,1.128362,1.078242,1.024757,0.967733,0.906892,0.841816
13920,1.490769,1.489112,1.484143,1.475869,1.464301,1.449453,1.431345,1.409995,1.385428,1.357664,1.326725,1.292628,1.255385,1.214997,1.171451,1.124714,1.074722,1.021364,0.964464,0.903751,0.838854
13980,1.486056,1.484404,1.479451,1.471204,1.459672,1.444872,1.426821,1.405538,1.381046,1.353367,1.322521,1.288524,1.251388,1.211114,1.167687,1.121072,1.071205,1.017973,0.961204,0.900642,0.835911
14040,1.481363,1.479716,1.474779,1.466558,1.455063,1.440310,1.422315,1.401098,1.376681,1.349086,1.318332,1.284434,1.247404,1.207242,1.163933,1.117441,1.067699,1.014597,0.957966,0.897549,0.832974
14100,1.476689,1.475048,1.470126,1.461931,1.450473,1.435765,1.417826,1.396675,1.372333,1.344820,1.314157,1.280358,1.243434,1.203383,1.160191,1.113820,1.064203,1.011232,0.954740,0.894474,0.830060
14160,1.472034,1.470398,1.465492,1.457323,1.445900,1.431239,1.413355,1.392268,1.368000,1.340569,1.309996,1.276295,1.239476,1.199536,1.156460,1.110211,1.060722,1.007885,0.951535,0.891416,0.827123
14220,1.467397,1.465767,1.460876,1.452732,1.441345,1.426729,1.408901,1.387879,1.363683,1.336335,1.305851,1.272248,1.235533,1.195704,1.152746,1.106620,1.057260,1.004558,0.948346,0.888360,0.824197
14280,1.462779,1.461153,1.456278,1.448160,1.436808,1.422238,1.404464,1.383506,1.359383,1.332116,1.301723,1.268216,1.231605,1.191887,1.149046,1.103043,1.053811,1.001244,0.945169,0.885317,0.821241
14340,1.458179,1.456558,1.451698,1.443605,1.432289,1.417763,1.400044,1.379150,1.355100,1.327914,1.297610,1.264201,1.227695,1.188088,1.145365,1.099486,1.050386,0.997953,0.942011,0.882269,0.818257
14400,1.453597,1.451981,1.447137,1.439069,1.427788,1.413307,1.395642,1.374812,1.350835,1.323730,1.293516,1.260204,1.223803,1.184308,1.141703,1.095948,1.046976,0.994671,0.938848,0.879214,0.815344
14460,1.449034,1.447423,1.442594,1.434551,1.423305,1.408869,1.391259,1.370492,1.346588,1.319564,1.289439,1.256224,1.219926,1.180541,1.138051,1.092417,1.043567,0.991384,0.935682,0.876182,0.812487
14520,1.444489,1.442884,1.438070,1.430052,1.418841,1.404450,1.386894,1.366190,1.342357,1.315414,1.285377,1.252257,1.216061,1.176785,1.134409,1.088894,1.040165,0.988105,0.932533,0.873176,0.809634
14580,1.439964,1.438363,1.433564,1.425572,1.414395,1.400048,1.382545,1.361904,1.338142,1.311279,1.281328,1.248303,1.212209,1.173041,1.130778,1.085380,1.036773,0.984840,0.929401,0.870185,0.806788
14640,1.435457,1.433861,1.429077,1.421109,1.409967,1.395663,1.378213,1.357634,1.333943,1.307158,1.277294,1.244363,1.208370,1.169309,1.127159,1.081879,1.033394,0.981588,0.926284,0.867208,0.803950
14700,1.430967,1.429376,1.424607,1.416663,1.405555,1.391295,1.373898,1.353380,1.329759,1.303052,1.273275,1.240437,1.204544,1.165590,1.123552,1.078390,1.030028,0.978351,0.923180,0.864242,0.801121
14760,1.426495,1.424909,1.420154,1.412235,1.401161,1.386944,1.369599,1.349142,1.325590,1.298961,1.269270,1.236525,1.200732,1.161884,1.119959,1.074914,1.026675,0.975127,0.920090,0.861288,0.798299
14820,1.422040,1.420459,1.415718,1.407823,1.396783,1.382609,1.365315,1.344919,1.321437,1.294886,1.265279,1.232627,1.196933,1.158191,1.116378,1.071451,1.023336,0.971917,0.917012,0.858344,0.795487
14880,1.417602,1.416026,1.411300,1.403428,1.392421,1.378290,1.361048,1.340713,1.317300,1.290825,1.261303,1.228743,1.193149,1.154512,1.112811,1.068002,1.020010,0.968719,0.913946,0.855411,0.792683
14940,1.413181,1.411610,1.406898,1.399050,1.388076,1.373987,1.356797,1.336522,1.313177,1.286779,1.257342,1.224874,1.189378,1.150847,1.109258,1.064566,1.016698,0.965534,0.910892,0.852488,0.789889
15000,1.408777,1.407210,1.402512,1.394689,1.383748,1.369701,1.352562,1.332346,1.309070,1.282749,1.253396,1.221019,1.185622,1.147196,1.105718,1.061144,1.013398,0.962362,0.907849,0.849576,0.787103
15060,1.404389,1.402827,1.398144,1.390344,1.379436,1.365431,1.348343,1.328187,1.304979,1.278733,1.249464,1.217179,1.181880,1.143559,1.102192,1.057735,1.010111,0.959201,0.904818,0.846674,0.784327
15120,1.400018,1.398461,1.393792,1.386015,1.375140,1.361177,1.344139,1.324043,1.300902,1.274733,1.245547,1.213353,1.178152,1.139935,1.098680,1.054339,1.006838,0.956053,0.901799,0.843783,0.781560
15180,1.395664,1.394112,1.389456,1.381703,1.370860,1.356939,1.339952,1.319914,1.296841,1.270747,1.241645,1.209541,1.174438,1.136326,1.095181,1.050957,1.003576,0.952917,0.898790,0.840901,0.778803
15240,1.391327,1.389779,1.385138,1.377408,1.366597,1.352717,1.335781,1.315802,1.292796,1.266777,1.237757,1.205744,1.170738,1.132730,1.091695,1.047587,1.000328,0.949793,0.895793,0.838030,0.776054
15300,1.387006,1.385463,1.380835,1.373129,1.362350,1.348512,1.331625,1.311705,1.288766,1.262822,1.233885,1.201961,1.167052,1.129148,1.088223,1.044231,0.997091,0.946681,0.892806,0.835170,0.773315
15360,1.382701,1.381163,1.376549,1.368866,1.358120,1.344322,1.327485,1.307623,1.284751,1.258881,1.230027,1.198193,1.163381,1.125580,1.084765,1.040887,0.993868,0.943580,0.889831,0.832319,0.770585
15420,1.378413,1.376880,1.372280,1.364619,1.353905,1.340148,1.323361,1.303557,1.280751,1.254956,1.226183,1.194439,1.159724,1.122026,1.081320,1.037556,0.990656,0.940491,0.886866,0.829479,0.767865
15480,1.374142,1.372613,1.368027,1.360389,1.349707,1.335990,1.319253,1.299507,1.276767,1.251046,1.222355,1.190700,1.156080,1.118485,1.077888,1.034238,0.987457,0.937414,0.883913,0.826648,0.765153
15540,1.369887,1.368362,1.363790,1.356175,1.345524,1.331849,1.315160,1.295472,1.272797,1.247150,1.218541,1.186975,1.152451,1.114958,1.074469,1.030933,0.984270,0.934348,0.880970,0.823828,0.762451
15600,1.365648,1.364128,1.359569,1.351977,1.341358,1.327723,1.311083,1.291452,1.268844,1.243270,1.214742,1.183264,1.148835,1.111444,1.071063,1.027641,0.981095,0.931294,0.878038,0.821018,0.759758
15660,1.361426,1.359910,1.355365,1.347795,1.337208,1.323613,1.307022,1.287448,1.264905,1.239404,1.210957,1.179567,1.145234,1.107945,1.067671,1.024361,0.977932,0.928251,0.875117,0.818217,0.757074
15720,1.357220,1.355709,1.351177,1.343630,1.333074,1.319519,1.302976,1.283459,1.260981,1.235554,1.207187,1.175885,1.141646,1.104458,1.064291,1.021093,0.974781,0.925220,0.872207,0.815427,0.754400
15780,1.353030,1.351524,1.347005,1.339480,1.328955,1.315440,1.298946,1.279486,1.257073,1.231718,1.203431,1.172217,1.138073,1.100985,1.060924,1.017839,0.971642,0.922200,0.869307,0.812647,0.751734
15840,1.348857,1.347354,1.342850,1.335347,1.324853,1.311377,1.294932,1.275528,1.253179,1.227897,1.199690,1.168563,1.134513,1.097525,1.057571,1.014596,0.968514,0.919191,0.866418,0.809876,0.749078
15900,1.344699,1.343202,1.338710,1.331230,1.320766,1.307330,1.290933,1.271585,1.249301,1.224091,1.195964,1.164923,1.130967,1.094079,1.054230,1.011366,0.965399,0.916193,0.863539,0.807116,0.746431
15960,1.340558,1.339065,1.334587,1.327128,1.316696,1.303299,1.286949,1.267658,1.245438,1.220299,1.192252,1.161298,1.127434,1.090646,1.050902,1.008148,0.962296,0.913207,0.860671,0.804365,0.743792
16020,1.336433,1.334944,1.330479,1.323042,1.312641,1.299284,1.282981,1.263746,1.241589,1.216523,1.188554,1.157686,1.123915,1.087226,1.047587,1.004943,0.959204,0.910231,0.857813,0.801624,0.741163
16080,1.332324,1.330839,1.326388,1.318973,1.308602,1.295283,1.279029,1.259849,1.237756,1.212760,1.184870,1.154088,1.120410,1.083820,1.044285,1.001749,0.956123,0.907267,0.854966,0.798892,0.738543
16140,1.328230,1.326750,1.322312,1.314919,1.304578,1.291299,1.275091,1.255967,1.233937,1.209013,1.181201,1.150505,1.116918,1.080426,1.040995,0.998568,0.953055,0.904314,0.852129,0.796171,0.735932
16200,1.324153,1.322678,1.318252,1.310881,1.300571,1.287330,1.271169,1.252100,1.230134,1.205280,1.177546,1.146935,1.113440,1.077046,1.037718,0.995399,0.949998,0.901371,0.849303,0.793459,0.733330
16260,1.320092,1.318621,1.314208,1.306859,1.296578,1.283376,1.267263,1.248248,1.226345,1.201561,1.173906,1.143379,1.109975,1.073678,1.034453,0.992242,0.946952,0.898440,0.846487,0.790757,0.730737
16320,1.316046,1.314579,1.310180,1.302852,1.292602,1.279438,1.263371,1.244411,1.222570,1.197857,1.170279,1.139836,1.106524,1.070324,1.031201,0.989097,0.943918,0.895520,0.843681,0.788065,0.728153
16380,1.312017,1.310554,1.306167,1.298861,1.288641,1.275515,1.259495,1.240590,1.218811,1.194168,1.166666,1.136308,1.103086,1.066982,1.027962,0.985964,0.940896,0.892610,0.840886,0.785382,0.725577
16440,1.308003,1.306544,1.302171,1.294885,1.284695,1.271608,1.255633,1.236783,1.215066,1.190492,1.163068,1.132793,1.099661,1.063654,1.024734,0.982843,0.937885,0.889711,0.838100,0.782709,0.723011
16500,1.304004,1.302550,1.298189,1.290925,1.280765,1.267715,1.251787,1.232991,1.211336,1.186831,1.159483,1.129292,1.096250,1.060338,1.021520,0.979734,0.934885,0.886824,0.835325,0.780045,0.720454
16560,1.300022,1.298572,1.294224,1.286981,1.276850,1.263838,1.247956,1.229213,1.207620,1.183185,1.155913,1.125804,1.092851,1.057035,1.018317,0.976637,0.931896,0.883946,0.832560,0.777391,0.717905
16620,1.296055,1.294609,1.290274,1.283052,1.272950,1.259976,1.244140,1.225451,1.203919,1.179552,1.152356,1.122330,1.089466,1.053744,1.015127,0.973551,0.928919,0.881080,0.829806,0.774746,0.715365
16680,1.292103,1.290662,1.286339,1.279138,1.269066,1.256130,1.240339,1.221703,1.200232,1.175934,1.148813,1.118869,1.086094,1.050467,1.011949,0.970477,0.925953,0.878224,0.827061,0.772111,0.712835
16740,1.288167,1.286730,1.282420,1.275240,1.265197,1.252298,1.236552,1.217970,1.196559,1.172329,1.145284,1.115422,1.082735,1.047201,1.008783,0.967415,0.922998,0.875379,0.824327,0.769486,0.710313
16800,1.284246,1.282813,1.278516,1.271357,1.261343,1.248481,1.232781,1.214251,1.192901,1.168739,1.141769,1.111988,1.079389,1.043949,1.005629,0.964364,0.920054,0.872545,0.821602,0.766870,0.707800
16860,1.280341,1.278912,1.274627,1.267489,1.257504,1.244679,1.229024,1.210547,1.189257,1.165163,1.138267,1.108568,1.076056,1.040709,1.002487,0.961325,0.917122,0.869721,0.818888,0.764263,0.705295
16920,1.276451,1.275027,1.270754,1.263636,1.253680,1.240892,1.225282,1.206857,1.185628,1.161600,1.134779,1.105160,1.072736,1.037481,0.999358,0.958298,0.914200,0.866907,0.816183,0.761666,0.702800
16980,1.272577,1.271156,1.266896,1.259799,1.249871,1.237120,1.221554,1.203182,1.182012,1.158052,1.131304,1.101766,1.069428,1.034266,0.996240,0.955282,0.911290,0.864104,0.813489,0.759078,0.700313
17040,1.268717,1.267301,1.263053,1.255976,1.246077,1.233363,1.217841,1.199521,1.178411,1.154517,1.127843,1.098385,1.066133,1.031064,0.993134,0.952278,0.908390,0.861312,0.810804,0.756500,0.697835
17100,1.264873,1.263460,1.259225,1.252169,1.242298,1.229620,1.214143,1.195875,1.174824,1.150996,1.124396,1.095018,1.062852,1.027873,0.990040,0.949285,0.905501,0.858530,0.808130,0.753931,0.695366
17160,1.261043,1.259635,1.255412,1.248376,1.238534,1.225892,1.210459,1.192242,1.171250,1.147489,1.120961,1.091663,1.059582,1.024695,0.986958,0.946303,0.902624,0.855759,0.805465,0.751371,0.692905
17220,1.257229,1.255825,1.251614,1.244598,1.234785,1.222179,1.206789,1.188624,1.167691,1.143996,1.117541,1.088321,1.056326,1.021529,0.983888,0.943333,0.899757,0.852997,0.802810,0.748821,0.690454
17280,1.253430,1.252030,1.247831,1.240836,1.231050,1.218480,1.203134,1.185020,1.164146,1.140516,1.114133,1.084992,1.053082,1.018375,0.980830,0.940374,0.896901,0.850247,0.800165,0.746280,0.688010
17340,1.249646,1.248250,1.244062,1.237087,1.227330,1.214796,1.199493,1.181430,1.160614,1.137050,1.110739,1.081677,1.049850,1.015234,0.977783,0.937427,0.894056,0.847506,0.797530,0.743748,0.685576
17400,1.245876,1.244484,1.240309,1.233354,1.223624,1.211126,1.195867,1.177855,1.157096,1.133597,1.107358,1.078373,1.046631,1.012104,0.974748,0.934490,0.891221,0.844776,0.794904,0.741225,0.683150
17460,1.242122,1.240734,1.236570,1.229635,1.219933,1.207470,1.192254,1.174293,1.153592,1.130158,1.103990,1.075083,1.043425,1.008987,0.971724,0.931565,0.888398,0.842056,0.792288,0.738711,0.680733
17520,1.238382,1.236998,1.232846,1.225931,1.216257,1.203829,1.188656,1.170745,1.150102,1.126732,1.100635,1.071806,1.040231,1.005882,0.968713,0.928651,0.885585,0.839346,0.789682,0.736207,0.678324
17580,1.234656,1.233276,1.229137,1.222241,1.212595,1.200202,1.185072,1.167211,1.146625,1.123319,1.097293,1.068541,1.037049,1.002788,0.965712,0.925748,0.882782,0.836647,0.787086,0.733712,0.675924
17640,1.230946,1.229570,1.225442,1.218566,1.208947,1.196590,1.181502,1.163691,1.143162,1.119920,1.093964,1.065289,1.033879,0.999706,0.962724,0.922856,0.879991,0.833957,0.784499,0.731226,0.673532
17700,1.227250,1.225878,1.221762,1.214906,1.205313,1.192991,1.177946,1.160184,1.139712,1.116534,1.090648,1.062049,1.030722,0.996637,0.959746,0.919975,0.877210,0.831278,0.781922,0.728749,0.671149
17760,1.223568,1.222200,1.218096,1.211259,1.201694,1.189407,1.174404,1.156691,1.136276,1.113161,1.087345,1.058823,1.027577,0.993579,0.956780,0.917105,0.874439,0.828609,0.779355,0.726281,0.668775
17820,1.219901,1.218537,1.214445,1.207627,1.198089,1.185836,1.170875,1.153212,1.132853,1.109801,1.084055,1.055608,1.024444,0.990533,0.953826,0.914246,0.871679,0.825949,0.776797,0.723823,0.666409
17880,1.216249,1.214888,1.210807,1.204009,1.194498,1.182280,1.167361,1.149747,1.129444,1.106454,1.080778,1.052406,1.021323,0.987498,0.950882,0.911398,0.868929,0.823300,0.774249,0.721373,0.664051
17940,1.212610,1.211254,1.207185,1.200406,1.190922,1.178738,1.163860,1.146295,1.126048,1.103121,1.077513,1.049217,1.018214,0.984476,0.947950,0.908561,0.866190,0.820661,0.771710,0.718932,0.661702
18000,1.208986,1.207633,1.203576,1.196816,1.187359,1.175209,1.160373,1.142856,1.122665,1.099800,1.074261,1.046039,1.015117,0.981465,0.945030,0.905735,0.863461,0.818032,0.769181,0.716500,0.659361
18060,1.205377,1.204028,1.199981,1.193241,1.183810,1.171694,1.156899,1.139431,1.119295,1.096492,1.071022,1.042874,1.012033,0.978465,0.942120,0.902919,0.860743,0.815413,0.766661,0.714078,0.657029
18120,1.201781,1.200436,1.196401,1.189679,1.180275,1.168193,1.153439,1.136020,1.115938,1.093198,1.067795,1.039722,1.008960,0.975477,0.939222,0.900115,0.858035,0.812803,0.764150,0.711664,0.654705
18180,1.198199,1.196858,1.192835,1.186132,1.176754,1.164706,1.149993,1.132621,1.112595,1.089916,1.064581,1.036581,1.005899,0.972501,0.936335,0.897321,0.855337,0.810204,0.761649,0.709259,0.652390
18240,1.194632,1.193294,1.189282,1.182598,1.173247,1.161232,1.146560,1.129236,1.109264,1.086646,1.061379,1.033453,1.002850,0.969536,0.933459,0.894537,0.852650,0.807614,0.759158,0.706863,0.650083
18300,1.191078,1.189744,1.185744,1.179079,1.169753,1.157772,1.143141,1.125864,1.105947,1.083390,1.058190,1.030337,0.999812,0.966582,0.930594,0.891765,0.849973,0.805034,0.756675,0.704476,0.647784
18360,1.187539,1.186209,1.182219,1.175573,1.166273,1.154325,1.139734,1.122505,1.102642,1.080146,1.055013,1.027233,0.996786,0.963640,0.927740,0.889003,0.847306,0.802464,0.754202,0.702098,0.645493
18420,1.184013,1.182687,1.178708,1.172081,1.162807,1.150892,1.136342,1.119160,1.099351,1.076914,1.051848,1.024141,0.993772,0.960709,0.924896,0.886251,0.844649,0.799904,0.751739,0.699728,0.643211
18480,1.180501,1.179178,1.175211,1.168602,1.159354,1.147472,1.132962,1.115827,1.096072,1.073696,1.048696,1.021061,0.990770,0.957790,0.922064,0.883510,0.842002,0.797353,0.749284,0.697367,0.640937
18540,1.177003,1.175684,1.171728,1.165137,1.155915,1.144066,1.129596,1.112508,1.092805,1.070489,1.045556,1.017992,0.987779,0.954881,0.919243,0.880780,0.839365,0.794812,0.746839,0.695015,0.638671
18600,1.173518,1.172203,1.168258,1.161686,1.152489,1.140673,1.126242,1.109201,1.089552,1.067296,1.042428,1.014936,0.984800,0.951984,0.916433,0.878060,0.836739,0.792281,0.744403,0.692672,0.636413
18660,1.170048,1.168736,1.164802,1.158248,1.149077,1.137293,1.122902,1.105907,1.086311,1.064114,1.039312,1.011892,0.981832,0.949098,0.913633,0.875350,0.834122,0.789759,0.741976,0.690338,0.634164
18720,1.166590,1.165282,1.161359,1.154823,1.145678,1.133927,1.119575,1.102626,1.083083,1.060945,1.036208,1.008859,0.978876,0.946224,0.910844,0.872651,0.831516,0.787247,0.739559,0.688012,0.631923
18780,1.163147,1.161842,1.157930,1.151412,1.142292,1.130573,1.116261,1.099358,1.079867,1.057789,1.033116,1.005838,0.975931,0.943360,0.908066,0.869962,0.828919,0.784745,0.737150,0.685695,0.629689
18840,1.159716,1.158416,1.154514,1.148015,1.138919,1.127233,1.112959,1.096102,1.076664,1.054644,1.030037,1.002829,0.972998,0.940507,0.905298,0.867284,0.826333,0.782252,0.734751,0.683386,0.627464
18900,1.156299,1.155002,1.151112,1.144630,1.135560,1.123906,1.109671,1.092860,1.073474,1.051512,1.026969,0.999831,0.970076,0.937666,0.902542,0.864616,0.823756,0.779768,0.732361,0.681087,0.625247
18960,1.152896,1.151602,1.147723,1.141259,1.132214,1.120591,1.106395,1.089630,1.070295,1.048392,1.023913,0.996845,0.967165,0.934835,0.899795,0.861958,0.821189,0.777294,0.729979,0.678795,0.623039
19020,1.149506,1.148216,1.144347,1.137901,1.128880,1.117290,1.103133,1.086412,1.067130,1.045284,1.020869,0.993871,0.964266,0.932015,0.897060,0.859310,0.818632,0.774830,0.727607,0.676513,0.620838
19080,1.146129,1.144842,1.140984,1.134556,1.125560,1.114001,1.099882,1.083207,1.063976,1.042188,1.017837,0.990908,0.961377,0.929206,0.894335,0.856672,0.816085,0.772374,0.725244,0.674238,0.618645
19140,1.142765,1.141482,1.137635,1.131224,1.122253,1.110725,1.096645,1.080014,1.060835,1.039104,1.014816,0.987956,0.958500,0.926408,0.891620,0.854045,0.813547,0.769929,0.722890,0.671973,0.616460
19200,1.139414,1.138135,1.134298,1.127905,1.118959,1.107462,1.093420,1.076834,1.057705,1.036032,1.011807,0.985016,0.955634,0.923621,0.888916,0.851428,0.811020,0.767492,0.720544,0.669716,0.614283
19260,1.136077,1.134801,1.130974,1.124599,1.115677,1.104212,1.090208,1.073666,1.054588,1.032972,1.008810,0.982087,0.952779,0.920845,0.886222,0.848820,0.808502,0.765065,0.718208,0.667467,0.612114
19320,1.132752,1.131480,1.127664,1.121306,1.112408,1.100974,1.087008,1.070511,1.051484,1.029924,1.005825,0.979170,0.949935,0.918079,0.883539,0.846223,0.805993,0.762647,0.715880,0.665227,0.609953
19380,1.129441,1.128172,1.124366,1.118025,1.109152,1.097749,1.083820,1.067367,1.048391,1.026888,1.002851,0.976264,0.947102,0.915324,0.880866,0.843636,0.803495,0.760238,0.713561,0.662995,0.607800
19440,1.126142,1.124877,1.121081,1.114758,1.105909,1.094537,1.080645,1.064236,1.045310,1.023863,0.999888,0.973369,0.944280,0.912579,0.878204,0.841059,0.801006,0.757839,0.711251,0.660771,0.605655
19500,1.122856,1.121594,1.117809,1.111503,1.102678,1.091337,1.077483,1.061117,1.042241,1.020850,0.996937,0.970486,0.941469,0.909845,0.875551,0.838491,0.798526,0.755449,0.708950,0.658556,0.603517
19560,1.119583,1.118325,1.114550,1.108261,1.099460,1.088149,1.074332,1.058011,1.039184,1.017849,0.993998,0.967613,0.938669,0.907122,0.872909,0.835934,0.796056,0.753068,0.706658,0.656349,0.601388
19620,1.116323,1.115068,1.111303,1.105032,1.096254,1.084974,1.071194,1.054916,1.036139,1.014860,0.991070,0.964752,0.935879,0.904409,0.870277,0.833386,0.793596,0.750696,0.704374,0.654151,0.599266
19680,1.113075,1.111823,1.108069,1.101815,1.093061,1.081811,1.068068,1.051833,1.033106,1.011882,0.988153,0.961902,0.933101,0.901707,0.867655,0.830849,0.791145,0.748333,0.702100,0.651960,0.597152
19740,1.109840,1.108592,1.104848,1.098610,1.089880,1.078661,1.064954,1.048762,1.030084,1.008916,0.985248,0.959062,0.930333,0.899015,0.865044,0.828321,0.788703,0.745979,0.699833,0.649779,0.595046
19800,1.106618,1.105373,1.101639,1.095418,1.086712,1.075523,1.061853,1.045704,1.027074,1.005961,0.982353,0.956234,0.927576,0.896334,0.862442,0.825802,0.786271,0.743635,0.697576,0.647605,0.592947
19860,1.103408,1.102166,1.098443,1.092239,1.083556,1.072396,1.058763,1.042657,1.024076,1.003017,0.979470,0.953417,0.924829,0.893663,0.859851,0.823294,0.783848,0.741299,0.695327,0.645439,0.590856
19920,1.100210,1.098972,1.095259,1.089071,1.080412,1.069282,1.055685,1.039621,1.021090,1.000085,0.976598,0.950611,0.922093,0.891002,0.857269,0.820795,0.781435,0.738972,0.693086,0.643282,0.588773
19980,1.097025,1.095791,1.092087,1.085916,1.077280,1.066181,1.052620,1.036598,1.018115,0.997165,0.973738,0.947815,0.919368,0.888352,0.854698,0.818306,0.779030,0.736655,0.690855,0.641133,0.586697
20040,1.093853,1.092621,1.088928,1.082774,1.074161,1.063091,1.049566,1.033586,1.015151,0.994255,0.970888,0.945030,0.916653,0.885711,0.852136,0.815827,0.776636,0.734346,0.688631,0.638991,0.584629
20100,1.090692,1.089464,1.085781,1.079643,1.071053,1.060013,1.046524,1.030586,1.012199,0.991357,0.968049,0.942257,0.913949,0.883081,0.849584,0.813357,0.774250,0.732046,0.686417,0.636858,0.582569
20160,1.087544,1.086320,1.082646,1.076525,1.067958,1.056947,1.043493,1.027598,1.009259,0.988470,0.965222,0.939493,0.911256,0.880462,0.847043,0.810896,0.771874,0.729755,0.684210,0.634733,0.580516
20220,1.084409,1.083187,1.079524,1.073419,1.064875,1.053893,1.040475,1.024621,1.006330,0.985595,0.962405,0.936741,0.908572,0.877852,0.844511,0.808445,0.769506,0.727473,0.682013,0.632617,0.578471
20280,1.081285,1.080067,1.076413,1.070325,1.061803,1.050851,1.037468,1.021656,1.003412,0.982730,0.959599,0.933999,0.905899,0.875252,0.841988,0.806004,0.767148,0.725199,0.679823,0.630508,0.576433
20340,1.078173,1.076959,1.073315,1.067242,1.058744,1.047820,1.034473,1.018702,1.000505,0.979877,0.956804,0.931268,0.903237,0.872663,0.839476,0.803572,0.764799,0.722934,0.677642,0.628407,0.574403
20400,1.075074,1.073862,1.070228,1.064172,1.055696,1.044802,1.031490,1.015760,0.997610,0.977034,0.954020,0.928547,0.900584,0.870084,0.836973,0.801150,0.762460,0.720679,0.675470,0.626314,0.572380
20460,1.071987,1.070778,1.067154,1.061114,1.052660,1.041795,1.028518,1.012829,0.994726,0.974203,0.951247,0.925837,0.897942,0.867514,0.834480,0.798737,0.760129,0.718431,0.673306,0.624229,0.570365
20520,1.068911,1.067706,1.064091,1.058067,1.049636,1.038799,1.025557,1.009909,0.991853,0.971382,0.948484,0.923137,0.895311,0.864955,0.831997,0.796333,0.757807,0.716193,0.671150,0.622152,0.568357
20580,1.065848,1.064646,1.061040,1.055033,1.046624,1.035816,1.022608,1.007001,0.988992,0.968573,0.945732,0.920448,0.892689,0.862405,0.829523,0.793938,0.755494,0.713963,0.669002,0.620082,0.566357
20640,1.062796,1.061597,1.058002,1.052010,1.043623,1.032843,1.019671,1.004104,0.986141,0.965774,0.942991,0.917770,0.890077,0.859865,0.827059,0.791553,0.753190,0.711742,0.666863,0.618021,0.564364
20700,1.059756,1.058561,1.054975,1.048999,1.040634,1.029883,1.016744,1.001218,0.983301,0.962986,0.940260,0.915101,0.887476,0.857335,0.824605,0.789177,0.750896,0.709529,0.664732,0.615968,0.562378
20760,1.056728,1.055536,1.051959,1.045999,1.037657,1.026933,1.013829,0.998344,0.980473,0.960209,0.937540,0.912443,0.884885,0.854815,0.822160,0.786811,0.748610,0.707325,0.662609,0.613922,0.560399
20820,1.053712,1.052522,1.048955,1.043011,1.034691,1.023996,1.010926,0.995480,0.977655,0.957443,0.934831,0.909795,0.882304,0.852305,0.819724,0.784453,0.746333,0.705130,0.660494,0.611884,0.558428
20880,1.050707,1.049521,1.045963,1.040035,1.031736,1.021069,1.008033,0.992628,0.974848,0.954688,0.932132,0.907158,0.879732,0.849804,0.817298,0.782105,0.744064,0.702943,0.658387,0.609854,0.556464
20940,1.047714,1.046531,1.042983,1.037070,1.028793,1.018154,1.005152,0.989786,0.972052,0.951943,0.929443,0.904531,0.877171,0.847313,0.814882,0.779766,0.741805,0.700764,0.656289,0.607831,0.554508
21000,1.044732,1.043553,1.040014,1.034116,1.025862,1.015250,1.002282,0.986956,0.969267,0.949208,0.926765,0.901913,0.874620,0.844832,0.812474,0.777435,0.739554,0.698594,0.654199,0.605817,0.552558
21060,1.041762,1.040586,1.037056,1.031174,1.022941,1.012358,0.999423,0.984136,0.966493,0.946485,0.924097,0.899306,0.872078,0.842361,0.810076,0.775114,0.737312,0.696432,0.652116,0.603810,0.550616
21120,1.038804,1.037630,1.034110,1.028244,1.020032,1.009476,0.996575,0.981328,0.963729,0.943771,0.921439,0.896710,0.869547,0.839899,0.807688,0.772802,0.735079,0.694279,0.650042,0.601810,0.548681
21180,1.035857,1.034686,1.031175,1.025325,1.017135,1.006606,0.993738,0.978530,0.960976,0.941069,0.918792,0.894123,0.867025,0.837446,0.805308,0.770499,0.732855,0.692134,0.647976,0.599818,0.546753
21240,1.032921,1.031754,1.028252,1.022417,1.014248,1.003747,0.990912,0.975743,0.958234,0.938376,0.916155,0.891546,0.864513,0.835003,0.802938,0.768205,0.730639,0.689997,0.645918,0.597834,0.544832
21300,1.029997,1.028832,1.025340,1.019520,1.011372,1.000899,0.988097,0.972967,0.955502,0.935695,0.913528,0.888979,0.862011,0.832570,0.800577,0.765920,0.728432,0.687869,0.643867,0.595858,0.542919
21360,1.027084,1.025922,1.022439,1.016634,1.008508,0.998061,0.985293,0.970202,0.952781,0.933023,0.910912,0.886422,0.859518,0.830146,0.798226,0.763644,0.726233,0.685749,0.641825,0.593889,0.541012
21420,1.024182,1.023024,1.019549,1.013760,1.005655,0.995235,0.982500,0.967447,0.950071,0.930362,0.908305,0.883875,0.857035,0.827731,0.795883,0.761376,0.724043,0.683638,0.639791,0.591927,0.539112
21480,1.021291,1.020136,1.016671,1.010896,1.002813,0.992420,0.979717,0.964703,0.947371,0.927711,0.905709,0.881338,0.854562,0.825326,0.793550,0.759118,0.721861,0.681534,0.637764,0.589973,0.537220
21540,1.018412,1.017260,1.013804,1.008044,0.999981,0.989615,0.976946,0.961969,0.944681,0.925071,0.903123,0.878811,0.852099,0.822930,0.791225,0.756868,0.719688,0.679439,0.635746,0.588027,0.535334
21600,1.015543,1.014394,1.010947,1.005203,0.997161,0.986822,0.974185,0.959246,0.942002,0.922440,0.900546,0.876293,0.849644,0.820544,0.788910,0.754627,0.717524,0.677352,0.633735,0.586087,0.533456
21660,1.012686,1.011540,1.008102,1.002372,0.994351,0.984039,0.971434,0.956534,0.939333,0.919820,0.897980,0.873786,0.847200,0.818166,0.786604,0.752394,0.715368,0.675272,0.631732,0.584156,0.531584
21720,1.009840,1.008697,1.005268,0.999553,0.991553,0.981267,0.968694,0.953832,0.936674,0.917210,0.895423,0.871288,0.844765,0.815798,0.784306,0.750171,0.713220,0.673202,0.629736,0.582232,0.529720
21780,1.007004,1.005864,1.002444,0.996744,0.988765,0.978505,0.965965,0.951141,0.934026,0.914610,0.892877,0.868799,0.842339,0.813440,0.782018,0.747956,0.711081,0.671139,0.627749,0.580315,0.527862
21840,1.004180,1.003043,0.999632,0.993947,0.985988,0.975755,0.963246,0.948459,0.931388,0.912020,0.890340,0.866321,0.839923,0.811090,0.779739,0.745750,0.708950,0.669084,0.625769,0.578405,0.526011
21900,1.001367,1.000232,0.996830,0.991160,0.983221,0.973015,0.960538,0.945789,0.928760,0.909440,0.887813,0.863852,0.837516,0.808749,0.777468,0.743552,0.706827,0.667037,0.623797,0.576503,0.524167
21960,0.998564,0.997433,0.994039,0.988383,0.980465,0.970285,0.957840,0.943128,0.926142,0.906870,0.885296,0.861392,0.835119,0.806418,0.775206,0.741363,0.704713,0.664998,0.621832,0.574608,0.522330
22020,0.995772,0.994644,0.991259,0.985618,0.977720,0.967566,0.955153,0.940478,0.923534,0.904310,0.882789,0.858942,0.832730,0.804096,0.772953,0.739182,0.702607,0.662968,0.619876,0.572720,0.520499
22080,0.992991,0.991866,0.988490,0.982863,0.974986,0.964857,0.952476,0.937838,0.920937,0.901760,0.880291,0.856502,0.830352,0.801782,0.770709,0.737010,0.700509,0.660945,0.617927,0.570840,0.518676
22140,0.990221,0.989098,0.985731,0.980119,0.972262,0.962159,0.949809,0.935208,0.918349,0.899220,0.877803,0.854071,0.827982,0.799478,0.768474,0.734847,0.698419,0.658930,0.615985,0.568967,0.516859
22200,0.987461,0.986341,0.982983,0.977385,0.969548,0.959472,0.947153,0.932589,0.915771,0.896690,0.875325,0.851649,0.825621,0.797183,0.766247,0.732692,0.696338,0.656923,0.614051,0.567101,0.515048
22260,0.984712,0.983595,0.980245,0.974662,0.966845,0.956794,0.944507,0.929979,0.913204,0.894169,0.872856,0.849237,0.823270,0.794896,0.764029,0.730545,0.694264,0.654924,0.612124,0.565242,0.513245
22320,0.981973,0.980860,0.977518,0.971949,0.964153,0.954127,0.941871,0.927380,0.910646,0.891658,0.870397,0.846834,0.820928,0.792619,0.761820,0.728407,0.692199,0.652932,0.610205,0.563390,0.511448
22380,0.979245,0.978134,0.974802,0.969247,0.961470,0.951470,0.939245,0.924790,0.908098,0.889157,0.867947,0.844440,0.818595,0.790350,0.759619,0.726277,0.690142,0.650949,0.608294,0.561546,0.509658
22440,0.976528,0.975420,0.972096,0.966555,0.958798,0.948824,0.936629,0.922211,0.905560,0.886666,0.865507,0.842056,0.816271,0.788090,0.757427,0.724155,0.688093,0.648973,0.606390,0.559708,0.507875
22500,0.973821,0.972716,0.969400,0.963874,0.956137,0.946187,0.934024,0.919641,0.903032,0.884184,0.863076,0.839681,0.813956,0.785839,0.755244,0.722042,0.686052,0.647005,0.604493,0.557878,0.506098
22560,0.971124,0.970022,0.966715,0.961203,0.953485,0.943561,0.931428,0.917082,0.900514,0.881711,0.860655,0.837315,0.811650,0.783597,0.753068,0.719937,0.684019,0.645044,0.602604,0.556054,0.504328
22620,0.968438,0.967338,0.964040,0.958542,0.950844,0.940945,0.928843,0.914532,0.898005,0.879249,0.858243,0.834959,0.809353,0.781364,0.750902,0.717840,0.681994,0.643092,0.600722,0.554238,0.502564
22680,0.965762,0.964665,0.961375,0.955891,0.948213,0.938339,0.926267,0.911992,0.895506,0.876795,0.855841,0.832611,0.807065,0.779139,0.748744,0.715752,0.679977,0.641147,0.598848,0.552429,0.500807
22740,0.963096,0.962002,0.958721,0.953251,0.945592,0.935743,0.923702,0.909462,0.893017,0.874352,0.853447,0.830273,0.804786,0.776923,0.746594,0.713671,0.677968,0.639209,0.596981,0.550627,0.499056
22800,0.960441,0.959350,0.956076,0.950620,0.942981,0.933157,0.921146,0.906942,0.890537,0.871917,0.851063,0.827944,0.802516,0.774715,0.744453,0.711599,0.675967,0.637280,0.595121,0.548831,0.497312
22860,0.957796,0.956707,0.953442,0.948000,0.940380,0.930581,0.918600,0.904431,0.888067,0.869493,0.848689,0.825624,0.800254,0.772516,0.742320,0.709535,0.673973,0.635358,0.593268,0.547043,0.495574
22920,0.955161,0.954075,0.950818,0.945390,0.937789,0.928015,0.916064,0.901930,0.885606,0.867077,0.846323,0.823312,0.798001,0.770326,0.740196,0.707479,0.671988,0.633443,0.591423,0.545261,0.493843
22980,0.952536,0.951453,0.948205,0.942790,0.935209,0.925459,0.913537,0.899439,0.883155,0.864671,0.843967,0.821010,0.795757,0.768144,0.738080,0.705431,0.670010,0.631536,0.589585,0.543487,0.492118
23040,0.949921,0.948841,0.945601,0.940200,0.932638,0.922912,0.911021,0.896957,0.880713,0.862274,0.841619,0.818717,0.793522,0.765971,0.735972,0.703392,0.668040,0.629636,0.587754,0.541719,0.490400
23100,0.947316,0.946239,0.943007,0.937620,0.930077,0.920376,0.908514,0.894485,0.878281,0.859887,0.839281,0.816432,0.791296,0.763807,0.733872,0.701360,0.666078,0.627744,0.585931,0.539958,0.488688
23160,0.944722,0.943647,0.940423,0.935050,0.927525,0.917849,0.906017,0.892023,0.875858,0.857508,0.836952,0.814157,0.789078,0.761650,0.731781,0.699336,0.664123,0.625860,0.584114,0.538204,0.486982
23220,0.942137,0.941065,0.937849,0.932489,0.924984,0.915332,0.903529,0.889570,0.873445,0.855139,0.834632,0.811890,0.786869,0.759502,0.729697,0.697320,0.662177,0.623982,0.582305,0.536456,0.485282
23280,0.939562,0.938493,0.935285,0.929939,0.922453,0.912824,0.901051,0.887126,0.871040,0.852779,0.832321,0.809632,0.784668,0.757363,0.727622,0.695312,0.660237,0.622113,0.580502,0.534716,0.483589
23340,0.936997,0.935930,0.932731,0.927398,0.919931,0.910327,0.898582,0.884692,0.868645,0.850428,0.830018,0.807383,0.782476,0.755232,0.725555,0.693312,0.658306,0.620250,0.578707,0.532982,0.481903
23400,0.934442,0.933378,0.930187,0.924867,0.917418,0.907838,0.896123,0.882267,0.866260,0.848086,0.827725,0.805143,0.780293,0.753109,0.723496,0.691319,0.656382,0.618395,0.576919,0.531255,0.480222
23460,0.931896,0.930835,0.927652,0.922346,0.914916,0.905360,0.893674,0.879852,0.863883,0.845754,0.825441,0.802911,0.778118,0.750994,0.721446,0.689335,0.654466,0.616547,0.575138,0.529534,0.478548
23520,0.929361,0.928302,0.925127,0.919834,0.912423,0.902891,0.891234,0.877445,0.861516,0.843430,0.823165,0.800688,0.775951,0.748888,0.719403,0.687358,0.652557,0.614707,0.573364,0.527821,0.476880
23580,0.926835,0.925779,0.922612,0.917333,0.909940,0.900431,0.888803,0.875048,0.859158,0.841115,0.820898,0.798473,0.773793,0.746790,0.717368,0.685390,0.650656,0.612874,0.571597,0.526114,0.475218
23640,0.924319,0.923266,0.920106,0.914840,0.907466,0.897981,0.886381,0.872661,0.856809,0.838810,0.818640,0.796268,0.771644,0.744700,0.715341,0.683429,0.648762,0.611048,0.569837,0.524413,0.473562
23700,0.921812,0.920762,0.917611,0.912358,0.905002,0.895540,0.883969,0.870282,0.854469,0.836513,0.816391,0.794070,0.769502,0.742619,0.713323,0.681475,0.646876,0.609229,0.568083,0.522719,0.471913
23760,0.919315,0.918268,0.915124,0.909884,0.902547,0.893109,0.881567,0.867913,0.852138,0.834225,0.814151,0.791882,0.767369,0.740545,0.711312,0.679529,0.644997,0.607417,0.566337,0.521032,0.470269
23820,0.916828,0.915783,0.912647,0.907421,0.900101,0.890687,0.879173,0.865553,0.849816,0.831946,0.811919,0.789701,0.765245,0.738480,0.709309,0.677591,0.643126,0.605613,0.564598,0.519351,0.468632
23880,0.914350,0.913308,0.910180,0.904966,0.897665,0.888274,0.876789,0.863202,0.847503,0.829675,0.809696,0.787530,0.763128,0.736422,0.707314,0.675661,0.641262,0.603816,0.562865,0.517677,0.467001
23940,0.911882,0.910842,0.907722,0.902522,0.895239,0.885871,0.874413,0.860860,0.845199,0.827414,0.807481,0.785366,0.761020,0.734373,0.705326,0.673738,0.639405,0.602026,0.561139,0.516009,0.465376
24000,0.909423,0.908386,0.905274,0.900086,0.892821,0.883477,0.872047,0.858527,0.842903,0.825161,0.805275,0.783212,0.758920,0.732332,0.703347,0.671823,0.637556,0.600242,0.559420,0.514348,0.463756
24060,0.906974,0.905939,0.902835,0.897660,0.890413,0.881092,0.869690,0.856203,0.840617,0.822917,0.803078,0.781065,0.756829,0.730299,0.701375,0.669915,0.635714,0.598466,0.557708,0.512693,0.462143
24120,0.904534,0.903502,0.900405,0.895243,0.888014,0.878716,0.867343,0.853888,0.838340,0.820682,0.800889,0.778927,0.754745,0.728273,0.699411,0.668015,0.633879,0.596698,0.556003,0.511045,0.460536
24180,0.902103,0.901074,0.897985,0.892836,0.885625,0.876349,0.865004,0.851582,0.836071,0.818455,0.798709,0.776797,0.752670,0.726256,0.697455,0.666123,0.632052,0.594936,0.554304,0.509403,0.458935
24240,0.899682,0.898655,0.895574,0.890437,0.883244,0.873991,0.862674,0.849284,0.833811,0.816237,0.796537,0.774675,0.750602,0.724246,0.695506,0.664238,0.630232,0.593181,0.552612,0.507767,0.457340
24300,0.897270,0.896245,0.893172,0.888048,0.880873,0.871643,0.860353,0.846996,0.831560,0.814027,0.794373,0.772562,0.748543,0.722245,0.693565,0.662360,0.628419,0.591433,0.550927,0.506138,0.455751
24360,0.894867,0.893845,0.890779,0.885668,0.878511,0.869303,0.858041,0.844716,0.829317,0.811826,0.792218,0.770457,0.746492,0.720251,0.691632,0.660490,0.626613,0.589692,0.549248,0.504515,0.454167
24420,0.892473,0.891454,0.888396,0.883298,0.876158,0.866973,0.855738,0.842445,0.827083,0.809634,0.790071,0.768360,0.744449,0.718265,0.689706,0.658627,0.624815,0.587958,0.547576,0.502899,0.452590
24480,0.890089,0.889072,0.886021,0.880936,0.873814,0.864651,0.853444,0.840183,0.824858,0.807449,0.787933,0.766271,0.742414,0.716287,0.687788,0.656771,0.623023,0.586230,0.545911,0.501289,0.451018
24540,0.887714,0.886699,0.883656,0.878583,0.871478,0.862339,0.851158,0.837930,0.822641,0.805274,0.785803,0.764191,0.740386,0.714316,0.685878,0.654923,0.621239,0.584510,0.544253,0.499685,0.449452
24600,0.885347,0.884336,0.881300,0.876240,0.869152,0.860035,0.848882,0.835685,0.820433,0.803107,0.783681,0.762118,0.738367,0.712354,0.683975,0.653082,0.619462,0.582796,0.542600,0.498087,0.447892
24660,0.882990,0.881981,0.878953,0.873905,0.866835,0.857740,0.846614,0.833449,0.818233,0.800948,0.781567,0.760054,0.736355,0.710399,0.682079,0.651248,0.617691,0.581090,0.540955,0.496496,0.446338
24720,0.880642,0.879635,0.876615,0.871579,0.864527,0.855454,0.844355,0.831222,0.816042,0.798798,0.779462,0.757997,0.734352,0.708451,0.680191,0.649422,0.615928,0.579390,0.539316,0.494911,0.444790
24780,0.878303,0.877299,0.874285,0.869262,0.862227,0.853176,0.842104,0.829003,0.813859,0.796655,0.777364,0.755949,0.732356,0.706512,0.678311,0.647603,0.614172,0.577697,0.537683,0.493332,0.443247
24840,0.875973,0.874971,0.871965,0.866954,0.859936,0.850908,0.839863,0.826793,0.811685,0.794522,0.775275,0.753908,0.730368,0.704580,0.676437,0.645791,0.612423,0.576010,0.536057,0.491759,0.441710
24900,0.873651,0.872652,0.869654,0.864655,0.857655,0.848648,0.837629,0.824591,0.809519,0.792396,0.773194,0.751876,0.728388,0.702655,0.674571,0.643986,0.610680,0.574330,0.534438,0.490192,0.440179
24960,0.871339,0.870342,0.867351,0.862365,0.855381,0.846397,0.835405,0.822398,0.807362,0.790279,0.771121,0.749851,0.726415,0.700738,0.672713,0.642189,0.608945,0.572657,0.532825,0.488632,0.438653
25020,0.869036,0.868041,0.865058,0.860084,0.853117,0.844154,0.833189,0.820213,0.805213,0.788169,0.769056,0.747834,0.724450,0.698829,0.670862,0.640398,0.607217,0.570991,0.531218,0.487077,0.437134
25080,0.866741,0.865749,0.862773,0.857811,0.850861,0.841920,0.830981,0.818036,0.803072,0.786068,0.766999,0.745826,0.722493,0.696927,0.669018,0.638615,0.605495,0.569331,0.529617,0.485529,0.435619
25140,0.864455,0.863465,0.860496,0.855547,0.848614,0.839695,0.828782,0.815868,0.800939,0.783976,0.764950,0.743825,0.720544,0.695032,0.667181,0.636838,0.603781,0.567678,0.528024,0.483987,0.434111
25200,0.862178,0.861191,0.858229,0.853291,0.846376,0.837478,0.826592,0.813708,0.798815,0.781891,0.762909,0.741831,0.718602,0.693145,0.665352,0.635069,0.602073,0.566032,0.526436,0.482451,0.432608
25260,0.859909,0.858925,0.855970,0.851045,0.844146,0.835269,0.824410,0.811557,0.796698,0.779814,0.760876,0.739846,0.716668,0.691265,0.663530,0.633307,0.600372,0.564392,0.524855,0.480921,0.431111
25320,0.857649,0.856667,0.853720,0.848806,0.841924,0.833069,0.822236,0.809414,0.794590,0.777745,0.758851,0.737868,0.714741,0.689393,0.661715,0.631551,0.598677,0.562759,0.523280,0.479396,0.429619
25380,0.855398,0.854418,0.851478,0.846577,0.839711,0.830878,0.820070,0.807279,0.792490,0.775685,0.756834,0.735898,0.712822,0.687528,0.659907,0.629803,0.596990,0.561132,0.521711,0.477878,0.428133
25440,0.853156,0.852178,0.849245,0.844356,0.837507,0.828695,0.817913,0.805152,0.790399,0.773632,0.754824,0.733935,0.710910,0.685671,0.658107,0.628062,0.595309,0.559512,0.520149,0.476366,0.426652
25500,0.850922,0.849947,0.847021,0.842143,0.835311,0.826520,0.815764,0.803034,0.788315,0.771587,0.752822,0.731981,0.709006,0.683820,0.656313,0.626327,0.593635,0.557898,0.518592,0.474860,0.425177
25560,0.848696,0.847724,0.844805,0.839939,0.833124,0.824354,0.813624,0.800924,0.786239,0.769550,0.750829,0.730033,0.707109,0.681977,0.654527,0.624600,0.591967,0.556290,0.517042,0.473360,0.423707
25620,0.846479,0.845509,0.842598,0.837744,0.830945,0.822196,0.811492,0.798821,0.784171,0.767521,0.748842,0.728094,0.705220,0.680142,0.652747,0.622879,0.590307,0.554690,0.515499,0.471865,0.422243
25680,0.844271,0.843303,0.840399,0.835556,0.828774,0.820046,0.809367,0.796727,0.782112,0.765500,0.746864,0.726162,0.703338,0.678313,0.650975,0.621165,0.588653,0.553095,0.513961,0.470377,0.420784
25740,0.842071,0.841105,0.838208,0.833378,0.826611,0.817905,0.807251,0.794641,0.780060,0.763487,0.744893,0.724237,0.701463,0.676492,0.649210,0.619458,0.587005,0.551507,0.512430,0.468894,0.419331
25800,0.839879,0.838916,0.836026,0.831207,0.824457,0.815772,0.805144,0.792563,0.778016,0.761481,0.742930,0.722320,0.699596,0.674677,0.647451,0.617758,0.585364,0.549925,0.510904,0.467417,0.417883
25860,0.837696,0.836735,0.833852,0.829045,0.822311,0.813646,0.803044,0.790493,0.775980,0.759483,0.740974,0.720411,0.697736,0.672870,0.645700,0.616064,0.583730,0.548350,0.509385,0.465946,0.416440
25920,0.835521,0.834563,0.831686,0.826891,0.820173,0.811530,0.800952,0.788431,0.773952,0.757493,0.739026,0.718509,0.695884,0.671070,0.643955,0.614377,0.582102,0.546781,0.507872,0.464481,0.415003
25980,0.833355,0.832398,0.829529,0.824745,0.818044,0.809421,0.798868,0.786377,0.771932,0.755511,0.737086,0.716614,0.694038,0.669277,0.642218,0.612697,0.580481,0.545218,0.506365,0.463022,0.413571
26040,0.831196,0.830242,0.827380,0.822608,0.815923,0.807320,0.796793,0.784331,0.769919,0.753536,0.735153,0.714727,0.692200,0.667492,0.640487,0.611024,0.578866,0.543661,0.504864,0.461568,0.412144
26100,0.829046,0.828095,0.825239,0.820478,0.813809,0.805227,0.794725,0.782293,0.767914,0.751569,0.733228,0.712847,0.690369,0.665713,0.638763,0.609357,0.577257,0.542111,0.503369,0.460120,0.410723
26160,0.826904,0.825955,0.823107,0.818357,0.811704,0.803143,0.792665,0.780262,0.765917,0.749610,0.731310,0.710974,0.688545,0.663941,0.637046,0.607697,0.575655,0.540567,0.501880,0.458678,0.409307
26220,0.824771,0.823824,0.820982,0.816244,0.809607,0.801066,0.790614,0.778239,0.763928,0.747658,0.729399,0.709109,0.686729,0.662176,0.635336,0.606043,0.574060,0.539029,0.500397,0.457241,0.407896
26280,0.822645,0.821701,0.818866,0.814139,0.807518,0.798997,0.788570,0.776224,0.761946,0.745714,0.727496,0.707251,0.684919,0.660418,0.633632,0.604396,0.572471,0.537498,0.498920,0.455810,0.406491
26340,0.820528,0.819585,0.816757,0.812042,0.805437,0.796937,0.786534,0.774217,0.759972,0.743777,0.725601,0.705400,0.683117,0.658667,0.631936,0.602756,0.570888,0.535972,0.497449,0.454385,0.405091
26400,0.818419,0.817478,0.814657,0.809953,0.803364,0.794884,0.784505,0.772218,0.758006,0.741848,0.723712,0.703557,0.681321,0.656923,0.630246,0.601122,0.569312,0.534453,0.495983,0.452966,0.403696
26460,0.816317,0.815379,0.812565,0.807873,0.801299,0.792839,0.782485,0.770226,0.756047,0.739926,0.721832,0.701720,0.679533,0.655186,0.628562,0.599495,0.567742,0.532940,0.494524,0.451552,0.402306
26520,0.814224,0.813289,0.810481,0.805800,0.799242,0.790802,0.780472,0.768242,0.754096,0.738012,0.719958,0.699891,0.677752,0.653456,0.626886,0.597874,0.566178,0.531433,0.493071,0.450144,0.400921
26580,0.812139,0.811206,0.808405,0.803735,0.797192,0.788772,0.778467,0.766266,0.752152,0.736105,0.718092,0.698069,0.675977,0.651732,0.625216,0.596260,0.564620,0.529932,0.491623,0.448741,0.399542
26640,0.810062,0.809131,0.806336,0.801677,0.795151,0.786751,0.776470,0.764297,0.750216,0.734205,0.716232,0.696254,0.674210,0.650016,0.623552,0.594652,0.563069,0.528437,0.490181,0.447344,0.398168
26700,0.807992,0.807063,0.804276,0.799628,0.793117,0.784737,0.774480,0.762336,0.748288,0.732313,0.714381,0.694446,0.672449,0.648306,0.621896,0.593051,0.561524,0.526948,0.488746,0.445952,0.396798
26760,0.805931,0.805004,0.802223,0.797587,0.791091,0.782731,0.772498,0.760382,0.746366,0.730428,0.712536,0.692645,0.670696,0.646602,0.620246,0.591455,0.559985,0.525465,0.487315,0.444566,0.395434
26820,0.803877,0.802953,0.800179,0.795553,0.789073,0.780732,0.770524,0.758436,0.744452,0.728550,0.710698,0.690852,0.668949,0.644906,0.618602,0.589867,0.558453,0.523988,0.485891,0.443186,0.394075
26880,0.801832,0.800909,0.798142,0.793527,0.787062,0.778741,0.768557,0.756497,0.742546,0.726680,0.708868,0.689065,0.667209,0.643216,0.616965,0.588284,0.556926,0.522517,0.484472,0.441811,0.392721
26940,0.799794,0.798874,0.796113,0.791509,0.785060,0.776758,0.766598,0.754566,0.740647,0.724817,0.707045,0.687285,0.665476,0.641533,0.615334,0.586708,0.555406,0.521052,0.483060,0.440441,0.391372
27000,0.797764,0.796846,0.794091,0.789499,0.783064,0.774783,0.764646,0.752642,0.738755,0.722961,0.705229,0.685512,0.663750,0.639856,0.613710,0.585139,0.553892,0.519593,0.481652,0.439077,0.390028
27060,0.795741,0.794826,0.792078,0.787496,0.781077,0.772815,0.762702,0.750726,0.736870,0.721112,0.703419,0.683746,0.662031,0.638186,0.612092,0.583575,0.552384,0.518140,0.480251,0.437718,0.388689
27120,0.793727,0.792813,0.790072,0.785501,0.779097,0.770854,0.760765,0.748817,0.734993,0.719271,0.701617,0.681987,0.660318,0.636523,0.610481,0.582018,0.550882,0.516693,0.478855,0.436365,0.387356
27180,0.791720,0.790808,0.788074,0.783514,0.777125,0.768902,0.758836,0.746915,0.733123,0.717436,0.699822,0.680235,0.658612,0.634866,0.608876,0.580467,0.549386,0.515251,0.477465,0.435017,0.386027
27240,0.789720,0.788811,0.786083,0.781534,0.775160,0.766956,0.756914,0.745021,0.731260,0.715609,0.698034,0.678489,0.656913,0.633216,0.607278,0.578922,0.547896,0.513816,0.476081,0.433675,0.384703
27300,0.787729,0.786822,0.784100,0.779561,0.773203,0.765018,0.754999,0.743134,0.729405,0.713789,0.696253,0.676751,0.655220,0.631573,0.605686,0.577384,0.546412,0.512386,0.474702,0.432337,0.383383
27360,0.785745,0.784840,0.782124,0.777597,0.771253,0.763088,0.753092,0.741254,0.727556,0.711976,0.694479,0.675019,0.653534,0.629935,0.604100,0.575851,0.544934,0.510962,0.473329,0.431006,0.382069
27420,0.783768,0.782865,0.780156,0.775639,0.769311,0.761164,0.751192,0.739381,0.725715,0.710170,0.692711,0.673294,0.651855,0.628305,0.602520,0.574325,0.543462,0.509544,0.471961,0.429679,0.380760
27480,0.781799,0.780898,0.778196,0.773690,0.767376,0.759249,0.749299,0.737516,0.723881,0.708370,0.690951,0.671576,0.650182,0.626680,0.600947,0.572805,0.541996,0.508131,0.470599,0.428358,0.379456
27540,0.779838,0.778939,0.776243,0.771747,0.765448,0.757340,0.747414,0.735658,0.722054,0.706578,0.689197,0.669864,0.648516,0.625063,0.599380,0.571291,0.540536,0.506725,0.469242,0.427042,0.378156
27600,0.777884,0.776987,0.774298,0.769812,0.763528,0.755439,0.745536,0.733807,0.720234,0.704793,0.687450,0.668159,0.646856,0.623451,0.597819,0.569783,0.539081,0.505324,0.467891,0.425732,0.376861
27660,0.775937,0.775043,0.772359,0.767885,0.761615,0.753545,0.743665,0.731963,0.718421,0.703014,0.685710,0.666461,0.645203,0.621846,0.596265,0.568281,0.537633,0.503929,0.466546,0.424426,0.375572
27720,0.773998,0.773106,0.770429,0.765965,0.759710,0.751658,0.741801,0.730126,0.716615,0.701243,0.683977,0.664770,0.643556,0.620247,0.594717,0.566785,0.536191,0.502539,0.465205,0.423126,0.374286
27780,0.772066,0.771176,0.768505,0.764052,0.757812,0.749779,0.739945,0.728296,0.714815,0.699478,0.682250,0.663085,0.641916,0.618655,0.593174,0.565295,0.534754,0.501155,0.463871,0.421831,0.373006
27840,0.770142,0.769254,0.766589,0.762146,0.755921,0.747907,0.738095,0.726473,0.713023,0.697721,0.680531,0.661406,0.640282,0.617069,0.591638,0.563811,0.533323,0.499777,0.462542,0.420541,0.371731
27900,0.768225,0.767339,0.764681,0.760248,0.754037,0.746042,0.736253,0.724658,0.711238,0.695970,0.678817,0.659734,0.638655,0.615489,0.590109,0.562333,0.531898,0.498404,0.461218,0.419257,0.370460
27960,0.766315,0.765431,0.762779,0.758357,0.752161,0.744184,0.734418,0.722849,0.709460,0.694225,0.677111,0.658069,0.637034,0.613915,0.588585,0.560861,0.530479,0.497037,0.459899,0.417977,0.369194
28020,0.764412,0.763531,0.760885,0.756473,0.750291,0.742333,0.732589,0.721047,0.707688,0.692488,0.675411,0.656410,0.635419,0.612348,0.587067,0.559395,0.529065,0.495676,0.458586,0.416703,0.367933
28080,0.762517,0.761638,0.758998,0.754597,0.748429,0.740489,0.730768,0.719252,0.705924,0.690757,0.673718,0.654758,0.633811,0.610787,0.585555,0.557935,0.527658,0.494320,0.457279,0.415434,0.366676
28140,0.760629,0.759752,0.757119,0.752727,0.746574,0.738653,0.728954,0.717464,0.704166,0.689033,0.672031,0.653112,0.632209,0.609232,0.584050,0.556480,0.526255,0.492969,0.455977,0.414170,0.365424
28200,0.758748,0.757873,0.755246,0.750865,0.744726,0.736823,0.727146,0.715683,0.702415,0.687316,0.670351,0.651473,0.630614,0.607683,0.582550,0.555032,0.524859,0.491624,0.454680,0.412911,0.364177
28260,0.756875,0.756001,0.753381,0.749010,0.742885,0.735000,0.725346,0.713909,0.700670,0.685605,0.668678,0.649840,0.629024,0.606140,0.581057,0.553589,0.523468,0.490285,0.453388,0.411657,0.362934
28320,0.755008,0.754137,0.751522,0.747162,0.741051,0.733185,0.723553,0.712141,0.698933,0.683901,0.667011,0.648213,0.627441,0.604603,0.579569,0.552152,0.522083,0.488951,0.452102,0.410409,0.361696
28380,0.753149,0.752280,0.749671,0.745321,0.739225,0.731376,0.721766,0.710381,0.697202,0.682203,0.665350,0.646593,0.625865,0.603073,0.578087,0.550721,0.520704,0.487622,0.450821,0.409165,0.360463
28440,0.751297,0.750429,0.747827,0.743487,0.737405,0.729574,0.719986,0.708627,0.695478,0.680512,0.663696,0.644979,0.624294,0.601548,0.576611,0.549296,0.519330,0.486299,0.449545,0.407926,0.359234
28500,0.749451,0.748586,0.745990,0.741660,0.735592,0.727779,0.718213,0.706880,0.693760,0.678828,0.662048,0.643371,0.622729,0.600030,0.575141,0.547876,0.517962,0.484982,0.448274,0.406692,0.358010
28560,0.747613,0.746750,0.744159,0.739839,0.733786,0.725991,0.716447,0.705139,0.692049,0.677150,0.660407,0.641770,0.621171,0.598517,0.573677,0.546462,0.516599,0.483670,0.447009,0.405464,0.356791
28620,0.745782,0.744921,0.742336,0.738026,0.731987,0.724210,0.714688,0.703406,0.690345,0.675479,0.658772,0.640175,0.619619,0.597011,0.572219,0.545054,0.515242,0.482363,0.445749,0.404240,0.355576
28680,0.743958,0.743098,0.740520,0.736220,0.730194,0.722436,0.712935,0.701679,0.688647,0.673814,0.657143,0.638586,0.618073,0.595511,0.570767,0.543652,0.513890,0.481061,0.444494,0.403021,0.354365
28740,0.742140,0.741283,0.738711,0.734421,0.728409,0.720668,0.711189,0.699958,0.686956,0.672155,0.655521,0.637003,0.616533,0.594016,0.569320,0.542255,0.512544,0.479765,0.443244,0.401807,0.353159
28800,0.740330,0.739475,0.736908,0.732628,0.726630,0.718907,0.709450,0.698244,0.685271,0.670503,0.653905,0.635427,0.614999,0.592527,0.567879,0.540864,0.511203,0.478474,0.441999,0.400598,0.351958
28860,0.738526,0.737673,0.735113,0.730843,0.724858,0.717153,0.707718,0.696537,0.683593,0.668858,0.652296,0.633856,0.613471,0.591045,0.566444,0.539478,0.509868,0.477189,0.440760,0.399394,0.350761
28920,0.736730,0.735878,0.733324,0.729064,0.723093,0.715406,0.705992,0.694836,0.681921,0.667218,0.650692,0.632292,0.611949,0.589568,0.565015,0.538098,0.508538,0.475909,0.439525,0.398195,0.349568
28980,0.734940,0.734091,0.731542,0.727292,0.721335,0.713665,0.704272,0.693142,0.680256,0.665586,0.649095,0.630734,0.610433,0.588097,0.563591,0.536724,0.507214,0.474634,0.438296,0.397001,0.348380
29040,0.733157,0.732310,0.729767,0.725526,0.719583,0.711931,0.702560,0.691455,0.678597,0.663959,0.647504,0.629182,0.608923,0.586632,0.562173,0.535355,0.505895,0.473364,0.437072,0.395812,0.347197
29100,0.731381,0.730535,0.727999,0.723768,0.717839,0.710204,0.700854,0.689774,0.676944,0.662339,0.645920,0.627636,0.607419,0.585173,0.560761,0.533991,0.504581,0.472099,0.435852,0.394627,0.346017
29160,0.729611,0.728768,0.726237,0.722016,0.716100,0.708483,0.699154,0.688099,0.675298,0.660725,0.644341,0.626096,0.605921,0.583719,0.559354,0.532633,0.503273,0.470840,0.434638,0.393447,0.344843
29220,0.727848,0.727007,0.724482,0.720271,0.714369,0.706769,0.697461,0.686431,0.673658,0.659117,0.642769,0.624563,0.604429,0.582271,0.557953,0.531281,0.501970,0.469586,0.433429,0.392272,0.343672
29280,0.726092,0.725253,0.722734,0.718532,0.712644,0.705061,0.695774,0.684769,0.672025,0.657515,0.641202,0.623035,0.602943,0.580829,0.556558,0.529934,0.500672,0.468337,0.432225,0.391102,0.342506
29340,0.724343,0.723506,0.720992,0.716800,0.710925,0.703360,0.694094,0.683113,0.670398,0.655920,0.639642,0.621513,0.601462,0.579393,0.555168,0.528593,0.499380,0.467093,0.431026,0.389937,0.341344
29400,0.722600,0.721765,0.719257,0.715075,0.709213,0.701665,0.692420,0.681464,0.668777,0.654331,0.638088,0.619997,0.599988,0.577962,0.553784,0.527257,0.498093,0.465854,0.429831,0.388776,0.340187
29460,0.720864,0.720031,0.717529,0.713356,0.707508,0.699977,0.690753,0.679822,0.667162,0.652748,0.636540,0.618487,0.598519,0.576538,0.552405,0.525926,0.496811,0.464621,0.428642,0.387620,0.339034
29520,0.719135,0.718303,0.715807,0.711644,0.705809,0.698295,0.689092,0.678185,0.665554,0.651171,0.634998,0.616983,0.597056,0.575118,0.551032,0.524601,0.495535,0.463392,0.427458,0.386469,0.337885
29580,0.717412,0.716582,0.714092,0.709938,0.704117,0.696620,0.687438,0.676555,0.663952,0.649600,0.633462,0.615485,0.595599,0.573705,0.549665,0.523281,0.494264,0.462169,0.426278,0.385323,0.336741
29640,0.715695,0.714868,0.712383,0.708239,0.702431,0.694951,0.685789,0.674931,0.662356,0.648035,0.631932,0.613993,0.594147,0.572297,0.548302,0.521966,0.492998,0.460951,0.425104,0.384181,0.335601
29700,0.713986,0.713160,0.710681,0.706546,0.700751,0.693288,0.684147,0.673313,0.660766,0.646476,0.630407,0.612506,0.592701,0.570894,0.546946,0.520657,0.491737,0.459737,0.423934,0.383044,0.334465
29760,0.712282,0.711458,0.708985,0.704860,0.699078,0.691632,0.682512,0.671702,0.659182,0.644924,0.628889,0.611026,0.591261,0.569497,0.545594,0.519353,0.490481,0.458529,0.422770,0.381912,0.333333
29820,0.710585,0.709763,0.707296,0.703180,0.697411,0.689982,0.680883,0.670097,0.657604,0.643377,0.627377,0.609551,0.589827,0.568106,0.544249,0.518055,0.489230,0.457326,0.421610,0.380784,0.332206
29880,0.708895,0.708075,0.705613,0.701506,0.695751,0.688339,0.679259,0.668498,0.656033,0.641837,0.625870,0.608082,0.588398,0.566720,0.542908,0.516761,0.487985,0.456128,0.420455,0.379661,0.331083
29940,0.707211,0.706392,0.703936,0.699839,0.694097,0.686702,0.677642,0.666905,0.654467,0.640302,0.624370,0.606618,0.586975,0.565340,0.541573,0.515473,0.486745,0.454934,0.419304,0.378542,0.329964
30000,0.705533,0.704717,0.702266,0.698178,0.692449,0.685070,0.676032,0.665318,0.652908,0.638773,0.622875,0.605161,0.585558,0.563965,0.540243,0.514190,0.485509,0.453746,0.418159,0.377429,0.328849
30060,0.703862,0.703047,0.700602,0.696524,0.690808,0.683446,0.674427,0.663737,0.651354,0.637250,0.621386,0.603709,0.584146,0.562596,0.538919,0.512913,0.484279,0.452563,0.417018,0.376319,0.327739
30120,0.702197,0.701384,0.698945,0.694876,0.689172,0.681827,0.672829,0.662162,0.649807,0.635733,0.619903,0.602263,0.582739,0.561232,0.537600,0.511640,0.483054,0.451384,0.415882,0.375215,0.326632
30180,0.700539,0.699728,0.697294,0.693234,0.687543,0.680215,0.671236,0.660594,0.648265,0.634222,0.618426,0.600822,0.581338,0.559874,0.536286,0.510373,0.481834,0.450210,0.414751,0.374114,0.325530
30240,0.698886,0.698077,0.695649,0.691598,0.685921,0.678608,0.669650,0.659031,0.646730,0.632717,0.616954,0.599387,0.579943,0.558521,0.534978,0.509110,0.480619,0.449042,0.413625,0.373019,0.324432
30300,0.697240,0.696433,0.694010,0.689969,0.684304,0.677008,0.668070,0.657474,0.645200,0.631218,0.615488,0.597958,0.578553,0.557173,0.533674,0.507853,0.479409,0.447878,0.412503,0.371928,0.323338
30360,0.695601,0.694795,0.692378,0.688346,0.682694,0.675414,0.666496,0.655924,0.643676,0.629724,0.614028,0.596534,0.577169,0.555831,0.532376,0.506601,0.478204,0.446719,0.411386,0.370841,0.322248
30420,0.693967,0.693163,0.690751,0.686728,0.681089,0.673826,0.664928,0.654379,0.642158,0.628236,0.612574,0.595116,0.575790,0.554494,0.531084,0.505355,0.477004,0.445564,0.410274,0.369759,0.321162
30480,0.692340,0.691538,0.689131,0.685118,0.679491,0.672244,0.663366,0.652840,0.640646,0.626754,0.611125,0.593703,0.574417,0.553162,0.529796,0.504113,0.475808,0.444415,0.409166,0.368682,0.320080
30540,0.690718,0.689918,0.687518,0.683513,0.677899,0.670668,0.661810,0.651307,0.639140,0.625278,0.609681,0.592296,0.573049,0.551836,0.528514,0.502876,0.474618,0.443270,0.408063,0.367608,0.319002
30600,0.689103,0.688305,0.685910,0.681914,0.676313,0.669098,0.660259,0.649780,0.637639,0.623807,0.608244,0.590895,0.571686,0.550515,0.527236,0.501644,0.473433,0.442131,0.406965,0.366540,0.317929
30660,0.687495,0.686698,0.684308,0.680321,0.674733,0.667535,0.658715,0.648259,0.636145,0.622342,0.606812,0.589499,0.570329,0.549199,0.525964,0.500418,0.472252,0.440995,0.405871,0.365476,0.316859
30720,0.685892,0.685097,0.682713,0.678735,0.673159,0.665977,0.657177,0.646744,0.634656,0.620883,0.605385,0.588108,0.568977,0.547888,0.524697,0.499196,0.471077,0.439865,0.404782,0.364416,0.315793
30780,0.684295,0.683502,0.681123,0.677154,0.671591,0.664425,0.655644,0.645234,0.633172,0.619429,0.603964,0.586723,0.567630,0.546583,0.523435,0.497979,0.469906,0.438739,0.403697,0.363360,0.314732
30840,0.682704,0.681913,0.679539,0.675580,0.670029,0.662879,0.654118,0.643731,0.631695,0.617981,0.602549,0.585343,0.566289,0.545283,0.522178,0.496767,0.468740,0.437619,0.402617,0.362309,0.313674
30900,0.681120,0.680331,0.677962,0.674011,0.668473,0.661338,0.652597,0.642233,0.630223,0.616539,0.601139,0.583969,0.564953,0.543988,0.520927,0.495560,0.467579,0.436502,0.401542,0.361263,0.312620
30960,0.679541,0.678754,0.676390,0.672448,0.666922,0.659804,0.651082,0.640740,0.628757,0.615102,0.599735,0.582600,0.563623,0.542698,0.519680,0.494358,0.466422,0.435391,0.400471,0.360221,0.311571
31020,0.677968,0.677183,0.674825,0.670892,0.665378,0.658276,0.649573,0.639254,0.627296,0.613671,0.598336,0.581236,0.562297,0.541413,0.518438,0.493161,0.465271,0.434284,0.399405,0.359183,0.310525
31080,0.676402,0.675618,0.673265,0.669341,0.663840,0.656753,0.648070,0.637773,0.625842,0.612245,0.596942,0.579878,0.560977,0.540134,0.517202,0.491969,0.464124,0.433181,0.398343,0.358149,0.309483
31140,0.674841,0.674059,0.671712,0.667796,0.662307,0.655236,0.646572,0.636298,0.624392,0.610825,0.595554,0.578525,0.559662,0.538859,0.515970,0.490782,0.462982,0.432084,0.397285,0.357120,0.308445
31200,0.673286,0.672506,0.670164,0.666257,0.660780,0.653725,0.645080,0.634829,0.622949,0.609410,0.594172,0.577178,0.558352,0.537590,0.514743,0.489599,0.461844,0.430991,0.396232,0.356095,0.307411
31260,0.671737,0.670959,0.668622,0.664724,0.659259,0.652220,0.643594,0.633365,0.621510,0.608001,0.592794,0.575835,0.557047,0.536325,0.513521,0.488422,0.460712,0.429902,0.395184,0.355074,0.306381
31320,0.670194,0.669417,0.667086,0.663196,0.657744,0.650720,0.642113,0.631907,0.620078,0.606597,0.591422,0.574498,0.555748,0.535066,0.512304,0.487249,0.459584,0.428818,0.394140,0.354058,0.305354
31380,0.668657,0.667882,0.665555,0.661675,0.656235,0.649226,0.640638,0.630454,0.618651,0.605198,0.590056,0.573166,0.554454,0.533812,0.511092,0.486081,0.458460,0.427739,0.393100,0.353046,0.304332
31440,0.667125,0.666352,0.664031,0.660159,0.654731,0.647738,0.639169,0.629007,0.617229,0.603806,0.588695,0.571840,0.553164,0.532563,0.509885,0.484917,0.457342,0.426664,0.392065,0.352038,0.303313
31500,0.665600,0.664828,0.662512,0.658649,0.653233,0.646256,0.637705,0.627565,0.615813,0.602418,0.587339,0.570518,0.551880,0.531318,0.508683,0.483759,0.456228,0.425594,0.391034,0.351035,0.302299
31560,0.664080,0.663310,0.660999,0.657145,0.651741,0.644779,0.636247,0.626129,0.614402,0.601036,0.585988,0.569202,0.550601,0.530079,0.507485,0.482605,0.455118,0.424528,0.390008,0.350035,0.301288
31620,0.662566,0.661798,0.659492,0.655646,0.650254,0.643308,0.634795,0.624699,0.612997,0.599659,0.584642,0.567891,0.549327,0.528845,0.506293,0.481456,0.454013,0.423467,0.388986,0.349040,0.300281
31680,0.661057,0.660291,0.657991,0.654153,0.648773,0.641842,0.633348,0.623274,0.611597,0.598287,0.583302,0.566585,0.548058,0.527615,0.505105,0.480312,0.452913,0.422410,0.387968,0.348049,0.299277
31740,0.659555,0.658790,0.656495,0.652666,0.647298,0.640382,0.631906,0.621854,0.610203,0.596921,0.581967,0.565284,0.546794,0.526390,0.503922,0.479172,0.451818,0.421357,0.386955,0.347062,0.298278
31800,0.658058,0.657295,0.655005,0.651184,0.645828,0.638927,0.630470,0.620440,0.608814,0.595560,0.580637,0.563988,0.545535,0.525171,0.502744,0.478037,0.450726,0.420309,0.385946,0.346080,0.297282
31860,0.656566,0.655805,0.653520,0.649708,0.644364,0.637478,0.629040,0.619031,0.607430,0.594204,0.579312,0.562697,0.544281,0.523956,0.501570,0.476906,0.449640,0.419266,0.384941,0.345101,0.296290
31920,0.655081,0.654321,0.652041,0.648238,0.642905,0.636035,0.627615,0.617628,0.606051,0.592854,0.577993,0.561412,0.543032,0.522746,0.500402,0.475781,0.448558,0.418227,0.383941,0.344127,0.295302
31980,0.653601,0.652843,0.650568,0.646773,0.641452,0.634597,0.626195,0.616230,0.604678,0.591508,0.576679,0.560131,0.541788,0.521541,0.499238,0.474659,0.447480,0.417192,0.382945,0.343157,0.294317
32040,0.652126,0.651370,0.649100,0.645313,0.640004,0.633164,0.624781,0.614837,0.603310,0.590168,0.575369,0.558855,0.540549,0.520340,0.498078,0.473543,0.446407,0.416162,0.381953,0.342191,0.293336
32100,0.650657,0.649903,0.647638,0.643860,0.638562,0.631737,0.623372,0.613450,0.601948,0.588833,0.574065,0.557585,0.539314,0.519145,0.496924,0.472431,0.445338,0.415135,0.380965,0.341229,0.292359
32160,0.649194,0.648441,0.646181,0.642411,0.637126,0.630316,0.621969,0.612068,0.600590,0.587504,0.572766,0.556319,0.538085,0.517954,0.495774,0.471323,0.444274,0.414114,0.379982,0.340271,0.291386
32220,0.647736,0.646985,0.644730,0.640969,0.635695,0.628900,0.620571,0.610691,0.599238,0.586179,0.571472,0.555058,0.536860,0.516768,0.494628,0.470220,0.443215,0.413096,0.379003,0.339317,0.290416
32280,0.646284,0.645534,0.643284,0.639531,0.634269,0.627489,0.619178,0.609320,0.597891,0.584859,0.570183,0.553803,0.535640,0.515587,0.493488,0.469122,0.442159,0.412083,0.378028,0.338368,0.289450
32340,0.644837,0.644089,0.641844,0.638099,0.632849,0.626083,0.617791,0.607954,0.596549,0.583545,0.568899,0.552552,0.534425,0.514410,0.492351,0.468028,0.441108,0.411075,0.377057,0.337422,0.288487
32400,0.643395,0.642649,0.640409,0.636673,0.631434,0.624683,0.616408,0.606593,0.595212,0.582236,0.567620,0.551306,0.533215,0.513238,0.491220,0.466938,0.440062,0.410070,0.376090,0.336480,0.287528
32460,0.641959,0.641215,0.638980,0.635252,0.630024,0.623288,0.615032,0.605237,0.593881,0.580931,0.566346,0.550065,0.532010,0.512071,0.490093,0.465853,0.439019,0.409070,0.375128,0.335543,0.286573
32520,0.640529,0.639786,0.637556,0.633836,0.628620,0.621899,0.613660,0.603886,0.592554,0.579632,0.565076,0.548829,0.530809,0.510908,0.488971,0.464773,0.437982,0.408074,0.374169,0.334609,0.285622
32580,0.639104,0.638362,0.636137,0.632426,0.627221,0.620514,0.612294,0.602541,0.591233,0.578338,0.563812,0.547597,0.529613,0.509750,0.487853,0.463697,0.436948,0.407082,0.373215,0.333680,0.284674
32640,0.637684,0.636944,0.634724,0.631021,0.625827,0.619135,0.610932,0.601201,0.589917,0.577049,0.562553,0.546371,0.528422,0.508597,0.486739,0.462625,0.435919,0.406094,0.372265,0.332754,0.283729
32700,0.636270,0.635532,0.633316,0.629621,0.624439,0.617762,0.609576,0.599866,0.588606,0.575764,0.561298,0.545149,0.527236,0.507448,0.485631,0.461558,0.434894,0.405111,0.371319,0.331833,0.282788
32760,0.634860,0.634124,0.631914,0.628226,0.623056,0.616393,0.608225,0.598536,0.587299,0.574485,0.560049,0.543932,0.526054,0.506304,0.484526,0.460495,0.433873,0.404132,0.370377,0.330915,0.281851
32820,0.633457,0.632722,0.630517,0.626837,0.621678,0.615030,0.606880,0.597211,0.585998,0.573211,0.558804,0.542720,0.524877,0.505165,0.483426,0.459436,0.432857,0.403157,0.369439,0.330001,0.280917
32880,0.632058,0.631325,0.629125,0.625453,0.620305,0.613671,0.605539,0.595891,0.584702,0.571941,0.557564,0.541512,0.523704,0.504029,0.482331,0.458382,0.431845,0.402186,0.368506,0.329091,0.279987
32940,0.630665,0.629934,0.627738,0.624075,0.618938,0.612318,0.604204,0.594576,0.583411,0.570677,0.556329,0.540309,0.522536,0.502899,0.481240,0.457332,0.430837,0.401219,0.367576,0.328186,0.279061
33000,0.629277,0.628547,0.626356,0.622701,0.617576,0.610971,0.602873,0.593266,0.582125,0.569417,0.555099,0.539111,0.521373,0.501773,0.480153,0.456287,0.429833,0.400257,0.366650,0.327284,0.278138
33060,0.627894,0.627166,0.624980,0.621333,0.616218,0.609628,0.601548,0.591961,0.580843,0.568162,0.553873,0.537918,0.520215,0.500652,0.479071,0.455245,0.428833,0.399298,0.365728,0.326386,0.277218
33120,0.626517,0.625790,0.623609,0.619970,0.614866,0.608290,0.600228,0.590661,0.579567,0.566912,0.552653,0.536729,0.519061,0.499535,0.477993,0.454208,0.427838,0.398344,0.364811,0.325491,0.276302
33180,0.625145,0.624420,0.622243,0.618612,0.613520,0.606957,0.598912,0.589366,0.578295,0.565667,0.551437,0.535545,0.517911,0.498422,0.476920,0.453176,0.426847,0.397393,0.363897,0.324601,0.275389
33240,0.623778,0.623054,0.620882,0.617259,0.612178,0.605630,0.597602,0.588076,0.577029,0.564427,0.550225,0.534366,0.516766,0.497314,0.475851,0.452147,0.425860,0.396447,0.362987,0.323715,0.274480
33300,0.622416,0.621694,0.619527,0.615911,0.610841,0.604307,0.596297,0.586791,0.575767,0.563191,0.549019,0.533191,0.515626,0.496210,0.474786,0.451123,0.424877,0.395505,0.362082,0.322832,0.273574
33360,0.621059,0.620338,0.618176,0.614568,0.609509,0.602990,0.594996,0.585511,0.574510,0.561960,0.547817,0.532021,0.514490,0.495111,0.473725,0.450103,0.423898,0.394567,0.361180,0.321953,0.272672
33420,0.619707,0.618988,0.616831,0.613231,0.608183,0.601677,0.593701,0.584236,0.573258,0.560734,0.546620,0.530855,0.513358,0.494016,0.472669,0.449087,0.422924,0.393632,0.360282,0.321078,0.271773
33480,0.618360,0.617643,0.615490,0.611898,0.606861,0.600370,0.592410,0.582966,0.572011,0.559513,0.545427,0.529694,0.512231,0.492926,0.471617,0.448075,0.421953,0.392702,0.359388,0.320207,0.270878
33540,0.617019,0.616303,0.614155,0.610571,0.605545,0.599067,0.591125,0.581700,0.570768,0.558296,0.544239,0.528537,0.511109,0.491839,0.470570,0.447068,0.420987,0.391776,0.358498,0.319340,0.269986
33600,0.615682,0.614968,0.612824,0.609248,0.604233,0.597769,0.589844,0.580439,0.569530,0.557084,0.543056,0.527385,0.509991,0.490758,0.469526,0.446065,0.420024,0.390854,0.357612,0.318476,0.269097
33660,0.614351,0.613638,0.611499,0.607931,0.602926,0.596476,0.588568,0.579183,0.568297,0.555877,0.541877,0.526238,0.508877,0.489680,0.468487,0.445065,0.419066,0.389935,0.356729,0.317617,0.268212
33720,0.613024,0.612313,0.610179,0.606618,0.601624,0.595189,0.587297,0.577932,0.567069,0.554674,0.540703,0.525095,0.507768,0.488607,0.467452,0.444070,0.418111,0.389021,0.355851,0.316761,0.267330
33780,0.611702,0.610993,0.608864,0.605310,0.600328,0.593906,0.586031,0.576686,0.565845,0.553476,0.539533,0.523956,0.506663,0.487538,0.466421,0.443079,0.417161,0.388111,0.354976,0.315908,0.266451
33840,0.610386,0.609678,0.607553,0.604008,0.599036,0.592627,0.584770,0.575444,0.564626,0.552283,0.538368,0.522822,0.505562,0.486473,0.465395,0.442092,0.416215,0.387204,0.354105,0.315060,0.265576
33900,0.609074,0.608368,0.606248,0.602710,0.597749,0.591354,0.583513,0.574207,0.563412,0.551094,0.537208,0.521693,0.504466,0.485413,0.464372,0.441109,0.415272,0.386302,0.353238,0.314215,0.264704
33960,0.607768,0.607063,0.604947,0.601417,0.596466,0.590086,0.582261,0.572975,0.562202,0.549910,0.536052,0.520567,0.503374,0.484357,0.463354,0.440131,0.414334,0.385403,0.352375,0.313374,0.263836
34020,0.606466,0.605762,0.603651,0.600129,0.595189,0.588822,0.581014,0.571748,0.560997,0.548730,0.534900,0.519446,0.502286,0.483305,0.462340,0.439156,0.413399,0.384508,0.351516,0.312537,0.262971
34080,0.605169,0.604467,0.602361,0.598846,0.593916,0.587563,0.579772,0.570525,0.559797,0.547555,0.533753,0.518330,0.501203,0.482257,0.461330,0.438185,0.412469,0.383617,0.350660,0.311703,0.262109
34140,0.603877,0.603177,0.601075,0.597567,0.592649,0.586309,0.578534,0.569307,0.558601,0.546384,0.532610,0.517218,0.500124,0.481214,0.460324,0.437218,0.411542,0.382730,0.349808,0.310873,0.261250
34200,0.602590,0.601891,0.599793,0.596294,0.591386,0.585059,0.577301,0.568093,0.557410,0.545218,0.531472,0.516110,0.499049,0.480174,0.459322,0.436256,0.410619,0.381846,0.348960,0.310047,0.260395
34260,0.601307,0.600610,0.598517,0.595025,0.590127,0.583815,0.576073,0.566884,0.556223,0.544056,0.530338,0.515007,0.497979,0.479139,0.458324,0.435297,0.409700,0.380967,0.348116,0.309224,0.259543
34320,0.600030,0.599334,0.597246,0.593761,0.588874,0.582574,0.574849,0.565680,0.555041,0.542899,0.529209,0.513908,0.496913,0.478108,0.457330,0.434342,0.408785,0.380091,0.347275,0.308405,0.258694
34380,0.598757,0.598063,0.595979,0.592502,0.587625,0.581339,0.573630,0.564480,0.553864,0.541746,0.528083,0.512813,0.495851,0.477081,0.456341,0.433391,0.407874,0.379219,0.346438,0.307589,0.257849
34440,0.597489,0.596796,0.594717,0.591247,0.586381,0.580108,0.572416,0.563285,0.552690,0.540598,0.526963,0.511722,0.494793,0.476058,0.455355,0.432444,0.406967,0.378351,0.345605,0.306778,0.257007
34500,0.596226,0.595534,0.593460,0.589997,0.585142,0.578882,0.571206,0.562095,0.551522,0.539454,0.525846,0.510636,0.493739,0.475040,0.454373,0.431501,0.406063,0.377486,0.344776,0.305969,0.256168
34560,0.594967,0.594277,0.592207,0.588752,0.583907,0.577661,0.570001,0.560908,0.550358,0.538315,0.524734,0.509554,0.492689,0.474025,0.453395,0.430562,0.405164,0.376625,0.343950,0.305165,0.255332
34620,0.593713,0.593025,0.590959,0.587512,0.582677,0.576444,0.568801,0.559727,0.549198,0.537180,0.523626,0.508476,0.491644,0.473014,0.452421,0.429626,0.404268,0.375768,0.343128,0.304364,0.254499
34680,0.592464,0.591778,0.589716,0.586276,0.581451,0.575232,0.567604,0.558550,0.548043,0.536049,0.522523,0.507402,0.490603,0.472008,0.451452,0.428695,0.403376,0.374915,0.342309,0.303566,0.253670
34740,0.591220,0.590535,0.588478,0.585045,0.580231,0.574024,0.566413,0.557377,0.546892,0.534923,0.521424,0.506333,0.489566,0.471005,0.450486,0.427767,0.402487,0.374065,0.341494,0.302772,0.252844
34800,0.589980,0.589296,0.587244,0.583819,0.579014,0.572821,0.565226,0.556209,0.545745,0.533800,0.520329,0.505268,0.488533,0.470006,0.449524,0.426844,0.401603,0.373219,0.340683,0.301982,0.252021
34860,0.588745,0.588063,0.586014,0.582597,0.577803,0.571623,0.564043,0.555045,0.544603,0.532683,0.519238,0.504206,0.487503,0.469012,0.448566,0.425924,0.400722,0.372377,0.339875,0.301195,0.251201
34920,0.587515,0.586834,0.584790,0.581379,0.576596,0.570429,0.562865,0.553886,0.543465,0.531569,0.518151,0.503149,0.486479,0.468021,0.447611,0.425008,0.399845,0.371539,0.339071,0.300412,0.250384
34980,0.586289,0.585609,0.583570,0.580167,0.575393,0.569239,0.561692,0.552731,0.542332,0.530460,0.517069,0.502097,0.485458,0.467035,0.446661,0.424095,0.398971,0.370704,0.338270,0.299632,0.249571
35040,0.585067,0.584389,0.582354,0.578958,0.574195,0.568054,0.560522,0.551581,0.541203,0.529355,0.515991,0.501048,0.484441,0.466052,0.445715,0.423187,0.398102,0.369872,0.337473,0.298856,0.248760
35100,0.583851,0.583174,0.581143,0.577755,0.573001,0.566874,0.559358,0.550434,0.540078,0.528254,0.514917,0.500003,0.483428,0.465073,0.444772,0.422282,0.397236,0.369044,0.336680,0.298083,0.247953
35160,0.582639,0.581963,0.579937,0.576555,0.571812,0.565697,0.558197,0.549293,0.538958,0.527158,0.513847,0.498963,0.482419,0.464098,0.443833,0.421381,0.396373,0.368220,0.335890,0.297314,0.247149
35220,0.581431,0.580757,0.578735,0.575361,0.570628,0.564526,0.557041,0.548155,0.537841,0.526066,0.512782,0.497926,0.481414,0.463127,0.442898,0.420483,0.395515,0.367400,0.335104,0.296548,0.246348
35280,0.580228,0.579556,0.577538,0.574171,0.569447,0.563358,0.555890,0.547022,0.536729,0.524978,0.511720,0.496894,0.480413,0.462160,0.441967,0.419590,0.394659,0.366583,0.334321,0.295785,0.245550
35340,0.579029,0.578358,0.576345,0.572985,0.568272,0.562196,0.554742,0.545893,0.535622,0.523894,0.510663,0.495865,0.479416,0.461197,0.441039,0.418700,0.393808,0.365769,0.333542,0.295027,0.244755
35400,0.577835,0.577166,0.575156,0.571804,0.567100,0.561037,0.553599,0.544768,0.534518,0.522814,0.509609,0.494841,0.478423,0.460237,0.440116,0.417814,0.392960,0.364959,0.332766,0.294271,0.243963
35460,0.576645,0.575977,0.573972,0.570627,0.565933,0.559883,0.552461,0.543648,0.533419,0.521738,0.508560,0.493820,0.477434,0.459282,0.439196,0.416931,0.392116,0.364153,0.331993,0.293519,0.243174
35520,0.575460,0.574794,0.572793,0.569454,0.564771,0.558733,0.551326,0.542532,0.532324,0.520667,0.507515,0.492804,0.476449,0.458330,0.438280,0.416052,0.391275,0.363350,0.331224,0.292770,0.242389
35580,0.574279,0.573614,0.571618,0.568286,0.563613,0.557587,0.550196,0.541420,0.531233,0.519599,0.506473,0.491791,0.475467,0.457382,0.437367,0.415177,0.390438,0.362550,0.330459,0.292025,0.241606
35640,0.573103,0.572439,0.570447,0.567122,0.562459,0.556446,0.549071,0.540313,0.530146,0.518536,0.505436,0.490783,0.474490,0.456438,0.436458,0.414305,0.389604,0.361754,0.329697,0.291283,0.240826
35700,0.571931,0.571268,0.569280,0.565963,0.561309,0.555309,0.547949,0.539209,0.529063,0.517477,0.504403,0.489778,0.473516,0.455497,0.435553,0.413437,0.388774,0.360962,0.328938,0.290545,0.240050
35760,0.570763,0.570102,0.568118,0.564808,0.560164,0.554177,0.546832,0.538110,0.527985,0.516422,0.503374,0.488777,0.472546,0.454561,0.434652,0.412572,0.387948,0.360173,0.328183,0.289809,0.239276
35820,0.569600,0.568940,0.566961,0.563657,0.559023,0.553048,0.545719,0.537015,0.526910,0.515371,0.502349,0.487780,0.471580,0.453628,0.433754,0.411711,0.387125,0.359387,0.327431,0.289078,0.238506
35880,0.568441,0.567783,0.565807,0.562511,0.557886,0.551924,0.544610,0.535924,0.525840,0.514324,0.501327,0.486788,0.470618,0.452699,0.432860,0.410854,0.386305,0.358605,0.326683,0.288349,0.237738
35940,0.567286,0.566629,0.564658,0.561369,0.556754,0.550804,0.543505,0.534837,0.524774,0.513280,0.500310,0.485798,0.469660,0.451773,0.431969,0.410000,0.385489,0.357827,0.325938,0.287624,0.236974
36000,0.566136,0.565480,0.563513,0.560231,0.555626,0.549688,0.542404,0.533754,0.523711,0.512241,0.499297,0.484813,0.468705,0.450851,0.431082,0.409150,0.384676,0.357051,0.325196,0.286902,0.236212
36060,0.564990,0.564336,0.562373,0.559097,0.554502,0.548577,0.541308,0.532675,0.522653,0.511206,0.498287,0.483832,0.467754,0.449933,0.430199,0.408303,0.383867,0.356279,0.324458,0.286184,0.235454
36120,0.563848,0.563195,0.561237,0.557968,0.553382,0.547470,0.540216,0.531601,0.521599,0.510175,0.497281,0.482854,0.466807,0.449019,0.429319,0.407460,0.383062,0.355511,0.323723,0.285469,0.234698
36180,0.562710,0.562059,0.560105,0.556843,0.552267,0.546366,0.539127,0.530530,0.520549,0.509148,0.496280,0.481880,0.465863,0.448108,0.428443,0.406620,0.382259,0.354746,0.322991,0.284757,0.233945
36240,0.561577,0.560927,0.558977,0.555722,0.551155,0.545267,0.538043,0.529464,0.519503,0.508124,0.495282,0.480910,0.464924,0.447201,0.427571,0.405784,0.381460,0.353984,0.322263,0.284048,0.233195
36300,0.560448,0.559799,0.557853,0.554605,0.550048,0.544172,0.536963,0.528401,0.518461,0.507105,0.494288,0.479944,0.463988,0.446297,0.426702,0.404951,0.380665,0.353225,0.321538,0.283343,0.232449
36360,0.559323,0.558676,0.556734,0.553492,0.548945,0.543081,0.535887,0.527343,0.517422,0.506090,0.493297,0.478982,0.463055,0.445397,0.425836,0.404122,0.379873,0.352470,0.320816,0.282641,0.231705
36420,0.558202,0.557556,0.555618,0.552384,0.547846,0.541995,0.534815,0.526289,0.516388,0.505078,0.492311,0.478023,0.462127,0.444501,0.424974,0.403296,0.379084,0.351718,0.320097,0.281942,0.230964
36480,0.557085,0.556441,0.554507,0.551279,0.546751,0.540912,0.533747,0.525238,0.515358,0.504070,0.491328,0.477068,0.461202,0.443608,0.424116,0.402473,0.378299,0.350970,0.319382,0.281247,0.230226
36540,0.555973,0.555330,0.553400,0.550179,0.545660,0.539833,0.532684,0.524192,0.514331,0.503066,0.490350,0.476117,0.460280,0.442719,0.423261,0.401654,0.377516,0.350224,0.318670,0.280554,0.229491
36600,0.554865,0.554223,0.552297,0.549083,0.544573,0.538758,0.531624,0.523149,0.513308,0.502066,0.489375,0.475169,0.459362,0.441833,0.422409,0.400839,0.376738,0.349482,0.317961,0.279865,0.228758
36660,0.553761,0.553120,0.551198,0.547991,0.543491,0.537688,0.530568,0.522111,0.512290,0.501070,0.488403,0.474225,0.458448,0.440951,0.421561,0.400026,0.375962,0.348744,0.317256,0.279179,0.228029
36720,0.552661,0.552022,0.550104,0.546903,0.542412,0.536621,0.529516,0.521076,0.511275,0.500077,0.487436,0.473285,0.457538,0.440072,0.420716,0.399217,0.375190,0.348008,0.316554,0.278497,0.227302
36780,0.551565,0.550927,0.549013,0.545819,0.541337,0.535559,0.528468,0.520045,0.510264,0.499089,0.486472,0.472348,0.456631,0.439197,0.419875,0.398412,0.374421,0.347276,0.315854,0.277817,0.226579
36840,0.550473,0.549836,0.547926,0.544739,0.540267,0.534500,0.527424,0.519018,0.509257,0.498104,0.485512,0.471415,0.455727,0.438326,0.419037,0.397610,0.373656,0.346547,0.315159,0.277141,0.225858
36900,0.549385,0.548750,0.546844,0.543663,0.539200,0.533445,0.526383,0.517995,0.508253,0.497123,0.484555,0.470486,0.454827,0.437457,0.418203,0.396811,0.372893,0.345821,0.314466,0.276467,0.225140
36960,0.548301,0.547667,0.545765,0.542591,0.538138,0.532394,0.525347,0.516976,0.507254,0.496145,0.483602,0.469560,0.453931,0.436593,0.417372,0.396015,0.372134,0.345098,0.313776,0.275797,0.224425
37020,0.547221,0.546589,0.544691,0.541523,0.537079,0.531348,0.524315,0.515960,0.506258,0.495172,0.482653,0.468638,0.453038,0.435731,0.416544,0.395223,0.371379,0.344379,0.313090,0.275130,0.223712
37080,0.546145,0.545514,0.543620,0.540459,0.536024,0.530305,0.523286,0.514949,0.505266,0.494202,0.481708,0.467719,0.452149,0.434873,0.415720,0.394434,0.370626,0.343663,0.312406,0.274467,0.223003
37140,0.545073,0.544444,0.542554,0.539399,0.534973,0.529266,0.522262,0.513941,0.504278,0.493235,0.480766,0.466804,0.451263,0.434019,0.414899,0.393648,0.369877,0.342950,0.311726,0.273806,0.222296
37200,0.544005,0.543377,0.541491,0.538343,0.533926,0.528230,0.521241,0.512937,0.503293,0.492273,0.479828,0.465893,0.450381,0.433168,0.414081,0.392865,0.369130,0.342240,0.311049,0.273148,0.221592
37260,0.542941,0.542315,0.540432,0.537291,0.532883,0.527199,0.520224,0.511937,0.502312,0.491314,0.478893,0.464985,0.449502,0.432320,0.413267,0.392086,0.368387,0.341533,0.310375,0.272494,0.220891
37320,0.541881,0.541256,0.539378,0.536243,0.531844,0.526172,0.519211,0.510941,0.501335,0.490358,0.477962,0.464081,0.448626,0.431476,0.412456,0.391310,0.367647,0.340829,0.309704,0.271843,0.220193
37380,0.540825,0.540201,0.538327,0.535198,0.530809,0.525148,0.518201,0.509948,0.500362,0.489407,0.477034,0.463180,0.447754,0.430635,0.411648,0.390537,0.366911,0.340128,0.309037,0.271194,0.219497
37440,0.539773,0.539150,0.537280,0.534158,0.529777,0.524128,0.517195,0.508959,0.499392,0.488459,0.476111,0.462282,0.446886,0.429798,0.410844,0.389768,0.366177,0.339431,0.308372,0.270549,0.218804
37500,0.538725,0.538103,0.536237,0.533121,0.528750,0.523112,0.516194,0.507974,0.498426,0.487514,0.475190,0.461388,0.446020,0.428963,0.410042,0.389001,0.365447,0.338736,0.307710,0.269907,0.218114
37560,0.537681,0.537060,0.535197,0.532088,0.527726,0.522100,0.515195,0.506992,0.497464,0.486573,0.474273,0.460498,0.445159,0.428132,0.409244,0.388238,0.364719,0.338045,0.307051,0.269268,0.217427
37620,0.536640,0.536021,0.534162,0.531059,0.526706,0.521092,0.514201,0.506014,0.496505,0.485636,0.473360,0.459611,0.444300,0.427305,0.408450,0.387478,0.363995,0.337356,0.306396,0.268632,0.216742
37680,0.535603,0.534985,0.533130,0.530034,0.525690,0.520087,0.513210,0.505040,0.495550,0.484702,0.472450,0.458727,0.443445,0.426480,0.407658,0.386721,0.363274,0.336671,0.305743,0.267999,0.216060
37740,0.534570,0.533954,0.532103,0.529013,0.524677,0.519086,0.512223,0.504070,0.494598,0.483772,0.471544,0.457847,0.442593,0.425659,0.406870,0.385967,0.362556,0.335989,0.305094,0.267369,0.215381
37800,0.533541,0.532926,0.531079,0.527995,0.523669,0.518089,0.511240,0.503103,0.493650,0.482846,0.470641,0.456970,0.441745,0.424842,0.406085,0.385216,0.361841,0.335309,0.304447,0.266741,0.214705
37860,0.532516,0.531902,0.530058,0.526981,0.522664,0.517095,0.510260,0.502140,0.492706,0.481922,0.469741,0.456097,0.440900,0.424027,0.405303,0.384469,0.361129,0.334633,0.303804,0.266117,0.214031
37920,0.531495,0.530882,0.529042,0.525971,0.521663,0.516105,0.509284,0.501180,0.491765,0.481003,0.468845,0.455227,0.440058,0.423216,0.404524,0.383724,0.360420,0.333960,0.303163,0.265496,0.213360
37980,0.530477,0.529865,0.528029,0.524965,0.520665,0.515119,0.508312,0.500224,0.490828,0.480087,0.467953,0.454360,0.439220,0.422408,0.403748,0.382983,0.359714,0.333290,0.302525,0.264878,0.212692
38040,0.529463,0.528853,0.527020,0.523962,0.519671,0.514136,0.507343,0.499271,0.489894,0.479174,0.467064,0.453497,0.438384,0.421603,0.402976,0.382244,0.359011,0.332622,0.301891,0.264263,0.212026
38100,0.528453,0.527844,0.526015,0.522963,0.518681,0.513158,0.506378,0.498323,0.488964,0.478265,0.466178,0.452637,0.437553,0.420801,0.402206,0.381509,0.358311,0.331958,0.301259,0.263651,0.211363
38160,0.527446,0.526838,0.525014,0.521968,0.517695,0.512182,0.505417,0.497377,0.488037,0.477359,0.465295,0.451780,0.436724,0.420003,0.401440,0.380777,0.357614,0.331296,0.300630,0.263042,0.210703
38220,0.526443,0.525837,0.524016,0.520976,0.516712,0.511211,0.504459,0.496435,0.487113,0.476457,0.464416,0.450927,0.435898,0.419207,0.400677,0.380048,0.356920,0.330638,0.300004,0.262435,0.210045
38280,0.525444,0.524839,0.523022,0.519989,0.515732,0.510243,0.503504,0.495497,0.486194,0.475558,0.463541,0.450077,0.435076,0.418415,0.399917,0.379322,0.356229,0.329982,0.299381,0.261832,0.209390
38340,0.524449,0.523845,0.522031,0.519004,0.514757,0.509278,0.502553,0.494562,0.485277,0.474662,0.462668,0.449230,0.434257,0.417626,0.399160,0.378598,0.355541,0.329330,0.298761,0.261232,0.208737
38400,0.523457,0.522854,0.521044,0.518024,0.513785,0.508317,0.501606,0.493631,0.484364,0.473770,0.461799,0.448386,0.433441,0.416840,0.398406,0.377878,0.354856,0.328680,0.298144,0.260634,0.208088
38460,0.522469,0.521867,0.520061,0.517047,0.512816,0.507360,0.500662,0.492703,0.483455,0.472881,0.460934,0.447546,0.432629,0.416057,0.397655,0.377161,0.354174,0.328033,0.297529,0.260039,0.207441
38520,0.521484,0.520884,0.519082,0.516073,0.511852,0.506406,0.499722,0.491779,0.482549,0.471996,0.460071,0.446709,0.431819,0.415278,0.396907,0.376447,0.353495,0.327389,0.296918,0.259448,0.206796
38580,0.520503,0.519904,0.518106,0.515103,0.510890,0.505456,0.498785,0.490858,0.481646,0.471114,0.459212,0.445875,0.431013,0.414501,0.396162,0.375736,0.352819,0.326748,0.296309,0.258859,0.206154
38640,0.519526,0.518928,0.517133,0.514137,0.509933,0.504509,0.497852,0.489940,0.480747,0.470235,0.458357,0.445045,0.430210,0.413728,0.395420,0.375027,0.352145,0.326109,0.295703,0.258273,0.205515
38700,0.518552,0.517956,0.516164,0.513174,0.508979,0.503566,0.496922,0.489026,0.479851,0.469360,0.457504,0.444217,0.429410,0.412957,0.394682,0.374322,0.351474,0.325474,0.295100,0.257689,0.204878
38760,0.517582,0.516987,0.515199,0.512215,0.508028,0.502626,0.495996,0.488116,0.478958,0.468488,0.456655,0.443393,0.428613,0.412190,0.393946,0.373619,0.350807,0.324841,0.294500,0.257109,0.204244
38820,0.516615,0.516021,0.514237,0.511259,0.507081,0.501690,0.495073,0.487208,0.478069,0.467619,0.455809,0.442572,0.427819,0.411425,0.393213,0.372920,0.350142,0.324211,0.293902,0.256531,0.203612
38880,0.515652,0.515059,0.513279,0.510307,0.506137,0.500757,0.494153,0.486304,0.477183,0.466753,0.454966,0.441754,0.427028,0.410664,0.392483,0.372223,0.349480,0.323584,0.293308,0.255957,0.202983
38940,0.514693,0.514101,0.512324,0.509359,0.505197,0.499828,0.493237,0.485404,0.476301,0.465891,0.454126,0.440939,0.426241,0.409906,0.391756,0.371529,0.348821,0.322960,0.292716,0.255385,0.202357
39000,0.513737,0.513146,0.511373,0.508414,0.504260,0.498902,0.492325,0.484507,0.475422,0.465032,0.453290,0.440128,0.425456,0.409150,0.391032,0.370838,0.348164,0.322338,0.292127,0.254816,0.201733
39060,0.512784,0.512195,0.510425,0.507472,0.503327,0.497980,0.491415,0.483613,0.474546,0.464176,0.452456,0.439319,0.424675,0.408398,0.390311,0.370150,0.347511,0.321719,0.291540,0.254249,0.201112
39120,0.511835,0.511247,0.509481,0.506534,0.502397,0.497060,0.490509,0.482723,0.473673,0.463324,0.451626,0.438514,0.423896,0.407649,0.389593,0.369465,0.346860,0.321103,0.290957,0.253686,0.200493
39180,0.510890,0.510303,0.508540,0.505599,0.501470,0.496145,0.489607,0.481835,0.472804,0.462475,0.450799,0.437711,0.423121,0.406902,0.388877,0.368783,0.346212,0.320490,0.290376,0.253125,0.199877
39240,0.509948,0.509362,0.507603,0.504667,0.500547,0.495232,0.488707,0.480951,0.471937,0.461628,0.449976,0.436912,0.422348,0.406159,0.388165,0.368103,0.345566,0.319880,0.289798,0.252567,0.199263
39300,0.509009,0.508424,0.506669,0.503739,0.499628,0.494323,0.487811,0.480071,0.471075,0.460786,0.449155,0.436116,0.421579,0.405418,0.387455,0.367426,0.344924,0.319272,0.289222,0.252012,0.198652
39360,0.508074,0.507490,0.505739,0.502815,0.498712,0.493418,0.486919,0.479194,0.470215,0.459946,0.448337,0.435323,0.420813,0.404681,0.386748,0.366752,0.344284,0.318667,0.288649,0.251459,0.198043
39420,0.507142,0.506560,0.504812,0.501894,0.497799,0.492516,0.486029,0.478319,0.469358,0.459109,0.447523,0.434533,0.420049,0.403946,0.386045,0.366081,0.343647,0.318064,0.288079,0.250909,0.197437
39480,0.506213,0.505632,0.503888,0.500976,0.496889,0.491617,0.485143,0.477449,0.468505,0.458276,0.446711,0.433746,0.419289,0.403214,0.385344,0.365413,0.343013,0.317464,0.287512,0.250362,0.196833
39540,0.505288,0.504709,0.502968,0.500061,0.495983,0.490721,0.484260,0.476581,0.467655,0.457445,0.445903,0.432962,0.418531,0.402485,0.384645,0.364747,0.342381,0.316867,0.286947,0.249818,0.196232
39600,0.504367,0.503788,0.502051,0.499150,0.495080,0.489829,0.483381,0.475717,0.466808,0.456618,0.445098,0.432181,0.417776,0.401759,0.383950,0.364084,0.341752,0.316273,0.286385,0.249276,0.195633
39660,0.503449,0.502871,0.501137,0.498243,0.494180,0.488939,0.482505,0.474855,0.465964,0.455794,0.444296,0.431403,0.417025,0.401036,0.383257,0.363424,0.341126,0.315681,0.285825,0.248737,0.195036
39720,0.502534,0.501957,0.500227,0.497338,0.493284,0.488054,0.481632,0.473997,0.465124,0.454973,0.443497,0.430628,0.416276,0.400316,0.382568,0.362767,0.340502,0.315092,0.285269,0.248201,0.194443
39780,0.501622,0.501047,0.499320,0.496437,0.492391,0.487171,0.480762,0.473143,0.464286,0.454155,0.442701,0.429856,0.415530,0.399598,0.381880,0.362112,0.339881,0.314505,0.284714,0.247667,0.193851
39840,0.500714,0.500140,0.498416,0.495539,0.491501,0.486292,0.479895,0.472291,0.463452,0.453340,0.441907,0.429087,0.414787,0.398884,0.381196,0.361460,0.339263,0.313921,0.284163,0.247136,0.193262
39900,0.499809,0.499236,0.497516,0.494645,0.490615,0.485416,0.479032,0.471442,0.462620,0.452528,0.441117,0.428320,0.414047,0.398172,0.380515,0.360810,0.338647,0.313340,0.283614,0.246608,0.192676
39960,0.498907,0.498335,0.496619,0.493753,0.489732,0.484543,0.478171,0.470597,0.461792,0.451720,0.440330,0.427557,0.413310,0.397463,0.379836,0.360164,0.338034,0.312761,0.283067,0.246082,0.192092
40020,0.498009,0.497438,0.495725,0.492865,0.488851,0.483673,0.477314,0.469755,0.460967,0.450914,0.439546,0.426797,0.412576,0.396757,0.379160,0.359520,0.337424,0.312185,0.282523,0.245559,0.191510
40080,0.497113,0.496544,0.494834,0.491980,0.487975,0.482806,0.476460,0.468916,0.460145,0.450111,0.438765,0.426039,0.411844,0.396053,0.378486,0.358878,0.336816,0.311611,0.281982,0.245038,0.190931
40140,0.496222,0.495653,0.493947,0.491099,0.487101,0.481943,0.475610,0.468080,0.459326,0.449311,0.437987,0.425285,0.411115,0.395352,0.377816,0.358240,0.336211,0.311040,0.281443,0.244521,0.190354
40200,0.495333,0.494766,0.493063,0.490220,0.486231,0.481083,0.474762,0.467247,0.458510,0.448515,0.437211,0.424533,0.410389,0.394654,0.377148,0.357604,0.335608,0.310472,0.280907,0.244005,0.189779
40260,0.494447,0.493881,0.492182,0.489345,0.485363,0.480226,0.473917,0.466417,0.457697,0.447721,0.436439,0.423784,0.409666,0.393959,0.376483,0.356970,0.335008,0.309906,0.280373,0.243493,0.189207
40320,0.493565,0.493000,0.491304,0.488473,0.484499,0.479372,0.473076,0.465590,0.456887,0.446930,0.435669,0.423038,0.408946,0.393267,0.375820,0.356339,0.334411,0.309342,0.279842,0.242982,0.188638
40380,0.492686,0.492122,0.490430,0.487604,0.483638,0.478521,0.472237,0.464766,0.456080,0.446142,0.434903,0.422295,0.408229,0.392577,0.375160,0.355711,0.333816,0.308781,0.279313,0.242475,0.188071
40440,0.491810,0.491248,0.489559,0.486739,0.482781,0.477674,0.471402,0.463946,0.455276,0.445357,0.434139,0.421555,0.407514,0.391890,0.374503,0.355085,0.333223,0.308223,0.278787,0.241970,0.187506
40500,0.490938,0.490376,0.488690,0.485876,0.481926,0.476829,0.470570,0.463128,0.454476,0.444576,0.433378,0.420817,0.406802,0.391206,0.373848,0.354462,0.332633,0.307667,0.278263,0.241467,0.186943
40560,0.490068,0.489508,0.487825,0.485017,0.481074,0.475987,0.469741,0.462313,0.453678,0.443796,0.432620,0.420083,0.406093,0.390524,0.373196,0.353842,0.332046,0.307114,0.277742,0.240968,0.186383
40620,0.489202,0.488643,0.486964,0.484160,0.480226,0.475149,0.468915,0.461502,0.452883,0.443020,0.431865,0.419351,0.405386,0.389845,0.372546,0.353224,0.331461,0.306562,0.277223,0.240470,0.185825
40680,0.488339,0.487781,0.486105,0.483307,0.479381,0.474314,0.468091,0.460693,0.452091,0.442247,0.431113,0.418622,0.404682,0.389169,0.371900,0.352608,0.330879,0.306014,0.276707,0.239975,0.185270
40740,0.487479,0.486922,0.485249,0.482457,0.478538,0.473481,0.467271,0.459887,0.451301,0.441477,0.430364,0.417896,0.403981,0.388495,0.371255,0.351995,0.330299,0.305468,0.276193,0.239483,0.184717
40800,0.486622,0.486066,0.484397,0.481610,0.477699,0.472652,0.466454,0.459084,0.450515,0.440709,0.429617,0.417172,0.403283,0.387824,0.370614,0.351385,0.329721,0.304924,0.275682,0.238993,0.184166
40860,0.485768,0.485213,0.483547,0.480766,0.476863,0.471826,0.465640,0.458285,0.449732,0.439945,0.428873,0.416451,0.402587,0.387155,0.369974,0.350777,0.329146,0.304383,0.275173,0.238506,0.183618
40920,0.484917,0.484363,0.482701,0.479925,0.476030,0.471003,0.464829,0.457488,0.448951,0.439183,0.428132,0.415733,0.401894,0.386490,0.369338,0.350172,0.328574,0.303844,0.274666,0.238021,0.183071
40980,0.484069,0.483517,0.481857,0.479087,0.475199,0.470182,0.464021,0.456694,0.448174,0.438424,0.427394,0.415018,0.401204,0.385826,0.368704,0.349569,0.328003,0.303307,0.274162,0.237538,0.182528
41040,0.483224,0.482673,0.481017,0.478253,0.474372,0.469365,0.463215,0.455903,0.447399,0.437668,0.426659,0.414305,0.400516,0.385166,0.368072,0.348968,0.327436,0.302773,0.273660,0.237058,0.181986
41100,0.482383,0.481832,0.480180,0.477421,0.473548,0.468551,0.462413,0.455115,0.446627,0.436914,0.425926,0.413595,0.399831,0.384508,0.367443,0.348370,0.326870,0.302241,0.273161,0.236581,0.181447
41160,0.481544,0.480995,0.479346,0.476592,0.472727,0.467739,0.461614,0.454329,0.445859,0.436164,0.425196,0.412888,0.399149,0.383852,0.366817,0.347775,0.326307,0.301712,0.272663,0.236106,0.180910
41220,0.480709,0.480160,0.478514,0.475766,0.471909,0.466931,0.460817,0.453547,0.445092,0.435416,0.424469,0.412183,0.398469,0.383199,0.366193,0.347182,0.325747,0.301185,0.272169,0.235633,0.180375
41280,0.479876,0.479329,0.477686,0.474944,0.471094,0.466126,0.460024,0.452768,0.444329,0.434671,0.423744,0.411482,0.397792,0.382549,0.365571,0.346591,0.325189,0.300660,0.271676,0.235163,0.179843
41340,0.479047,0.478500,0.476861,0.474124,0.470281,0.465323,0.459233,0.451991,0.443569,0.433929,0.423023,0.410782,0.397117,0.381901,0.364952,0.346003,0.324633,0.300138,0.271186,0.234695,0.179313
41400,0.478220,0.477675,0.476039,0.473307,0.469472,0.464523,0.458445,0.451217,0.442811,0.433190,0.422303,0.410086,0.396445,0.381256,0.364336,0.345417,0.324079,0.299618,0.270698,0.234229,0.178785
41460,0.477396,0.476852,0.475219,0.472493,0.468666,0.463727,0.457660,0.450446,0.442056,0.432453,0.421587,0.409392,0.395776,0.380613,0.363722,0.344833,0.323528,0.299100,0.270213,0.233766,0.178260
41520,0.476576,0.476033,0.474403,0.471682,0.467862,0.462933,0.456878,0.449678,0.441304,0.431719,0.420873,0.408700,0.395109,0.379973,0.363110,0.344252,0.322980,0.298585,0.269730,0.233305,0.177736
41580,0.475758,0.475216,0.473590,0.470874,0.467062,0.462142,0.456099,0.448913,0.440554,0.430988,0.420162,0.408012,0.394445,0.379335,0.362501,0.343674,0.322433,0.298072,0.269249,0.232847,0.177215
41640,0.474943,0.474402,0.472779,0.470069,0.466264,0.461354,0.455323,0.448150,0.439808,0.430259,0.419454,0.407326,0.393783,0.378700,0.361894,0.343097,0.321889,0.297561,0.268770,0.232391,0.176696
41700,0.474131,0.473592,0.471971,0.469266,0.465469,0.460568,0.454549,0.447390,0.439064,0.429533,0.418748,0.406642,0.393124,0.378067,0.361290,0.342523,0.321347,0.297052,0.268294,0.231937,0.176180
41760,0.473322,0.472784,0.471167,0.468467,0.464677,0.459786,0.453778,0.446633,0.438323,0.428810,0.418045,0.405961,0.392467,0.377436,0.360688,0.341952,0.320808,0.296546,0.267820,0.231486,0.175666
41820,0.472516,0.471979,0.470365,0.467671,0.463888,0.459006,0.453010,0.445879,0.437584,0.428089,0.417345,0.405283,0.391813,0.376808,0.360088,0.341382,0.320270,0.296042,0.267348,0.231037,0.175153
41880,0.471713,0.471177,0.469566,0.466877,0.463102,0.458230,0.452245,0.445128,0.436849,0.427372,0.416647,0.404607,0.391161,0.376183,0.359491,0.340815,0.319735,0.295540,0.266879,0.230590,0.174644
41940,0.470913,0.470378,0.468770,0.466086,0.462318,0.457456,0.451483,0.444379,0.436116,0.426656,0.415951,0.403933,0.390512,0.375560,0.358896,0.340251,0.319203,0.295040,0.266411,0.230146,0.174136
42000,0.470116,0.469581,0.467977,0.465298,0.461538,0.456684,0.450723,0.443633,0.435385,0.425944,0.415259,0.403263,0.389865,0.374939,0.358303,0.339688,0.318672,0.294543,0.265946,0.229704,0.173630
42060,0.469321,0.468788,0.467186,0.464513,0.460760,0.455916,0.449966,0.442889,0.434658,0.425234,0.414568,0.402594,0.389221,0.374321,0.357713,0.339128,0.318144,0.294048,0.265483,0.229264,0.173127
42120,0.468529,0.467997,0.466399,0.463731,0.459985,0.455150,0.449212,0.442149,0.433933,0.424527,0.413881,0.401929,0.388579,0.373705,0.357125,0.338570,0.317618,0.293555,0.265023,0.228826,0.172626
42180,0.467740,0.467209,0.465614,0.462951,0.459213,0.454388,0.448461,0.441411,0.433210,0.423822,0.413196,0.401265,0.387940,0.373092,0.356540,0.338015,0.317094,0.293064,0.264564,0.228391,0.172127
42240,0.466954,0.466424,0.464832,0.462174,0.458443,0.453627,0.447712,0.440676,0.432491,0.423120,0.412513,0.400605,0.387303,0.372481,0.355957,0.337462,0.316573,0.292575,0.264108,0.227958,0.171630
42300,0.466171,0.465642,0.464053,0.461400,0.457676,0.452870,0.446966,0.439943,0.431773,0.422420,0.411833,0.399946,0.386668,0.371872,0.355376,0.336911,0.316053,0.292089,0.263653,0.227527,0.171135
42360,0.465391,0.464862,0.463277,0.460629,0.456913,0.452115,0.446223,0.439213,0.431059,0.421723,0.411156,0.399291,0.386036,0.371265,0.354797,0.336362,0.315536,0.291605,0.263201,0.227099,0.170643
42420,0.464613,0.464086,0.462503,0.459861,0.456151,0.451363,0.445482,0.438486,0.430347,0.421029,0.410481,0.398637,0.385406,0.370661,0.354221,0.335815,0.315021,0.291123,0.262751,0.226672,0.170153
42480,0.463838,0.463312,0.461732,0.459095,0.455393,0.450614,0.444744,0.437761,0.429638,0.420337,0.409809,0.397986,0.384779,0.370060,0.353647,0.335271,0.314508,0.290642,0.262304,0.226248,0.169665
42540,0.463066,0.462541,0.460964,0.458332,0.454637,0.449868,0.444009,0.437039,0.428931,0.419648,0.409139,0.397338,0.384154,0.369460,0.353075,0.334729,0.313998,0.290165,0.261858,0.225826,0.169179
42600,0.462296,0.461772,0.460199,0.457572,0.453884,0.449124,0.443276,0.436320,0.428227,0.418961,0.408471,0.396692,0.383531,0.368863,0.352506,0.334189,0.313489,0.289689,0.261414,0.225407,0.168695
42660,0.461530,0.461007,0.459436,0.456815,0.453134,0.448383,0.442546,0.435603,0.427525,0.418277,0.407806,0.396048,0.382911,0.368269,0.351938,0.333651,0.312983,0.289215,0.260973,0.224989,0.168213
42720,0.460766,0.460244,0.458677,0.456060,0.452386,0.447644,0.441819,0.434889,0.426826,0.417595,0.407144,0.395407,0.382293,0.367676,0.351373,0.333115,0.312478,0.288743,0.260534,0.224574,0.167733
42780,0.460005,0.459484,0.457919,0.455308,0.451641,0.446908,0.441094,0.434177,0.426130,0.416915,0.406484,0.394768,0.381678,0.367086,0.350811,0.332582,0.311976,0.288274,0.260096,0.224160,0.167256
42840,0.459246,0.458726,0.457165,0.454558,0.450899,0.446175,0.440372,0.433468,0.425436,0.416239,0.405826,0.394132,0.381065,0.366498,0.350250,0.332051,0.311476,0.287806,0.259661,0.223749,0.166780
42900,0.458490,0.457971,0.456413,0.453811,0.450159,0.445444,0.439652,0.432762,0.424745,0.415564,0.405171,0.393498,0.380454,0.365912,0.349692,0.331522,0.310978,0.287341,0.259228,0.223340,0.166307
42960,0.457737,0.457219,0.455664,0.453067,0.449422,0.444716,0.438935,0.432058,0.424056,0.414893,0.404518,0.392866,0.379845,0.365329,0.349135,0.330995,0.310482,0.286878,0.258797,0.222934,0.165836
43020,0.456987,0.456470,0.454918,0.452326,0.448687,0.443991,0.438221,0.431356,0.423369,0.414223,0.403868,0.392237,0.379239,0.364748,0.348581,0.330470,0.309989,0.286416,0.258368,0.222529,0.165367
43080,0.456239,0.455723,0.454174,0.451587,0.447956,0.443268,0.437509,0.430657,0.422685,0.413556,0.403220,0.391610,0.378635,0.364169,0.348030,0.329947,0.309497,0.285957,0.257941,0.222127,0.164900
43140,0.455494,0.454979,0.453433,0.450851,0.447226,0.442548,0.436799,0.429961,0.422004,0.412892,0.402574,0.390985,0.378033,0.363592,0.347480,0.329427,0.309007,0.285500,0.257516,0.221726,0.164435
43200,0.454751,0.454237,0.452694,0.450117,0.446500,0.441830,0.436093,0.429267,0.421325,0.412230,0.401931,0.390363,0.377434,0.363018,0.346932,0.328908,0.308520,0.285045,0.257093,0.221328,0.163972
43260,0.454011,0.453498,0.451958,0.449386,0.445776,0.441115,0.435388,0.428576,0.420648,0.411570,0.401290,0.389743,0.376837,0.362445,0.346387,0.328392,0.308034,0.284591,0.256672,0.220931,0.163511
43320,0.453274,0.452762,0.451225,0.448658,0.445054,0.440402,0.434687,0.427887,0.419974,0.410913,0.400652,0.389125,0.376242,0.361875,0.345844,0.327877,0.307551,0.284140,0.256253,0.220537,0.163052
43380,0.452539,0.452028,0.450494,0.447932,0.444335,0.439692,0.433988,0.427200,0.419303,0.410258,0.400016,0.388510,0.375649,0.361307,0.345303,0.327365,0.307069,0.283691,0.255836,0.220145,0.162595
43440,0.451807,0.451297,0.449766,0.447209,0.443619,0.438985,0.433291,0.426516,0.418634,0.409605,0.399382,0.387896,0.375059,0.360741,0.344764,0.326855,0.306589,0.283244,0.255421,0.219755,0.162141
43500,0.451078,0.450569,0.449040,0.446488,0.442905,0.438280,0.432597,0.425835,0.417967,0.408955,0.398750,0.387286,0.374470,0.360178,0.344227,0.326347,0.306112,0.282798,0.255008,0.219367,0.161688
43560,0.450351,0.449843,0.448317,0.445770,0.442194,0.437577,0.431905,0.425156,0.417302,0.408307,0.398121,0.386677,0.373884,0.359616,0.343692,0.325840,0.305636,0.282355,0.254597,0.218981,0.161237
43620,0.449626,0.449119,0.447597,0.445055,0.441485,0.436877,0.431216,0.424479,0.416640,0.407662,0.397494,0.386071,0.373300,0.359057,0.343159,0.325336,0.305163,0.281914,0.254188,0.218597,0.160789
43680,0.448905,0.448399,0.446879,0.444341,0.440779,0.436180,0.430529,0.423805,0.415981,0.407019,0.396870,0.385467,0.372719,0.358500,0.342629,0.324834,0.304691,0.281474,0.253780,0.218215,0.160342
43740,0.448185,0.447680,0.446164,0.443631,0.440075,0.435485,0.429844,0.423133,0.415324,0.406378,0.396247,0.384865,0.372139,0.357945,0.342100,0.324334,0.304222,0.281037,0.253375,0.217835,0.159897
43800,0.447469,0.446964,0.445451,0.442923,0.439374,0.434792,0.429162,0.422464,0.414669,0.405740,0.395627,0.384265,0.371562,0.357392,0.341574,0.323836,0.303754,0.280601,0.252972,0.217457,0.159455
43860,0.446754,0.446251,0.444740,0.442217,0.438675,0.434102,0.428483,0.421797,0.414016,0.405104,0.395010,0.383668,0.370987,0.356841,0.341049,0.323340,0.303288,0.280167,0.252570,0.217081,0.159014
43920,0.446043,0.445541,0.444032,0.441514,0.437979,0.433414,0.427806,0.421132,0.413366,0.404470,0.394394,0.383072,0.370414,0.356293,0.340527,0.322846,0.302825,0.279735,0.252171,0.216707,0.158576
43980,0.445334,0.444832,0.443327,0.440814,0.437285,0.432729,0.427131,0.420470,0.412718,0.403838,0.393781,0.382479,0.369843,0.355746,0.340006,0.322354,0.302363,0.279305,0.251773,0.216335,0.158139
44040,0.444627,0.444127,0.442624,0.440116,0.436593,0.432046,0.426459,0.419810,0.412073,0.403209,0.393170,0.381888,0.369274,0.355201,0.339488,0.321864,0.301903,0.278877,0.251377,0.215965,0.157704
44100,0.443923,0.443423,0.441924,0.439420,0.435904,0.431366,0.425789,0.419153,0.411429,0.402582,0.392561,0.381300,0.368708,0.354659,0.338972,0.321376,0.301445,0.278451,0.250983,0.215597,0.157272
44160,0.443221,0.442722,0.441226,0.438727,0.435218,0.430688,0.425121,0.418498,0.410789,0.401957,0.391954,0.380713,0.368143,0.354118,0.338457,0.320889,0.300989,0.278027,0.250591,0.215231,0.156841
44220,0.442522,0.442024,0.440530,0.438036,0.434534,0.430012,0.424456,0.417845,0.410150,0.401335,0.391350,0.380129,0.367581,0.353580,0.337945,0.320405,0.300534,0.277604,0.250201,0.214867,0.156412
44280,0.441825,0.441328,0.439837,0.437348,0.433852,0.429339,0.423793,0.417194,0.409514,0.400715,0.390748,0.379547,0.367021,0.353044,0.337434,0.319923,0.300082,0.277184,0.249812,0.214504,0.155986
44340,0.441130,0.440635,0.439147,0.436662,0.433173,0.428668,0.423133,0.416546,0.408880,0.400097,0.390148,0.378967,0.366463,0.352509,0.336926,0.319442,0.299631,0.276765,0.249425,0.214144,0.155561
44400,0.440438,0.439944,0.438458,0.435978,0.432496,0.428000,0.422475,0.415900,0.408248,0.399481,0.389550,0.378389,0.365907,0.351977,0.336420,0.318964,0.299183,0.276348,0.249041,0.213785,0.155138
44460,0.439749,0.439255,0.437773,0.435297,0.431821,0.427334,0.421819,0.415257,0.407618,0.398867,0.388955,0.377813,0.365352,0.351447,0.335915,0.318487,0.298736,0.275933,0.248658,0.213429,0.154717
44520,0.439062,0.438569,0.437089,0.434618,0.431149,0.426670,0.421166,0.414615,0.406991,0.398256,0.388361,0.377239,0.364800,0.350919,0.335413,0.318012,0.298291,0.275519,0.248276,0.213074,0.154298
44580,0.438377,0.437885,0.436408,0.433942,0.430479,0.426008,0.420514,0.413976,0.406366,0.397647,0.387770,0.376668,0.364251,0.350392,0.334912,0.317539,0.297848,0.275108,0.247897,0.212721,0.153881
44640,0.437694,0.437204,0.435729,0.433268,0.429812,0.425349,0.419866,0.413340,0.405743,0.397040,0.387181,0.376098,0.363703,0.349868,0.334413,0.317068,0.297407,0.274698,0.247519,0.212370,0.153466
44700,0.437014,0.436524,0.435053,0.432596,0.429146,0.424693,0.419219,0.412705,0.405123,0.396435,0.386594,0.375531,0.363157,0.349346,0.333917,0.316599,0.296967,0.274290,0.247143,0.212021,0.153052
44760,0.436337,0.435848,0.434379,0.431927,0.428484,0.424038,0.418575,0.412073,0.404504,0.395833,0.386009,0.374965,0.362613,0.348825,0.333422,0.316132,0.296529,0.273884,0.246769,0.211673,0.152641
44820,0.435662,0.435173,0.433708,0.431260,0.427823,0.423386,0.417933,0.411443,0.403888,0.395232,0.385426,0.374402,0.362071,0.348307,0.332929,0.315666,0.296094,0.273479,0.246397,0.211328,0.152231
44880,0.434989,0.434501,0.433038,0.430595,0.427165,0.422736,0.417293,0.410815,0.403274,0.394634,0.384845,0.373841,0.361531,0.347791,0.332438,0.315203,0.295659,0.273076,0.246026,0.210984,0.151824
44940,0.434318,0.433832,0.432372,0.429933,0.426509,0.422088,0.416655,0.410189,0.402663,0.394038,0.384266,0.373282,0.360994,0.347276,0.331949,0.314741,0.295227,0.272675,0.245657,0.210642,0.151418
45000,0.433650,0.433164,0.431707,0.429273,0.425856,0.421443,0.416020,0.409566,0.402053,0.393444,0.383690,0.372725,0.360458,0.346764,0.331461,0.314281,0.294797,0.272276,0.245290,0.210302,0.151014
45060,0.432984,0.432499,0.431045,0.428615,0.425204,0.420800,0.415387,0.408945,0.401445,0.392852,0.383116,0.372169,0.359924,0.346253,0.330976,0.313823,0.294368,0.271879,0.244925,0.209963,0.150612
45120,0.432320,0.431837,0.430385,0.427960,0.424555,0.420159,0.414756,0.408326,0.400840,0.392262,0.382543,0.371616,0.359392,0.345744,0.330492,0.313367,0.293941,0.271483,0.244561,0.209627,0.150212
45180,0.431659,0.431176,0.429727,0.427307,0.423908,0.419520,0.414128,0.407709,0.400237,0.391675,0.381973,0.371065,0.358862,0.345237,0.330011,0.312912,0.293516,0.271089,0.244199,0.209292,0.149814
45240,0.431000,0.430518,0.429072,0.426656,0.423264,0.418884,0.413501,0.407094,0.399636,0.391089,0.381405,0.370516,0.358334,0.344732,0.329531,0.312459,0.293092,0.270696,0.243839,0.208959,0.149417
45300,0.430343,0.429862,0.428419,0.426007,0.422622,0.418250,0.412877,0.406482,0.399037,0.390506,0.380838,0.369969,0.357808,0.344229,0.329053,0.312008,0.292670,0.270305,0.243480,0.208628,0.149023
45360,0.429689,0.429209,0.427768,0.425361,0.421982,0.417618,0.412255,0.405872,0.398440,0.389924,0.380274,0.369424,0.357284,0.343728,0.328577,0.311559,0.292250,0.269916,0.243123,0.208298,0.148630
45420,0.429037,0.428558,0.427119,0.424717,0.421344,0.416988,0.411635,0.405263,0.397846,0.389345,0.379712,0.368881,0.356762,0.343229,0.328102,0.311112,0.291832,0.269529,0.242768,0.207970,0.148239
45480,0.428387,0.427909,0.426473,0.424075,0.420708,0.416361,0.411017,0.404657,0.397253,0.388768,0.379152,0.368340,0.356242,0.342732,0.327630,0.310666,0.291415,0.269143,0.242414,0.207644,0.147850
45540,0.427739,0.427262,0.425829,0.423435,0.420075,0.415735,0.410402,0.404054,0.396663,0.388192,0.378594,0.367801,0.355723,0.342236,0.327159,0.310222,0.291000,0.268759,0.242062,0.207320,0.147463
45600,0.427094,0.426617,0.425187,0.422798,0.419443,0.415112,0.409788,0.403452,0.396074,0.387619,0.378038,0.367263,0.355207,0.341742,0.326690,0.309780,0.290587,0.268377,0.241711,0.206997,0.147077
45660,0.426450,0.425975,0.424547,0.422163,0.418814,0.414491,0.409177,0.402852,0.395488,0.387048,0.377484,0.366728,0.354692,0.341250,0.326223,0.309340,0.290175,0.267996,0.241362,0.206676,0.146694
45720,0.425809,0.425335,0.423910,0.421530,0.418188,0.413872,0.408568,0.402254,0.394904,0.386479,0.376931,0.366195,0.354180,0.340760,0.325757,0.308901,0.289765,0.267617,0.241015,0.206357,0.146312
45780,0.425171,0.424697,0.423274,0.420899,0.417563,0.413255,0.407961,0.401659,0.394321,0.385912,0.376381,0.365663,0.353669,0.340272,0.325294,0.308464,0.289357,0.267239,0.240670,0.206039,0.145932
45840,0.424534,0.424061,0.422641,0.420270,0.416940,0.412641,0.407356,0.401066,0.393741,0.385347,0.375833,0.365134,0.353160,0.339786,0.324832,0.308028,0.288950,0.266863,0.240326,0.205723,0.145554
45900,0.423899,0.423428,0.422010,0.419644,0.416320,0.412028,0.406753,0.400474,0.393163,0.384784,0.375287,0.364606,0.352653,0.339301,0.324371,0.307595,0.288545,0.266489,0.239983,0.205409,0.145177
45960,0.423267,0.422796,0.421382,0.419019,0.415702,0.411418,0.406153,0.399885,0.392587,0.384223,0.374742,0.364080,0.352147,0.338818,0.323913,0.307163,0.288142,0.266116,0.239642,0.205097,0.144803
46020,0.422637,0.422167,0.420755,0.418397,0.415086,0.410810,0.405554,0.399298,0.392013,0.383663,0.374200,0.363557,0.351644,0.338337,0.323456,0.306733,0.287740,0.265745,0.239303,0.204786,0.144430
46080,0.422009,0.421540,0.420131,0.417777,0.414472,0.410204,0.404958,0.398713,0.391441,0.383106,0.373659,0.363035,0.351143,0.337858,0.323001,0.306304,0.287340,0.265375,0.238965,0.204476,0.144058
46140,0.421384,0.420915,0.419508,0.417159,0.413860,0.409600,0.404363,0.398129,0.390871,0.382551,0.373121,0.362515,0.350643,0.337381,0.322548,0.305877,0.286941,0.265007,0.238629,0.204168,0.143689
46200,0.420760,0.420292,0.418888,0.416543,0.413250,0.408998,0.403771,0.397548,0.390303,0.381998,0.372584,0.361996,0.350145,0.336905,0.322097,0.305452,0.286544,0.264641,0.238295,0.203862,0.143321
46260,0.420139,0.419672,0.418270,0.415930,0.412643,0.408398,0.403181,0.396969,0.389737,0.381447,0.372050,0.361480,0.349649,0.336431,0.321647,0.305028,0.286149,0.264276,0.237962,0.203558,0.142955
46320,0.419519,0.419053,0.417654,0.415318,0.412037,0.407800,0.402592,0.396392,0.389173,0.380897,0.371517,0.360966,0.349155,0.335959,0.321199,0.304606,0.285755,0.263913,0.237630,0.203255,0.142591
46380,0.418902,0.418437,0.417041,0.414709,0.411434,0.407205,0.402006,0.395817,0.388611,0.380350,0.370986,0.360453,0.348662,0.335488,0.320752,0.304186,0.285363,0.263551,0.237300,0.202953,0.142229
46440,0.418287,0.417823,0.416429,0.414101,0.410832,0.406611,0.401422,0.395244,0.388051,0.379804,0.370457,0.359942,0.348171,0.335019,0.320307,0.303767,0.284973,0.263190,0.236971,0.202654,0.141868
46500,0.417674,0.417211,0.415819,0.413496,0.410233,0.406019,0.400840,0.394673,0.387492,0.379261,0.369930,0.359433,0.347682,0.334552,0.319864,0.303350,0.284584,0.262832,0.236644,0.202355,0.141509
46560,0.417063,0.416601,0.415212,0.412893,0.409636,0.405430,0.400259,0.394104,0.386936,0.378719,0.369404,0.358926,0.347195,0.334087,0.319423,0.302934,0.284196,0.262474,0.236319,0.202059,0.141152
46620,0.416454,0.415993,0.414607,0.412292,0.409040,0.404842,0.399681,0.393537,0.386382,0.378179,0.368881,0.358421,0.346710,0.333624,0.318983,0.302520,0.283810,0.262119,0.235995,0.201763,0.140796
46680,0.415847,0.415387,0.414003,0.411692,0.408447,0.404257,0.399105,0.392972,0.385829,0.377641,0.368359,0.357917,0.346226,0.333162,0.318545,0.302108,0.283426,0.261764,0.235672,0.201470,0.140442
46740,0.415243,0.414783,0.413402,0.411095,0.407856,0.403673,0.398531,0.392409,0.385279,0.377105,0.367839,0.357415,0.345744,0.332702,0.318108,0.301697,0.283043,0.261412,0.235351,0.201178,0.140090
46800,0.414640,0.414181,0.412803,0.410500,0.407267,0.403091,0.397958,0.391847,0.384730,0.376571,0.367322,0.356915,0.345264,0.332243,0.317674,0.301288,0.282662,0.261060,0.235031,0.200887,0.139739
46860,0.414040,0.413581,0.412205,0.409907,0.406680,0.402512,0.397388,0.391288,0.384184,0.376039,0.366805,0.356417,0.344786,0.331786,0.317240,0.300881,0.282282,0.260710,0.234713,0.200598,0.139390
46920,0.413441,0.412984,0.411610,0.409316,0.406095,0.401934,0.396820,0.390731,0.383639,0.375509,0.366291,0.355921,0.344309,0.331331,0.316809,0.300475,0.281904,0.260362,0.234397,0.200311,0.139043
46980,0.412845,0.412388,0.411017,0.408727,0.405512,0.401359,0.396253,0.390175,0.383096,0.374980,0.365779,0.355426,0.343834,0.330878,0.316379,0.300070,0.281527,0.260015,0.234081,0.200025,0.138698
47040,0.412250,0.411794,0.410426,0.408140,0.404931,0.400785,0.395689,0.389622,0.382555,0.374453,0.365268,0.354933,0.343361,0.330426,0.315950,0.299667,0.281152,0.259670,0.233767,0.199740,0.138354
47100,0.411658,0.411203,0.409837,0.407556,0.404351,0.400214,0.395127,0.389070,0.382016,0.373929,0.364759,0.354442,0.342889,0.329975,0.315523,0.299266,0.280778,0.259326,0.233455,0.199457,0.138012
47160,0.411067,0.410613,0.409250,0.406973,0.403774,0.399644,0.394566,0.388520,0.381479,0.373406,0.364252,0.353953,0.342419,0.329527,0.315098,0.298866,0.280405,0.258983,0.233144,0.199175,0.137671
47220,0.410479,0.410026,0.408665,0.406392,0.403199,0.399076,0.394007,0.387972,0.380943,0.372884,0.363747,0.353465,0.341951,0.329080,0.314675,0.298467,0.280034,0.258642,0.232834,0.198895,0.137332
47280,0.409892,0.409440,0.408081,0.405813,0.402626,0.398510,0.393451,0.387426,0.380410,0.372365,0.363243,0.352979,0.341484,0.328635,0.314252,0.298071,0.279665,0.258302,0.232526,0.198616,0.136995
47340,0.409308,0.408856,0.407500,0.405235,0.402054,0.397946,0.392896,0.386882,0.379878,0.371847,0.362741,0.352495,0.341019,0.328191,0.313832,0.297675,0.279297,0.257964,0.232219,0.198339,0.136659
47400,0.408725,0.408275,0.406921,0.404660,0.401485,0.397384,0.392343,0.386340,0.379348,0.371331,0.362241,0.352012,0.340556,0.327749,0.313413,0.297281,0.278931,0.257627,0.231914,0.198063,0.136325
47460,0.408145,0.407695,0.406344,0.404087,0.400918,0.396824,0.391792,0.385800,0.378820,0.370817,0.361743,0.351531,0.340094,0.327308,0.312996,0.296889,0.278566,0.257291,0.231609,0.197789,0.135992
47520,0.407566,0.407117,0.405769,0.403516,0.400352,0.396266,0.391243,0.385261,0.378294,0.370305,0.361246,0.351052,0.339635,0.326870,0.312580,0.296498,0.278202,0.256957,0.231307,0.197516,0.135662
47580,0.406990,0.406541,0.405195,0.402947,0.399789,0.395710,0.390695,0.384724,0.377770,0.369795,0.360752,0.350575,0.339176,0.326432,0.312165,0.296109,0.277840,0.256624,0.231005,0.197244,0.135332
47640,0.406415,0.405968,0.404624,0.402379,0.399227,0.395155,0.390150,0.384189,0.377247,0.369286,0.360258,0.350099,0.338720,0.325997,0.311752,0.295721,0.277479,0.256293,0.230705,0.196974,0.135005
47700,0.405842,0.405396,0.404054,0.401814,0.398667,0.394603,0.389606,0.383656,0.376726,0.368779,0.359767,0.349625,0.338265,0.325562,0.311341,0.295335,0.277120,0.255963,0.230407,0.196705,0.134679
47760,0.405271,0.404826,0.403487,0.401250,0.398109,0.394052,0.389065,0.383125,0.376207,0.368274,0.359277,0.349152,0.337811,0.325130,0.310931,0.294950,0.276762,0.255634,0.230109,0.196438,0.134354
47820,0.404703,0.404258,0.402921,0.400689,0.397553,0.393504,0.388525,0.382596,0.375690,0.367770,0.358789,0.348682,0.337359,0.324699,0.310523,0.294566,0.276405,0.255307,0.229813,0.196172,0.134031
47880,0.404136,0.403691,0.402357,0.400129,0.396999,0.392957,0.387987,0.382068,0.375174,0.367269,0.358303,0.348213,0.336909,0.324269,0.310116,0.294184,0.276050,0.254981,0.229518,0.195907,0.133710
47940,0.403571,0.403127,0.401795,0.399571,0.396447,0.392412,0.387450,0.381542,0.374661,0.366769,0.357818,0.347745,0.336460,0.323841,0.309711,0.293803,0.275696,0.254656,0.229225,0.195643,0.133390
48000,0.403007,0.402565,0.401235,0.399015,0.395896,0.391868,0.386916,0.381018,0.374149,0.366270,0.357336,0.347279,0.336013,0.323415,0.309307,0.293424,0.275344,0.254333,0.228933,0.195381,0.133072
48060,0.402446,0.402004,0.400677,0.398461,0.395348,0.391327,0.386383,0.380496,0.373638,0.365774,0.356854,0.346815,0.335568,0.322990,0.308905,0.293046,0.274993,0.254011,0.228642,0.195121,0.132755
48120,0.401887,0.401446,0.400121,0.397909,0.394801,0.390787,0.385852,0.379976,0.373130,0.365279,0.356375,0.346352,0.335124,0.322567,0.308504,0.292670,0.274643,0.253690,0.228352,0.194861,0.132440
48180,0.401329,0.400889,0.399567,0.397358,0.394256,0.390250,0.385323,0.379457,0.372623,0.364786,0.355897,0.345891,0.334682,0.322145,0.308105,0.292295,0.274295,0.253371,0.228064,0.194603,0.132126
48240,0.400773,0.400334,0.399014,0.396810,0.393713,0.389714,0.384796,0.378940,0.372118,0.364294,0.355420,0.345432,0.334241,0.321725,0.307707,0.291921,0.273948,0.253053,0.227777,0.194347,0.131814
48300,0.400220,0.399781,0.398463,0.396263,0.393172,0.389180,0.384271,0.378425,0.371615,0.363804,0.354946,0.344974,0.333802,0.321306,0.307310,0.291549,0.273602,0.252736,0.227491,0.194091,0.131504
48360,0.399668,0.399230,0.397915,0.395718,0.392632,0.388647,0.383747,0.377911,0.371113,0.363316,0.354473,0.344518,0.333364,0.320889,0.306915,0.291178,0.273258,0.252421,0.227207,0.193837,0.131195
48420,0.399118,0.398680,0.397368,0.395175,0.392095,0.388117,0.383225,0.377400,0.370613,0.362830,0.354001,0.344063,0.332928,0.320473,0.306521,0.290809,0.272915,0.252106,0.226924,0.193584,0.130887
48480,0.398569,0.398133,0.396822,0.394634,0.391559,0.387588,0.382705,0.376890,0.370115,0.362345,0.353532,0.343610,0.332493,0.320058,0.306129,0.290441,0.272573,0.251793,0.226642,0.193333,0.130581
48540,0.398023,0.397587,0.396279,0.394094,0.391025,0.387061,0.382187,0.376382,0.369619,0.361862,0.353064,0.343159,0.332060,0.319646,0.305738,0.290074,0.272233,0.251482,0.226361,0.193082,0.130276
48600,0.397478,0.397043,0.395737,0.393556,0.390493,0.386536,0.381670,0.375875,0.369124,0.361380,0.352597,0.342709,0.331629,0.319234,0.305349,0.289709,0.271894,0.251171,0.226081,0.192833,0.129973
48660,0.396935,0.396501,0.395198,0.393021,0.389962,0.386012,0.381155,0.375370,0.368631,0.360901,0.352132,0.342261,0.331199,0.318824,0.304961,0.289345,0.271556,0.250862,0.225803,0.192585,0.129672
48720,0.396394,0.395961,0.394660,0.392486,0.389434,0.385490,0.380642,0.374867,0.368139,0.360422,0.351669,0.341814,0.330770,0.318416,0.304574,0.288982,0.271219,0.250554,0.225526,0.192339,0.129372
48780,0.395855,0.395422,0.394124,0.391954,0.388907,0.384970,0.380130,0.374366,0.367649,0.359946,0.351207,0.341369,0.330343,0.318009,0.304189,0.288621,0.270884,0.250248,0.225250,0.192094,0.129073
48840,0.395318,0.394886,0.393589,0.391424,0.388382,0.384452,0.379620,0.373866,0.367161,0.359471,0.350747,0.340925,0.329918,0.317603,0.303806,0.288261,0.270550,0.249942,0.224975,0.191849,0.128776
48900,0.394782,0.394351,0.393057,0.390895,0.387858,0.383936,0.379112,0.373368,0.366675,0.358997,0.350288,0.340483,0.329494,0.317199,0.303423,0.287903,0.270218,0.249638,0.224702,0.191607,0.128480
48960,0.394248,0.393818,0.392526,0.390368,0.387336,0.383421,0.378606,0.372871,0.366190,0.358526,0.349831,0.340042,0.329071,0.316796,0.303042,0.287545,0.269886,0.249335,0.224430,0.191365,0.128186
49020,0.393716,0.393286,0.391997,0.389842,0.386816,0.382908,0.378101,0.372377,0.365707,0.358056,0.349376,0.339603,0.328650,0.316395,0.302663,0.287189,0.269556,0.249033,0.224158,0.191125,0.127893
49080,0.393185,0.392757,0.391469,0.389319,0.386298,0.382396,0.377598,0.371883,0.365225,0.357587,0.348922,0.339165,0.328230,0.315995,0.302284,0.286835,0.269227,0.248732,0.223889,0.190885,0.127602
49140,0.392657,0.392229,0.390944,0.388797,0.385782,0.381887,0.377097,0.371392,0.364745,0.357120,0.348469,0.338729,0.327812,0.315596,0.301907,0.286481,0.268900,0.248433,0.223620,0.190647,0.127312
49200,0.392130,0.391703,0.390420,0.388277,0.385267,0.381379,0.376597,0.370902,0.364267,0.356655,0.348019,0.338294,0.327395,0.315199,0.301532,0.286129,0.268573,0.248135,0.223352,0.190410,0.127023
49260,0.391605,0.391178,0.389898,0.387759,0.384754,0.380872,0.376099,0.370414,0.363790,0.356191,0.347569,0.337861,0.326980,0.314804,0.301157,0.285779,0.268248,0.247838,0.223086,0.190175,0.126736
49320,0.391081,0.390656,0.389377,0.387242,0.384242,0.380368,0.375603,0.369928,0.363315,0.355728,0.347121,0.337430,0.326566,0.314409,0.300785,0.285429,0.267924,0.247542,0.222820,0.189940,0.126450
49380,0.390560,0.390135,0.388859,0.386727,0.383733,0.379865,0.375108,0.369443,0.362841,0.355268,0.346675,0.336999,0.326154,0.314016,0.300413,0.285081,0.267602,0.247247,0.222556,0.189707,0.126166
49440,0.390040,0.389616,0.388342,0.386214,0.383225,0.379364,0.374615,0.368959,0.362369,0.354809,0.346230,0.336571,0.325743,0.313625,0.300043,0.284734,0.267280,0.246954,0.222293,0.189475,0.125883
49500,0.389521,0.389098,0.387826,0.385702,0.382718,0.378864,0.374124,0.368478,0.361899,0.354351,0.345787,0.336143,0.325333,0.313235,0.299674,0.284388,0.266960,0.246661,0.222031,0.189244,0.125601
49560,0.389005,0.388582,0.387313,0.385192,0.382214,0.378366,0.373634,0.367998,0.361430,0.353895,0.345345,0.335718,0.324925,0.312846,0.299306,0.284044,0.266641,0.246370,0.221770,0.189014,0.125321
49620,0.388490,0.388068,0.386801,0.384684,0.381711,0.377870,0.373146,0.367519,0.360962,0.353440,0.344905,0.335293,0.324518,0.312458,0.298940,0.283701,0.266323,0.246080,0.221510,0.188785,0.125043
49680,0.387977,0.387556,0.386291,0.384178,0.381209,0.377375,0.372659,0.367042,0.360497,0.352987,0.344466,0.334870,0.324113,0.312072,0.298575,0.283359,0.266007,0.245791,0.221252,0.188557,0.124765
49740,0.387465,0.387045,0.385782,0.383673,0.380710,0.376882,0.372174,0.366567,0.360032,0.352536,0.344029,0.334449,0.323709,0.311688,0.298211,0.283018,0.265691,0.245503,0.220994,0.188331,0.124489
49800,0.386956,0.386536,0.385275,0.383170,0.380212,0.376390,0.371691,0.366093,0.359570,0.352086,0.343593,0.334029,0.323306,0.311304,0.297849,0.282679,0.265377,0.245217,0.220738,0.188105,0.124214
49860,0.386447,0.386028,0.384770,0.382668,0.379715,0.375901,0.371209,0.365621,0.359109,0.351637,0.343159,0.333610,0.322905,0.310922,0.297488,0.282340,0.265064,0.244931,0.220482,0.187881,0.123941
49920,0.385941,0.385523,0.384266,0.382168,0.379220,0.375412,0.370729,0.365150,0.358649,0.351190,0.342726,0.333193,0.322505,0.310541,0.297128,0.282003,0.264752,0.244647,0.220228,0.187658,0.123669
49980,0.385436,0.385019,0.383765,0.381670,0.378727,0.374926,0.370250,0.364681,0.358191,0.350745,0.342295,0.332777,0.322107,0.310162,0.296769,0.281668,0.264441,0.244364,0.219975,0.187435,0.123399
50040,0.384933,0.384516,0.383264,0.381173,0.378236,0.374441,0.369773,0.364214,0.357735,0.350301,0.341865,0.332363,0.321709,0.309784,0.296412,0.281333,0.264132,0.244081,0.219723,0.187214,0.123129
50100,0.384431,0.384015,0.382766,0.380678,0.377746,0.373957,0.369298,0.363748,0.357280,0.349858,0.341436,0.331950,0.321314,0.309407,0.296056,0.281000,0.263823,0.243800,0.219472,0.186994,0.122861
50160,0.383931,0.383516,0.382269,0.380185,0.377257,0.373475,0.368824,0.363283,0.356826,0.349417,0.341009,0.331538,0.320919,0.309031,0.295701,0.280668,0.263516,0.243520,0.219222,0.186775,0.122595
50220,0.383433,0.383018,0.381773,0.379693,0.376770,0.372995,0.368352,0.362820,0.356374,0.348977,0.340583,0.331128,0.320526,0.308657,0.295347,0.280337,0.263210,0.243241,0.218973,0.186557,0.122329
50280,0.382936,0.382523,0.381279,0.379203,0.376285,0.372516,0.367881,0.362359,0.355924,0.348539,0.340159,0.330719,0.320135,0.308284,0.294995,0.280007,0.262904,0.242963,0.218725,0.186341,0.122065
50340,0.382441,0.382028,0.380787,0.378714,0.375802,0.372039,0.367412,0.361899,0.355475,0.348103,0.339736,0.330312,0.319744,0.307912,0.294644,0.279678,0.262601,0.242687,0.218478,0.186125,0.121803
50400,0.381948,0.381535,0.380297,0.378227,0.375320,0.371564,0.366944,0.361441,0.355027,0.347667,0.339315,0.329906,0.319355,0.307542,0.294294,0.279351,0.262298,0.242411,0.218232,0.185910,0.121541
50460,0.381456,0.381044,0.379808,0.377742,0.374839,0.371090,0.366478,0.360984,0.354581,0.347233,0.338895,0.329501,0.318967,0.307173,0.293945,0.279024,0.261996,0.242136,0.217987,0.185696,0.121281
50520,0.380966,0.380555,0.379320,0.377258,0.374360,0.370617,0.366013,0.360529,0.354136,0.346801,0.338476,0.329098,0.318581,0.306805,0.293598,0.278699,0.261695,0.241863,0.217743,0.185484,0.121022
50580,0.380477,0.380067,0.378834,0.376775,0.373883,0.370146,0.365550,0.360075,0.353693,0.346370,0.338059,0.328696,0.318196,0.306438,0.293251,0.278375,0.261396,0.241590,0.217500,0.185272,0.120765
50640,0.379990,0.379580,0.378350,0.376295,0.373407,0.369677,0.365089,0.359622,0.353251,0.345941,0.337643,0.328295,0.317812,0.306073,0.292906,0.278052,0.261098,0.241319,0.217258,0.185061,0.120509
50700,0.379505,0.379096,0.377867,0.375816,0.372933,0.369209,0.364628,0.359171,0.352811,0.345513,0.337228,0.327896,0.317429,0.305709,0.292562,0.277731,0.260800,0.241048,0.217017,0.184852,0.120253
50760,0.379021,0.378612,0.377386,0.375338,0.372460,0.368743,0.364170,0.358722,0.352372,0.345086,0.336815,0.327498,0.317048,0.305346,0.292220,0.277410,0.260504,0.240779,0.216778,0.184643,0.120000
50820,0.378538,0.378131,0.376907,0.374862,0.371989,0.368278,0.363713,0.358274,0.351935,0.344661,0.336404,0.327101,0.316668,0.304985,0.291878,0.277091,0.260209,0.240510,0.216539,0.184435,0.119747
50880,0.378057,0.377651,0.376429,0.374387,0.371519,0.367814,0.363257,0.357828,0.351499,0.344237,0.335993,0.326706,0.316289,0.304624,0.291538,0.276773,0.259915,0.240243,0.216301,0.184228,0.119496
50940,0.377578,0.377172,0.375952,0.373914,0.371051,0.367352,0.362803,0.357382,0.351065,0.343814,0.335584,0.326312,0.315912,0.304265,0.291199,0.276455,0.259622,0.239977,0.216064,0.184023,0.119246
51000,0.377100,0.376695,0.375477,0.373443,0.370585,0.366892,0.362350,0.356939,0.350632,0.343393,0.335177,0.325919,0.315536,0.303907,0.290861,0.276139,0.259330,0.239711,0.215828,0.183818,0.118997
51060,0.376624,0.376219,0.375004,0.372973,0.370120,0.366433,0.361899,0.356497,0.350200,0.342973,0.334770,0.325528,0.315161,0.303550,0.290524,0.275825,0.259039,0.239447,0.215593,0.183614,0.118750
51120,0.376149,0.375745,0.374532,0.372504,0.369656,0.365976,0.361449,0.356056,0.349770,0.342555,0.334365,0.325138,0.314787,0.303195,0.290189,0.275511,0.258749,0.239183,0.215359,0.183411,0.118503
51180,0.375676,0.375273,0.374061,0.372037,0.369194,0.365520,0.361001,0.355617,0.349341,0.342138,0.333962,0.324749,0.314415,0.302841,0.289854,0.275198,0.258460,0.238921,0.215126,0.183209,0.118258
51240,0.375205,0.374802,0.373592,0.371572,0.368733,0.365065,0.360554,0.355179,0.348913,0.341722,0.333559,0.324361,0.314044,0.302487,0.289521,0.274886,0.258173,0.238660,0.214893,0.183008,0.118014
51300,0.374735,0.374333,0.373125,0.371108,0.368274,0.364612,0.360109,0.354742,0.348487,0.341308,0.333158,0.323975,0.313674,0.302136,0.289189,0.274576,0.257886,0.238399,0.214662,0.182808,0.117772
51360,0.374266,0.373865,0.372659,0.370645,0.367816,0.364161,0.359665,0.354307,0.348062,0.340895,0.332759,0.323590,0.313305,0.301785,0.288858,0.274266,0.257600,0.238140,0.214432,0.182609,0.117530
51420,0.373799,0.373398,0.372195,0.370184,0.367360,0.363711,0.359222,0.353874,0.347639,0.340483,0.332360,0.323207,0.312938,0.301435,0.288528,0.273958,0.257316,0.237881,0.214203,0.182411,0.117290
51480,0.373333,0.372933,0.371732,0.369725,0.366905,0.363262,0.358781,0.353441,0.347217,0.340073,0.331963,0.322824,0.312572,0.301087,0.288199,0.273651,0.257032,0.237624,0.213974,0.182214,0.117051
51540,0.372869,0.372470,0.371270,0.369267,0.366452,0.362815,0.358341,0.353011,0.346797,0.339664,0.331567,0.322443,0.312207,0.300740,0.287871,0.273345,0.256749,0.237368,0.213747,0.182018,0.116813
51600,0.372406,0.372008,0.370810,0.368810,0.366000,0.362369,0.357903,0.352581,0.346377,0.339257,0.331173,0.322063,0.311843,0.300394,0.287545,0.273039,0.256468,0.237112,0.213520,0.181822,0.116576
51660,0.371945,0.371547,0.370352,0.368355,0.365550,0.361925,0.357466,0.352153,0.345959,0.338850,0.330780,0.321684,0.311480,0.300049,0.287219,0.272735,0.256187,0.236857,0.213294,0.181628,0.116340
51720,0.371485,0.371088,0.369895,0.367901,0.365101,0.361482,0.357031,0.351726,0.345543,0.338446,0.330388,0.321307,0.311119,0.299705,0.286895,0.272432,0.255908,0.236604,0.213069,0.181434,0.116106
51780,0.371027,0.370631,0.369439,0.367449,0.364653,0.361041,0.356596,0.351301,0.345128,0.338042,0.329997,0.320931,0.310759,0.299362,0.286572,0.272130,0.255629,0.236351,0.212846,0.181241,0.115872
51840,0.370570,0.370174,0.368985,0.366998,0.364207,0.360600,0.356164,0.350877,0.344714,0.337640,0.329608,0.320556,0.310400,0.299021,0.286250,0.271829,0.255351,0.236099,0.212623,0.181050,0.115640
51900,0.370115,0.369720,0.368532,0.366549,0.363762,0.360162,0.355732,0.350454,0.344301,0.337239,0.329220,0.320182,0.310042,0.298681,0.285929,0.271530,0.255075,0.235848,0.212400,0.180859,0.115409
51960,0.369661,0.369266,0.368081,0.366101,0.363319,0.359724,0.355302,0.350033,0.343890,0.336839,0.328833,0.319810,0.309685,0.298342,0.285609,0.271231,0.254799,0.235598,0.212179,0.180668,0.115179
52020,0.369209,0.368815,0.367631,0.365655,0.362877,0.359289,0.354874,0.349613,0.343480,0.336440,0.328447,0.319438,0.309330,0.298004,0.285290,0.270933,0.254524,0.235349,0.211959,0.180479,0.114951
52080,0.368758,0.368364,0.367183,0.365209,0.362437,0.358854,0.354447,0.349195,0.343072,0.336043,0.328063,0.319068,0.308976,0.297667,0.284972,0.270636,0.254251,0.235101,0.211739,0.180291,0.114723
52140,0.368308,0.367915,0.366736,0.364766,0.361998,0.358421,0.354021,0.348777,0.342665,0.335647,0.327680,0.318699,0.308622,0.297331,0.284655,0.270340,0.253978,0.234854,0.211521,0.180103,0.114497
52200,0.367860,0.367468,0.366290,0.364323,0.361560,0.357989,0.353596,0.348362,0.342259,0.335253,0.327298,0.318332,0.308270,0.296996,0.284339,0.270045,0.253706,0.234608,0.211303,0.179917,0.114271
52260,0.367413,0.367022,0.365846,0.363883,0.361124,0.357559,0.353173,0.347947,0.341854,0.334859,0.326917,0.317965,0.307920,0.296663,0.284025,0.269752,0.253435,0.234362,0.211086,0.179731,0.114047
52320,0.366968,0.366577,0.365403,0.363443,0.360689,0.357130,0.352751,0.347534,0.341451,0.334467,0.326538,0.317600,0.307570,0.296330,0.283711,0.269459,0.253166,0.234118,0.210870,0.179546,0.113824
52380,0.366524,0.366134,0.364962,0.363005,0.360255,0.356702,0.352331,0.347122,0.341049,0.334076,0.326160,0.317236,0.307221,0.295999,0.283399,0.269167,0.252897,0.233874,0.210654,0.179362,0.113602
52440,0.366081,0.365692,0.364522,0.362568,0.359823,0.356276,0.351912,0.346711,0.340648,0.333687,0.325783,0.316873,0.306874,0.295669,0.283087,0.268876,0.252629,0.233632,0.210440,0.179178,0.113381
52500,0.365640,0.365251,0.364083,0.362133,0.359392,0.355851,0.351494,0.346302,0.340248,0.333299,0.325407,0.316511,0.306528,0.295339,0.282777,0.268586,0.252362,0.233390,0.210226,0.178996,0.113161
52560,0.365200,0.364812,0.363646,0.361699,0.358963,0.355427,0.351077,0.345894,0.339850,0.332912,0.325032,0.316151,0.306183,0.295011,0.282468,0.268298,0.252095,0.233149,0.210014,0.178814,0.112942
52620,0.364762,0.364374,0.363210,0.361266,0.358535,0.355005,0.350662,0.345487,0.339453,0.332526,0.324659,0.315791,0.305839,0.294684,0.282159,0.268010,0.251830,0.232909,0.209802,0.178633,0.112724
52680,0.364325,0.363938,0.362776,0.360835,0.358108,0.354584,0.350248,0.345082,0.339057,0.332141,0.324287,0.315433,0.305496,0.294358,0.281852,0.267723,0.251566,0.232670,0.209591,0.178453,0.112508
52740,0.363889,0.363503,0.362343,0.360405,0.357682,0.354164,0.349836,0.344677,0.338663,0.331758,0.323916,0.315076,0.305154,0.294033,0.281545,0.267437,0.251303,0.232431,0.209380,0.178274,0.112292
52800,0.363455,0.363069,0.361911,0.359977,0.357258,0.353746,0.349425,0.344274,0.338270,0.331375,0.323546,0.314720,0.304813,0.293710,0.281240,0.267152,0.251040,0.232194,0.209171,0.178095,0.112077
52860,0.363022,0.362637,0.361481,0.359549,0.356836,0.353329,0.349015,0.343873,0.337878,0.330995,0.323178,0.314365,0.304474,0.293387,0.280936,0.266868,0.250779,0.231957,0.208962,0.177917,0.111864
52920,0.362590,0.362206,0.361052,0.359123,0.356414,0.352913,0.348606,0.343472,0.337487,0.330615,0.322810,0.314011,0.304135,0.293065,0.280633,0.266585,0.250518,0.231721,0.208754,0.177740,0.111651
52980,0.362160,0.361776,0.360624,0.358699,0.355994,0.352499,0.348198,0.343073,0.337097,0.330236,0.322444,0.313659,0.303798,0.292744,0.280330,0.266303,0.250258,0.231486,0.208547,0.177564,0.111440
53040,0.361731,0.361348,0.360197,0.358276,0.355575,0.352086,0.347792,0.342676,0.336709,0.329859,0.322079,0.313308,0.303462,0.292425,0.280029,0.266022,0.249999,0.231252,0.208341,0.177389,0.111230
53100,0.361303,0.360921,0.359772,0.357854,0.355158,0.351674,0.347388,0.342279,0.336322,0.329483,0.321715,0.312957,0.303126,0.292106,0.279729,0.265742,0.249741,0.231019,0.208135,0.177214,0.111020
53160,0.360877,0.360495,0.359349,0.357433,0.354742,0.351263,0.346984,0.341884,0.335936,0.329108,0.321352,0.312608,0.302792,0.291789,0.279429,0.265463,0.249484,0.230787,0.207930,0.177040,0.110812
53220,0.360452,0.360071,0.358926,0.357014,0.354327,0.350854,0.346582,0.341489,0.335552,0.328734,0.320990,0.312260,0.302459,0.291472,0.279131,0.265184,0.249228,0.230555,0.207726,0.176867,0.110605
53280,0.360028,0.359648,0.358505,0.356596,0.353913,0.350446,0.346181,0.341097,0.335168,0.328361,0.320630,0.311913,0.302127,0.291157,0.278834,0.264907,0.248973,0.230324,0.207523,0.176695,0.110398
53340,0.359606,0.359226,0.358085,0.356179,0.353501,0.350039,0.345781,0.340705,0.334786,0.327990,0.320271,0.311567,0.301796,0.290842,0.278537,0.264630,0.248718,0.230094,0.207321,0.176523,0.110193
53400,0.359185,0.358806,0.357667,0.355764,0.353090,0.349634,0.345382,0.340315,0.334405,0.327620,0.319912,0.311222,0.301467,0.290529,0.278242,0.264355,0.248465,0.229865,0.207119,0.176352,0.109989
53460,0.358765,0.358387,0.357250,0.355350,0.352680,0.349230,0.344985,0.339925,0.334025,0.327251,0.319555,0.310879,0.301138,0.290216,0.277948,0.264080,0.248212,0.229637,0.206918,0.176182,0.109785
53520,0.358347,0.357969,0.356834,0.354937,0.352271,0.348827,0.344589,0.339537,0.333647,0.326883,0.319199,0.310536,0.300810,0.289905,0.277654,0.263807,0.247960,0.229409,0.206718,0.176013,0.109583
53580,0.357930,0.357553,0.356419,0.354525,0.351864,0.348425,0.344194,0.339151,0.333269,0.326516,0.318845,0.310195,0.300483,0.289595,0.277362,0.263534,0.247709,0.229182,0.206519,0.175844,0.109382
53640,0.357514,0.357137,0.356006,0.354115,0.351458,0.348025,0.343800,0.338765,0.332893,0.326150,0.318491,0.309854,0.300158,0.289285,0.277070,0.263262,0.247459,0.228956,0.206320,0.175676,0.109181
53700,0.357100,0.356724,0.355594,0.353706,0.351054,0.347626,0.343408,0.338381,0.332518,0.325786,0.318138,0.309515,0.299833,0.288977,0.276779,0.262991,0.247210,0.228731,0.206122,0.175509,0.108982
53760,0.356686,0.356311,0.355183,0.353298,0.350650,0.347228,0.343017,0.337997,0.332144,0.325422,0.317787,0.309177,0.299509,0.288669,0.276490,0.262721,0.246961,0.228507,0.205925,0.175342,0.108783
53820,0.356274,0.355900,0.354773,0.352892,0.350248,0.346831,0.342627,0.337615,0.331771,0.325060,0.317437,0.308840,0.299187,0.288363,0.276201,0.262452,0.246713,0.228283,0.205728,0.175176,0.108586
53880,0.355864,0.355489,0.354365,0.352487,0.349847,0.346436,0.342238,0.337235,0.331400,0.324699,0.317087,0.308504,0.298865,0.288057,0.275913,0.262183,0.246467,0.228060,0.205533,0.175011,0.108389
53940,0.355454,0.355081,0.353958,0.352083,0.349447,0.346041,0.341850,0.336855,0.331029,0.324339,0.316739,0.308168,0.298545,0.287753,0.275626,0.261916,0.246221,0.227838,0.205337,0.174847,0.108194
54000,0.355046,0.354673,0.353552,0.351680,0.349049,0.345648,0.341464,0.336477,0.330660,0.323980,0.316392,0.307834,0.298225,0.287449,0.275340,0.261649,0.245976,0.227617,0.205143,0.174683,0.107999
54060,0.354639,0.354267,0.353148,0.351278,0.348651,0.345256,0.341079,0.336099,0.330292,0.323622,0.316046,0.307501,0.297907,0.287147,0.275055,0.261384,0.245731,0.227397,0.204950,0.174520,0.107806
54120,0.354234,0.353862,0.352744,0.350878,0.348255,0.344866,0.340695,0.335723,0.329925,0.323266,0.315701,0.307170,0.297589,0.286845,0.274771,0.261119,0.245488,0.227177,0.204757,0.174357,0.107613
54180,0.353829,0.353458,0.352342,0.350479,0.347860,0.344476,0.340312,0.335348,0.329559,0.322910,0.315357,0.306839,0.297273,0.286544,0.274488,0.260855,0.245245,0.226958,0.204565,0.174196,0.107421
54240,0.353426,0.353055,0.351942,0.350081,0.347467,0.344088,0.339930,0.334974,0.329194,0.322556,0.315014,0.306509,0.296957,0.286245,0.274206,0.260592,0.245003,0.226740,0.204373,0.174034,0.107230
54300,0.353024,0.352654,0.351542,0.349685,0.347074,0.343701,0.339550,0.334602,0.328831,0.322203,0.314673,0.306180,0.296643,0.285946,0.273924,0.260329,0.244762,0.226522,0.204182,0.173874,0.107040
54360,0.352623,0.352254,0.351144,0.349289,0.346683,0.343315,0.339171,0.334230,0.328468,0.321850,0.314332,0.305852,0.296329,0.285648,0.273644,0.260068,0.244522,0.226305,0.203992,0.173714,0.106851
54420,0.352224,0.351855,0.350747,0.348895,0.346293,0.342930,0.338792,0.333860,0.328107,0.321499,0.313992,0.305525,0.296017,0.285351,0.273364,0.259807,0.244282,0.226089,0.203803,0.173555,0.106663
54480,0.351825,0.351457,0.350351,0.348502,0.345904,0.342547,0.338415,0.333491,0.327746,0.321149,0.313654,0.305200,0.295705,0.285055,0.273086,0.259548,0.244043,0.225874,0.203614,0.173397,0.106476
54540,0.351428,0.351060,0.349956,0.348110,0.345517,0.342165,0.338040,0.333122,0.327387,0.320800,0.313316,0.304875,0.295395,0.284760,0.272808,0.259289,0.243806,0.225660,0.203426,0.173239,0.106290
54600,0.351032,0.350665,0.349562,0.347720,0.345130,0.341783,0.337665,0.332755,0.327029,0.320452,0.312980,0.304551,0.295085,0.284466,0.272531,0.259031,0.243568,0.225446,0.203239,0.173082,0.106104
54660,0.350638,0.350271,0.349170,0.347330,0.344745,0.341403,0.337291,0.332390,0.326672,0.320105,0.312644,0.304229,0.294776,0.284173,0.272255,0.258774,0.243332,0.225233,0.203052,0.172926,0.105920
54720,0.350244,0.349878,0.348779,0.346942,0.344361,0.341024,0.336919,0.332025,0.326316,0.319760,0.312310,0.303907,0.294469,0.283881,0.271980,0.258517,0.243096,0.225020,0.202866,0.172770,0.105736
54780,0.349852,0.349486,0.348389,0.346555,0.343978,0.340647,0.336548,0.331661,0.325962,0.319415,0.311977,0.303586,0.294162,0.283590,0.271705,0.258262,0.242862,0.224809,0.202681,0.172615,0.105553
54840,0.349461,0.349096,0.348000,0.346169,0.343596,0.340270,0.336178,0.331299,0.325608,0.319071,0.311644,0.303266,0.293856,0.283299,0.271432,0.258007,0.242628,0.224598,0.202496,0.172460,0.105371
54900,0.349071,0.348707,0.347612,0.345784,0.343215,0.339895,0.335809,0.330937,0.325255,0.318729,0.311313,0.302948,0.293551,0.283010,0.271159,0.257753,0.242394,0.224388,0.202312,0.172306,0.105190
54960,0.348682,0.348318,0.347226,0.345401,0.342836,0.339521,0.335441,0.330577,0.324904,0.318387,0.310983,0.302630,0.293247,0.282721,0.270888,0.257500,0.242162,0.224178,0.202129,0.172153,0.105010
55020,0.348295,0.347931,0.346841,0.345018,0.342457,0.339147,0.335074,0.330218,0.324553,0.318047,0.310653,0.302313,0.292944,0.282434,0.270617,0.257248,0.241930,0.223969,0.201946,0.172000,0.104831
55080,0.347908,0.347546,0.346457,0.344637,0.342080,0.338775,0.334708,0.329860,0.324204,0.317707,0.310325,0.301997,0.292642,0.282147,0.270347,0.256996,0.241699,0.223761,0.201764,0.171848,0.104652
55140,0.347523,0.347161,0.346074,0.344257,0.341704,0.338404,0.334344,0.329503,0.323855,0.317369,0.309998,0.301682,0.292341,0.281861,0.270078,0.256745,0.241469,0.223554,0.201582,0.171696,0.104475
55200,0.347139,0.346777,0.345692,0.343878,0.341329,0.338035,0.333980,0.329147,0.323508,0.317031,0.309671,0.301368,0.292041,0.281576,0.269809,0.256495,0.241239,0.223347,0.201402,0.171546,0.104298
55260,0.346756,0.346395,0.345311,0.343500,0.340955,0.337666,0.333618,0.328792,0.323162,0.316695,0.309346,0.301055,0.291742,0.281292,0.269542,0.256246,0.241010,0.223141,0.201222,0.171395,0.104122
55320,0.346374,0.346014,0.344932,0.343124,0.340583,0.337298,0.333257,0.328438,0.322817,0.316360,0.309022,0.300744,0.291444,0.281009,0.269275,0.255998,0.240782,0.222936,0.201042,0.171246,0.103947
55380,0.345993,0.345634,0.344553,0.342748,0.340211,0.336932,0.332896,0.328085,0.322473,0.316025,0.308699,0.300433,0.291146,0.280726,0.269010,0.255750,0.240555,0.222731,0.200863,0.171097,0.103773
55440,0.345614,0.345255,0.344176,0.342374,0.339841,0.336567,0.332537,0.327733,0.322129,0.315692,0.308376,0.300122,0.290850,0.280445,0.268745,0.255504,0.240329,0.222527,0.200685,0.170948,0.103600
55500,0.345236,0.344877,0.343800,0.342000,0.339471,0.336202,0.332179,0.327383,0.321787,0.315360,0.308055,0.299813,0.290554,0.280164,0.268480,0.255258,0.240103,0.222324,0.200507,0.170800,0.103427
55560,0.344858,0.344500,0.343425,0.341628,0.339103,0.335839,0.331822,0.327033,0.321446,0.315028,0.307734,0.299505,0.290259,0.279884,0.268217,0.255013,0.239878,0.222121,0.200330,0.170653,0.103255
55620,0.344482,0.344125,0.343051,0.341257,0.338736,0.335477,0.331466,0.326685,0.321106,0.314698,0.307415,0.299198,0.289966,0.279606,0.267955,0.254768,0.239653,0.221919,0.200154,0.170506,0.103084
55680,0.344107,0.343750,0.342678,0.340887,0.338370,0.335116,0.331112,0.326337,0.320767,0.314369,0.307097,0.298892,0.289673,0.279328,0.267693,0.254524,0.239430,0.221718,0.199978,0.170360,0.102914
55740,0.343733,0.343377,0.342307,0.340518,0.338005,0.334756,0.330758,0.325991,0.320429,0.314040,0.306779,0.298586,0.289381,0.279050,0.267432,0.254282,0.239207,0.221517,0.199803,0.170214,0.102745
55800,0.343361,0.343005,0.341936,0.340151,0.337641,0.334397,0.330405,0.325645,0.320092,0.313713,0.306463,0.298282,0.289090,0.278774,0.267172,0.254039,0.238984,0.221317,0.199628,0.170069,0.102576
55860,0.342989,0.342634,0.341567,0.339784,0.337278,0.334040,0.330054,0.325301,0.319756,0.313387,0.306147,0.297978,0.288800,0.278499,0.266913,0.253798,0.238763,0.221118,0.199454,0.169925,0.102409
55920,0.342618,0.342264,0.341198,0.339418,0.336917,0.333683,0.329703,0.324958,0.319422,0.313061,0.305832,0.297676,0.288510,0.278224,0.266654,0.253557,0.238542,0.220919,0.199281,0.169781,0.102242
55980,0.342249,0.341895,0.340831,0.339054,0.336556,0.333327,0.329353,0.324615,0.319088,0.312737,0.305519,0.297374,0.288222,0.277950,0.266397,0.253318,0.238322,0.220721,0.199108,0.169638,0.102075
56040,0.341881,0.341527,0.340465,0.338691,0.336197,0.332973,0.329005,0.324274,0.318755,0.312413,0.305206,0.297073,0.287934,0.277677,0.266140,0.253078,0.238102,0.220524,0.198936,0.169495,0.101910
56100,0.341513,0.341160,0.340100,0.338328,0.335838,0.332619,0.328658,0.323934,0.318423,0.312091,0.304894,0.296773,0.287648,0.277405,0.265884,0.252840,0.237884,0.220327,0.198764,0.169353,0.101745
56160,0.341147,0.340795,0.339736,0.337967,0.335481,0.332267,0.328311,0.323595,0.318092,0.311769,0.304583,0.296474,0.287362,0.277134,0.265628,0.252602,0.237666,0.220131,0.198593,0.169211,0.101582
56220,0.340782,0.340430,0.339373,0.337607,0.335124,0.331915,0.327966,0.323256,0.317762,0.311449,0.304273,0.296176,0.287077,0.276863,0.265374,0.252365,0.237448,0.219936,0.198423,0.169070,0.101419
56280,0.340418,0.340067,0.339011,0.337248,0.334769,0.331565,0.327621,0.322919,0.317433,0.311129,0.303964,0.295879,0.286793,0.276594,0.265120,0.252129,0.237232,0.219741,0.198253,0.168929,0.101256
56340,0.340055,0.339704,0.338651,0.336890,0.334415,0.331216,0.327278,0.322583,0.317105,0.310811,0.303656,0.295583,0.286509,0.276325,0.264867,0.251894,0.237016,0.219547,0.198084,0.168789,0.101095
56400,0.339693,0.339343,0.338291,0.336533,0.334062,0.330867,0.326936,0.322248,0.316778,0.310493,0.303349,0.295287,0.286227,0.276057,0.264615,0.251659,0.236800,0.219353,0.197915,0.168649,0.100934
56460,0.339333,0.338983,0.337932,0.336177,0.333709,0.330520,0.326594,0.321913,0.316452,0.310176,0.303043,0.294993,0.285945,0.275789,0.264363,0.251425,0.236586,0.219160,0.197747,0.168510,0.100774
56520,0.338973,0.338624,0.337575,0.335822,0.333358,0.330174,0.326254,0.321580,0.316127,0.309860,0.302738,0.294699,0.285665,0.275523,0.264113,0.251192,0.236372,0.218968,0.197579,0.168372,0.100615
56580,0.338614,0.338266,0.337218,0.335468,0.333008,0.329828,0.325915,0.321248,0.315802,0.309546,0.302433,0.294406,0.285385,0.275257,0.263863,0.250959,0.236158,0.218776,0.197412,0.168234,0.100456
56640,0.338257,0.337908,0.336863,0.335115,0.332659,0.329484,0.325576,0.320916,0.315479,0.309232,0.302130,0.294114,0.285106,0.274993,0.263614,0.250727,0.235946,0.218585,0.197246,0.168096,0.100298
56700,0.337900,0.337552,0.336508,0.334763,0.332311,0.329141,0.325239,0.320586,0.315157,0.308919,0.301827,0.293823,0.284828,0.274729,0.263365,0.250496,0.235734,0.218394,0.197080,0.167959,0.100141
56760,0.337544,0.337197,0.336155,0.334413,0.331964,0.328799,0.324903,0.320257,0.314836,0.308607,0.301525,0.293533,0.284550,0.274465,0.263118,0.250266,0.235522,0.218204,0.196915,0.167823,0.099985
56820,0.337190,0.336843,0.335802,0.334063,0.331618,0.328458,0.324567,0.319928,0.314515,0.308295,0.301224,0.293244,0.284274,0.274203,0.262871,0.250036,0.235312,0.218015,0.196750,0.167687,0.099829
56880,0.336837,0.336491,0.335451,0.333714,0.331273,0.328117,0.324233,0.319601,0.314196,0.307985,0.300925,0.292955,0.283998,0.273941,0.262625,0.249807,0.235102,0.217826,0.196586,0.167552,0.099674
56940,0.336484,0.336139,0.335101,0.333367,0.330929,0.327778,0.323900,0.319274,0.313877,0.307676,0.300625,0.292668,0.283723,0.273680,0.262379,0.249579,0.234892,0.217638,0.196422,0.167417,0.099520
57000,0.336133,0.335788,0.334751,0.333020,0.330586,0.327440,0.323567,0.318949,0.313560,0.307367,0.300327,0.292381,0.283449,0.273420,0.262135,0.249351,0.234683,0.217451,0.196259,0.167282,0.099367
57060,0.335782,0.335438,0.334403,0.332674,0.330244,0.327103,0.323236,0.318624,0.313243,0.307060,0.300030,0.292095,0.283176,0.273161,0.261891,0.249124,0.234475,0.217264,0.196096,0.167148,0.099214
57120,0.335433,0.335089,0.334056,0.332330,0.329903,0.326766,0.322905,0.318301,0.312928,0.306753,0.299734,0.291810,0.282903,0.272902,0.261647,0.248898,0.234268,0.217078,0.195934,0.167015,0.099062
57180,0.335085,0.334741,0.333710,0.331986,0.329563,0.326431,0.322576,0.317978,0.312613,0.306447,0.299438,0.291526,0.282632,0.272645,0.261405,0.248672,0.234061,0.216892,0.195772,0.166882,0.098911
57240,0.334737,0.334394,0.333364,0.331643,0.329224,0.326097,0.322247,0.317656,0.312299,0.306143,0.299143,0.291242,0.282361,0.272388,0.261163,0.248447,0.233855,0.216707,0.195611,0.166750,0.098760
57300,0.334391,0.334049,0.333020,0.331302,0.328886,0.325764,0.321920,0.317335,0.311986,0.305839,0.298850,0.290960,0.282091,0.272131,0.260922,0.248223,0.233649,0.216522,0.195451,0.166618,0.098610
57360,0.334046,0.333704,0.332677,0.330961,0.328549,0.325431,0.321593,0.317016,0.311674,0.305536,0.298557,0.290678,0.281822,0.271876,0.260682,0.248000,0.233444,0.216338,0.195291,0.166486,0.098461
57420,0.333701,0.333360,0.332335,0.330621,0.328213,0.325100,0.321267,0.316697,0.311363,0.305234,0.298264,0.290397,0.281553,0.271621,0.260442,0.247777,0.233240,0.216155,0.195131,0.166355,0.098312
57480,0.333358,0.333017,0.331993,0.330283,0.327878,0.324769,0.320942,0.316379,0.311053,0.304932,0.297973,0.290117,0.281285,0.271367,0.260203,0.247554,0.233036,0.215972,0.194972,0.166225,0.098164
57540,0.333016,0.332676,0.331653,0.329945,0.327544,0.324440,0.320619,0.316062,0.310744,0.304632,0.297683,0.289838,0.281018,0.271114,0.259965,0.247333,0.232833,0.215790,0.194814,0.166094,0.098017
57600,0.332675,0.332335,0.331314,0.329608,0.327211,0.324111,0.320296,0.315745,0.310435,0.304332,0.297393,0.289560,0.280752,0.270861,0.259728,0.247112,0.232631,0.215608,0.194656,0.165965,0.097870
57660,0.332334,0.331995,0.330976,0.329272,0.326879,0.323784,0.319974,0.315430,0.310128,0.304034,0.297104,0.289282,0.280487,0.270610,0.259491,0.246892,0.232429,0.215427,0.194499,0.165836,0.097725
57720,0.331995,0.331656,0.330638,0.328938,0.326547,0.323457,0.319653,0.315116,0.309821,0.303736,0.296817,0.289005,0.280222,0.270359,0.259255,0.246672,0.232228,0.215246,0.194342,0.165707,0.097579
57780,0.331656,0.331318,0.330302,0.328604,0.326217,0.323131,0.319333,0.314802,0.309515,0.303439,0.296530,0.288729,0.279959,0.270108,0.259019,0.246453,0.232027,0.215066,0.194185,0.165579,0.097435
57840,0.331319,0.330981,0.329967,0.328271,0.325888,0.322807,0.319014,0.314490,0.309211,0.303143,0.296243,0.288454,0.279696,0.269859,0.258785,0.246235,0.231827,0.214887,0.194030,0.165451,0.097291
57900,0.330983,0.330645,0.329632,0.327939,0.325559,0.322483,0.318695,0.314178,0.308907,0.302848,0.295958,0.288179,0.279433,0.269610,0.258551,0.246017,0.231628,0.214708,0.193874,0.165324,0.097148
57960,0.330647,0.330310,0.329299,0.327608,0.325232,0.322160,0.318378,0.313868,0.308604,0.302553,0.295673,0.287906,0.279172,0.269362,0.258317,0.245800,0.231429,0.214529,0.193719,0.165197,0.097005
58020,0.330313,0.329976,0.328966,0.327278,0.324905,0.321838,0.318062,0.313558,0.308301,0.302260,0.295390,0.287633,0.278911,0.269114,0.258085,0.245584,0.231231,0.214351,0.193565,0.165070,0.096863
58080,0.329979,0.329643,0.328635,0.326949,0.324580,0.321517,0.317746,0.313249,0.308000,0.301967,0.295107,0.287361,0.278651,0.268868,0.257853,0.245368,0.231033,0.214174,0.193411,0.164945,0.096722
58140,0.329646,0.329311,0.328304,0.326621,0.324255,0.321197,0.317432,0.312941,0.307699,0.301675,0.294825,0.287090,0.278392,0.268622,0.257622,0.245153,0.230836,0.213997,0.193258,0.164819,0.096581
58200,0.329315,0.328980,0.327974,0.326294,0.323932,0.320878,0.317118,0.312634,0.307400,0.301384,0.294543,0.286819,0.278134,0.268377,0.257391,0.244939,0.230640,0.213821,0.193105,0.164694,0.096441
58260,0.328984,0.328650,0.327646,0.325968,0.323609,0.320559,0.316805,0.312327,0.307101,0.301094,0.294263,0.286550,0.277876,0.268132,0.257161,0.244725,0.230444,0.213645,0.192952,0.164569,0.096302
58320,0.328654,0.328320,0.327318,0.325642,0.323287,0.320242,0.316493,0.312022,0.306803,0.300805,0.293983,0.286281,0.277619,0.267888,0.256932,0.244512,0.230248,0.213470,0.192800,0.164445,0.096163
58380,0.328325,0.327992,0.326991,0.325318,0.322966,0.319925,0.316182,0.311717,0.306506,0.300516,0.293704,0.286012,0.277363,0.267645,0.256703,0.244299,0.230054,0.213296,0.192649,0.164321,0.096025
58440,0.327997,0.327665,0.326665,0.324994,0.322646,0.319610,0.315872,0.311414,0.306210,0.300228,0.293426,0.285745,0.277107,0.267403,0.256475,0.244088,0.229860,0.213122,0.192498,0.164198,0.095887
58500,0.327671,0.327338,0.326340,0.324672,0.322327,0.319295,0.315563,0.311111,0.305915,0.299942,0.293149,0.285478,0.276852,0.267161,0.256248,0.243876,0.229666,0.212948,0.192347,0.164075,0.095751
58560,0.327344,0.327013,0.326016,0.324350,0.322009,0.318981,0.315254,0.310809,0.305620,0.299656,0.292872,0.285213,0.276598,0.266920,0.256021,0.243666,0.229473,0.212775,0.192197,0.163953,0.095614
58620,0.327019,0.326688,0.325693,0.324029,0.321691,0.318668,0.314947,0.310508,0.305326,0.299370,0.292597,0.284948,0.276345,0.266680,0.255795,0.243455,0.229281,0.212602,0.192047,0.163830,0.095479
58680,0.326695,0.326364,0.325370,0.323710,0.321375,0.318356,0.314640,0.310207,0.305034,0.299086,0.292322,0.284683,0.276092,0.266440,0.255570,0.243246,0.229089,0.212430,0.191898,0.163709,0.095344
58740,0.326372,0.326042,0.325049,0.323391,0.321059,0.318045,0.314334,0.309908,0.304742,0.298802,0.292048,0.284420,0.275840,0.266201,0.255346,0.243037,0.228898,0.212259,0.191750,0.163588,0.095209
58800,0.326050,0.325720,0.324729,0.323073,0.320745,0.317735,0.314030,0.309609,0.304450,0.298520,0.291774,0.284157,0.275589,0.265963,0.255122,0.242829,0.228707,0.212088,0.191601,0.163467,0.095075
58860,0.325728,0.325399,0.324409,0.322756,0.320431,0.317426,0.313726,0.309312,0.304160,0.298238,0.291502,0.283895,0.275339,0.265726,0.254898,0.242621,0.228517,0.211917,0.191454,0.163346,0.094942
58920,0.325408,0.325079,0.324091,0.322439,0.320118,0.317117,0.313422,0.309015,0.303870,0.297956,0.291230,0.283633,0.275089,0.265489,0.254675,0.242414,0.228327,0.211747,0.191306,0.163226,0.094809
58980,0.325088,0.324759,0.323773,0.322124,0.319806,0.316810,0.313120,0.308719,0.303582,0.297676,0.290959,0.283373,0.274840,0.265252,0.254453,0.242208,0.228138,0.211578,0.191160,0.163107,0.094677
59040,0.324769,0.324441,0.323456,0.321810,0.319495,0.316503,0.312819,0.308424,0.303294,0.297396,0.290688,0.283113,0.274592,0.265017,0.254232,0.242002,0.227949,0.211409,0.191013,0.162988,0.094546
59100,0.324451,0.324124,0.323140,0.321496,0.319185,0.316197,0.312518,0.308129,0.303007,0.297117,0.290419,0.282854,0.274344,0.264782,0.254011,0.241797,0.227762,0.211241,0.190867,0.162869,0.094415
59160,0.324134,0.323807,0.322825,0.321183,0.318876,0.315892,0.312218,0.307836,0.302720,0.296839,0.290150,0.282595,0.274097,0.264548,0.253791,0.241592,0.227574,0.211073,0.190722,0.162750,0.094285
59220,0.323818,0.323492,0.322511,0.320872,0.318567,0.315588,0.311919,0.307543,0.302435,0.296562,0.289882,0.282338,0.273851,0.264314,0.253571,0.241388,0.227387,0.210905,0.190577,0.162633,0.094155
59280,0.323503,0.323177,0.322197,0.320561,0.318260,0.315284,0.311621,0.307251,0.302150,0.296286,0.289615,0.282081,0.273606,0.264081,0.253353,0.241184,0.227201,0.210738,0.190432,0.162515,0.094026
59340,0.323189,0.322863,0.321885,0.320251,0.317953,0.314982,0.311324,0.306960,0.301866,0.296010,0.289348,0.281825,0.273361,0.263849,0.253134,0.240982,0.227015,0.210572,0.190288,0.162398,0.093897
59400,0.322875,0.322550,0.321574,0.319941,0.317647,0.314680,0.311027,0.306670,0.301583,0.295735,0.289083,0.281569,0.273117,0.263618,0.252917,0.240779,0.226830,0.210406,0.190144,0.162281,0.093769
59460,0.322563,0.322238,0.321263,0.319633,0.317342,0.314379,0.310732,0.306380,0.301301,0.295461,0.288818,0.281314,0.272873,0.263387,0.252700,0.240577,0.226645,0.210240,0.190001,0.162165,0.093642
59520,0.322251,0.321927,0.320953,0.319326,0.317038,0.314080,0.310437,0.306092,0.301019,0.295187,0.288553,0.281060,0.272631,0.263157,0.252483,0.240376,0.226461,0.210075,0.189858,0.162049,0.093515
59580,0.321940,0.321617,0.320644,0.319019,0.316734,0.313780,0.310143,0.305804,0.300739,0.294915,0.288290,0.280807,0.272389,0.262927,0.252267,0.240176,0.226277,0.209911,0.189716,0.161933,0.093388
59640,0.321630,0.321307,0.320336,0.318713,0.316432,0.313482,0.309850,0.305517,0.300459,0.294643,0.288027,0.280554,0.272147,0.262698,0.252052,0.239976,0.226094,0.209747,0.189574,0.161818,0.093263
59700,0.321321,0.320998,0.320029,0.318408,0.316130,0.313185,0.309558,0.305231,0.300180,0.294372,0.287765,0.280302,0.271906,0.262470,0.251837,0.239776,0.225912,0.209583,0.189432,0.161703,0.093137
59760,0.321013,0.320691,0.319722,0.318104,0.315829,0.312888,0.309266,0.304945,0.299901,0.294102,0.287504,0.280051,0.271666,0.262242,0.251623,0.239577,0.225729,0.209420,0.189291,0.161588,0.093013
59820,0.320706,0.320384,0.319417,0.317801,0.315529,0.312592,0.308975,0.304661,0.299624,0.293832,0.287243,0.279801,0.271427,0.262015,0.251410,0.239379,0.225548,0.209257,0.189150,0.161474,0.092889
59880,0.320399,0.320078,0.319112,0.317499,0.315230,0.312297,0.308686,0.304377,0.299347,0.293563,0.286983,0.279551,0.271188,0.261789,0.251197,0.239181,0.225367,0.209095,0.189010,0.161360,0.092765
59940,0.320094,0.319773,0.318808,0.317197,0.314932,0.312003,0.308396,0.304094,0.299071,0.293295,0.286724,0.279302,0.270950,0.261563,0.250985,0.238984,0.225186,0.208933,0.188870,0.161247,0.092642
60000,0.319789,0.319468,0.318505,0.316896,0.314635,0.311710,0.308108,0.303812,0.298795,0.293028,0.286466,0.279053,0.270713,0.261338,0.250773,0.238787,0.225006,0.208772,0.188731,0.161134,0.092520
60060,0.319485,0.319165,0.318203,0.316597,0.314338,0.311417,0.307821,0.303530,0.298521,0.292761,0.286208,0.278805,0.270476,0.261113,0.250562,0.238591,0.224827,0.208611,0.188592,0.161021,0.092398
60120,0.319182,0.318862,0.317902,0.316298,0.314042,0.311125,0.307534,0.303249,0.298247,0.292495,0.285951,0.278558,0.270240,0.260889,0.250352,0.238395,0.224648,0.208451,0.188453,0.160909,0.092276
60180,0.318879,0.318560,0.317601,0.315999,0.313747,0.310834,0.307248,0.302969,0.297974,0.292230,0.285695,0.278312,0.270005,0.260666,0.250142,0.238200,0.224469,0.208291,0.188315,0.160797,0.092155
60240,0.318578,0.318259,0.317302,0.315702,0.313453,0.310544,0.306963,0.302690,0.297702,0.291965,0.285439,0.278066,0.269770,0.260443,0.249933,0.238006,0.224291,0.208132,0.188177,0.160686,0.092035
60300,0.318277,0.317959,0.317003,0.315405,0.313159,0.310255,0.306679,0.302412,0.297430,0.291702,0.285184,0.277821,0.269536,0.260221,0.249724,0.237812,0.224114,0.207973,0.188039,0.160574,0.091915
60360,0.317977,0.317660,0.316705,0.315110,0.312867,0.309966,0.306395,0.302134,0.297159,0.291439,0.284930,0.277577,0.269302,0.260000,0.249516,0.237619,0.223937,0.207815,0.187902,0.160464,0.091796
60420,0.317678,0.317361,0.316408,0.314815,0.312575,0.309679,0.306112,0.301857,0.296889,0.291177,0.284677,0.277333,0.269070,0.259779,0.249308,0.237426,0.223760,0.207657,0.187766,0.160353,0.091677
60480,0.317380,0.317063,0.316111,0.314520,0.312284,0.309392,0.305830,0.301581,0.296620,0.290915,0.284424,0.277090,0.268837,0.259559,0.249101,0.237233,0.223584,0.207499,0.187630,0.160243,0.091558
60540,0.317083,0.316766,0.315816,0.314227,0.311994,0.309106,0.305549,0.301306,0.296351,0.290654,0.284172,0.276848,0.268606,0.259339,0.248895,0.237042,0.223409,0.207342,0.187494,0.160133,0.091441
60600,0.316786,0.316470,0.315521,0.313935,0.311704,0.308820,0.305269,0.301031,0.296084,0.290394,0.283920,0.276606,0.268375,0.259120,0.248689,0.236850,0.223234,0.207185,0.187358,0.160024,0.091323
60660,0.316490,0.316175,0.315227,0.313643,0.311416,0.308536,0.304989,0.300757,0.295817,0.290135,0.283670,0.276365,0.268145,0.258902,0.248484,0.236660,0.223059,0.207029,0.187223,0.159915,0.091207
60720,0.316196,0.315880,0.314934,0.313352,0.311128,0.308252,0.304710,0.300484,0.295550,0.289876,0.283420,0.276125,0.267915,0.258684,0.248279,0.236470,0.222885,0.206873,0.187089,0.159806,0.091090
60780,0.315901,0.315587,0.314641,0.313062,0.310841,0.307969,0.304432,0.300212,0.295285,0.289618,0.283170,0.275885,0.267686,0.258467,0.248075,0.236280,0.222712,0.206718,0.186955,0.159697,0.090974
60840,0.315608,0.315294,0.314350,0.312772,0.310554,0.307686,0.304154,0.299940,0.295020,0.289361,0.282922,0.275646,0.267458,0.258250,0.247871,0.236091,0.222539,0.206563,0.186821,0.159589,0.090859
60900,0.315316,0.315002,0.314059,0.312484,0.310269,0.307405,0.303878,0.299669,0.294755,0.289104,0.282674,0.275408,0.267230,0.258034,0.247668,0.235902,0.222366,0.206408,0.186687,0.159482,0.090744
60960,0.315024,0.314710,0.313769,0.312196,0.309984,0.307124,0.303602,0.299399,0.294492,0.288848,0.282426,0.275170,0.267003,0.257819,0.247466,0.235714,0.222194,0.206254,0.186554,0.159374,0.090630
61020,0.314733,0.314420,0.313480,0.311909,0.309700,0.306844,0.303327,0.299130,0.294229,0.288593,0.282180,0.274933,0.266776,0.257604,0.247264,0.235526,0.222022,0.206101,0.186422,0.159267,0.090516
61080,0.314443,0.314130,0.313192,0.311623,0.309417,0.306565,0.303052,0.298861,0.293967,0.288339,0.281934,0.274696,0.266550,0.257390,0.247063,0.235339,0.221851,0.205947,0.186289,0.159161,0.090403
61140,0.314153,0.313841,0.312904,0.311337,0.309135,0.306286,0.302779,0.298593,0.293706,0.288085,0.281688,0.274461,0.266325,0.257176,0.246862,0.235153,0.221680,0.205795,0.186157,0.159054,0.090290
61200,0.313865,0.313553,0.312617,0.311053,0.308853,0.306009,0.302506,0.298326,0.293445,0.287832,0.281444,0.274225,0.266100,0.256963,0.246662,0.234967,0.221510,0.205642,0.186026,0.158948,0.090178
61260,0.313577,0.313266,0.312331,0.310769,0.308572,0.305732,0.302234,0.298059,0.293185,0.287579,0.281200,0.273991,0.265876,0.256751,0.246462,0.234781,0.221340,0.205490,0.185895,0.158842,0.090066
61320,0.313290,0.312979,0.312046,0.310486,0.308292,0.305455,0.301962,0.297794,0.292926,0.287328,0.280957,0.273757,0.265653,0.256539,0.246263,0.234596,0.221171,0.205339,0.185764,0.158737,0.089954
61380,0.313004,0.312693,0.311761,0.310203,0.308013,0.305180,0.301691,0.297529,0.292667,0.287076,0.280714,0.273524,0.265430,0.256327,0.246064,0.234411,0.221002,0.205188,0.185633,0.158632,0.089843
61440,0.312718,0.312408,0.311477,0.309922,0.307734,0.304905,0.301421,0.297264,0.292410,0.286826,0.280472,0.273291,0.265208,0.256117,0.245866,0.234227,0.220834,0.205037,0.185503,0.158527,0.089733
61500,0.312433,0.312124,0.311194,0.309641,0.307456,0.304631,0.301152,0.297000,0.292152,0.286576,0.280231,0.273059,0.264986,0.255906,0.245669,0.234044,0.220666,0.204887,0.185374,0.158423,0.089623
61560,0.312149,0.311840,0.310912,0.309361,0.307179,0.304358,0.300884,0.296738,0.291896,0.286327,0.279990,0.272828,0.264765,0.255697,0.245472,0.233861,0.220498,0.204737,0.185244,0.158319,0.089513
61620,0.311866,0.311558,0.310631,0.309081,0.306903,0.304085,0.300616,0.296475,0.291640,0.286079,0.279750,0.272597,0.264544,0.255488,0.245275,0.233678,0.220331,0.204588,0.185115,0.158215,0.089404
61680,0.311584,0.311276,0.310350,0.308803,0.306627,0.303814,0.300349,0.296214,0.291385,0.285831,0.279510,0.272367,0.264325,0.255279,0.245079,0.233496,0.220165,0.204439,0.184987,0.158111,0.089296
61740,0.311302,0.310994,0.310070,0.308525,0.306352,0.303543,0.300082,0.295953,0.291131,0.285584,0.279272,0.272137,0.264105,0.255071,0.244884,0.233315,0.219999,0.204290,0.184859,0.158008,0.089187
61800,0.311021,0.310714,0.309791,0.308248,0.306078,0.303272,0.299817,0.295693,0.290877,0.285338,0.279033,0.271908,0.263887,0.254864,0.244689,0.233134,0.219833,0.204142,0.184731,0.157905,0.089080
61860,0.310741,0.310434,0.309512,0.307971,0.305805,0.303003,0.299552,0.295433,0.290624,0.285092,0.278796,0.271680,0.263668,0.254657,0.244494,0.232953,0.219668,0.203994,0.184603,0.157803,0.088972
61920,0.310462,0.310155,0.309234,0.307696,0.305532,0.302734,0.299287,0.295175,0.290372,0.284847,0.278559,0.271452,0.263451,0.254451,0.244300,0.232773,0.219503,0.203847,0.184476,0.157701,0.088866
61980,0.310183,0.309877,0.308957,0.307421,0.305260,0.302465,0.299024,0.294917,0.290120,0.284603,0.278323,0.271225,0.263234,0.254245,0.244107,0.232593,0.219339,0.203700,0.184349,0.157599,0.088759
62040,0.309905,0.309599,0.308681,0.307146,0.304989,0.302198,0.298761,0.294659,0.289869,0.284359,0.278087,0.270998,0.263018,0.254040,0.243914,0.232414,0.219175,0.203553,0.184223,0.157497,0.088653
62100,0.309628,0.309323,0.308406,0.306873,0.304718,0.301931,0.298499,0.294402,0.289619,0.284116,0.277852,0.270773,0.262802,0.253835,0.243722,0.232235,0.219012,0.203407,0.184097,0.157396,0.088548
62160,0.309351,0.309047,0.308131,0.306600,0.304448,0.301665,0.298237,0.294146,0.289369,0.283873,0.277618,0.270547,0.262587,0.253631,0.243530,0.232057,0.218849,0.203261,0.183971,0.157295,0.088443
62220,0.309076,0.308771,0.307857,0.306328,0.304179,0.301400,0.297976,0.293891,0.289120,0.283631,0.277384,0.270323,0.262372,0.253427,0.243339,0.231880,0.218686,0.203116,0.183846,0.157194,0.088338
62280,0.308801,0.308497,0.307583,0.306057,0.303911,0.301135,0.297716,0.293636,0.288871,0.283390,0.277151,0.270098,0.262158,0.253224,0.243148,0.231702,0.218524,0.202971,0.183720,0.157094,0.088234
62340,0.308526,0.308223,0.307311,0.305786,0.303643,0.300871,0.297457,0.293382,0.288624,0.283150,0.276918,0.269875,0.261944,0.253022,0.242958,0.231526,0.218362,0.202826,0.183596,0.156993,0.088130
62400,0.308253,0.307950,0.307039,0.305517,0.303376,0.300608,0.297198,0.293129,0.288377,0.282910,0.276687,0.269652,0.261731,0.252820,0.242768,0.231349,0.218201,0.202682,0.183471,0.156894,0.088027
62460,0.307980,0.307677,0.306768,0.305247,0.303110,0.300345,0.296940,0.292877,0.288130,0.282670,0.276455,0.269430,0.261519,0.252619,0.242579,0.231173,0.218040,0.202538,0.183347,0.156794,0.087924
62520,0.307708,0.307406,0.306497,0.304979,0.302844,0.300084,0.296683,0.292625,0.287885,0.282432,0.276225,0.269208,0.261307,0.252418,0.242390,0.230998,0.217880,0.202395,0.183224,0.156695,0.087822
62580,0.307437,0.307135,0.306227,0.304711,0.302580,0.299822,0.296426,0.292373,0.287639,0.282194,0.275995,0.268987,0.261096,0.252217,0.242202,0.230823,0.217720,0.202252,0.183100,0.156596,0.087720
62640,0.307166,0.306864,0.305958,0.304444,0.302315,0.299562,0.296170,0.292123,0.287395,0.281956,0.275765,0.268766,0.260885,0.252017,0.242014,0.230649,0.217560,0.202109,0.182977,0.156497,0.087618
62700,0.306896,0.306595,0.305690,0.304178,0.302052,0.299302,0.295915,0.291873,0.287151,0.281719,0.275536,0.268546,0.260675,0.251818,0.241826,0.230475,0.217401,0.201967,0.182855,0.156399,0.087517
62760,0.306627,0.306326,0.305422,0.303912,0.301789,0.299043,0.295660,0.291623,0.286908,0.281483,0.275308,0.268327,0.260465,0.251619,0.241640,0.230301,0.217242,0.201825,0.182732,0.156301,0.087416
62820,0.306358,0.306058,0.305155,0.303647,0.301527,0.298784,0.295406,0.291375,0.286665,0.281248,0.275080,0.268108,0.260256,0.251421,0.241453,0.230128,0.217084,0.201683,0.182610,0.156203,0.087316
62880,0.306090,0.305790,0.304889,0.303383,0.301266,0.298527,0.295153,0.291127,0.286424,0.281013,0.274853,0.267890,0.260048,0.251223,0.241268,0.229955,0.216926,0.201542,0.182489,0.156105,0.087216
62940,0.305823,0.305524,0.304624,0.303120,0.301005,0.298270,0.294900,0.290879,0.286182,0.280778,0.274627,0.267672,0.259840,0.251026,0.241082,0.229783,0.216769,0.201401,0.182367,0.156008,0.087116
63000,0.305557,0.305258,0.304359,0.302857,0.300745,0.298013,0.294648,0.290632,0.285942,0.280545,0.274401,0.267455,0.259632,0.250829,0.240897,0.229612,0.216612,0.201261,0.182246,0.155911,0.087017
63060,0.305291,0.304992,0.304095,0.302595,0.300486,0.297757,0.294397,0.290386,0.285702,0.280312,0.274176,0.267238,0.259425,0.250633,0.240713,0.229440,0.216455,0.201121,0.182126,0.155815,0.086918
63120,0.305026,0.304728,0.303831,0.302333,0.300227,0.297502,0.294146,0.290141,0.285462,0.280079,0.273951,0.267022,0.259219,0.250437,0.240529,0.229269,0.216299,0.200981,0.182005,0.155718,0.086820
63180,0.304762,0.304464,0.303569,0.302072,0.299969,0.297248,0.293896,0.289896,0.285223,0.279847,0.273727,0.266807,0.259013,0.250242,0.240346,0.229099,0.216143,0.200842,0.181885,0.155622,0.086722
63240,0.304498,0.304200,0.303306,0.301812,0.299712,0.296994,0.293647,0.289652,0.284985,0.279616,0.273503,0.266592,0.258808,0.250048,0.240163,0.228929,0.215988,0.200703,0.181766,0.155526,0.086625
63300,0.304235,0.303938,0.303045,0.301553,0.299455,0.296741,0.293398,0.289408,0.284748,0.279385,0.273280,0.266377,0.258603,0.249853,0.239980,0.228760,0.215833,0.200565,0.181646,0.155431,0.086528
63360,0.303973,0.303676,0.302784,0.301294,0.299199,0.296489,0.293150,0.289165,0.284511,0.279155,0.273058,0.266164,0.258399,0.249660,0.239798,0.228591,0.215678,0.200426,0.181527,0.155335,0.086431
63420,0.303711,0.303415,0.302524,0.301036,0.298944,0.296237,0.292903,0.288923,0.284274,0.278926,0.272836,0.265950,0.258195,0.249467,0.239617,0.228422,0.215524,0.200288,0.181408,0.155240,0.086334
63480,0.303450,0.303154,0.302265,0.300779,0.298689,0.295986,0.292656,0.288681,0.284039,0.278697,0.272615,0.265738,0.257992,0.249274,0.239436,0.228254,0.215370,0.200151,0.181290,0.155146,0.086239
63540,0.303190,0.302894,0.302006,0.300522,0.298435,0.295735,0.292410,0.288440,0.283804,0.278469,0.272394,0.265526,0.257789,0.249082,0.239255,0.228086,0.215217,0.200014,0.181172,0.155051,0.086143
63600,0.302930,0.302635,0.301748,0.300266,0.298181,0.295485,0.292164,0.288200,0.283569,0.278241,0.272174,0.265314,0.257587,0.248890,0.239075,0.227919,0.215064,0.199877,0.181054,0.154957,0.086048
63660,0.302671,0.302376,0.301491,0.300010,0.297929,0.295236,0.291919,0.287960,0.283335,0.278014,0.271955,0.265103,0.257385,0.248699,0.238895,0.227752,0.214911,0.199741,0.180936,0.154863,0.085953
63720,0.302413,0.302119,0.301234,0.299756,0.297677,0.294988,0.291675,0.287721,0.283102,0.277787,0.271736,0.264893,0.257184,0.248508,0.238716,0.227585,0.214759,0.199605,0.180819,0.154769,0.085859
63780,0.302155,0.301861,0.300978,0.299502,0.297425,0.294740,0.291431,0.287483,0.282869,0.277561,0.271517,0.264683,0.256984,0.248318,0.238537,0.227419,0.214607,0.199469,0.180702,0.154676,0.085765
63840,0.301899,0.301605,0.300723,0.299248,0.297175,0.294493,0.291188,0.287245,0.282637,0.277336,0.271299,0.264473,0.256784,0.248128,0.238359,0.227254,0.214456,0.199334,0.180586,0.154583,0.085671
63900,0.301642,0.301349,0.300468,0.298995,0.296924,0.294246,0.290946,0.287007,0.282406,0.277111,0.271082,0.264264,0.256584,0.247939,0.238181,0.227089,0.214305,0.199199,0.180470,0.154490,0.085578
63960,0.301387,0.301094,0.300214,0.298743,0.296675,0.294000,0.290704,0.286771,0.282175,0.276887,0.270865,0.264056,0.256385,0.247750,0.238004,0.226924,0.214154,0.199064,0.180354,0.154397,0.085485
64020,0.301132,0.300839,0.299960,0.298492,0.296426,0.293754,0.290463,0.286534,0.281945,0.276663,0.270649,0.263848,0.256187,0.247562,0.237827,0.226760,0.214004,0.198930,0.180238,0.154305,0.085392
64080,0.300877,0.300585,0.299708,0.298241,0.296178,0.293510,0.290223,0.286299,0.281715,0.276440,0.270433,0.263641,0.255988,0.247374,0.237650,0.226596,0.213854,0.198796,0.180123,0.154213,0.085300
64140,0.300624,0.300332,0.299456,0.297991,0.295930,0.293266,0.289983,0.286064,0.281486,0.276218,0.270218,0.263434,0.255791,0.247187,0.237474,0.226432,0.213704,0.198662,0.180008,0.154121,0.085208
64200,0.300371,0.300079,0.299204,0.297741,0.295684,0.293022,0.289743,0.285830,0.281257,0.275996,0.270004,0.263228,0.255594,0.247000,0.237299,0.226269,0.213555,0.198529,0.179893,0.154029,0.085117
64260,0.300118,0.299827,0.298953,0.297492,0.295437,0.292779,0.289505,0.285596,0.281029,0.275774,0.269790,0.263022,0.255397,0.246814,0.237124,0.226106,0.213406,0.198396,0.179778,0.153938,0.085026
64320,0.299867,0.299576,0.298703,0.297244,0.295192,0.292537,0.289267,0.285363,0.280802,0.275553,0.269576,0.262817,0.255201,0.246628,0.236949,0.225944,0.213258,0.198263,0.179664,0.153847,0.084935
64380,0.299616,0.299325,0.298454,0.296996,0.294947,0.292295,0.289029,0.285130,0.280575,0.275333,0.269364,0.262612,0.255006,0.246442,0.236775,0.225782,0.213110,0.198131,0.179550,0.153756,0.084845
64440,0.299365,0.299075,0.298205,0.296749,0.294702,0.292054,0.288792,0.284898,0.280349,0.275113,0.269151,0.262408,0.254811,0.246257,0.236601,0.225621,0.212962,0.197999,0.179437,0.153665,0.084755
64500,0.299116,0.298826,0.297956,0.296503,0.294458,0.291814,0.288556,0.284667,0.280123,0.274894,0.268939,0.262204,0.254616,0.246073,0.236428,0.225460,0.212815,0.197867,0.179324,0.153575,0.084665
64560,0.298866,0.298577,0.297709,0.296257,0.294215,0.291574,0.288320,0.284436,0.279898,0.274676,0.268728,0.262001,0.254422,0.245889,0.236255,0.225299,0.212668,0.197736,0.179211,0.153485,0.084576
64620,0.298618,0.298329,0.297462,0.296012,0.293973,0.291335,0.288085,0.284206,0.279674,0.274458,0.268517,0.261799,0.254229,0.245705,0.236082,0.225139,0.212522,0.197605,0.179098,0.153395,0.084487
64680,0.298370,0.298082,0.297215,0.295767,0.293731,0.291096,0.287851,0.283976,0.279450,0.274240,0.268307,0.261597,0.254036,0.245522,0.235910,0.224979,0.212376,0.197475,0.178985,0.153305,0.084399
64740,0.298123,0.297835,0.296969,0.295523,0.293489,0.290858,0.287617,0.283747,0.279226,0.274023,0.268097,0.261395,0.253843,0.245339,0.235738,0.224820,0.212230,0.197344,0.178873,0.153216,0.084310
64800,0.297876,0.297588,0.296724,0.295280,0.293249,0.290621,0.287384,0.283519,0.279004,0.273807,0.267888,0.261194,0.253651,0.245157,0.235567,0.224661,0.212085,0.197214,0.178762,0.153127,0.084223
64860,0.297630,0.297343,0.296480,0.295037,0.293009,0.290384,0.287151,0.283291,0.278781,0.273591,0.267680,0.260993,0.253459,0.244976,0.235396,0.224502,0.211940,0.197085,0.178650,0.153038,0.084135
64920,0.297385,0.297098,0.296236,0.294795,0.292769,0.290148,0.286919,0.283064,0.278560,0.273376,0.267472,0.260793,0.253268,0.244794,0.235226,0.224344,0.211795,0.196956,0.178539,0.152949,0.084048
64980,0.297140,0.296853,0.295993,0.294554,0.292530,0.289912,0.286687,0.282837,0.278339,0.273161,0.267264,0.260594,0.253077,0.244613,0.235056,0.224186,0.211651,0.196827,0.178428,0.152861,0.083961
65040,0.296896,0.296610,0.295750,0.294313,0.292292,0.289677,0.286456,0.282611,0.278118,0.272947,0.267057,0.260395,0.252887,0.244433,0.234887,0.224029,0.211507,0.196698,0.178317,0.152773,0.083875
65100,0.296652,0.296366,0.295508,0.294073,0.292054,0.289443,0.286226,0.282385,0.277898,0.272733,0.266850,0.260196,0.252697,0.244253,0.234718,0.223872,0.211363,0.196570,0.178207,0.152685,0.083788
65160,0.296409,0.296124,0.295266,0.293833,0.291817,0.289209,0.285996,0.282160,0.277678,0.272520,0.266644,0.259998,0.252508,0.244074,0.234549,0.223715,0.211220,0.196442,0.178097,0.152597,0.083703
65220,0.296167,0.295882,0.295025,0.293594,0.291581,0.288976,0.285767,0.281936,0.277460,0.272307,0.266439,0.259800,0.252319,0.243895,0.234381,0.223559,0.211077,0.196314,0.177987,0.152510,0.083617
65280,0.295925,0.295641,0.294785,0.293355,0.291345,0.288743,0.285538,0.281712,0.277241,0.272095,0.266234,0.259603,0.252131,0.243716,0.234213,0.223403,0.210934,0.196187,0.177877,0.152422,0.083532
65340,0.295684,0.295400,0.294546,0.293118,0.291109,0.288511,0.285310,0.281489,0.277023,0.271884,0.266029,0.259407,0.251943,0.243538,0.234046,0.223247,0.210792,0.196060,0.177768,0.152335,0.083447
65400,0.295444,0.295160,0.294306,0.292880,0.290875,0.288280,0.285083,0.281266,0.276806,0.271673,0.265825,0.259211,0.251756,0.243360,0.233879,0.223092,0.210650,0.195933,0.177659,0.152249,0.083363
65460,0.295204,0.294920,0.294068,0.292644,0.290640,0.288049,0.284856,0.281044,0.276589,0.271462,0.265622,0.259015,0.251569,0.243183,0.233712,0.222937,0.210509,0.195807,0.177550,0.152162,0.083279
65520,0.294965,0.294681,0.293830,0.292408,0.290407,0.287819,0.284630,0.280822,0.276373,0.271252,0.265419,0.258820,0.251383,0.243006,0.233546,0.222783,0.210368,0.195680,0.177442,0.152076,0.083195
65580,0.294726,0.294443,0.293593,0.292172,0.290174,0.287589,0.284404,0.280601,0.276157,0.271043,0.265216,0.258625,0.251197,0.242830,0.233380,0.222629,0.210227,0.195555,0.177334,0.151990,0.083111
65640,0.294488,0.294205,0.293356,0.291937,0.289941,0.287360,0.284178,0.280380,0.275942,0.270834,0.265014,0.258431,0.251011,0.242654,0.233215,0.222476,0.210087,0.195429,0.177226,0.151904,0.083028
65700,0.294250,0.293968,0.293120,0.291703,0.289710,0.287131,0.283954,0.280160,0.275728,0.270625,0.264813,0.258237,0.250826,0.242478,0.233050,0.222322,0.209947,0.195304,0.177118,0.151818,0.082945
65760,0.294013,0.293731,0.292885,0.291469,0.289478,0.286903,0.283730,0.279941,0.275514,0.270417,0.264612,0.258044,0.250641,0.242303,0.232885,0.222170,0.209807,0.195179,0.177011,0.151733,0.082863
65820,0.293777,0.293495,0.292650,0.291236,0.289248,0.286675,0.283506,0.279722,0.275300,0.270210,0.264411,0.257851,0.250457,0.242129,0.232721,0.222017,0.209667,0.195055,0.176903,0.151648,0.082781
65880,0.293541,0.293260,0.292415,0.291003,0.289018,0.286449,0.283283,0.279504,0.275087,0.270003,0.264211,0.257659,0.250273,0.241954,0.232557,0.221865,0.209528,0.194930,0.176797,0.151563,0.082699
65940,0.293306,0.293025,0.292182,0.290771,0.288788,0.286222,0.283061,0.279286,0.274875,0.269797,0.264012,0.257467,0.250090,0.241781,0.232394,0.221713,0.209390,0.194807,0.176690,0.151478,0.082617
66000,0.293071,0.292791,0.291948,0.290540,0.288559,0.285996,0.282839,0.279068,0.274663,0.269591,0.263813,0.257276,0.249907,0.241607,0.232231,0.221562,0.209251,0.194683,0.176584,0.151393,0.082536
66060,0.292837,0.292557,0.291716,0.290309,0.288331,0.285771,0.282617,0.278852,0.274451,0.269385,0.263614,0.257085,0.249725,0.241434,0.232069,0.221411,0.209113,0.194560,0.176478,0.151309,0.082455
66120,0.292604,0.292324,0.291484,0.290079,0.288103,0.285546,0.282396,0.278635,0.274240,0.269180,0.263416,0.256895,0.249543,0.241262,0.231906,0.221260,0.208976,0.194437,0.176372,0.151225,0.082374
66180,0.292371,0.292092,0.291252,0.289849,0.287876,0.285322,0.282176,0.278420,0.274030,0.268976,0.263219,0.256705,0.249362,0.241090,0.231745,0.221110,0.208838,0.194314,0.176266,0.151141,0.082294
66240,0.292139,0.291860,0.291021,0.289620,0.287649,0.285099,0.281956,0.278204,0.273820,0.268772,0.263022,0.256515,0.249181,0.240918,0.231583,0.220960,0.208701,0.194191,0.176161,0.151057,0.082214
66300,0.291907,0.291628,0.290791,0.289391,0.287423,0.284876,0.281737,0.277990,0.273610,0.268569,0.262825,0.256326,0.249000,0.240747,0.231422,0.220811,0.208565,0.194069,0.176056,0.150974,0.082134
66360,0.291676,0.291398,0.290561,0.289163,0.287197,0.284653,0.281519,0.277776,0.273402,0.268366,0.262629,0.256138,0.248820,0.240576,0.231262,0.220662,0.208428,0.193947,0.175951,0.150891,0.082055
66420,0.291445,0.291167,0.290332,0.288936,0.286972,0.284431,0.281300,0.277562,0.273193,0.268164,0.262433,0.255949,0.248640,0.240405,0.231102,0.220513,0.208292,0.193826,0.175847,0.150808,0.081976
66480,0.291215,0.290938,0.290103,0.288709,0.286747,0.284210,0.281083,0.277349,0.272985,0.267962,0.262238,0.255762,0.248461,0.240235,0.230942,0.220364,0.208156,0.193705,0.175742,0.150725,0.081897
66540,0.290986,0.290709,0.289875,0.288483,0.286524,0.283989,0.280866,0.277136,0.272778,0.267760,0.262044,0.255575,0.248282,0.240066,0.230782,0.220216,0.208021,0.193584,0.175638,0.150642,0.081818
66600,0.290757,0.290480,0.289648,0.288257,0.286300,0.283769,0.280649,0.276924,0.272571,0.267559,0.261849,0.255388,0.248104,0.239896,0.230623,0.220069,0.207886,0.193463,0.175535,0.150560,0.081740
66660,0.290529,0.290252,0.289421,0.288031,0.286077,0.283549,0.280433,0.276713,0.272365,0.267359,0.261656,0.255202,0.247926,0.239728,0.230465,0.219921,0.207751,0.193343,0.175431,0.150478,0.081662
66720,0.290301,0.290025,0.289195,0.287807,0.285855,0.283330,0.280218,0.276502,0.272159,0.267159,0.261462,0.255016,0.247748,0.239559,0.230306,0.219774,0.207617,0.193223,0.175328,0.150396,0.081585
66780,0.290074,0.289798,0.288969,0.287583,0.285633,0.283111,0.280003,0.276291,0.271954,0.266960,0.261270,0.254830,0.247571,0.239391,0.230149,0.219628,0.207483,0.193103,0.175225,0.150314,0.081507
66840,0.289847,0.289572,0.288743,0.287359,0.285412,0.282893,0.279788,0.276081,0.271749,0.266761,0.261077,0.254646,0.247394,0.239224,0.229991,0.219481,0.207349,0.192983,0.175122,0.150232,0.081430
66900,0.289621,0.289346,0.288519,0.287136,0.285191,0.282675,0.279574,0.275872,0.271544,0.266562,0.260885,0.254461,0.247218,0.239056,0.229834,0.219335,0.207216,0.192864,0.175020,0.150151,0.081353
66960,0.289396,0.289121,0.288294,0.286913,0.284971,0.282458,0.279361,0.275663,0.271341,0.266364,0.260694,0.254277,0.247042,0.238890,0.229677,0.219190,0.207082,0.192745,0.174918,0.150070,0.081277
67020,0.289171,0.288896,0.288071,0.286691,0.284751,0.282241,0.279148,0.275454,0.271137,0.266167,0.260503,0.254093,0.246867,0.238723,0.229521,0.219044,0.206950,0.192627,0.174816,0.149989,0.081201
67080,0.288946,0.288672,0.287848,0.286470,0.284532,0.282025,0.278936,0.275246,0.270934,0.265970,0.260312,0.253910,0.246692,0.238557,0.229365,0.218900,0.206817,0.192508,0.174714,0.149908,0.081125
67140,0.288722,0.288448,0.287625,0.286249,0.284314,0.281810,0.278724,0.275039,0.270732,0.265773,0.260122,0.253728,0.246517,0.238392,0.229209,0.218755,0.206685,0.192390,0.174612,0.149828,0.081049
67200,0.288499,0.288225,0.287403,0.286029,0.284096,0.281595,0.278513,0.274832,0.270530,0.265577,0.259933,0.253545,0.246343,0.238227,0.229054,0.218611,0.206553,0.192272,0.174511,0.149747,0.080974
67260,0.288276,0.288003,0.287182,0.285809,0.283878,0.281380,0.278302,0.274626,0.270329,0.265381,0.259744,0.253363,0.246169,0.238062,0.228899,0.218467,0.206421,0.192155,0.174410,0.149667,0.080899
67320,0.288054,0.287781,0.286961,0.285589,0.283661,0.281166,0.278091,0.274420,0.270128,0.265186,0.259555,0.253182,0.245996,0.237897,0.228744,0.218323,0.206290,0.192037,0.174309,0.149587,0.080824
67380,0.287832,0.287559,0.286740,0.285371,0.283445,0.280953,0.277882,0.274214,0.269927,0.264991,0.259367,0.253001,0.245823,0.237733,0.228590,0.218180,0.206159,0.191921,0.174209,0.149508,0.080750
67440,0.287611,0.287338,0.286520,0.285152,0.283229,0.280740,0.277672,0.274009,0.269727,0.264797,0.259179,0.252820,0.245650,0.237570,0.228437,0.218037,0.206029,0.191804,0.174108,0.149428,0.080676
67500,0.287390,0.287118,0.286301,0.284935,0.283013,0.280527,0.277463,0.273805,0.269528,0.264603,0.258992,0.252640,0.245478,0.237406,0.228283,0.217895,0.205898,0.191687,0.174008,0.149349,0.080602
67560,0.287170,0.286898,0.286082,0.284718,0.282798,0.280315,0.277255,0.273601,0.269329,0.264410,0.258805,0.252461,0.245306,0.237244,0.228130,0.217753,0.205768,0.191571,0.173908,0.149270,0.080528
67620,0.286950,0.286679,0.285864,0.284501,0.282584,0.280104,0.277047,0.273397,0.269130,0.264217,0.258618,0.252281,0.245135,0.237081,0.227977,0.217611,0.205639,0.191455,0.173809,0.149191,0.080455
67680,0.286731,0.286460,0.285646,0.284285,0.282370,0.279893,0.276840,0.273194,0.268932,0.264025,0.258432,0.252103,0.244964,0.236919,0.227825,0.217469,0.205509,0.191340,0.173709,0.149112,0.080381
67740,0.286513,0.286242,0.285429,0.284069,0.282157,0.279682,0.276633,0.272991,0.268735,0.263833,0.258247,0.251924,0.244794,0.236757,0.227673,0.217328,0.205380,0.191224,0.173610,0.149033,0.080309
67800,0.286294,0.286024,0.285212,0.283854,0.281944,0.279473,0.276427,0.272789,0.268538,0.263641,0.258062,0.251746,0.244624,0.236596,0.227521,0.217187,0.205251,0.191109,0.173511,0.148955,0.080236
67860,0.286077,0.285807,0.284996,0.283639,0.281732,0.279263,0.276221,0.272588,0.268341,0.263450,0.257877,0.251569,0.244454,0.236435,0.227370,0.217047,0.205123,0.190995,0.173413,0.148877,0.080164
67920,0.285860,0.285590,0.284780,0.283425,0.281520,0.279054,0.276016,0.272387,0.268145,0.263260,0.257693,0.251391,0.244285,0.236274,0.227219,0.216906,0.204995,0.190880,0.173314,0.148799,0.080092
67980,0.285643,0.285374,0.284565,0.283212,0.281308,0.278846,0.275811,0.272186,0.267949,0.263070,0.257509,0.251215,0.244116,0.236114,0.227069,0.216766,0.204867,0.190766,0.173216,0.148721,0.080020
68040,0.285427,0.285158,0.284350,0.282998,0.281098,0.278638,0.275606,0.271986,0.267754,0.262880,0.257326,0.251038,0.243947,0.235954,0.226918,0.216627,0.204739,0.190652,0.173118,0.148643,0.079949
68100,0.285212,0.284943,0.284136,0.282786,0.280887,0.278430,0.275402,0.271786,0.267559,0.262691,0.257143,0.250862,0.243779,0.235795,0.226768,0.216488,0.204612,0.190538,0.173021,0.148566,0.079877
68160,0.284997,0.284729,0.283922,0.282574,0.280677,0.278223,0.275199,0.271587,0.267365,0.262502,0.256960,0.250687,0.243612,0.235636,0.226619,0.216349,0.204485,0.190425,0.172923,0.148489,0.079806
68220,0.284783,0.284514,0.283709,0.282362,0.280468,0.278017,0.274996,0.271388,0.267171,0.262314,0.256778,0.250512,0.243444,0.235477,0.226470,0.216210,0.204358,0.190311,0.172826,0.148412,0.079736
68280,0.284569,0.284301,0.283496,0.282151,0.280259,0.277811,0.274794,0.271190,0.266977,0.262126,0.256597,0.250337,0.243277,0.235319,0.226321,0.216072,0.204232,0.190199,0.172729,0.148335,0.079665
68340,0.284355,0.284088,0.283284,0.281941,0.280051,0.277605,0.274592,0.270992,0.266784,0.261938,0.256415,0.250163,0.243111,0.235161,0.226172,0.215934,0.204106,0.190086,0.172632,0.148258,0.079595
68400,0.284142,0.283875,0.283072,0.281730,0.279843,0.277400,0.274390,0.270795,0.266592,0.261751,0.256235,0.249989,0.242945,0.235003,0.226024,0.215796,0.203980,0.189973,0.172535,0.148182,0.079525
68460,0.283930,0.283663,0.282861,0.281521,0.279636,0.277196,0.274189,0.270598,0.266400,0.261565,0.256054,0.249816,0.242779,0.234846,0.225877,0.215659,0.203854,0.189861,0.172439,0.148105,0.079455
68520,0.283718,0.283451,0.282651,0.281312,0.279429,0.276992,0.273989,0.270402,0.266208,0.261379,0.255874,0.249643,0.242613,0.234689,0.225729,0.215522,0.203729,0.189749,0.172343,0.148029,0.079386
68580,0.283506,0.283240,0.282440,0.281103,0.279222,0.276788,0.273789,0.270206,0.266017,0.261193,0.255695,0.249470,0.242449,0.234533,0.225582,0.215385,0.203604,0.189638,0.172247,0.147953,0.079317
68640,0.283296,0.283030,0.282231,0.280895,0.279016,0.276585,0.273589,0.270010,0.265826,0.261008,0.255516,0.249298,0.242284,0.234376,0.225435,0.215249,0.203479,0.189526,0.172151,0.147878,0.079248
68700,0.283085,0.282820,0.282022,0.280687,0.278811,0.276383,0.273390,0.269815,0.265636,0.260823,0.255337,0.249126,0.242120,0.234221,0.225289,0.215113,0.203355,0.189415,0.172056,0.147802,0.079179
68760,0.282875,0.282610,0.281813,0.280480,0.278606,0.276181,0.273191,0.269621,0.265446,0.260639,0.255159,0.248954,0.241956,0.234065,0.225143,0.214977,0.203231,0.189304,0.171960,0.147727,0.079111
68820,0.282666,0.282401,0.281605,0.280274,0.278402,0.275979,0.272993,0.269426,0.265257,0.260455,0.254981,0.248783,0.241792,0.233910,0.224997,0.214842,0.203107,0.189194,0.171865,0.147651,0.079043
68880,0.282457,0.282192,0.281397,0.280068,0.278198,0.275778,0.272795,0.269233,0.265068,0.260271,0.254803,0.248613,0.241629,0.233756,0.224852,0.214707,0.202983,0.189083,0.171770,0.147576,0.078975
68940,0.282248,0.281984,0.281190,0.279862,0.277994,0.275577,0.272598,0.269040,0.264879,0.260088,0.254626,0.248442,0.241467,0.233601,0.224706,0.214572,0.202860,0.188973,0.171676,0.147502,0.078907
69000,0.282040,0.281776,0.280983,0.279657,0.277791,0.275377,0.272401,0.268847,0.264691,0.259905,0.254450,0.248273,0.241304,0.233447,0.224562,0.214437,0.202737,0.188863,0.171581,0.147427,0.078840
69060,0.281833,0.281569,0.280777,0.279452,0.277588,0.275177,0.272205,0.268654,0.264504,0.259723,0.254273,0.248103,0.241142,0.233294,0.224417,0.214303,0.202614,0.188754,0.171487,0.147352,0.078772
69120,0.281626,0.281362,0.280571,0.279248,0.277386,0.274978,0.272009,0.268463,0.264317,0.259541,0.254098,0.247934,0.240981,0.233140,0.224273,0.214169,0.202492,0.188644,0.171393,0.147278,0.078705
69180,0.281419,0.281156,0.280366,0.279044,0.277185,0.274779,0.271813,0.268271,0.264130,0.259360,0.253922,0.247765,0.240819,0.232987,0.224129,0.214036,0.202370,0.188535,0.171300,0.147204,0.078639
69240,0.281213,0.280951,0.280161,0.278841,0.276984,0.274580,0.271618,0.268080,0.263943,0.259179,0.253747,0.247597,0.240659,0.232835,0.223986,0.213903,0.202248,0.188426,0.171206,0.147130,0.078572
69300,0.281008,0.280745,0.279956,0.278638,0.276783,0.274383,0.271424,0.267890,0.263758,0.258998,0.253573,0.247429,0.240498,0.232682,0.223843,0.213770,0.202126,0.188318,0.171113,0.147056,0.078506
69360,0.280803,0.280540,0.279753,0.278435,0.276583,0.274185,0.271230,0.267700,0.263572,0.258818,0.253398,0.247262,0.240338,0.232531,0.223700,0.213637,0.202005,0.188209,0.171020,0.146982,0.078440
69420,0.280598,0.280336,0.279549,0.278234,0.276383,0.273988,0.271036,0.267510,0.263387,0.258638,0.253225,0.247094,0.240178,0.232379,0.223558,0.213505,0.201884,0.188101,0.170927,0.146909,0.078374
69480,0.280394,0.280132,0.279346,0.278032,0.276184,0.273792,0.270843,0.267321,0.263202,0.258459,0.253051,0.246928,0.240019,0.232228,0.223415,0.213372,0.201763,0.187993,0.170834,0.146836,0.078309
69540,0.280190,0.279929,0.279144,0.277831,0.275985,0.273595,0.270650,0.267132,0.263018,0.258280,0.252878,0.246761,0.239860,0.232077,0.223274,0.213241,0.201643,0.187886,0.170742,0.146763,0.078243
69600,0.279987,0.279726,0.278942,0.277631,0.275787,0.273400,0.270458,0.266944,0.262835,0.258101,0.252706,0.246595,0.239701,0.231926,0.223132,0.213109,0.201522,0.187778,0.170649,0.146690,0.078178
69660,0.279784,0.279524,0.278740,0.277431,0.275589,0.273205,0.270266,0.266756,0.262651,0.257923,0.252533,0.246430,0.239543,0.231776,0.222991,0.212978,0.201402,0.187671,0.170557,0.146617,0.078114
69720,0.279582,0.279322,0.278539,0.277231,0.275391,0.273010,0.270075,0.266568,0.262468,0.257746,0.252362,0.246264,0.239385,0.231626,0.222850,0.212847,0.201283,0.187564,0.170465,0.146544,0.078049
69780,0.279380,0.279120,0.278339,0.277032,0.275194,0.272816,0.269884,0.266381,0.262286,0.257568,0.252190,0.246100,0.239227,0.231477,0.222709,0.212717,0.201163,0.187457,0.170374,0.146472,0.077985
69840,0.279179,0.278919,0.278139,0.276834,0.274998,0.272622,0.269693,0.266194,0.262104,0.257391,0.252019,0.245935,0.239070,0.231328,0.222569,0.212586,0.201044,0.187351,0.170282,0.146400,0.077921
69900,0.278978,0.278719,0.277939,0.276635,0.274802,0.272428,0.269503,0.266008,0.261922,0.257215,0.251848,0.245771,0.238913,0.231179,0.222429,0.212456,0.200925,0.187245,0.170191,0.146327,0.077857
69960,0.278778,0.278519,0.277740,0.276438,0.274606,0.272235,0.269313,0.265822,0.261741,0.257039,0.251678,0.245607,0.238757,0.231030,0.222290,0.212327,0.200807,0.187139,0.170100,0.146255,0.077793
70020,0.278578,0.278319,0.277541,0.276240,0.274411,0.272043,0.269124,0.265637,0.261560,0.256863,0.251508,0.245444,0.238601,0.230882,0.222150,0.212197,0.200688,0.187033,0.170009,0.146184,0.077729
70080,0.278378,0.278120,0.277343,0.276044,0.274216,0.271851,0.268935,0.265452,0.261380,0.256688,0.251339,0.245281,0.238445,0.230734,0.222011,0.212068,0.200570,0.186928,0.169918,0.146112,0.077666
70140,0.278179,0.277921,0.277145,0.275847,0.274022,0.271659,0.268747,0.265268,0.261199,0.256513,0.251170,0.245118,0.238289,0.230587,0.221873,0.211939,0.200452,0.186822,0.169828,0.146041,0.077603
70200,0.277981,0.277723,0.276948,0.275651,0.273828,0.271468,0.268559,0.265084,0.261020,0.256338,0.251001,0.244956,0.238134,0.230440,0.221734,0.211811,0.200335,0.186717,0.169738,0.145969,0.077540
70260,0.277783,0.277525,0.276751,0.275456,0.273634,0.271277,0.268371,0.264900,0.260841,0.256164,0.250833,0.244794,0.237979,0.230293,0.221596,0.211682,0.200217,0.186612,0.169648,0.145898,0.077478
70320,0.277585,0.277328,0.276554,0.275261,0.273441,0.271087,0.268184,0.264717,0.260662,0.255991,0.250665,0.244632,0.237825,0.230146,0.221459,0.211554,0.200100,0.186508,0.169558,0.145827,0.077416
70380,0.277388,0.277131,0.276358,0.275066,0.273249,0.270897,0.267998,0.264534,0.260484,0.255817,0.250497,0.244471,0.237671,0.230000,0.221321,0.211427,0.199984,0.186404,0.169468,0.145756,0.077353
70440,0.277191,0.276934,0.276162,0.274872,0.273057,0.270707,0.267811,0.264351,0.260306,0.255644,0.250330,0.244310,0.237517,0.229854,0.221184,0.211299,0.199867,0.186299,0.169379,0.145686,0.077292
70500,0.276995,0.276738,0.275967,0.274678,0.272865,0.270518,0.267625,0.264169,0.260128,0.255472,0.250163,0.244150,0.237364,0.229709,0.221047,0.211172,0.199751,0.186195,0.169290,0.145615,0.077230
70560,0.276799,0.276543,0.275773,0.274485,0.272674,0.270330,0.267440,0.263988,0.259951,0.255300,0.249997,0.243990,0.237211,0.229564,0.220911,0.211045,0.199635,0.186092,0.169200,0.145545,0.077168
70620,0.276604,0.276348,0.275578,0.274292,0.272483,0.270142,0.267255,0.263807,0.259774,0.255128,0.249830,0.243830,0.237058,0.229419,0.220775,0.210919,0.199519,0.185988,0.169112,0.145475,0.077107
70680,0.276409,0.276153,0.275385,0.274100,0.272293,0.269954,0.267071,0.263626,0.259598,0.254957,0.249665,0.243671,0.236906,0.229274,0.220639,0.210792,0.199403,0.185885,0.169023,0.145405,0.077046
70740,0.276214,0.275959,0.275191,0.273908,0.272103,0.269767,0.266886,0.263445,0.259422,0.254786,0.249499,0.243512,0.236754,0.229130,0.220503,0.210666,0.199288,0.185782,0.168934,0.145335,0.076985
70800,0.276020,0.275765,0.274998,0.273716,0.271913,0.269580,0.266703,0.263266,0.259246,0.254615,0.249334,0.243353,0.236602,0.228986,0.220368,0.210541,0.199173,0.185679,0.168846,0.145265,0.076925
70860,0.275826,0.275572,0.274806,0.273525,0.271724,0.269393,0.266519,0.263086,0.259071,0.254445,0.249170,0.243195,0.236451,0.228843,0.220233,0.210415,0.199058,0.185577,0.168758,0.145196,0.076864
70920,0.275633,0.275379,0.274614,0.273335,0.271536,0.269207,0.266336,0.262907,0.258896,0.254275,0.249006,0.243037,0.236300,0.228699,0.220098,0.210290,0.198944,0.185475,0.168670,0.145126,0.076804
70980,0.275440,0.275186,0.274422,0.273145,0.271347,0.269021,0.266154,0.262728,0.258722,0.254106,0.248842,0.242879,0.236149,0.228556,0.219964,0.210165,0.198830,0.185372,0.168583,0.145057,0.076744
71040,0.275248,0.274994,0.274231,0.272955,0.271160,0.268836,0.265972,0.262550,0.258548,0.253936,0.248678,0.242722,0.235999,0.228414,0.219829,0.210040,0.198716,0.185271,0.168495,0.144988,0.076684
71100,0.275056,0.274802,0.274040,0.272765,0.270972,0.268651,0.265790,0.262372,0.258374,0.253768,0.248515,0.242565,0.235849,0.228271,0.219696,0.209916,0.198602,0.185169,0.168408,0.144919,0.076625
71160,0.274865,0.274611,0.273850,0.272577,0.270785,0.268467,0.265609,0.262194,0.258201,0.253599,0.248352,0.242408,0.235699,0.228129,0.219562,0.209792,0.198488,0.185068,0.168321,0.144850,0.076565
71220,0.274674,0.274421,0.273660,0.272388,0.270599,0.268283,0.265428,0.262017,0.258028,0.253432,0.248190,0.242252,0.235550,0.227988,0.219429,0.209668,0.198375,0.184966,0.168234,0.144782,0.076506
71280,0.274483,0.274230,0.273470,0.272200,0.270413,0.268099,0.265248,0.261840,0.257855,0.253264,0.248028,0.242096,0.235401,0.227846,0.219296,0.209544,0.198262,0.184865,0.168147,0.144713,0.076447
71340,0.274293,0.274040,0.273281,0.272012,0.270227,0.267916,0.265068,0.261664,0.257683,0.253097,0.247866,0.241941,0.235252,0.227705,0.219163,0.209421,0.198149,0.184765,0.168060,0.144645,0.076389
71400,0.274103,0.273851,0.273093,0.271825,0.270042,0.267734,0.264888,0.261488,0.257512,0.252930,0.247705,0.241786,0.235104,0.227564,0.219031,0.209298,0.198037,0.184664,0.167974,0.144577,0.076330
71460,0.273914,0.273662,0.272904,0.271638,0.269857,0.267551,0.264709,0.261312,0.257340,0.252763,0.247544,0.241631,0.234956,0.227424,0.218899,0.209175,0.197924,0.184564,0.167888,0.144509,0.076272
71520,0.273725,0.273473,0.272717,0.271452,0.269672,0.267369,0.264530,0.261137,0.257169,0.252597,0.247383,0.241476,0.234808,0.227284,0.218767,0.209053,0.197812,0.184464,0.167802,0.144441,0.076214
71580,0.273536,0.273285,0.272529,0.271266,0.269488,0.267188,0.264351,0.260962,0.256999,0.252432,0.247223,0.241322,0.234661,0.227144,0.218635,0.208931,0.197701,0.184364,0.167716,0.144373,0.076156
71640,0.273348,0.273097,0.272342,0.271080,0.269305,0.267007,0.264173,0.260788,0.256829,0.252266,0.247063,0.241168,0.234514,0.227004,0.218504,0.208809,0.197589,0.184264,0.167630,0.144305,0.076098
71700,0.273161,0.272910,0.272156,0.270895,0.269121,0.266826,0.263996,0.260614,0.256659,0.252101,0.246903,0.241015,0.234367,0.226865,0.218373,0.208687,0.197478,0.184164,0.167545,0.144238,0.076040
71760,0.272973,0.272723,0.271970,0.270710,0.268939,0.266646,0.263818,0.260440,0.256489,0.251937,0.246744,0.240861,0.234220,0.226726,0.218243,0.208565,0.197367,0.184065,0.167460,0.144171,0.075983
71820,0.272787,0.272536,0.271784,0.270526,0.268756,0.266466,0.263641,0.260267,0.256320,0.251772,0.246585,0.240709,0.234074,0.226587,0.218112,0.208444,0.197256,0.183966,0.167374,0.144104,0.075926
71880,0.272600,0.272350,0.271599,0.270342,0.268574,0.266286,0.263465,0.260094,0.256152,0.251608,0.246427,0.240556,0.233928,0.226449,0.217982,0.208323,0.197145,0.183867,0.167290,0.144037,0.075869
71940,0.272414,0.272164,0.271414,0.270159,0.268393,0.266107,0.263289,0.259922,0.255983,0.251445,0.246269,0.240404,0.233783,0.226311,0.217852,0.208203,0.197035,0.183769,0.167205,0.143970,0.075812
72000,0.272229,0.271979,0.271229,0.269975,0.268211,0.265928,0.263113,0.259749,0.255815,0.251282,0.246111,0.240252,0.233638,0.226173,0.217723,0.208082,0.196925,0.183670,0.167120,0.143903,0.075755
72060,0.272044,0.271794,0.271045,0.269793,0.268031,0.265750,0.262938,0.259578,0.255648,0.251119,0.245953,0.240101,0.233493,0.226036,0.217593,0.207962,0.196815,0.183572,0.167036,0.143837,0.075699
72120,0.271859,0.271610,0.270861,0.269610,0.267850,0.265572,0.262763,0.259406,0.255480,0.250956,0.245796,0.239950,0.233348,0.225899,0.217464,0.207842,0.196705,0.183474,0.166952,0.143770,0.075643
72180,0.271674,0.271426,0.270678,0.269428,0.267670,0.265394,0.262588,0.259235,0.255314,0.250794,0.245639,0.239799,0.233204,0.225762,0.217336,0.207723,0.196595,0.183376,0.166868,0.143704,0.075587
72240,0.271491,0.271242,0.270495,0.269247,0.267491,0.265217,0.262414,0.259065,0.255147,0.250632,0.245483,0.239648,0.233060,0.225625,0.217207,0.207603,0.196486,0.183279,0.166784,0.143638,0.075531
72300,0.271307,0.271059,0.270313,0.269066,0.267311,0.265040,0.262240,0.258895,0.254981,0.250471,0.245327,0.239498,0.232917,0.225489,0.217079,0.207484,0.196377,0.183181,0.166700,0.143572,0.075475
72360,0.271124,0.270876,0.270131,0.268885,0.267133,0.264864,0.262067,0.258725,0.254815,0.250310,0.245171,0.239348,0.232773,0.225353,0.216951,0.207365,0.196269,0.183084,0.166617,0.143506,0.075420
72420,0.270941,0.270693,0.269949,0.268705,0.266954,0.264688,0.261894,0.258555,0.254650,0.250149,0.245016,0.239199,0.232631,0.225217,0.216824,0.207247,0.196160,0.182987,0.166533,0.143440,0.075365
72480,0.270759,0.270511,0.269768,0.268525,0.266776,0.264512,0.261721,0.258386,0.254485,0.249989,0.244860,0.239049,0.232488,0.225082,0.216696,0.207128,0.196052,0.182890,0.166450,0.143375,0.075310
72540,0.270577,0.270330,0.269587,0.268345,0.266598,0.264337,0.261549,0.258217,0.254320,0.249829,0.244706,0.238900,0.232345,0.224947,0.216569,0.207010,0.195944,0.182794,0.166367,0.143309,0.075255
72600,0.270395,0.270148,0.269407,0.268166,0.266421,0.264162,0.261377,0.258049,0.254156,0.249669,0.244551,0.238752,0.232203,0.224812,0.216442,0.206892,0.195836,0.182697,0.166285,0.143244,0.075200
72660,0.270214,0.269968,0.269227,0.267988,0.266244,0.263988,0.261206,0.257881,0.253992,0.249510,0.244397,0.238604,0.232062,0.224677,0.216316,0.206775,0.195728,0.182601,0.166202,0.143179,0.075146
72720,0.270034,0.269787,0.269047,0.267809,0.266068,0.263814,0.261034,0.257713,0.253828,0.249351,0.244243,0.238456,0.231920,0.224543,0.216190,0.206657,0.195621,0.182505,0.166120,0.143114,0.075091
72780,0.269853,0.269607,0.268868,0.267631,0.265892,0.263640,0.260864,0.257546,0.253665,0.249192,0.244090,0.238308,0.231779,0.224409,0.216064,0.206540,0.195514,0.182409,0.166037,0.143049,0.075037
72840,0.269673,0.269427,0.268689,0.267454,0.265716,0.263467,0.260693,0.257379,0.253502,0.249034,0.243937,0.238161,0.231638,0.224275,0.215938,0.206423,0.195407,0.182314,0.165955,0.142984,0.074983
72900,0.269494,0.269248,0.268510,0.267276,0.265541,0.263294,0.260523,0.257212,0.253339,0.248876,0.243784,0.238014,0.231498,0.224142,0.215812,0.206307,0.195300,0.182219,0.165873,0.142920,0.074929
72960,0.269315,0.269069,0.268332,0.267100,0.265366,0.263121,0.260354,0.257046,0.253177,0.248718,0.243632,0.237867,0.231357,0.224009,0.215687,0.206190,0.195194,0.182123,0.165792,0.142855,0.074876
73020,0.269136,0.268891,0.268154,0.266923,0.265191,0.262949,0.260184,0.256880,0.253015,0.248561,0.243479,0.237721,0.231218,0.223876,0.215562,0.206074,0.195087,0.182028,0.165710,0.142791,0.074822
73080,0.268957,0.268713,0.267977,0.266747,0.265017,0.262777,0.260015,0.256715,0.252854,0.248404,0.243328,0.237575,0.231078,0.223744,0.215438,0.205958,0.194981,0.181934,0.165629,0.142727,0.074769
73140,0.268779,0.268535,0.267800,0.266572,0.264843,0.262606,0.259847,0.256550,0.252693,0.248247,0.243176,0.237429,0.230939,0.223611,0.215313,0.205843,0.194875,0.181839,0.165547,0.142663,0.074716
73200,0.268602,0.268358,0.267624,0.266396,0.264670,0.262435,0.259678,0.256385,0.252532,0.248091,0.243025,0.237284,0.230800,0.223479,0.215189,0.205727,0.194770,0.181745,0.165466,0.142599,0.074663
73260,0.268425,0.268181,0.267447,0.266221,0.264497,0.262264,0.259511,0.256220,0.252372,0.247935,0.242874,0.237138,0.230661,0.223348,0.215065,0.205612,0.194664,0.181650,0.165385,0.142535,0.074611
73320,0.268248,0.268004,0.267272,0.266047,0.264324,0.262093,0.259343,0.256056,0.252211,0.247780,0.242724,0.236994,0.230522,0.223216,0.214942,0.205497,0.194559,0.181556,0.165305,0.142471,0.074558
73380,0.268071,0.267828,0.267096,0.265873,0.264152,0.261923,0.259176,0.255893,0.252052,0.247624,0.242574,0.236849,0.230384,0.223085,0.214818,0.205382,0.194454,0.181463,0.165224,0.142408,0.074506
73440,0.267895,0.267652,0.266921,0.265699,0.263980,0.261754,0.259009,0.255729,0.251892,0.247469,0.242424,0.236705,0.230246,0.222954,0.214695,0.205268,0.194350,0.181369,0.165144,0.142345,0.074454
73500,0.267719,0.267477,0.266746,0.265526,0.263808,0.261585,0.258843,0.255566,0.251733,0.247315,0.242274,0.236561,0.230109,0.222824,0.214572,0.205154,0.194245,0.181276,0.165063,0.142281,0.074402
73560,0.267544,0.267301,0.266572,0.265353,0.263637,0.261416,0.258677,0.255404,0.251574,0.247161,0.242125,0.236417,0.229971,0.222693,0.214450,0.205040,0.194141,0.181182,0.164983,0.142218,0.074350
73620,0.267369,0.267127,0.266398,0.265180,0.263466,0.261247,0.258511,0.255241,0.251416,0.247007,0.241976,0.236274,0.229834,0.222563,0.214327,0.204926,0.194037,0.181089,0.164903,0.142155,0.074298
73680,0.267195,0.266952,0.266225,0.265008,0.263296,0.261079,0.258346,0.255079,0.251258,0.246853,0.241827,0.236131,0.229698,0.222434,0.214205,0.204812,0.193933,0.180997,0.164824,0.142092,0.074247
73740,0.267020,0.266779,0.266052,0.264836,0.263125,0.260911,0.258181,0.254918,0.251100,0.246700,0.241679,0.235989,0.229561,0.222304,0.214084,0.204699,0.193829,0.180904,0.164744,0.142030,0.074195
73800,0.266847,0.266605,0.265879,0.264664,0.262956,0.260744,0.258016,0.254756,0.250943,0.246547,0.241531,0.235846,0.229425,0.222175,0.213962,0.204586,0.193726,0.180811,0.164665,0.141967,0.074144
73860,0.266673,0.266432,0.265706,0.264493,0.262786,0.260577,0.257852,0.254595,0.250786,0.246394,0.241383,0.235704,0.229289,0.222046,0.213841,0.204473,0.193623,0.180719,0.164585,0.141905,0.074093
73920,0.266500,0.266259,0.265534,0.264322,0.262617,0.260410,0.257688,0.254435,0.250629,0.246242,0.241236,0.235562,0.229154,0.221917,0.213720,0.204361,0.193520,0.180627,0.164506,0.141842,0.074042
73980,0.266327,0.266087,0.265363,0.264152,0.262449,0.260244,0.257524,0.254275,0.250472,0.246090,0.241089,0.235421,0.229018,0.221789,0.213599,0.204249,0.193417,0.180535,0.164427,0.141780,0.073992
74040,0.266155,0.265914,0.265191,0.263982,0.262280,0.260078,0.257361,0.254115,0.250316,0.245938,0.240942,0.235280,0.228883,0.221661,0.213478,0.204136,0.193314,0.180444,0.164348,0.141718,0.073941
74100,0.265983,0.265743,0.265020,0.263812,0.262112,0.259912,0.257198,0.253955,0.250161,0.245787,0.240796,0.235139,0.228749,0.221533,0.213358,0.204025,0.193212,0.180352,0.164270,0.141656,0.073891
74160,0.265812,0.265571,0.264850,0.263643,0.261945,0.259747,0.257036,0.253796,0.250005,0.245636,0.240650,0.234998,0.228614,0.221405,0.213238,0.203913,0.193110,0.180261,0.164191,0.141594,0.073841
74220,0.265640,0.265400,0.264679,0.263474,0.261778,0.259582,0.256874,0.253637,0.249850,0.245485,0.240504,0.234858,0.228480,0.221278,0.213118,0.203801,0.193008,0.180170,0.164113,0.141533,0.073791
74280,0.265469,0.265230,0.264510,0.263305,0.261611,0.259417,0.256712,0.253478,0.249695,0.245334,0.240358,0.234718,0.228346,0.221151,0.212998,0.203690,0.192906,0.180079,0.164035,0.141471,0.073741
74340,0.265299,0.265060,0.264340,0.263137,0.261444,0.259253,0.256550,0.253320,0.249541,0.245184,0.240213,0.234578,0.228212,0.221024,0.212879,0.203579,0.192804,0.179988,0.163957,0.141410,0.073691
74400,0.265129,0.264890,0.264171,0.262969,0.261278,0.259089,0.256389,0.253162,0.249387,0.245035,0.240068,0.234439,0.228079,0.220897,0.212760,0.203469,0.192703,0.179897,0.163879,0.141348,0.073642
74460,0.264959,0.264720,0.264002,0.262801,0.261112,0.258925,0.256228,0.253005,0.249233,0.244885,0.239924,0.234300,0.227946,0.220771,0.212641,0.203358,0.192602,0.179807,0.163801,0.141287,0.073592
74520,0.264790,0.264551,0.263834,0.262634,0.260947,0.258762,0.256068,0.252847,0.249080,0.244736,0.239780,0.234161,0.227813,0.220645,0.212523,0.203248,0.192501,0.179717,0.163724,0.141226,0.073543
74580,0.264621,0.264382,0.263666,0.262467,0.260782,0.258599,0.255908,0.252690,0.248926,0.244587,0.239636,0.234022,0.227681,0.220519,0.212404,0.203138,0.192400,0.179627,0.163647,0.141165,0.073494
74640,0.264452,0.264214,0.263498,0.262301,0.260617,0.258437,0.255748,0.252534,0.248774,0.244439,0.239492,0.233884,0.227549,0.220393,0.212286,0.203028,0.192300,0.179537,0.163569,0.141104,0.073445
74700,0.264283,0.264046,0.263330,0.262135,0.260452,0.258274,0.255588,0.252378,0.248621,0.244290,0.239348,0.233746,0.227417,0.220268,0.212168,0.202918,0.192199,0.179447,0.163492,0.141043,0.073396
74760,0.264116,0.263878,0.263163,0.261969,0.260288,0.258112,0.255429,0.252222,0.248469,0.244142,0.239205,0.233608,0.227285,0.220143,0.212051,0.202809,0.192099,0.179357,0.163415,0.140983,0.073348
74820,0.263948,0.263710,0.262997,0.261804,0.260125,0.257951,0.255270,0.252066,0.248317,0.243995,0.239063,0.233471,0.227154,0.220018,0.211933,0.202700,0.191999,0.179268,0.163339,0.140922,0.073299
74880,0.263781,0.263543,0.262830,0.261638,0.259961,0.257790,0.255112,0.251911,0.248166,0.243848,0.238920,0.233334,0.227022,0.219894,0.211816,0.202591,0.191900,0.179179,0.163262,0.140862,0.073251
74940,0.263614,0.263377,0.262665,0.261474,0.259798,0.257629,0.254954,0.251756,0.248014,0.243701,0.238778,0.233197,0.226891,0.219770,0.211699,0.202482,0.191800,0.179090,0.163186,0.140802,0.073203
75000,0.263447,0.263210,0.262499,0.261309,0.259635,0.257468,0.254796,0.251601,0.247863,0.243554,0.238636,0.233060,0.226761,0.219646,0.211583,0.202374,0.191701,0.179001,0.163109,0.140742,0.073155
75060,0.263281,0.263044,0.262334,0.261145,0.259473,0.257308,0.254638,0.251447,0.247713,0.243408,0.238494,0.232924,0.226631,0.219522,0.211466,0.202265,0.191602,0.178913,0.163033,0.140682,0.073107
75120,0.263115,0.262879,0.262169,0.260982,0.259311,0.257148,0.254481,0.251293,0.247562,0.243261,0.238353,0.232788,0.226500,0.219398,0.211350,0.202157,0.191503,0.178824,0.162957,0.140622,0.073060
75180,0.262949,0.262713,0.262004,0.260818,0.259149,0.256989,0.254324,0.251139,0.247412,0.243116,0.238212,0.232652,0.226371,0.219275,0.211234,0.202049,0.191404,0.178736,0.162881,0.140562,0.073012
75240,0.262784,0.262548,0.261840,0.260655,0.258988,0.256830,0.254168,0.250986,0.247263,0.242970,0.238071,0.232517,0.226241,0.219152,0.211118,0.201942,0.191305,0.178648,0.162806,0.140503,0.072965
75300,0.262619,0.262384,0.261676,0.260492,0.258827,0.256671,0.254012,0.250833,0.247113,0.242825,0.237931,0.232382,0.226112,0.219029,0.211003,0.201834,0.191207,0.178560,0.162730,0.140443,0.072918
75360,0.262455,0.262220,0.261512,0.260330,0.258666,0.256512,0.253856,0.250680,0.246964,0.242680,0.237791,0.232247,0.225983,0.218907,0.210887,0.201727,0.191109,0.178472,0.162655,0.140384,0.072871
75420,0.262291,0.262056,0.261349,0.260168,0.258506,0.256354,0.253700,0.250528,0.246816,0.242536,0.237651,0.232112,0.225854,0.218785,0.210772,0.201620,0.191011,0.178385,0.162579,0.140325,0.072824
75480,0.262127,0.261892,0.261186,0.260006,0.258346,0.256196,0.253545,0.250376,0.246667,0.242391,0.237511,0.231978,0.225726,0.218663,0.210658,0.201513,0.190913,0.178297,0.162504,0.140265,0.072777
75540,0.261963,0.261729,0.261024,0.259845,0.258186,0.256039,0.253390,0.250224,0.246519,0.242247,0.237372,0.231844,0.225597,0.218541,0.210543,0.201407,0.190816,0.178210,0.162429,0.140206,0.072731
75600,0.261800,0.261566,0.260862,0.259684,0.258027,0.255882,0.253236,0.250073,0.246371,0.242104,0.237233,0.231710,0.225469,0.218419,0.210429,0.201301,0.190718,0.178123,0.162355,0.140148,0.072684
75660,0.261637,0.261403,0.260700,0.259523,0.257868,0.255725,0.253081,0.249921,0.246224,0.241960,0.237094,0.231577,0.225342,0.218298,0.210315,0.201194,0.190621,0.178036,0.162280,0.140089,0.072638
75720,0.261475,0.261241,0.260538,0.259363,0.257709,0.255568,0.252927,0.249771,0.246077,0.241817,0.236956,0.231443,0.225214,0.218177,0.210201,0.201088,0.190524,0.177949,0.162205,0.140030,0.072592
75780,0.261313,0.261079,0.260377,0.259203,0.257551,0.255412,0.252774,0.249620,0.245930,0.241674,0.236818,0.231310,0.225087,0.218056,0.210087,0.200983,0.190428,0.177863,0.162131,0.139972,0.072546
75840,0.261151,0.260918,0.260216,0.259043,0.257393,0.255256,0.252620,0.249470,0.245783,0.241532,0.236680,0.231178,0.224960,0.217936,0.209974,0.200877,0.190331,0.177776,0.162057,0.139913,0.072500
75900,0.260990,0.260756,0.260056,0.258884,0.257235,0.255100,0.252467,0.249320,0.245637,0.241390,0.236542,0.231045,0.224833,0.217815,0.209860,0.200772,0.190235,0.177690,0.161983,0.139855,0.072454
75960,0.260828,0.260596,0.259896,0.258725,0.257078,0.254945,0.252315,0.249170,0.245491,0.241248,0.236405,0.230913,0.224707,0.217695,0.209747,0.200667,0.190138,0.177604,0.161909,0.139797,0.072409
76020,0.260668,0.260435,0.259736,0.258566,0.256921,0.254790,0.252162,0.249021,0.245345,0.241106,0.236268,0.230781,0.224581,0.217576,0.209635,0.200562,0.190042,0.177518,0.161835,0.139738,0.072363
76080,0.260507,0.260275,0.259576,0.258408,0.256764,0.254636,0.252010,0.248872,0.245199,0.240965,0.236131,0.230650,0.224455,0.217456,0.209522,0.200457,0.189947,0.177433,0.161761,0.139680,0.072318
76140,0.260347,0.260115,0.259417,0.258250,0.256608,0.254481,0.251859,0.248723,0.245054,0.240824,0.235994,0.230518,0.224329,0.217337,0.209410,0.200353,0.189851,0.177347,0.161688,0.139623,0.072273
76200,0.260187,0.259955,0.259258,0.258092,0.256452,0.254327,0.251707,0.248575,0.244910,0.240683,0.235858,0.230387,0.224204,0.217218,0.209298,0.200249,0.189755,0.177262,0.161615,0.139565,0.072228
76260,0.260028,0.259796,0.259100,0.257935,0.256296,0.254174,0.251556,0.248427,0.244765,0.240542,0.235722,0.230256,0.224079,0.217099,0.209186,0.200145,0.189660,0.177177,0.161541,0.139507,0.072183
76320,0.259869,0.259637,0.258941,0.257778,0.256140,0.254020,0.251405,0.248279,0.244621,0.240402,0.235587,0.230126,0.223954,0.216980,0.209074,0.200041,0.189565,0.177092,0.161468,0.139450,0.072139
76380,0.259710,0.259479,0.258783,0.257621,0.255985,0.253867,0.251255,0.248132,0.244477,0.240262,0.235451,0.229995,0.223829,0.216862,0.208963,0.199937,0.189470,0.177007,0.161395,0.139392,0.072094
76440,0.259551,0.259320,0.258626,0.257465,0.255830,0.253714,0.251105,0.247985,0.244333,0.240122,0.235316,0.229865,0.223705,0.216744,0.208852,0.199834,0.189376,0.176922,0.161323,0.139335,0.072050
76500,0.259393,0.259162,0.258469,0.257308,0.255676,0.253562,0.250955,0.247838,0.244190,0.239983,0.235181,0.229735,0.223581,0.216626,0.208741,0.199730,0.189281,0.176837,0.161250,0.139278,0.072005
76560,0.259235,0.259005,0.258312,0.257153,0.255522,0.253410,0.250805,0.247691,0.244047,0.239844,0.235047,0.229606,0.223457,0.216508,0.208630,0.199627,0.189187,0.176753,0.161177,0.139221,0.071961
76620,0.259078,0.258847,0.258155,0.256997,0.255368,0.253258,0.250656,0.247545,0.243904,0.239705,0.234912,0.229477,0.223333,0.216391,0.208520,0.199525,0.189093,0.176669,0.161105,0.139164,0.071917
76680,0.258921,0.258690,0.257999,0.256842,0.255214,0.253107,0.250507,0.247399,0.243761,0.239567,0.234778,0.229348,0.223210,0.216273,0.208409,0.199422,0.188999,0.176585,0.161033,0.139107,0.071873
76740,0.258764,0.258534,0.257843,0.256687,0.255061,0.252955,0.250358,0.247253,0.243619,0.239428,0.234645,0.229219,0.223086,0.216156,0.208299,0.199320,0.188905,0.176501,0.160961,0.139050,0.071830
76800,0.258607,0.258377,0.257687,0.256533,0.254908,0.252804,0.250210,0.247108,0.243477,0.239290,0.234511,0.229090,0.222963,0.216040,0.208189,0.199217,0.188811,0.176417,0.160889,0.138993,0.071786
76860,0.258451,0.258221,0.257532,0.256378,0.254755,0.252654,0.250062,0.246963,0.243336,0.239153,0.234378,0.228962,0.222841,0.215923,0.208080,0.199115,0.188718,0.176334,0.160817,0.138937,0.071743
76920,0.258295,0.258066,0.257377,0.256225,0.254603,0.252504,0.249914,0.246818,0.243194,0.239015,0.234245,0.228834,0.222718,0.215807,0.207970,0.199014,0.188624,0.176250,0.160745,0.138880,0.071699
76980,0.258139,0.257910,0.257222,0.256071,0.254451,0.252354,0.249766,0.246673,0.243053,0.238878,0.234112,0.228706,0.222596,0.215691,0.207861,0.198912,0.188531,0.176167,0.160674,0.138824,0.071656
77040,0.257984,0.257755,0.257068,0.255918,0.254299,0.252204,0.249619,0.246529,0.242912,0.238741,0.233980,0.228579,0.222474,0.215575,0.207752,0.198810,0.188439,0.176084,0.160602,0.138768,0.071613
77100,0.257829,0.257601,0.256914,0.255765,0.254148,0.252055,0.249472,0.246385,0.242772,0.238605,0.233848,0.228452,0.222352,0.215459,0.207643,0.198709,0.188346,0.176001,0.160531,0.138712,0.071570
77160,0.257675,0.257446,0.256760,0.255612,0.253997,0.251906,0.249326,0.246242,0.242632,0.238468,0.233716,0.228325,0.222231,0.215344,0.207534,0.198608,0.188253,0.175918,0.160460,0.138656,0.071527
77220,0.257520,0.257292,0.256606,0.255460,0.253846,0.251757,0.249180,0.246098,0.242492,0.238332,0.233584,0.228198,0.222110,0.215229,0.207426,0.198507,0.188161,0.175836,0.160389,0.138600,0.071485
77280,0.257366,0.257138,0.256453,0.255308,0.253696,0.251608,0.249034,0.245955,0.242352,0.238197,0.233453,0.228072,0.221989,0.215114,0.207318,0.198407,0.188069,0.175753,0.160318,0.138544,0.071442
77340,0.257212,0.256985,0.256300,0.255156,0.253545,0.251460,0.248888,0.245812,0.242213,0.238061,0.233321,0.227945,0.221868,0.214999,0.207210,0.198306,0.187977,0.175671,0.160247,0.138488,0.071400
77400,0.257059,0.256831,0.256148,0.255005,0.253396,0.251312,0.248742,0.245670,0.242074,0.237926,0.233191,0.227819,0.221747,0.214885,0.207102,0.198206,0.187885,0.175589,0.160177,0.138433,0.071358
77460,0.256906,0.256679,0.255996,0.254853,0.253246,0.251165,0.248597,0.245528,0.241935,0.237791,0.233060,0.227694,0.221627,0.214770,0.206995,0.198106,0.187793,0.175507,0.160106,0.138377,0.071316
77520,0.256753,0.256526,0.255844,0.254703,0.253097,0.251017,0.248452,0.245386,0.241796,0.237656,0.232930,0.227568,0.221507,0.214656,0.206887,0.198006,0.187702,0.175425,0.160036,0.138322,0.071274
77580,0.256601,0.256374,0.255692,0.254552,0.252948,0.250870,0.248308,0.245244,0.241658,0.237522,0.232800,0.227443,0.221387,0.214543,0.206780,0.197906,0.187611,0.175343,0.159966,0.138267,0.071232
77640,0.256448,0.256222,0.255541,0.254402,0.252799,0.250724,0.248164,0.245103,0.241520,0.237388,0.232670,0.227318,0.221268,0.214429,0.206673,0.197807,0.187519,0.175262,0.159896,0.138212,0.071190
77700,0.256296,0.256070,0.255390,0.254252,0.252651,0.250577,0.248020,0.244962,0.241382,0.237254,0.232540,0.227193,0.221148,0.214316,0.206567,0.197708,0.187429,0.175180,0.159826,0.138156,0.071148
77760,0.256145,0.255919,0.255239,0.254102,0.252503,0.250431,0.247876,0.244821,0.241245,0.237120,0.232411,0.227069,0.221029,0.214203,0.206460,0.197608,0.187338,0.175099,0.159756,0.138102,0.071107
77820,0.255994,0.255768,0.255089,0.253953,0.252355,0.250285,0.247733,0.244680,0.241108,0.236987,0.232282,0.226944,0.220910,0.214090,0.206354,0.197510,0.187247,0.175018,0.159686,0.138047,0.071066
77880,0.255843,0.255617,0.254938,0.253804,0.252207,0.250140,0.247589,0.244540,0.240971,0.236854,0.232153,0.226820,0.220792,0.213977,0.206248,0.197411,0.187157,0.174937,0.159617,0.137992,0.071024
77940,0.255692,0.255466,0.254789,0.253655,0.252060,0.249995,0.247447,0.244400,0.240834,0.236721,0.232024,0.226697,0.220673,0.213864,0.206142,0.197312,0.187066,0.174856,0.159547,0.137937,0.070983
78000,0.255542,0.255316,0.254639,0.253507,0.251913,0.249850,0.247304,0.244260,0.240698,0.236588,0.231896,0.226573,0.220555,0.213752,0.206036,0.197214,0.186976,0.174776,0.159478,0.137883,0.070942
78060,0.255392,0.255166,0.254490,0.253359,0.251767,0.249705,0.247162,0.244121,0.240561,0.236456,0.231768,0.226450,0.220437,0.213640,0.205931,0.197116,0.186886,0.174695,0.159409,0.137828,0.070901
78120,0.255242,0.255017,0.254341,0.253211,0.251620,0.249561,0.247020,0.243982,0.240426,0.236324,0.231640,0.226327,0.220319,0.213528,0.205825,0.197018,0.186797,0.174615,0.159340,0.137774,0.070861
78180,0.255092,0.254868,0.254192,0.253063,0.251474,0.249417,0.246878,0.243843,0.240290,0.236192,0.231513,0.226204,0.220202,0.213417,0.205720,0.196920,0.186707,0.174535,0.159271,0.137720,0.070820
78240,0.254943,0.254719,0.254044,0.252916,0.251329,0.249273,0.246737,0.243704,0.240155,0.236060,0.231385,0.226081,0.220085,0.213305,0.205615,0.196822,0.186618,0.174455,0.159202,0.137666,0.070780
78300,0.254794,0.254570,0.253896,0.252769,0.251183,0.249129,0.246596,0.243566,0.240020,0.235929,0.231258,0.225959,0.219968,0.213194,0.205511,0.196725,0.186529,0.174375,0.159133,0.137612,0.070739
78360,0.254646,0.254422,0.253748,0.252622,0.251038,0.248986,0.246455,0.243428,0.239885,0.235798,0.231131,0.225837,0.219851,0.213083,0.205406,0.196628,0.186439,0.174295,0.159065,0.137558,0.070699
78420,0.254497,0.254273,0.253601,0.252476,0.250893,0.248843,0.246314,0.243290,0.239750,0.235667,0.231005,0.225715,0.219734,0.212972,0.205302,0.196531,0.186351,0.174216,0.158996,0.137504,0.070659
78480,0.254349,0.254126,0.253454,0.252330,0.250748,0.248700,0.246174,0.243153,0.239616,0.235537,0.230878,0.225594,0.219618,0.212862,0.205198,0.196434,0.186262,0.174137,0.158928,0.137450,0.070619
78540,0.254202,0.253978,0.253307,0.252184,0.250604,0.248558,0.246034,0.243016,0.239482,0.235406,0.230752,0.225472,0.219502,0.212751,0.205094,0.196337,0.186173,0.174057,0.158860,0.137396,0.070579
78600,0.254054,0.253831,0.253160,0.252039,0.250460,0.248416,0.245894,0.242879,0.239348,0.235276,0.230627,0.225351,0.219386,0.212641,0.204990,0.196241,0.186085,0.173978,0.158792,0.137343,0.070539
78660,0.253907,0.253684,0.253014,0.251893,0.250316,0.248274,0.245755,0.242742,0.239215,0.235147,0.230501,0.225230,0.219270,0.212531,0.204887,0.196144,0.185997,0.173899,0.158724,0.137289,0.070500
78720,0.253760,0.253537,0.252868,0.251748,0.250173,0.248132,0.245615,0.242605,0.239082,0.235017,0.230376,0.225109,0.219154,0.212422,0.204783,0.196048,0.185909,0.173820,0.158656,0.137236,0.070460
78780,0.253614,0.253391,0.252722,0.251604,0.250030,0.247991,0.245476,0.242469,0.238949,0.234888,0.230250,0.224989,0.219039,0.212312,0.204680,0.195952,0.185821,0.173742,0.158589,0.137183,0.070421
78840,0.253467,0.253245,0.252577,0.251459,0.249887,0.247850,0.245338,0.242333,0.238816,0.234759,0.230126,0.224869,0.218924,0.212203,0.204577,0.195857,0.185733,0.173663,0.158521,0.137130,0.070382
78900,0.253321,0.253099,0.252432,0.251315,0.249744,0.247709,0.245199,0.242198,0.238684,0.234630,0.230001,0.224749,0.218809,0.212094,0.204475,0.195761,0.185645,0.173585,0.158454,0.137077,0.070342
78960,0.253176,0.252954,0.252287,0.251172,0.249602,0.247569,0.245061,0.242062,0.238552,0.234502,0.229877,0.224629,0.218695,0.211985,0.204372,0.195666,0.185558,0.173507,0.158387,0.137024,0.070303
79020,0.253030,0.252809,0.252142,0.251028,0.249460,0.247429,0.244923,0.241927,0.238420,0.234373,0.229752,0.224509,0.218580,0.211876,0.204270,0.195570,0.185471,0.173429,0.158319,0.136971,0.070265
79080,0.252885,0.252664,0.251998,0.250885,0.249318,0.247289,0.244786,0.241792,0.238288,0.234245,0.229629,0.224390,0.218466,0.211768,0.204168,0.195475,0.185384,0.173351,0.158252,0.136918,0.070226
79140,0.252740,0.252519,0.251854,0.250742,0.249176,0.247149,0.244648,0.241658,0.238157,0.234118,0.229505,0.224271,0.218352,0.211659,0.204066,0.195380,0.185297,0.173273,0.158185,0.136865,0.070187
79200,0.252596,0.252375,0.251710,0.250599,0.249035,0.247010,0.244511,0.241523,0.238025,0.233990,0.229381,0.224152,0.218238,0.211551,0.203964,0.195286,0.185210,0.173195,0.158119,0.136813,0.070148
79260,0.252452,0.252231,0.251567,0.250457,0.248894,0.246871,0.244375,0.241389,0.237895,0.233863,0.229258,0.224034,0.218125,0.211444,0.203863,0.195191,0.185123,0.173118,0.158052,0.136760,0.070110
79320,0.252308,0.252087,0.251424,0.250315,0.248754,0.246732,0.244238,0.241256,0.237764,0.233736,0.229135,0.223915,0.218012,0.211336,0.203761,0.195097,0.185037,0.173040,0.157986,0.136708,0.070072
79380,0.252164,0.251943,0.251281,0.250173,0.248613,0.246594,0.244102,0.241122,0.237633,0.233609,0.229013,0.223797,0.217899,0.211228,0.203660,0.195003,0.184951,0.172963,0.157919,0.136656,0.070033
79440,0.252020,0.251800,0.251138,0.250031,0.248473,0.246455,0.243966,0.240989,0.237503,0.233482,0.228890,0.223679,0.217786,0.211121,0.203559,0.194909,0.184864,0.172886,0.157853,0.136604,0.069995
79500,0.251877,0.251657,0.250996,0.249890,0.248333,0.246317,0.243830,0.240856,0.237373,0.233356,0.228768,0.223561,0.217673,0.211014,0.203458,0.194815,0.184778,0.172809,0.157787,0.136551,0.069957
79560,0.251734,0.251515,0.250854,0.249749,0.248194,0.246179,0.243695,0.240723,0.237244,0.233230,0.228646,0.223444,0.217561,0.210907,0.203358,0.194721,0.184693,0.172732,0.157721,0.136499,0.069919
79620,0.251592,0.251372,0.250712,0.249608,0.248054,0.246042,0.243559,0.240590,0.237114,0.233104,0.228524,0.223327,0.217448,0.210801,0.203257,0.194628,0.184607,0.172656,0.157655,0.136448,0.069882
79680,0.251449,0.251230,0.250571,0.249468,0.247915,0.245905,0.243424,0.240458,0.236985,0.232979,0.228402,0.223210,0.217336,0.210694,0.203157,0.194534,0.184521,0.172579,0.157589,0.136396,0.069844
79740,0.251307,0.251088,0.250429,0.249327,0.247776,0.245768,0.243290,0.240326,0.236856,0.232853,0.228281,0.223093,0.217225,0.210588,0.203057,0.194441,0.184436,0.172503,0.157523,0.136344,0.069806
79800,0.251166,0.250947,0.250288,0.249187,0.247638,0.245631,0.243155,0.240194,0.236728,0.232728,0.228160,0.222976,0.217113,0.210482,0.202957,0.194348,0.184351,0.172426,0.157458,0.136292,0.069769
79860,0.251024,0.250805,0.250148,0.249048,0.247500,0.245495,0.243021,0.240063,0.236599,0.232603,0.228039,0.222860,0.217002,0.210376,0.202857,0.194255,0.184266,0.172350,0.157392,0.136241,0.069732
79920,0.250883,0.250664,0.250007,0.248908,0.247362,0.245359,0.242887,0.239932,0.236471,0.232479,0.227919,0.222744,0.216890,0.210271,0.202758,0.194163,0.184181,0.172274,0.157327,0.136189,0.069695
79980,0.250742,0.250524,0.249867,0.248769,0.247224,0.245223,0.242754,0.239801,0.236343,0.232354,0.227798,0.222628,0.216779,0.210165,0.202659,0.194070,0.184096,0.172198,0.157261,0.136138,0.069657
80040,0.250601,0.250383,0.249727,0.248630,0.247086,0.245087,0.242620,0.239670,0.236216,0.232230,0.227678,0.222512,0.216669,0.210060,0.202559,0.193978,0.184012,0.172123,0.157196,0.136087,0.069620
80100,0.250461,0.250243,0.249588,0.248492,0.246949,0.244952,0.242487,0.239539,0.236088,0.232106,0.227558,0.222396,0.216558,0.209955,0.202461,0.193886,0.183927,0.172047,0.157131,0.136036,0.069584
80160,0.250321,0.250103,0.249448,0.248353,0.246812,0.244817,0.242354,0.239409,0.235961,0.231982,0.227438,0.222281,0.216448,0.209850,0.202362,0.193794,0.183843,0.171972,0.157067,0.135985,0.069547
80220,0.250181,0.249963,0.249309,0.248215,0.246676,0.244682,0.242221,0.239279,0.235834,0.231859,0.227319,0.222166,0.216338,0.209745,0.202263,0.193702,0.183759,0.171897,0.157002,0.135934,0.069510
80280,0.250041,0.249824,0.249170,0.248077,0.246539,0.244547,0.242089,0.239149,0.235707,0.231736,0.227200,0.222051,0.216228,0.209641,0.202165,0.193611,0.183675,0.171821,0.156937,0.135883,0.069474
80340,0.249902,0.249685,0.249032,0.247940,0.246403,0.244413,0.241957,0.239020,0.235581,0.231613,0.227080,0.221937,0.216118,0.209537,0.202067,0.193519,0.183591,0.171746,0.156873,0.135832,0.069437
80400,0.249763,0.249546,0.248894,0.247803,0.246267,0.244279,0.241825,0.238891,0.235455,0.231490,0.226962,0.221822,0.216008,0.209432,0.201969,0.193428,0.183508,0.171671,0.156808,0.135781,0.069401
80460,0.249624,0.249407,0.248756,0.247666,0.246132,0.244145,0.241693,0.238762,0.235329,0.231368,0.226843,0.221708,0.215899,0.209329,0.201871,0.193337,0.183424,0.171597,0.156744,0.135731,0.069364
80520,0.249486,0.249269,0.248618,0.247529,0.245996,0.244011,0.241562,0.238633,0.235203,0.231245,0.226725,0.221594,0.215790,0.209225,0.201773,0.193246,0.183341,0.171522,0.156680,0.135680,0.069328
80580,0.249347,0.249131,0.248480,0.247392,0.245861,0.243878,0.241431,0.238504,0.235077,0.231123,0.226607,0.221480,0.215681,0.209121,0.201676,0.193155,0.183258,0.171448,0.156616,0.135630,0.069292
80640,0.249209,0.248993,0.248343,0.247256,0.245726,0.243745,0.241300,0.238376,0.234952,0.231001,0.226489,0.221367,0.215572,0.209018,0.201578,0.193065,0.183175,0.171373,0.156552,0.135579,0.069256
80700,0.249072,0.248855,0.248206,0.247120,0.245592,0.243612,0.241169,0.238248,0.234827,0.230880,0.226371,0.221253,0.215464,0.208915,0.201481,0.192974,0.183092,0.171299,0.156488,0.135529,0.069221
80760,0.248934,0.248718,0.248069,0.246984,0.245457,0.243479,0.241039,0.238120,0.234702,0.230758,0.226253,0.221140,0.215355,0.208812,0.201384,0.192884,0.183009,0.171225,0.156424,0.135479,0.069185
80820,0.248797,0.248581,0.247933,0.246849,0.245323,0.243347,0.240909,0.237992,0.234578,0.230637,0.226136,0.221027,0.215247,0.208709,0.201287,0.192794,0.182926,0.171151,0.156360,0.135429,0.069149
80880,0.248660,0.248444,0.247797,0.246714,0.245189,0.243215,0.240779,0.237865,0.234453,0.230516,0.226019,0.220914,0.215139,0.208607,0.201191,0.192704,0.182844,0.171077,0.156297,0.135379,0.069114
80940,0.248523,0.248308,0.247661,0.246579,0.245056,0.243083,0.240649,0.237738,0.234329,0.230396,0.225902,0.220802,0.215032,0.208504,0.201094,0.192614,0.182762,0.171004,0.156234,0.135329,0.069078
81000,0.248387,0.248172,0.247525,0.246444,0.244922,0.242952,0.240520,0.237611,0.234205,0.230275,0.225786,0.220690,0.214924,0.208402,0.200998,0.192524,0.182680,0.170930,0.156170,0.135279,0.069043
81060,0.248251,0.248036,0.247390,0.246310,0.244789,0.242820,0.240391,0.237485,0.234082,0.230155,0.225669,0.220577,0.214817,0.208300,0.200902,0.192435,0.182598,0.170857,0.156107,0.135229,0.069008
81120,0.248115,0.247900,0.247255,0.246176,0.244657,0.242689,0.240262,0.237358,0.233958,0.230035,0.225553,0.220466,0.214710,0.208198,0.200806,0.192346,0.182516,0.170783,0.156044,0.135180,0.068973
81180,0.247979,0.247764,0.247120,0.246042,0.244524,0.242558,0.240133,0.237232,0.233835,0.229915,0.225437,0.220354,0.214603,0.208097,0.200711,0.192257,0.182434,0.170710,0.155981,0.135130,0.068938
81240,0.247844,0.247629,0.246985,0.245908,0.244392,0.242428,0.240005,0.237106,0.233712,0.229796,0.225321,0.220242,0.214496,0.207995,0.200615,0.192168,0.182352,0.170637,0.155918,0.135081,0.068903
81300,0.247708,0.247494,0.246851,0.245774,0.244260,0.242297,0.239876,0.236981,0.233589,0.229676,0.225206,0.220131,0.214390,0.207894,0.200520,0.192079,0.182271,0.170564,0.155855,0.135031,0.068868
81360,0.247574,0.247360,0.246717,0.245641,0.244128,0.242167,0.239748,0.236855,0.233467,0.229557,0.225090,0.220020,0.214283,0.207793,0.200424,0.191990,0.182190,0.170491,0.155793,0.134982,0.068833
81420,0.247439,0.247225,0.246583,0.245508,0.243996,0.242038,0.239621,0.236730,0.233345,0.229438,0.224975,0.219909,0.214177,0.207692,0.200329,0.191902,0.182109,0.170419,0.155730,0.134933,0.068799
81480,0.247304,0.247091,0.246449,0.245376,0.243865,0.241908,0.239493,0.236605,0.233223,0.229319,0.224860,0.219798,0.214071,0.207591,0.200235,0.191813,0.182028,0.170346,0.155668,0.134884,0.068764
81540,0.247170,0.246957,0.246316,0.245243,0.243734,0.241779,0.239366,0.236480,0.233101,0.229201,0.224746,0.219688,0.213965,0.207491,0.200140,0.191725,0.181947,0.170274,0.155606,0.134835,0.068730
81600,0.247036,0.246823,0.246183,0.245111,0.243603,0.241649,0.239239,0.236356,0.232979,0.229083,0.224631,0.219578,0.213860,0.207391,0.200045,0.191637,0.181866,0.170202,0.155543,0.134786,0.068696
81660,0.246903,0.246690,0.246050,0.244979,0.243472,0.241521,0.239112,0.236231,0.232858,0.228965,0.224517,0.219468,0.213755,0.207290,0.199951,0.191549,0.181786,0.170129,0.155481,0.134737,0.068661
81720,0.246769,0.246557,0.245917,0.244847,0.243342,0.241392,0.238986,0.236107,0.232737,0.228847,0.224403,0.219358,0.213649,0.207190,0.199857,0.191462,0.181705,0.170057,0.155419,0.134688,0.068627
81780,0.246636,0.246424,0.245785,0.244716,0.243212,0.241264,0.238859,0.235984,0.232616,0.228729,0.224289,0.219248,0.213544,0.207091,0.199763,0.191374,0.181625,0.169986,0.155358,0.134639,0.068593
81840,0.246503,0.246291,0.245653,0.244585,0.243082,0.241135,0.238733,0.235860,0.232495,0.228612,0.224175,0.219139,0.213440,0.206991,0.199669,0.191287,0.181545,0.169914,0.155296,0.134591,0.068559
81900,0.246371,0.246159,0.245521,0.244454,0.242952,0.241007,0.238607,0.235737,0.232375,0.228495,0.224062,0.219029,0.213335,0.206892,0.199575,0.191199,0.181465,0.169842,0.155234,0.134542,0.068526
81960,0.246238,0.246026,0.245389,0.244323,0.242823,0.240880,0.238482,0.235614,0.232254,0.228378,0.223949,0.218920,0.213231,0.206792,0.199482,0.191112,0.181385,0.169771,0.155173,0.134494,0.068492
82020,0.246106,0.245894,0.245258,0.244193,0.242694,0.240752,0.238356,0.235491,0.232134,0.228261,0.223836,0.218812,0.213126,0.206693,0.199388,0.191025,0.181305,0.169699,0.155111,0.134445,0.068458
82080,0.245974,0.245763,0.245126,0.244063,0.242565,0.240625,0.238231,0.235368,0.232015,0.228145,0.223723,0.218703,0.213022,0.206594,0.199295,0.190939,0.181226,0.169628,0.155050,0.134397,0.068425
82140,0.245843,0.245631,0.244996,0.243933,0.242436,0.240498,0.238106,0.235246,0.231895,0.228028,0.223610,0.218594,0.212918,0.206496,0.199202,0.190852,0.181146,0.169557,0.154989,0.134349,0.068391
82200,0.245711,0.245500,0.244865,0.243803,0.242308,0.240371,0.237982,0.235123,0.231776,0.227912,0.223498,0.218486,0.212815,0.206397,0.199109,0.190766,0.181067,0.169486,0.154927,0.134301,0.068358
82260,0.245580,0.245369,0.244734,0.243673,0.242180,0.240245,0.237857,0.235001,0.231657,0.227796,0.223386,0.218378,0.212711,0.206299,0.199017,0.190679,0.180988,0.169415,0.154866,0.134253,0.068325
82320,0.245449,0.245238,0.244604,0.243544,0.242052,0.240119,0.237733,0.234880,0.231538,0.227681,0.223274,0.218270,0.212608,0.206201,0.198924,0.190593,0.180909,0.169344,0.154806,0.134205,0.068292
82380,0.245318,0.245108,0.244474,0.243415,0.241924,0.239993,0.237609,0.234758,0.231419,0.227565,0.223162,0.218163,0.212505,0.206103,0.198832,0.190507,0.180830,0.169274,0.154745,0.134157,0.068258
82440,0.245188,0.244977,0.244345,0.243286,0.241796,0.239867,0.237485,0.234637,0.231300,0.227450,0.223050,0.218055,0.212402,0.206005,0.198740,0.190421,0.180751,0.169203,0.154684,0.134109,0.068226
82500,0.245058,0.244847,0.244215,0.243158,0.241669,0.239741,0.237362,0.234516,0.231182,0.227335,0.222939,0.217948,0.212299,0.205907,0.198648,0.190335,0.180673,0.169133,0.154623,0.134061,0.068193
82560,0.244928,0.244718,0.244086,0.243029,0.241542,0.239616,0.237238,0.234395,0.231064,0.227220,0.222828,0.217841,0.212197,0.205810,0.198556,0.190250,0.180594,0.169062,0.154563,0.134014,0.068160
82620,0.244798,0.244588,0.243957,0.242901,0.241415,0.239491,0.237115,0.234274,0.230946,0.227105,0.222717,0.217734,0.212094,0.205712,0.198464,0.190165,0.180516,0.168992,0.154503,0.133966,0.068127
82680,0.244669,0.244459,0.243828,0.242774,0.241289,0.239366,0.236993,0.234154,0.230829,0.226991,0.222606,0.217627,0.211992,0.205615,0.198373,0.190079,0.180438,0.168922,0.154442,0.133919,0.068095
82740,0.244539,0.244330,0.243700,0.242646,0.241163,0.239241,0.236870,0.234033,0.230711,0.226877,0.222495,0.217521,0.211890,0.205518,0.198281,0.189994,0.180360,0.168852,0.154382,0.133871,0.068062
82800,0.244410,0.244201,0.243571,0.242519,0.241036,0.239117,0.236748,0.233913,0.230594,0.226763,0.222385,0.217414,0.211788,0.205421,0.198190,0.189909,0.180282,0.168782,0.154322,0.133824,0.068030
82860,0.244282,0.244072,0.243443,0.242391,0.240911,0.238992,0.236625,0.233794,0.230477,0.226649,0.222275,0.217308,0.211687,0.205325,0.198099,0.189824,0.180204,0.168713,0.154262,0.133777,0.067997
82920,0.244153,0.243944,0.243316,0.242265,0.240785,0.238869,0.236503,0.233674,0.230360,0.226535,0.222165,0.217202,0.211585,0.205228,0.198008,0.189740,0.180126,0.168643,0.154202,0.133729,0.067965
82980,0.244025,0.243816,0.243188,0.242138,0.240660,0.238745,0.236382,0.233555,0.230244,0.226422,0.222055,0.217096,0.211484,0.205132,0.197917,0.189655,0.180049,0.168574,0.154142,0.133682,0.067933
83040,0.243897,0.243688,0.243061,0.242011,0.240534,0.238621,0.236260,0.233436,0.230127,0.226309,0.221945,0.216991,0.211383,0.205036,0.197827,0.189571,0.179971,0.168504,0.154083,0.133635,0.067901
83100,0.243769,0.243560,0.242934,0.241885,0.240410,0.238498,0.236139,0.233317,0.230011,0.226196,0.221836,0.216885,0.211282,0.204940,0.197737,0.189487,0.179894,0.168435,0.154023,0.133588,0.067869
83160,0.243641,0.243433,0.242807,0.241759,0.240285,0.238375,0.236018,0.233198,0.229895,0.226083,0.221727,0.216780,0.211181,0.204844,0.197646,0.189403,0.179817,0.168366,0.153964,0.133542,0.067837
83220,0.243514,0.243306,0.242680,0.241634,0.240160,0.238252,0.235897,0.233080,0.229780,0.225971,0.221618,0.216675,0.211081,0.204749,0.197556,0.189319,0.179740,0.168297,0.153904,0.133495,0.067805
83280,0.243387,0.243179,0.242554,0.241508,0.240036,0.238129,0.235776,0.232961,0.229664,0.225858,0.221509,0.216570,0.210980,0.204653,0.197466,0.189235,0.179663,0.168228,0.153845,0.133448,0.067774
83340,0.243260,0.243052,0.242427,0.241383,0.239912,0.238007,0.235656,0.232843,0.229549,0.225746,0.221400,0.216466,0.210880,0.204558,0.197377,0.189151,0.179587,0.168160,0.153786,0.133402,0.067742
83400,0.243133,0.242926,0.242302,0.241258,0.239788,0.237885,0.235536,0.232725,0.229434,0.225634,0.221292,0.216361,0.210780,0.204463,0.197287,0.189068,0.179510,0.168091,0.153727,0.133355,0.067711
83460,0.243007,0.242799,0.242176,0.241133,0.239665,0.237763,0.235416,0.232608,0.229319,0.225522,0.221184,0.216257,0.210680,0.204368,0.197197,0.188984,0.179434,0.168023,0.153668,0.133309,0.067679
83520,0.242881,0.242673,0.242050,0.241008,0.239541,0.237641,0.235296,0.232490,0.229204,0.225411,0.221076,0.216153,0.210581,0.204273,0.197108,0.188901,0.179357,0.167954,0.153609,0.133262,0.067648
83580,0.242755,0.242548,0.241925,0.240884,0.239418,0.237520,0.235176,0.232373,0.229090,0.225299,0.220968,0.216049,0.210481,0.204179,0.197019,0.188818,0.179281,0.167886,0.153550,0.133216,0.067617
83640,0.242629,0.242422,0.241800,0.240760,0.239295,0.237398,0.235057,0.232256,0.228975,0.225188,0.220860,0.215945,0.210382,0.204084,0.196930,0.188735,0.179205,0.167818,0.153491,0.133170,0.067586
83700,0.242503,0.242297,0.241675,0.240636,0.239173,0.237277,0.234938,0.232139,0.228861,0.225077,0.220753,0.215842,0.210283,0.203990,0.196841,0.188653,0.179129,0.167750,0.153433,0.133124,0.067554
83760,0.242378,0.242172,0.241551,0.240512,0.239050,0.237156,0.234819,0.232023,0.228747,0.224967,0.220646,0.215739,0.210184,0.203896,0.196753,0.188570,0.179053,0.167682,0.153374,0.133077,0.067523
83820,0.242253,0.242047,0.241426,0.240389,0.238928,0.237036,0.234700,0.231906,0.228634,0.224856,0.220538,0.215635,0.210085,0.203802,0.196664,0.188487,0.178978,0.167614,0.153316,0.133031,0.067493
83880,0.242128,0.241922,0.241302,0.240265,0.238806,0.236915,0.234582,0.231790,0.228520,0.224746,0.220432,0.215532,0.209986,0.203708,0.196576,0.188405,0.178902,0.167546,0.153258,0.132986,0.067462
83940,0.242004,0.241798,0.241178,0.240142,0.238684,0.236795,0.234464,0.231674,0.228407,0.224635,0.220325,0.215430,0.209888,0.203615,0.196487,0.188323,0.178827,0.167479,0.153199,0.132940,0.067431
84000,0.241879,0.241673,0.241055,0.240020,0.238563,0.236675,0.234346,0.231559,0.228294,0.224525,0.220218,0.215327,0.209790,0.203521,0.196399,0.188241,0.178752,0.167411,0.153141,0.132894,0.067400
84060,0.241755,0.241549,0.240931,0.239897,0.238441,0.236555,0.234228,0.231443,0.228181,0.224416,0.220112,0.215225,0.209692,0.203428,0.196311,0.188159,0.178676,0.167344,0.153083,0.132848,0.067370
84120,0.241631,0.241426,0.240808,0.239775,0.238320,0.236436,0.234110,0.231328,0.228069,0.224306,0.220006,0.215122,0.209594,0.203335,0.196224,0.188077,0.178601,0.167277,0.153025,0.132803,0.067339
84180,0.241507,0.241302,0.240685,0.239652,0.238199,0.236316,0.233993,0.231213,0.227956,0.224197,0.219900,0.215020,0.209496,0.203242,0.196136,0.187996,0.178527,0.167210,0.152968,0.132757,0.067309
84240,0.241384,0.241179,0.240562,0.239530,0.238078,0.236197,0.233876,0.231098,0.227844,0.224088,0.219794,0.214918,0.209398,0.203149,0.196049,0.187914,0.178452,0.167143,0.152910,0.132712,0.067279
84300,0.241261,0.241056,0.240439,0.239409,0.237958,0.236078,0.233759,0.230983,0.227732,0.223979,0.219689,0.214817,0.209301,0.203056,0.195961,0.187833,0.178377,0.167076,0.152852,0.132666,0.067248
84360,0.241138,0.240933,0.240317,0.239287,0.237838,0.235960,0.233642,0.230869,0.227620,0.223870,0.219583,0.214715,0.209204,0.202964,0.195874,0.187751,0.178303,0.167009,0.152795,0.132621,0.067218
84420,0.241015,0.240810,0.240195,0.239166,0.237718,0.235841,0.233525,0.230754,0.227508,0.223761,0.219478,0.214614,0.209107,0.202872,0.195787,0.187670,0.178228,0.166942,0.152737,0.132576,0.067188
84480,0.240892,0.240688,0.240073,0.239045,0.237598,0.235723,0.233409,0.230640,0.227397,0.223653,0.219373,0.214513,0.209010,0.202780,0.195700,0.187589,0.178154,0.166876,0.152680,0.132531,0.067158
84540,0.240770,0.240565,0.239951,0.238924,0.237478,0.235605,0.233293,0.230526,0.227286,0.223544,0.219268,0.214412,0.208913,0.202688,0.195614,0.187509,0.178080,0.166809,0.152623,0.132485,0.067128
84600,0.240648,0.240443,0.239830,0.238803,0.237359,0.235487,0.233177,0.230413,0.227175,0.223436,0.219164,0.214311,0.208816,0.202596,0.195527,0.187428,0.178006,0.166743,0.152566,0.132440,0.067099
84660,0.240526,0.240322,0.239709,0.238683,0.237239,0.235369,0.233061,0.230299,0.227064,0.223329,0.219059,0.214210,0.208720,0.202504,0.195441,0.187347,0.177932,0.166677,0.152509,0.132396,0.067069
84720,0.240404,0.240200,0.239588,0.238563,0.237120,0.235252,0.232945,0.230186,0.226953,0.223221,0.218955,0.214110,0.208624,0.202413,0.195354,0.187267,0.177858,0.166611,0.152452,0.132351,0.067039
84780,0.240282,0.240079,0.239467,0.238443,0.237002,0.235135,0.232830,0.230073,0.226843,0.223113,0.218851,0.214009,0.208528,0.202321,0.195268,0.187187,0.177785,0.166545,0.152395,0.132306,0.067010
84840,0.240161,0.239958,0.239346,0.238323,0.236883,0.235017,0.232715,0.229960,0.226732,0.223006,0.218747,0.213909,0.208432,0.202230,0.195182,0.187107,0.177711,0.166479,0.152338,0.132261,0.066980
84900,0.240040,0.239837,0.239226,0.238204,0.236765,0.234901,0.232600,0.229847,0.226622,0.222899,0.218643,0.213809,0.208336,0.202139,0.195097,0.187027,0.177638,0.166413,0.152281,0.132216,0.066951
84960,0.239919,0.239716,0.239105,0.238084,0.236647,0.234784,0.232485,0.229735,0.226512,0.222792,0.218540,0.213710,0.208241,0.202048,0.195011,0.186947,0.177564,0.166347,0.152225,0.132172,0.066921
85020,0.239798,0.239596,0.238985,0.237965,0.236529,0.234668,0.232371,0.229622,0.226403,0.222685,0.218436,0.213610,0.208145,0.201957,0.194925,0.186867,0.177491,0.166282,0.152168,0.132127,0.066892
85080,0.239678,0.239475,0.238866,0.237846,0.236411,0.234551,0.232256,0.229510,0.226293,0.222579,0.218333,0.213510,0.208050,0.201867,0.194840,0.186788,0.177418,0.166216,0.152112,0.132083,0.066863
85140,0.239558,0.239355,0.238746,0.237727,0.236293,0.234435,0.232142,0.229398,0.226184,0.222472,0.218230,0.213411,0.207955,0.201776,0.194755,0.186708,0.177345,0.166151,0.152056,0.132039,0.066834
85200,0.239438,0.239235,0.238627,0.237609,0.236176,0.234320,0.232028,0.229287,0.226075,0.222366,0.218127,0.213312,0.207860,0.201686,0.194670,0.186629,0.177273,0.166086,0.151999,0.131994,0.066805
85260,0.239318,0.239116,0.238508,0.237491,0.236059,0.234204,0.231915,0.229175,0.225966,0.222260,0.218025,0.213213,0.207765,0.201596,0.194585,0.186550,0.177200,0.166021,0.151943,0.131950,0.066776
85320,0.239198,0.238996,0.238389,0.237373,0.235942,0.234089,0.231801,0.229064,0.225857,0.222154,0.217922,0.213114,0.207671,0.201506,0.194500,0.186471,0.177127,0.165956,0.151887,0.131906,0.066747
85380,0.239079,0.238877,0.238270,0.237255,0.235825,0.233973,0.231688,0.228953,0.225748,0.222049,0.217820,0.213016,0.207576,0.201416,0.194415,0.186392,0.177055,0.165891,0.151831,0.131862,0.066718
85440,0.238960,0.238758,0.238152,0.237137,0.235709,0.233858,0.231575,0.228842,0.225640,0.221943,0.217718,0.212917,0.207482,0.201327,0.194331,0.186313,0.176983,0.165826,0.151776,0.131818,0.066690
85500,0.238841,0.238639,0.238033,0.237020,0.235592,0.233744,0.231462,0.228731,0.225532,0.221838,0.217616,0.212819,0.207388,0.201237,0.194246,0.186234,0.176911,0.165761,0.151720,0.131774,0.066661
85560,0.238722,0.238521,0.237915,0.236902,0.235476,0.233629,0.231349,0.228620,0.225424,0.221733,0.217514,0.212721,0.207294,0.201148,0.194162,0.186156,0.176839,0.165697,0.151664,0.131730,0.066632
85620,0.238604,0.238402,0.237797,0.236785,0.235361,0.233515,0.231236,0.228510,0.225316,0.221628,0.217412,0.212623,0.207200,0.201059,0.194078,0.186077,0.176767,0.165632,0.151609,0.131686,0.066604
85680,0.238485,0.238284,0.237680,0.236668,0.235245,0.233401,0.231124,0.228400,0.225208,0.221524,0.217311,0.212526,0.207106,0.200969,0.193994,0.185999,0.176695,0.165568,0.151553,0.131642,0.066576
85740,0.238367,0.238166,0.237562,0.236552,0.235129,0.233287,0.231012,0.228290,0.225101,0.221419,0.217210,0.212428,0.207013,0.200881,0.193910,0.185921,0.176623,0.165503,0.151498,0.131599,0.066547
85800,0.238249,0.238048,0.237445,0.236435,0.235014,0.233173,0.230900,0.228180,0.224994,0.221315,0.217109,0.212331,0.206920,0.200792,0.193827,0.185843,0.176552,0.165439,0.151442,0.131555,0.066519
85860,0.238132,0.237931,0.237328,0.236319,0.234899,0.233059,0.230788,0.228071,0.224887,0.221210,0.217008,0.212233,0.206827,0.200703,0.193743,0.185765,0.176480,0.165375,0.151387,0.131512,0.066491
85920,0.238014,0.237814,0.237211,0.236203,0.234784,0.232946,0.230677,0.227961,0.224780,0.221107,0.216907,0.212136,0.206734,0.200615,0.193660,0.185687,0.176409,0.165311,0.151332,0.131468,0.066463
85980,0.237897,0.237696,0.237094,0.236087,0.234669,0.232833,0.230565,0.227852,0.224673,0.221003,0.216807,0.212039,0.206641,0.200527,0.193576,0.185610,0.176338,0.165247,0.151277,0.131425,0.066435
86040,0.237780,0.237579,0.236978,0.235972,0.234555,0.232720,0.230454,0.227743,0.224567,0.220899,0.216706,0.211943,0.206548,0.200438,0.193493,0.185532,0.176266,0.165184,0.151222,0.131382,0.066407
86100,0.237663,0.237463,0.236862,0.235856,0.234441,0.232607,0.230343,0.227634,0.224460,0.220796,0.216606,0.211846,0.206456,0.200350,0.193410,0.185455,0.176195,0.165120,0.151167,0.131338,0.066379
86160,0.237546,0.237346,0.236746,0.235741,0.234327,0.232494,0.230232,0.227526,0.224354,0.220692,0.216506,0.211750,0.206363,0.200263,0.193327,0.185378,0.176125,0.165056,0.151112,0.131295,0.066351
86220,0.237430,0.237230,0.236630,0.235626,0.234213,0.232382,0.230122,0.227417,0.224248,0.220589,0.216406,0.211653,0.206271,0.200175,0.193245,0.185301,0.176054,0.164993,0.151058,0.131252,0.066323
86280,0.237313,0.237114,0.236514,0.235511,0.234099,0.232270,0.230011,0.227309,0.224143,0.220486,0.216306,0.211557,0.206179,0.200087,0.193162,0.185224,0.175983,0.164930,0.151003,0.131209,0.066296
86340,0.237197,0.236998,0.236399,0.235397,0.233986,0.232158,0.229901,0.227201,0.224037,0.220384,0.216207,0.211461,0.206087,0.200000,0.193080,0.185147,0.175913,0.164866,0.150949,0.131166,0.066268
86400,0.237081,0.236882,0.236283,0.235282,0.233872,0.232046,0.229791,0.227093,0.223932,0.220281,0.216107,0.211366,0.205995,0.199913,0.192998,0.185070,0.175842,0.164803,0.150894,0.131123,0.066241
86460,0.236966,0.236767,0.236168,0.235168,0.233759,0.231934,0.229681,0.226985,0.223826,0.220179,0.216008,0.211270,0.205904,0.199825,0.192915,0.184994,0.175772,0.164740,0.150840,0.131080,0.066213
86520,0.236850,0.236651,0.236054,0.235054,0.233646,0.231823,0.229572,0.226878,0.223721,0.220076,0.215909,0.211175,0.205812,0.199739,0.192833,0.184917,0.175702,0.164677,0.150786,0.131038,0.066186
86580,0.236735,0.236536,0.235939,0.234940,0.233534,0.231711,0.229462,0.226770,0.223616,0.219974,0.215810,0.211079,0.205721,0.199652,0.192752,0.184841,0.175632,0.164614,0.150731,0.130995,0.066159
86640,0.236620,0.236421,0.235825,0.234826,0.233421,0.231600,0.229353,0.226663,0.223512,0.219873,0.215712,0.210984,0.205630,0.199565,0.192670,0.184765,0.175562,0.164552,0.150677,0.130952,0.066132
86700,0.236505,0.236307,0.235710,0.234713,0.233309,0.231489,0.229244,0.226556,0.223407,0.219771,0.215613,0.210889,0.205539,0.199479,0.192588,0.184689,0.175492,0.164489,0.150623,0.130910,0.066104
86760,0.236390,0.236192,0.235596,0.234600,0.233197,0.231379,0.229135,0.226449,0.223303,0.219669,0.215515,0.210795,0.205448,0.199392,0.192507,0.184613,0.175422,0.164426,0.150569,0.130867,0.066077
86820,0.236276,0.236078,0.235482,0.234487,0.233085,0.231268,0.229026,0.226343,0.223199,0.219568,0.215417,0.210700,0.205358,0.199306,0.192425,0.184537,0.175353,0.164364,0.150516,0.130825,0.066050
86880,0.236161,0.235964,0.235369,0.234374,0.232973,0.231158,0.228918,0.226236,0.223095,0.219467,0.215319,0.210606,0.205267,0.199220,0.192344,0.184461,0.175283,0.164302,0.150462,0.130782,0.066023
86940,0.236047,0.235850,0.235255,0.234261,0.232861,0.231048,0.228809,0.226130,0.222991,0.219366,0.215221,0.210511,0.205177,0.199134,0.192263,0.184386,0.175214,0.164239,0.150408,0.130740,0.065997
87000,0.235933,0.235736,0.235142,0.234149,0.232750,0.230938,0.228701,0.226024,0.222887,0.219265,0.215123,0.210417,0.205086,0.199048,0.192182,0.184310,0.175145,0.164177,0.150355,0.130698,0.065970
87060,0.235820,0.235622,0.235029,0.234036,0.232639,0.230828,0.228593,0.225918,0.222784,0.219164,0.215026,0.210323,0.204996,0.198962,0.192101,0.184235,0.175075,0.164115,0.150301,0.130656,0.065943
87120,0.235706,0.235509,0.234916,0.233924,0.232528,0.230719,0.228485,0.225813,0.222681,0.219064,0.214928,0.210229,0.204907,0.198877,0.192021,0.184160,0.175006,0.164053,0.150248,0.130614,0.065916
87180,0.235593,0.235396,0.234803,0.233812,0.232417,0.230609,0.228378,0.225707,0.222578,0.218963,0.214831,0.210136,0.204817,0.198791,0.191940,0.184085,0.174937,0.163992,0.150195,0.130572,0.065890
87240,0.235480,0.235283,0.234691,0.233701,0.232307,0.230500,0.228270,0.225602,0.222475,0.218863,0.214734,0.210042,0.204727,0.198706,0.191860,0.184010,0.174869,0.163930,0.150141,0.130530,0.065863
87300,0.235367,0.235170,0.234579,0.233589,0.232196,0.230391,0.228163,0.225497,0.222372,0.218763,0.214637,0.209949,0.204638,0.198621,0.191780,0.183935,0.174800,0.163868,0.150088,0.130488,0.065837
87360,0.235254,0.235058,0.234467,0.233478,0.232086,0.230282,0.228056,0.225392,0.222269,0.218664,0.214541,0.209855,0.204548,0.198536,0.191700,0.183860,0.174731,0.163807,0.150035,0.130446,0.065811
87420,0.235142,0.234945,0.234355,0.233367,0.231976,0.230174,0.227949,0.225287,0.222167,0.218564,0.214444,0.209762,0.204459,0.198451,0.191620,0.183785,0.174663,0.163745,0.149982,0.130404,0.065784
87480,0.235029,0.234833,0.234243,0.233256,0.231866,0.230065,0.227842,0.225182,0.222065,0.218464,0.214348,0.209670,0.204370,0.198367,0.191540,0.183711,0.174594,0.163684,0.149929,0.130362,0.065758
87540,0.234917,0.234721,0.234131,0.233145,0.231756,0.229957,0.227736,0.225078,0.221963,0.218365,0.214251,0.209577,0.204281,0.198282,0.191460,0.183637,0.174526,0.163623,0.149876,0.130321,0.065732
87600,0.234805,0.234609,0.234020,0.233035,0.231647,0.229849,0.227630,0.224973,0.221861,0.218266,0.214155,0.209484,0.204193,0.198198,0.191380,0.183562,0.174458,0.163561,0.149824,0.130279,0.065706
87660,0.234693,0.234498,0.233909,0.232924,0.231538,0.229741,0.227523,0.224869,0.221759,0.218167,0.214059,0.209392,0.204104,0.198113,0.191301,0.183488,0.174390,0.163500,0.149771,0.130238,0.065680
87720,0.234582,0.234386,0.233798,0.232814,0.231429,0.229634,0.227418,0.224765,0.221658,0.218068,0.213964,0.209300,0.204016,0.198029,0.191221,0.183414,0.174322,0.163439,0.149718,0.130196,0.065654
87780,0.234470,0.234275,0.233687,0.232704,0.231320,0.229526,0.227312,0.224662,0.221556,0.217969,0.213868,0.209207,0.203927,0.197945,0.191142,0.183340,0.174254,0.163379,0.149666,0.130155,0.065628
87840,0.234359,0.234164,0.233577,0.232594,0.231211,0.229419,0.227206,0.224558,0.221455,0.217871,0.213773,0.209115,0.203839,0.197861,0.191063,0.183267,0.174186,0.163318,0.149614,0.130113,0.065602
87900,0.234248,0.234053,0.233466,0.232485,0.231102,0.229312,0.227101,0.224455,0.221354,0.217773,0.213677,0.209024,0.203751,0.197778,0.190984,0.183193,0.174119,0.163257,0.149561,0.130072,0.065576
87960,0.234137,0.233942,0.233356,0.232375,0.230994,0.229205,0.226995,0.224351,0.221253,0.217675,0.213582,0.208932,0.203663,0.197694,0.190905,0.183119,0.174051,0.163197,0.149509,0.130031,0.065551
88020,0.234027,0.233832,0.233246,0.232266,0.230886,0.229098,0.226890,0.224248,0.221152,0.217577,0.213487,0.208840,0.203576,0.197611,0.190827,0.183046,0.173984,0.163136,0.149457,0.129990,0.065525
88080,0.233916,0.233722,0.233136,0.232157,0.230778,0.228991,0.226785,0.224146,0.221052,0.217479,0.213393,0.208749,0.203488,0.197527,0.190748,0.182973,0.173917,0.163076,0.149405,0.129949,0.065500
88140,0.233806,0.233611,0.233026,0.232048,0.230670,0.228885,0.226681,0.224043,0.220951,0.217381,0.213298,0.208658,0.203401,0.197444,0.190670,0.182900,0.173849,0.163015,0.149353,0.129908,0.065474
88200,0.233696,0.233502,0.232917,0.231939,0.230562,0.228779,0.226576,0.223940,0.220851,0.217284,0.213204,0.208567,0.203314,0.197361,0.190591,0.182827,0.173782,0.162955,0.149301,0.129867,0.065449
88260,0.233586,0.233392,0.232808,0.231831,0.230455,0.228672,0.226472,0.223838,0.220751,0.217186,0.213109,0.208476,0.203226,0.197278,0.190513,0.182754,0.173715,0.162895,0.149249,0.129826,0.065423
88320,0.233476,0.233282,0.232699,0.231722,0.230348,0.228567,0.226368,0.223736,0.220651,0.217089,0.213015,0.208385,0.203139,0.197195,0.190435,0.182681,0.173649,0.162835,0.149197,0.129785,0.065398
88380,0.233367,0.233173,0.232590,0.231614,0.230241,0.228461,0.226264,0.223634,0.220552,0.216992,0.212921,0.208294,0.203053,0.197113,0.190357,0.182608,0.173582,0.162775,0.149146,0.129744,0.065373
88440,0.233258,0.233064,0.232481,0.231506,0.230134,0.228355,0.226160,0.223532,0.220452,0.216895,0.212827,0.208204,0.202966,0.197030,0.190279,0.182536,0.173515,0.162715,0.149094,0.129704,0.065348
88500,0.233148,0.232955,0.232372,0.231398,0.230027,0.228250,0.226056,0.223430,0.220353,0.216798,0.212734,0.208114,0.202879,0.196948,0.190202,0.182463,0.173449,0.162656,0.149043,0.129663,0.065323
88560,0.233039,0.232846,0.232264,0.231291,0.229920,0.228145,0.225953,0.223329,0.220254,0.216702,0.212640,0.208023,0.202793,0.196866,0.190124,0.182391,0.173382,0.162596,0.148991,0.129622,0.065298
88620,0.232931,0.232737,0.232156,0.231183,0.229814,0.228040,0.225849,0.223227,0.220155,0.216606,0.212547,0.207933,0.202707,0.196784,0.190047,0.182319,0.173316,0.162537,0.148940,0.129582,0.065273
88680,0.232822,0.232629,0.232048,0.231076,0.229708,0.227935,0.225746,0.223126,0.220056,0.216509,0.212453,0.207844,0.202621,0.196702,0.189969,0.182246,0.173250,0.162477,0.148888,0.129541,0.065248
88740,0.232714,0.232521,0.231940,0.230969,0.229602,0.227830,0.225643,0.223025,0.219957,0.216413,0.212360,0.207754,0.202535,0.196620,0.189892,0.182174,0.173183,0.162418,0.148837,0.129501,0.065223
88800,0.232605,0.232412,0.231832,0.230862,0.229496,0.227726,0.225540,0.222924,0.219859,0.216317,0.212267,0.207664,0.202449,0.196538,0.189815,0.182103,0.173117,0.162358,0.148786,0.129461,0.065198
88860,0.232497,0.232305,0.231725,0.230755,0.229390,0.227622,0.225438,0.222824,0.219760,0.216222,0.212175,0.207575,0.202363,0.196457,0.189738,0.182031,0.173052,0.162299,0.148735,0.129420,0.065174
88920,0.232390,0.232197,0.231618,0.230649,0.229285,0.227517,0.225335,0.222723,0.219662,0.216126,0.212082,0.207486,0.202277,0.196375,0.189661,0.181959,0.172986,0.162240,0.148684,0.129380,0.065149
88980,0.232282,0.232089,0.231511,0.230543,0.229180,0.227413,0.225233,0.222623,0.219564,0.216031,0.211989,0.207396,0.202192,0.196294,0.189585,0.181888,0.172920,0.162181,0.148633,0.129340,0.065124
89040,0.232174,0.231982,0.231404,0.230436,0.229074,0.227310,0.225131,0.222523,0.219466,0.215935,0.211897,0.207307,0.202107,0.196213,0.189508,0.181816,0.172854,0.162122,0.148582,0.129300,0.065100
89100,0.232067,0.231875,0.231297,0.230330,0.228969,0.227206,0.225029,0.222423,0.219368,0.215840,0.211805,0.207219,0.202021,0.196132,0.189432,0.181745,0.172789,0.162064,0.148532,0.129260,0.065075
89160,0.231960,0.231768,0.231190,0.230225,0.228865,0.227103,0.224927,0.222323,0.219271,0.215745,0.211713,0.207130,0.201936,0.196051,0.189355,0.181674,0.172723,0.162005,0.148481,0.129220,0.065051
89220,0.231853,0.231661,0.231084,0.230119,0.228760,0.226999,0.224825,0.222223,0.219173,0.215650,0.211621,0.207041,0.201852,0.195970,0.189279,0.181603,0.172658,0.161946,0.148431,0.129180,0.065027
89280,0.231746,0.231554,0.230978,0.230013,0.228656,0.226896,0.224724,0.222124,0.219076,0.215556,0.211529,0.206953,0.201767,0.195889,0.189203,0.181532,0.172593,0.161888,0.148380,0.129140,0.065002
89340,0.231639,0.231448,0.230872,0.229908,0.228551,0.226793,0.224622,0.222024,0.218979,0.215461,0.211438,0.206865,0.201682,0.195809,0.189127,0.181461,0.172528,0.161829,0.148330,0.129100,0.064978
89400,0.231533,0.231341,0.230766,0.229803,0.228447,0.226690,0.224521,0.221925,0.218882,0.215367,0.211346,0.206776,0.201598,0.195728,0.189051,0.181390,0.172463,0.161771,0.148279,0.129061,0.064954
89460,0.231427,0.231235,0.230660,0.229698,0.228343,0.226588,0.224420,0.221826,0.218785,0.215273,0.211255,0.206688,0.201513,0.195648,0.188975,0.181319,0.172398,0.161713,0.148229,0.129021,0.064930
89520,0.231321,0.231129,0.230555,0.229593,0.228240,0.226485,0.224320,0.221727,0.218689,0.215179,0.211164,0.206601,0.201429,0.195568,0.188900,0.181249,0.172333,0.161655,0.148179,0.128981,0.064906
89580,0.231215,0.231024,0.230449,0.229489,0.228136,0.226383,0.224219,0.221628,0.218592,0.215085,0.211073,0.206513,0.201345,0.195488,0.188824,0.181178,0.172268,0.161596,0.148129,0.128942,0.064882
89640,0.231109,0.230918,0.230344,0.229384,0.228033,0.226281,0.224119,0.221530,0.218496,0.214991,0.210982,0.206425,0.201261,0.195408,0.188749,0.181108,0.172204,0.161538,0.148079,0.128902,0.064858
89700,0.231003,0.230813,0.230239,0.229280,0.227929,0.226179,0.224018,0.221432,0.218400,0.214898,0.210892,0.206338,0.201177,0.195328,0.188674,0.181038,0.172139,0.161481,0.148029,0.128863,0.064834
89760,0.230898,0.230707,0.230134,0.229176,0.227826,0.226077,0.223918,0.221333,0.218304,0.214804,0.210801,0.206251,0.201094,0.195249,0.188598,0.180968,0.172075,0.161423,0.147979,0.128823,0.064810
89820,0.230793,0.230602,0.230030,0.229072,0.227723,0.225976,0.223818,0.221235,0.218208,0.214711,0.210711,0.206163,0.201010,0.195169,0.188523,0.180898,0.172011,0.161365,0.147929,0.128784,0.064787
89880,0.230688,0.230497,0.229925,0.228968,0.227621,0.225874,0.223718,0.221137,0.218112,0.214618,0.210620,0.206076,0.200927,0.195090,0.188449,0.180828,0.171947,0.161307,0.147879,0.128745,0.064763
89940,0.230583,0.230393,0.229821,0.228865,0.227518,0.225773,0.223619,0.221040,0.218017,0.214525,0.210530,0.205990,0.200844,0.195011,0.188374,0.180758,0.171882,0.161250,0.147830,0.128706,0.064739
90000,0.230478,0.230288,0.229717,0.228761,0.227416,0.225672,0.223519,0.220942,0.217921,0.214432,0.210440,0.205903,0.200760,0.194931,0.188299,0.180688,0.171818,0.161192,0.147780,0.128666,0.064716
90060,0.230374,0.230184,0.229613,0.228658,0.227313,0.225571,0.223420,0.220845,0.217826,0.214339,0.210351,0.205816,0.200677,0.194852,0.188225,0.180619,0.171755,0.161135,0.147730,0.128627,0.064692
90120,0.230269,0.230079,0.229509,0.228555,0.227211,0.225470,0.223321,0.220747,0.217731,0.214247,0.210261,0.205730,0.200595,0.194774,0.188150,0.180549,0.171691,0.161078,0.147681,0.128588,0.064669
90180,0.230165,0.229975,0.229405,0.228452,0.227110,0.225370,0.223222,0.220650,0.217636,0.214154,0.210171,0.205643,0.200512,0.194695,0.188076,0.180480,0.171627,0.161021,0.147632,0.128549,0.064646
90240,0.230061,0.229871,0.229302,0.228349,0.227008,0.225269,0.223123,0.220553,0.217542,0.214062,0.210082,0.205557,0.200429,0.194616,0.188002,0.180411,0.171563,0.160963,0.147582,0.128510,0.064622
90300,0.229957,0.229768,0.229199,0.228247,0.226906,0.225169,0.223024,0.220457,0.217447,0.213970,0.209993,0.205471,0.200347,0.194538,0.187928,0.180342,0.171500,0.160906,0.147533,0.128472,0.064599
90360,0.229853,0.229664,0.229096,0.228144,0.226805,0.225069,0.222926,0.220360,0.217352,0.213878,0.209904,0.205385,0.200264,0.194459,0.187854,0.180273,0.171437,0.160850,0.147484,0.128433,0.064576
90420,0.229750,0.229561,0.228993,0.228042,0.226704,0.224969,0.222827,0.220263,0.217258,0.213786,0.209815,0.205300,0.200182,0.194381,0.187780,0.180204,0.171373,0.160793,0.147435,0.128394,0.064553
90480,0.229647,0.229458,0.228890,0.227940,0.226603,0.224869,0.222729,0.220167,0.217164,0.213695,0.209726,0.205214,0.200100,0.194303,0.187706,0.180135,0.171310,0.160736,0.147386,0.128355,0.064530
90540,0.229543,0.229355,0.228787,0.227838,0.226502,0.224770,0.222631,0.220071,0.217070,0.213603,0.209637,0.205128,0.200018,0.194225,0.187632,0.180066,0.171247,0.160679,0.147337,0.128317,0.064507
90600,0.229440,0.229252,0.228685,0.227736,0.226401,0.224670,0.222533,0.219975,0.216976,0.213512,0.209549,0.205043,0.199936,0.194147,0.187559,0.179998,0.171184,0.160623,0.147288,0.128278,0.064484
90660,0.229338,0.229149,0.228583,0.227635,0.226300,0.224571,0.222435,0.219879,0.216883,0.213421,0.209460,0.204958,0.199855,0.194069,0.187486,0.179929,0.171121,0.160566,0.147239,0.128240,0.064461
90720,0.229235,0.229047,0.228480,0.227533,0.226200,0.224472,0.222338,0.219783,0.216789,0.213330,0.209372,0.204873,0.199773,0.193992,0.187412,0.179861,0.171058,0.160510,0.147191,0.128201,0.064438
90780,0.229132,0.228944,0.228379,0.227432,0.226100,0.224373,0.222240,0.219688,0.216696,0.213239,0.209284,0.204788,0.199692,0.193914,0.187339,0.179793,0.170995,0.160453,0.147142,0.128163,0.064415
90840,0.229030,0.228842,0.228277,0.227331,0.226000,0.224274,0.222143,0.219592,0.216602,0.213148,0.209196,0.204703,0.199610,0.193837,0.187266,0.179724,0.170933,0.160397,0.147094,0.128124,0.064393
90900,0.228928,0.228740,0.228175,0.227230,0.225900,0.224175,0.222046,0.219497,0.216509,0.213057,0.209108,0.204618,0.199529,0.193759,0.187193,0.179656,0.170870,0.160341,0.147045,0.128086,0.064370
90960,0.228826,0.228638,0.228074,0.227129,0.225800,0.224077,0.221949,0.219402,0.216416,0.212967,0.209021,0.204534,0.199448,0.193682,0.187120,0.179588,0.170808,0.160285,0.146997,0.128048,0.064347
91020,0.228724,0.228536,0.227972,0.227029,0.225700,0.223978,0.221852,0.219307,0.216324,0.212877,0.208933,0.204449,0.199367,0.193605,0.187048,0.179521,0.170745,0.160229,0.146948,0.128010,0.064325
91080,0.228622,0.228435,0.227871,0.226928,0.225601,0.223880,0.221756,0.219212,0.216231,0.212786,0.208846,0.204365,0.199286,0.193528,0.186975,0.179453,0.170683,0.160173,0.146900,0.127972,0.064302
91140,0.228521,0.228333,0.227770,0.226828,0.225502,0.223782,0.221659,0.219118,0.216139,0.212696,0.208758,0.204281,0.199206,0.193451,0.186903,0.179385,0.170621,0.160117,0.146852,0.127934,0.064280
91200,0.228419,0.228232,0.227670,0.226728,0.225402,0.223684,0.221563,0.219023,0.216046,0.212606,0.208671,0.204197,0.199125,0.193375,0.186830,0.179318,0.170559,0.160061,0.146804,0.127895,0.064257
91260,0.228318,0.228131,0.227569,0.226628,0.225303,0.223587,0.221467,0.218929,0.215954,0.212517,0.208584,0.204113,0.199045,0.193298,0.186758,0.179250,0.170497,0.160006,0.146756,0.127858,0.064235
91320,0.228217,0.228030,0.227468,0.226528,0.225205,0.223489,0.221371,0.218835,0.215862,0.212427,0.208497,0.204029,0.198964,0.193222,0.186686,0.179183,0.170435,0.159950,0.146708,0.127820,0.064213
91380,0.228116,0.227930,0.227368,0.226429,0.225106,0.223392,0.221275,0.218741,0.215770,0.212338,0.208411,0.203946,0.198884,0.193145,0.186614,0.179116,0.170373,0.159895,0.146660,0.127782,0.064191
91440,0.228016,0.227829,0.227268,0.226329,0.225008,0.223295,0.221179,0.218647,0.215678,0.212248,0.208324,0.203862,0.198804,0.193069,0.186542,0.179049,0.170312,0.159839,0.146612,0.127744,0.064168
91500,0.227915,0.227729,0.227168,0.226230,0.224909,0.223197,0.221084,0.218553,0.215587,0.212159,0.208238,0.203779,0.198724,0.192993,0.186470,0.178982,0.170250,0.159784,0.146564,0.127706,0.064146
91560,0.227815,0.227628,0.227068,0.226131,0.224811,0.223101,0.220988,0.218460,0.215495,0.212070,0.208151,0.203696,0.198644,0.192917,0.186398,0.178915,0.170189,0.159729,0.146516,0.127669,0.064124
91620,0.227715,0.227528,0.226968,0.226032,0.224713,0.223004,0.220893,0.218366,0.215404,0.211981,0.208065,0.203613,0.198565,0.192841,0.186327,0.178848,0.170127,0.159674,0.146469,0.127631,0.064102
91680,0.227615,0.227428,0.226869,0.225933,0.224615,0.222907,0.220798,0.218273,0.215313,0.211892,0.207979,0.203530,0.198485,0.192766,0.186255,0.178781,0.170066,0.159618,0.146421,0.127593,0.064080
91740,0.227515,0.227329,0.226770,0.225834,0.224517,0.222811,0.220703,0.218180,0.215222,0.211804,0.207893,0.203447,0.198406,0.192690,0.186184,0.178714,0.170005,0.159563,0.146374,0.127556,0.064058
91800,0.227415,0.227229,0.226670,0.225736,0.224420,0.222714,0.220608,0.218087,0.215131,0.211715,0.207808,0.203364,0.198327,0.192615,0.186113,0.178648,0.169943,0.159509,0.146326,0.127518,0.064036
91860,0.227315,0.227130,0.226571,0.225638,0.224322,0.222618,0.220514,0.217994,0.215040,0.211627,0.207722,0.203281,0.198247,0.192539,0.186041,0.178582,0.169882,0.159454,0.146279,0.127481,0.064015
91920,0.227216,0.227030,0.226473,0.225539,0.224225,0.222522,0.220419,0.217901,0.214949,0.211539,0.207636,0.203199,0.198168,0.192464,0.185970,0.178515,0.169821,0.159399,0.146232,0.127444,0.063993
91980,0.227117,0.226931,0.226374,0.225441,0.224128,0.222426,0.220325,0.217809,0.214859,0.211451,0.207551,0.203117,0.198089,0.192389,0.185899,0.178449,0.169761,0.159344,0.146184,0.127406,0.063971
92040,0.227018,0.226832,0.226275,0.225343,0.224031,0.222331,0.220231,0.217716,0.214769,0.211363,0.207466,0.203034,0.198011,0.192314,0.185829,0.178383,0.169700,0.159290,0.146137,0.127369,0.063950
92100,0.226919,0.226733,0.226177,0.225246,0.223934,0.222235,0.220136,0.217624,0.214679,0.211275,0.207381,0.202952,0.197932,0.192239,0.185758,0.178317,0.169639,0.159235,0.146090,0.127332,0.063928
92160,0.226820,0.226635,0.226079,0.225148,0.223838,0.222140,0.220043,0.217532,0.214588,0.211187,0.207296,0.202870,0.197853,0.192164,0.185687,0.178251,0.169579,0.159181,0.146043,0.127295,0.063906
92220,0.226721,0.226536,0.225981,0.225051,0.223741,0.222044,0.219949,0.217440,0.214499,0.211100,0.207211,0.202789,0.197775,0.192089,0.185617,0.178185,0.169518,0.159126,0.145996,0.127258,0.063885
92280,0.226623,0.226438,0.225883,0.224953,0.223645,0.221949,0.219855,0.217348,0.214409,0.211012,0.207126,0.202707,0.197697,0.192015,0.185546,0.178119,0.169458,0.159072,0.145949,0.127220,0.063864
92340,0.226524,0.226340,0.225785,0.224856,0.223549,0.221854,0.219762,0.217256,0.214319,0.210925,0.207042,0.202625,0.197618,0.191940,0.185476,0.178054,0.169397,0.159018,0.145902,0.127183,0.063842
92400,0.226426,0.226242,0.225687,0.224759,0.223453,0.221760,0.219669,0.217165,0.214230,0.210838,0.206957,0.202544,0.197540,0.191866,0.185406,0.177988,0.169337,0.158964,0.145856,0.127147,0.063821
92460,0.226328,0.226144,0.225590,0.224663,0.223357,0.221665,0.219575,0.217074,0.214140,0.210751,0.206873,0.202463,0.197462,0.191792,0.185336,0.177923,0.169277,0.158910,0.145809,0.127110,0.063800
92520,0.226230,0.226046,0.225492,0.224566,0.223261,0.221570,0.219482,0.216982,0.214051,0.210664,0.206789,0.202381,0.197384,0.191718,0.185266,0.177858,0.169217,0.158856,0.145762,0.127073,0.063778
92580,0.226133,0.225949,0.225395,0.224469,0.223166,0.221476,0.219389,0.216891,0.213962,0.210578,0.206705,0.202300,0.197307,0.191644,0.185196,0.177792,0.169157,0.158802,0.145716,0.127036,0.063757
92640,0.226035,0.225851,0.225298,0.224373,0.223070,0.221382,0.219297,0.216800,0.213873,0.210491,0.206621,0.202219,0.197229,0.191570,0.185126,0.177727,0.169097,0.158748,0.145669,0.126999,0.063736
92700,0.225938,0.225754,0.225201,0.224277,0.222975,0.221288,0.219204,0.216709,0.213785,0.210405,0.206537,0.202139,0.197152,0.191496,0.185057,0.177662,0.169037,0.158694,0.145623,0.126963,0.063715
92760,0.225841,0.225657,0.225105,0.224181,0.222880,0.221194,0.219112,0.216619,0.213696,0.210318,0.206453,0.202058,0.197074,0.191422,0.184987,0.177597,0.168978,0.158641,0.145577,0.126926,0.063694
92820,0.225744,0.225560,0.225008,0.224085,0.222785,0.221100,0.219019,0.216528,0.213607,0.210232,0.206370,0.201977,0.196997,0.191349,0.184918,0.177533,0.168918,0.158587,0.145530,0.126889,0.063673
92880,0.225647,0.225463,0.224912,0.223989,0.222690,0.221007,0.218927,0.216438,0.213519,0.210146,0.206286,0.201897,0.196920,0.191275,0.184848,0.177468,0.168858,0.158534,0.145484,0.126853,0.063652
92940,0.225550,0.225367,0.224816,0.223894,0.222596,0.220913,0.218835,0.216348,0.213431,0.210060,0.206203,0.201817,0.196843,0.191202,0.184779,0.177403,0.168799,0.158480,0.145438,0.126816,0.063631
93000,0.225453,0.225270,0.224719,0.223798,0.222501,0.220820,0.218743,0.216257,0.213343,0.209974,0.206120,0.201736,0.196766,0.191129,0.184710,0.177339,0.168740,0.158427,0.145392,0.126780,0.063611
93060,0.225357,0.225174,0.224623,0.223703,0.222407,0.220727,0.218652,0.216168,0.213255,0.209889,0.206037,0.201656,0.196689,0.191055,0.184641,0.177274,0.168680,0.158374,0.145346,0.126744,0.063590
93120,0.225260,0.225077,0.224528,0.223608,0.222312,0.220634,0.218560,0.216078,0.213167,0.209803,0.205954,0.201576,0.196613,0.190982,0.184572,0.177210,0.168621,0.158321,0.145300,0.126707,0.063569
93180,0.225164,0.224981,0.224432,0.223513,0.222218,0.220541,0.218469,0.215988,0.213079,0.209718,0.205871,0.201497,0.196536,0.190910,0.184503,0.177146,0.168562,0.158268,0.145254,0.126671,0.063548
93240,0.225068,0.224886,0.224337,0.223418,0.222125,0.220448,0.218377,0.215898,0.212992,0.209633,0.205789,0.201417,0.196460,0.190837,0.184434,0.177081,0.168503,0.158215,0.145208,0.126635,0.063528
93300,0.224972,0.224790,0.224241,0.223323,0.222031,0.220355,0.218286,0.215809,0.212904,0.209548,0.205706,0.201337,0.196383,0.190764,0.184366,0.177017,0.168444,0.158162,0.145163,0.126599,0.063507
93360,0.224877,0.224694,0.224146,0.223229,0.221937,0.220263,0.218195,0.215720,0.212817,0.209463,0.205624,0.201258,0.196307,0.190692,0.184297,0.176953,0.168386,0.158109,0.145117,0.126563,0.063487
93420,0.224781,0.224599,0.224051,0.223134,0.221844,0.220171,0.218104,0.215631,0.212730,0.209378,0.205542,0.201179,0.196231,0.190619,0.184229,0.176889,0.168327,0.158056,0.145071,0.126526,0.063466
93480,0.224686,0.224504,0.223956,0.223040,0.221750,0.220078,0.218014,0.215542,0.212643,0.209293,0.205460,0.201099,0.196155,0.190547,0.184161,0.176826,0.168268,0.158003,0.145026,0.126490,0.063446
93540,0.224590,0.224408,0.223861,0.222946,0.221657,0.219986,0.217923,0.215453,0.212556,0.209208,0.205378,0.201020,0.196079,0.190475,0.184092,0.176762,0.168210,0.157951,0.144980,0.126454,0.063426
93600,0.224495,0.224313,0.223767,0.222852,0.221564,0.219895,0.217833,0.215364,0.212469,0.209124,0.205296,0.200941,0.196003,0.190402,0.184024,0.176698,0.168151,0.157898,0.144935,0.126419,0.063405
93660,0.224400,0.224219,0.223672,0.222758,0.221471,0.219803,0.217742,0.215275,0.212383,0.209040,0.205214,0.200862,0.195928,0.190330,0.183956,0.176635,0.168093,0.157846,0.144890,0.126383,0.063385
93720,0.224305,0.224124,0.223578,0.222665,0.221378,0.219711,0.217652,0.215187,0.212296,0.208956,0.205132,0.200784,0.195852,0.190258,0.183888,0.176572,0.168034,0.157793,0.144844,0.126347,0.063365
93780,0.224211,0.224029,0.223484,0.222571,0.221286,0.219620,0.217562,0.215099,0.212210,0.208871,0.205051,0.200705,0.195777,0.190187,0.183821,0.176508,0.167976,0.157741,0.144799,0.126311,0.063345
93840,0.224116,0.223935,0.223390,0.222478,0.221193,0.219529,0.217472,0.215011,0.212124,0.208788,0.204969,0.200627,0.195702,0.190115,0.183753,0.176445,0.167918,0.157689,0.144754,0.126275,0.063324
93900,0.224022,0.223841,0.223296,0.222384,0.221101,0.219437,0.217383,0.214922,0.212038,0.208704,0.204888,0.200548,0.195626,0.190043,0.183685,0.176382,0.167860,0.157636,0.144709,0.126240,0.063304
93960,0.223928,0.223747,0.223202,0.222291,0.221009,0.219346,0.217293,0.214835,0.211952,0.208620,0.204807,0.200470,0.195551,0.189972,0.183618,0.176319,0.167802,0.157584,0.144664,0.126204,0.063284
94020,0.223834,0.223653,0.223109,0.222198,0.220917,0.219255,0.217204,0.214747,0.211866,0.208536,0.204726,0.200392,0.195476,0.189900,0.183550,0.176256,0.167744,0.157532,0.144619,0.126169,0.063264
94080,0.223740,0.223559,0.223015,0.222106,0.220825,0.219165,0.217114,0.214659,0.211780,0.208453,0.204645,0.200314,0.195402,0.189829,0.183483,0.176193,0.167686,0.157480,0.144574,0.126133,0.063244
94140,0.223646,0.223465,0.222922,0.222013,0.220733,0.219074,0.217025,0.214572,0.211695,0.208370,0.204564,0.200236,0.195327,0.189758,0.183416,0.176130,0.167629,0.157429,0.144529,0.126098,0.063225
94200,0.223552,0.223372,0.222829,0.221921,0.220641,0.218984,0.216936,0.214484,0.211609,0.208287,0.204484,0.200158,0.195252,0.189687,0.183349,0.176068,0.167571,0.157377,0.144484,0.126062,0.063205
94260,0.223459,0.223278,0.222736,0.221828,0.220550,0.218893,0.216847,0.214397,0.211524,0.208204,0.204403,0.200080,0.195178,0.189616,0.183282,0.176005,0.167513,0.157325,0.144439,0.126027,0.063185
94320,0.223365,0.223185,0.222643,0.221736,0.220459,0.218803,0.216758,0.214310,0.211439,0.208121,0.204323,0.200003,0.195103,0.189545,0.183215,0.175943,0.167456,0.157273,0.144395,0.125991,0.063165
94380,0.223272,0.223092,0.222550,0.221644,0.220367,0.218713,0.216670,0.214223,0.211354,0.208038,0.204243,0.199925,0.195029,0.189474,0.183148,0.175880,0.167399,0.157222,0.144350,0.125956,0.063145
94440,0.223179,0.222999,0.222458,0.221552,0.220276,0.218623,0.216581,0.214136,0.211269,0.207955,0.204162,0.199848,0.194955,0.189404,0.183081,0.175818,0.167341,0.157170,0.144306,0.125921,0.063126
94500,0.223086,0.222906,0.222365,0.221460,0.220185,0.218533,0.216493,0.214049,0.211184,0.207873,0.204082,0.199771,0.194881,0.189333,0.183015,0.175756,0.167284,0.157119,0.144261,0.125886,0.063106
94560,0.222993,0.222813,0.222273,0.221368,0.220095,0.218444,0.216405,0.213963,0.211100,0.207790,0.204002,0.199694,0.194807,0.189263,0.182948,0.175694,0.167227,0.157067,0.144217,0.125851,0.063087
94620,0.222901,0.222721,0.222181,0.221277,0.220004,0.218354,0.216316,0.213876,0.211015,0.207708,0.203923,0.199617,0.194733,0.189193,0.182882,0.175632,0.167170,0.157016,0.144173,0.125816,0.063067
94680,0.222808,0.222629,0.222089,0.221186,0.219914,0.218265,0.216229,0.213790,0.210931,0.207626,0.203843,0.199540,0.194659,0.189122,0.182816,0.175570,0.167113,0.156965,0.144128,0.125781,0.063048
94740,0.222716,0.222536,0.221997,0.221094,0.219823,0.218176,0.216141,0.213704,0.210846,0.207544,0.203763,0.199463,0.194586,0.189052,0.182749,0.175508,0.167056,0.156914,0.144084,0.125746,0.063028
94800,0.222624,0.222444,0.221905,0.221003,0.219733,0.218087,0.216053,0.213618,0.210762,0.207462,0.203684,0.199387,0.194512,0.188982,0.182683,0.175446,0.166999,0.156863,0.144040,0.125711,0.063009
94860,0.222531,0.222352,0.221814,0.220912,0.219643,0.217998,0.215965,0.213532,0.210678,0.207380,0.203605,0.199310,0.194439,0.188912,0.182617,0.175384,0.166943,0.156812,0.143996,0.125676,0.062990
94920,0.222439,0.222260,0.221722,0.220821,0.219553,0.217909,0.215878,0.213446,0.210594,0.207298,0.203526,0.199234,0.194366,0.188842,0.182551,0.175323,0.166886,0.156761,0.143952,0.125641,0.062970
94980,0.222348,0.222169,0.221631,0.220731,0.219463,0.217820,0.215791,0.213360,0.210511,0.207217,0.203446,0.199157,0.194292,0.188773,0.182485,0.175261,0.166829,0.156710,0.143908,0.125606,0.062951
95040,0.222256,0.222077,0.221540,0.220640,0.219373,0.217732,0.215703,0.213275,0.210427,0.207135,0.203368,0.199081,0.194219,0.188703,0.182420,0.175200,0.166773,0.156659,0.143864,0.125571,0.062932
95100,0.222165,0.221986,0.221449,0.220550,0.219284,0.217643,0.215616,0.213190,0.210344,0.207054,0.203289,0.199005,0.194146,0.188634,0.182354,0.175139,0.166717,0.156608,0.143820,0.125537,0.062913
95160,0.222073,0.221895,0.221358,0.220459,0.219194,0.217555,0.215530,0.213104,0.210260,0.206973,0.203210,0.198929,0.194074,0.188564,0.182289,0.175077,0.166660,0.156558,0.143776,0.125502,0.062894
95220,0.221982,0.221803,0.221267,0.220369,0.219105,0.217467,0.215443,0.213019,0.210177,0.206892,0.203131,0.198853,0.194001,0.188495,0.182223,0.175016,0.166604,0.156507,0.143732,0.125467,0.062875
95280,0.221891,0.221712,0.221176,0.220279,0.219016,0.217379,0.215356,0.212934,0.210094,0.206811,0.203053,0.198778,0.193928,0.188426,0.182158,0.174955,0.166548,0.156457,0.143689,0.125433,0.062856
95340,0.221800,0.221622,0.221086,0.220189,0.218927,0.217291,0.215270,0.212849,0.210011,0.206730,0.202975,0.198702,0.193856,0.188357,0.182092,0.174894,0.166492,0.156406,0.143645,0.125398,0.062837
95400,0.221709,0.221531,0.220996,0.220100,0.218838,0.217203,0.215183,0.212764,0.209928,0.206649,0.202896,0.198627,0.193783,0.188288,0.182027,0.174833,0.166436,0.156356,0.143602,0.125364,0.062818
95460,0.221618,0.221440,0.220905,0.220010,0.218749,0.217115,0.215097,0.212680,0.209845,0.206569,0.202818,0.198551,0.193711,0.188219,0.181962,0.174773,0.166380,0.156306,0.143558,0.125329,0.062799
95520,0.221528,0.221350,0.220815,0.219921,0.218661,0.217028,0.215011,0.212595,0.209763,0.206488,0.202740,0.198476,0.193639,0.188150,0.181897,0.174712,0.166324,0.156255,0.143515,0.125295,0.062780
95580,0.221437,0.221260,0.220725,0.219831,0.218572,0.216941,0.214925,0.212511,0.209680,0.206408,0.202662,0.198401,0.193567,0.188081,0.181832,0.174651,0.166268,0.156205,0.143471,0.125261,0.062761
95640,0.221347,0.221169,0.220636,0.219742,0.218484,0.216853,0.214839,0.212427,0.209598,0.206328,0.202584,0.198326,0.193495,0.188013,0.181768,0.174591,0.166213,0.156155,0.143428,0.125226,0.062742
95700,0.221257,0.221079,0.220546,0.219653,0.218396,0.216766,0.214753,0.212343,0.209516,0.206248,0.202507,0.198251,0.193423,0.187944,0.181703,0.174530,0.166157,0.156105,0.143385,0.125192,0.062724
95760,0.221167,0.220990,0.220456,0.219564,0.218308,0.216679,0.214668,0.212259,0.209433,0.206168,0.202429,0.198176,0.193351,0.187876,0.181638,0.174470,0.166101,0.156055,0.143342,0.125158,0.062705
95820,0.221077,0.220900,0.220367,0.219475,0.218220,0.216592,0.214582,0.212175,0.209351,0.206088,0.202352,0.198101,0.193279,0.187808,0.181574,0.174410,0.166046,0.156005,0.143299,0.125124,0.062686
95880,0.220987,0.220810,0.220278,0.219387,0.218132,0.216506,0.214497,0.212091,0.209269,0.206008,0.202274,0.198027,0.193208,0.187739,0.181509,0.174350,0.165991,0.155956,0.143255,0.125090,0.062668
95940,0.220898,0.220721,0.220189,0.219298,0.218044,0.216419,0.214412,0.212007,0.209188,0.205928,0.202197,0.197952,0.193136,0.187671,0.181445,0.174290,0.165935,0.155906,0.143212,0.125056,0.062649
96000,0.220808,0.220631,0.220100,0.219210,0.217957,0.216333,0.214326,0.211924,0.209106,0.205849,0.202120,0.197878,0.193065,0.187603,0.181381,0.174230,0.165880,0.155856,0.143169,0.125022,0.062631
96060,0.220719,0.220542,0.220011,0.219122,0.217870,0.216246,0.214242,0.211840,0.209025,0.205769,0.202043,0.197803,0.192994,0.187535,0.181317,0.174170,0.165825,0.155807,0.143127,0.124988,0.062612
96120,0.220630,0.220453,0.219922,0.219034,0.217782,0.216160,0.214157,0.211757,0.208943,0.205690,0.201966,0.197729,0.192922,0.187468,0.181253,0.174110,0.165770,0.155757,0.143084,0.124954,0.062594
96180,0.220541,0.220364,0.219833,0.218946,0.217695,0.216074,0.214072,0.211674,0.208862,0.205611,0.201889,0.197655,0.192851,0.187400,0.181189,0.174050,0.165715,0.155708,0.143041,0.124920,0.062576
96240,0.220452,0.220275,0.219745,0.218858,0.217608,0.215988,0.213987,0.211591,0.208781,0.205532,0.201813,0.197581,0.192780,0.187332,0.181125,0.173990,0.165660,0.155658,0.142998,0.124886,0.062557
96300,0.220363,0.220187,0.219657,0.218770,0.217521,0.215902,0.213903,0.211508,0.208700,0.205453,0.201736,0.197507,0.192710,0.187265,0.181061,0.173931,0.165605,0.155609,0.142956,0.124852,0.062539
96360,0.220274,0.220098,0.219568,0.218682,0.217434,0.215817,0.213819,0.211425,0.208619,0.205374,0.201660,0.197434,0.192639,0.187197,0.180997,0.173871,0.165551,0.155560,0.142913,0.124819,0.062521
96420,0.220186,0.220010,0.219480,0.218595,0.217348,0.215731,0.213734,0.211343,0.208538,0.205296,0.201584,0.197360,0.192568,0.187130,0.180934,0.173812,0.165496,0.155511,0.142870,0.124785,0.062503
96480,0.220097,0.219921,0.219393,0.218508,0.217261,0.215646,0.213650,0.211260,0.208457,0.205217,0.201507,0.197286,0.192498,0.187063,0.180870,0.173753,0.165441,0.155462,0.142828,0.124751,0.062484
96540,0.220009,0.219833,0.219305,0.218420,0.217175,0.215561,0.213566,0.211178,0.208377,0.205138,0.201431,0.197213,0.192427,0.186996,0.180807,0.173693,0.165387,0.155413,0.142786,0.124718,0.062466
96600,0.219921,0.219745,0.219217,0.218333,0.217089,0.215475,0.213482,0.211096,0.208296,0.205060,0.201355,0.197140,0.192357,0.186929,0.180744,0.173634,0.165332,0.155364,0.142743,0.124684,0.062448
96660,0.219833,0.219657,0.219130,0.218246,0.217003,0.215390,0.213399,0.211014,0.208216,0.204982,0.201279,0.197067,0.192287,0.186862,0.180680,0.173575,0.165278,0.155315,0.142701,0.124651,0.062430
96720,0.219745,0.219570,0.219042,0.218160,0.216917,0.215305,0.213315,0.210931,0.208136,0.204904,0.201204,0.196993,0.192217,0.186795,0.180617,0.173516,0.165224,0.155266,0.142659,0.124617,0.062412
96780,0.219657,0.219482,0.218955,0.218073,0.216831,0.215221,0.213232,0.210850,0.208056,0.204826,0.201128,0.196920,0.192146,0.186728,0.180554,0.173457,0.165170,0.155217,0.142616,0.124584,0.062394
96840,0.219570,0.219394,0.218868,0.217986,0.216745,0.215136,0.213148,0.210768,0.207976,0.204748,0.201053,0.196848,0.192077,0.186662,0.180491,0.173399,0.165115,0.155168,0.142574,0.124550,0.062376
96900,0.219482,0.219307,0.218781,0.217900,0.216660,0.215051,0.213065,0.210686,0.207896,0.204670,0.200977,0.196775,0.192007,0.186595,0.180428,0.173340,0.165061,0.155120,0.142532,0.124517,0.062359
96960,0.219395,0.219220,0.218694,0.217814,0.216574,0.214967,0.212982,0.210605,0.207816,0.204592,0.200902,0.196702,0.191937,0.186529,0.180366,0.173281,0.165007,0.155071,0.142490,0.124484,0.062341
97020,0.219308,0.219133,0.218607,0.217728,0.216489,0.214883,0.212899,0.210523,0.207737,0.204515,0.200827,0.196629,0.191867,0.186462,0.180303,0.173223,0.164953,0.155023,0.142448,0.124451,0.062323
97080,0.219221,0.219046,0.218520,0.217641,0.216403,0.214799,0.212816,0.210442,0.207657,0.204437,0.200751,0.196557,0.191798,0.186396,0.180240,0.173164,0.164900,0.154974,0.142406,0.124417,0.062305
97140,0.219134,0.218959,0.218434,0.217556,0.216318,0.214715,0.212733,0.210361,0.207578,0.204360,0.200676,0.196485,0.191728,0.186330,0.180178,0.173106,0.164846,0.154926,0.142364,0.124384,0.062287
97200,0.219047,0.218872,0.218348,0.217470,0.216233,0.214631,0.212651,0.210280,0.207498,0.204283,0.200602,0.196412,0.191659,0.186264,0.180115,0.173047,0.164792,0.154878,0.142323,0.124351,0.062270
97260,0.218960,0.218786,0.218261,0.217384,0.216149,0.214547,0.212568,0.210199,0.207419,0.204206,0.200527,0.196340,0.191590,0.186198,0.180053,0.172989,0.164739,0.154829,0.142281,0.124318,0.062252
97320,0.218873,0.218699,0.218175,0.217299,0.216064,0.214463,0.212486,0.210118,0.207340,0.204129,0.200452,0.196268,0.191521,0.186132,0.179991,0.172931,0.164685,0.154781,0.142239,0.124285,0.062235
97380,0.218787,0.218613,0.218089,0.217213,0.215979,0.214380,0.212404,0.210037,0.207261,0.204052,0.200378,0.196196,0.191452,0.186066,0.179929,0.172873,0.164632,0.154733,0.142198,0.124252,0.062217
97440,0.218701,0.218527,0.218003,0.217128,0.215895,0.214296,0.212322,0.209957,0.207182,0.203975,0.200303,0.196124,0.191383,0.186001,0.179867,0.172815,0.164578,0.154685,0.142156,0.124219,0.062200
97500,0.218614,0.218441,0.217918,0.217043,0.215810,0.214213,0.212240,0.209876,0.207104,0.203899,0.200229,0.196053,0.191314,0.185935,0.179805,0.172757,0.164525,0.154637,0.142115,0.124186,0.062182
97560,0.218528,0.218355,0.217832,0.216958,0.215726,0.214130,0.212158,0.209796,0.207025,0.203822,0.200155,0.195981,0.191245,0.185869,0.179743,0.172699,0.164472,0.154589,0.142073,0.124153,0.062165
97620,0.218442,0.218269,0.217747,0.216873,0.215642,0.214047,0.212076,0.209715,0.206947,0.203746,0.200080,0.195909,0.191177,0.185804,0.179681,0.172641,0.164419,0.154541,0.142032,0.124120,0.062147
97680,0.218357,0.218183,0.217661,0.216788,0.215558,0.213964,0.211994,0.209635,0.206868,0.203669,0.200006,0.195838,0.191108,0.185739,0.179619,0.172584,0.164365,0.154494,0.141990,0.124088,0.062130
97740,0.218271,0.218097,0.217576,0.216703,0.215474,0.213881,0.211913,0.209555,0.206790,0.203593,0.199933,0.195767,0.191040,0.185673,0.179558,0.172526,0.164312,0.154446,0.141949,0.124055,0.062113
97800,0.218185,0.218012,0.217491,0.216619,0.215391,0.213798,0.211831,0.209475,0.206712,0.203517,0.199859,0.195696,0.190971,0.185608,0.179496,0.172469,0.164260,0.154398,0.141908,0.124022,0.062095
97860,0.218100,0.217927,0.217406,0.216534,0.215307,0.213716,0.211750,0.209396,0.206634,0.203441,0.199785,0.195624,0.190903,0.185543,0.179435,0.172411,0.164207,0.154351,0.141867,0.123990,0.062078
97920,0.218015,0.217842,0.217321,0.216450,0.215224,0.213633,0.211669,0.209316,0.206556,0.203365,0.199711,0.195553,0.190835,0.185478,0.179373,0.172354,0.164154,0.154303,0.141825,0.123957,0.062061
97980,0.217929,0.217756,0.217236,0.216366,0.215140,0.213551,0.211588,0.209236,0.206478,0.203289,0.199638,0.195482,0.190767,0.185413,0.179312,0.172297,0.164101,0.154256,0.141784,0.123925,0.062044
98040,0.217844,0.217671,0.217152,0.216282,0.215057,0.213469,0.211507,0.209157,0.206401,0.203214,0.199565,0.195412,0.190699,0.185349,0.179251,0.172239,0.164048,0.154208,0.141743,0.123892,0.062027
98100,0.217759,0.217587,0.217067,0.216198,0.214974,0.213387,0.211426,0.209078,0.206323,0.203138,0.199491,0.195341,0.190631,0.185284,0.179190,0.172182,0.163996,0.154161,0.141702,0.123860,0.062010
98160,0.217675,0.217502,0.216983,0.216114,0.214891,0.213305,0.211345,0.208999,0.206246,0.203063,0.199418,0.195270,0.190563,0.185219,0.179129,0.172125,0.163943,0.154114,0.141662,0.123827,0.061993
98220,0.217590,0.217417,0.216899,0.216031,0.214808,0.213223,0.211265,0.208919,0.206168,0.202987,0.199345,0.195200,0.190495,0.185155,0.179068,0.172068,0.163891,0.154067,0.141621,0.123795,0.061976
98280,0.217505,0.217333,0.216814,0.215947,0.214725,0.213141,0.211184,0.208840,0.206091,0.202912,0.199272,0.195129,0.190428,0.185091,0.179007,0.172011,0.163839,0.154019,0.141580,0.123762,0.061959
98340,0.217421,0.217249,0.216731,0.215864,0.214643,0.213060,0.211104,0.208762,0.206014,0.202837,0.199199,0.195059,0.190360,0.185026,0.178946,0.171955,0.163786,0.153972,0.141539,0.123730,0.061942
98400,0.217337,0.217164,0.216647,0.215780,0.214560,0.212978,0.211024,0.208683,0.205937,0.202762,0.199127,0.194989,0.190293,0.184962,0.178885,0.171898,0.163734,0.153925,0.141498,0.123698,0.061925
98460,0.217252,0.217080,0.216563,0.215697,0.214478,0.212897,0.210944,0.208604,0.205860,0.202687,0.199054,0.194919,0.190226,0.184898,0.178825,0.171841,0.163682,0.153878,0.141458,0.123666,0.061908
98520,0.217168,0.216996,0.216479,0.215614,0.214395,0.212815,0.210864,0.208526,0.205783,0.202612,0.198981,0.194849,0.190159,0.184834,0.178764,0.171785,0.163630,0.153832,0.141417,0.123633,0.061891
98580,0.217084,0.216912,0.216396,0.215531,0.214313,0.212734,0.210784,0.208447,0.205707,0.202538,0.198909,0.194779,0.190091,0.184770,0.178704,0.171728,0.163578,0.153785,0.141377,0.123601,0.061874
98640,0.217001,0.216829,0.216312,0.215448,0.214231,0.212653,0.210704,0.208369,0.205630,0.202463,0.198837,0.194709,0.190024,0.184706,0.178644,0.171672,0.163526,0.153738,0.141336,0.123569,0.061858
98700,0.216917,0.216745,0.216229,0.215366,0.214149,0.212572,0.210624,0.208291,0.205554,0.202389,0.198764,0.194639,0.189958,0.184642,0.178583,0.171615,0.163474,0.153691,0.141296,0.123537,0.061841
98760,0.216833,0.216662,0.216146,0.215283,0.214067,0.212492,0.210545,0.208213,0.205477,0.202314,0.198692,0.194570,0.189891,0.184579,0.178523,0.171559,0.163422,0.153645,0.141255,0.123505,0.061824
98820,0.216750,0.216578,0.216063,0.215201,0.213986,0.212411,0.210465,0.208135,0.205401,0.202240,0.198620,0.194500,0.189824,0.184515,0.178463,0.171503,0.163371,0.153598,0.141215,0.123473,0.061808
98880,0.216666,0.216495,0.215980,0.215118,0.213904,0.212330,0.210386,0.208057,0.205325,0.202166,0.198548,0.194431,0.189757,0.184451,0.178403,0.171447,0.163319,0.153552,0.141175,0.123441,0.061791
98940,0.216583,0.216412,0.215897,0.215036,0.213823,0.212250,0.210307,0.207979,0.205249,0.202092,0.198476,0.194361,0.189691,0.184388,0.178343,0.171391,0.163267,0.153505,0.141135,0.123409,0.061775
99000,0.216500,0.216329,0.215815,0.214954,0.213741,0.212170,0.210228,0.207902,0.205173,0.202018,0.198405,0.194292,0.189624,0.184325,0.178283,0.171335,0.163216,0.153459,0.141094,0.123378,0.061758
99060,0.216417,0.216246,0.215732,0.214872,0.213660,0.212089,0.210149,0.207824,0.205097,0.201944,0.198333,0.194223,0.189558,0.184261,0.178223,0.171279,0.163164,0.153412,0.141054,0.123346,0.061742
99120,0.216334,0.216163,0.215650,0.214790,0.213579,0.212009,0.210070,0.207747,0.205022,0.201870,0.198261,0.194154,0.189492,0.184198,0.178164,0.171223,0.163113,0.153366,0.141014,0.123314,0.061725
99180,0.216252,0.216081,0.215567,0.214708,0.213498,0.211929,0.209991,0.207669,0.204946,0.201797,0.198190,0.194085,0.189426,0.184135,0.178104,0.171167,0.163062,0.153320,0.140974,0.123282,0.061709
99240,0.216169,0.215998,0.215485,0.214627,0.213417,0.211849,0.209912,0.207592,0.204870,0.201723,0.198119,0.194016,0.189360,0.184072,0.178045,0.171112,0.163010,0.153274,0.140934,0.123251,0.061692
99300,0.216086,0.215916,0.215403,0.214545,0.213337,0.211770,0.209834,0.207515,0.204795,0.201650,0.198048,0.193947,0.189294,0.184009,0.177985,0.171056,0.162959,0.153228,0.140894,0.123219,0.061676
99360,0.216004,0.215834,0.215321,0.214464,0.213256,0.211690,0.209756,0.207438,0.204720,0.201576,0.197976,0.193879,0.189228,0.183947,0.177926,0.171001,0.162908,0.153182,0.140855,0.123187,0.061660
99420,0.215922,0.215751,0.215239,0.214382,0.213175,0.211611,0.209677,0.207361,0.204645,0.201503,0.197905,0.193810,0.189162,0.183884,0.177866,0.170945,0.162857,0.153136,0.140815,0.123156,0.061644
99480,0.215840,0.215669,0.215158,0.214301,0.213095,0.211531,0.209599,0.207285,0.204570,0.201430,0.197834,0.193742,0.189096,0.183821,0.177807,0.170890,0.162806,0.153090,0.140775,0.123124,0.061627
99540,0.215758,0.215587,0.215076,0.214220,0.213015,0.211452,0.209521,0.207208,0.204495,0.201357,0.197764,0.193673,0.189031,0.183759,0.177748,0.170835,0.162755,0.153044,0.140735,0.123093,0.061611
99600,0.215676,0.215506,0.214994,0.214139,0.212934,0.211373,0.209443,0.207132,0.204420,0.201284,0.197693,0.193605,0.188965,0.183696,0.177689,0.170780,0.162704,0.152998,0.140696,0.123061,0.061595
99660,0.215594,0.215424,0.214913,0.214058,0.212854,0.211294,0.209365,0.207055,0.204345,0.201211,0.197622,0.193537,0.188900,0.183634,0.177630,0.170724,0.162654,0.152953,0.140656,0.123030,0.061579
99720,0.215512,0.215342,0.214832,0.213978,0.212774,0.211215,0.209287,0.206979,0.204270,0.201139,0.197552,0.193469,0.188834,0.183572,0.177571,0.170669,0.162603,0.152907,0.140617,0.122999,0.061563
99780,0.215431,0.215261,0.214751,0.213897,0.212695,0.211136,0.209210,0.206903,0.204196,0.201066,0.197481,0.193401,0.188769,0.183509,0.177513,0.170614,0.162552,0.152862,0.140577,0.122967,0.061547
99840,0.215349,0.215179,0.214670,0.213817,0.212615,0.211057,0.209132,0.206827,0.204122,0.200993,0.197411,0.193333,0.188704,0.183447,0.177454,0.170560,0.162502,0.152816,0.140538,0.122936,0.061531
99900,0.215268,0.215098,0.214589,0.213736,0.212535,0.210978,0.209055,0.206751,0.204047,0.200921,0.197341,0.193265,0.188639,0.183385,0.177395,0.170505,0.162451,0.152771,0.140498,0.122905,0.061515
99960,0.215187,0.215017,0.214508,0.213656,0.212456,0.210900,0.208978,0.206675,0.203973,0.200849,0.197271,0.193197,0.188574,0.183323,0.177337,0.170450,0.162401,0.152725,0.140459,0.122874,0.061499
100020,0.215105,0.214936,0.214427,0.213576,0.212376,0.210822,0.208900,0.206599,0.203899,0.200777,0.197201,0.193130,0.188509,0.183261,0.177278,0.170395,0.162351,0.152680,0.140420,0.122842,0.061483
100080,0.215024,0.214855,0.214347,0.213496,0.212297,0.210743,0.208823,0.206523,0.203825,0.200704,0.197131,0.193062,0.188444,0.183200,0.177220,0.170341,0.162300,0.152635,0.140380,0.122811,0.061467
100140,0.214944,0.214775,0.214266,0.213416,0.212218,0.210665,0.208746,0.206448,0.203751,0.200632,0.197061,0.192995,0.188379,0.183138,0.177161,0.170286,0.162250,0.152589,0.140341,0.122780,0.061451
100200,0.214863,0.214694,0.214186,0.213336,0.212139,0.210587,0.208669,0.206372,0.203677,0.200561,0.196991,0.192928,0.188315,0.183076,0.177103,0.170232,0.162200,0.152544,0.140302,0.122749,0.061436
100260,0.214782,0.214613,0.214106,0.213256,0.212060,0.210509,0.208593,0.206297,0.203604,0.200489,0.196921,0.192860,0.188250,0.183015,0.177045,0.170177,0.162150,0.152499,0.140263,0.122718,0.061420
100320,0.214702,0.214533,0.214026,0.213177,0.211981,0.210431,0.208516,0.206222,0.203530,0.200417,0.196852,0.192793,0.188186,0.182953,0.176987,0.170123,0.162100,0.152454,0.140224,0.122687,0.061404
100380,0.214621,0.214453,0.213946,0.213097,0.211903,0.210353,0.208439,0.206147,0.203456,0.200345,0.196782,0.192726,0.188121,0.182892,0.176929,0.170069,0.162050,0.152409,0.140185,0.122656,0.061388
100440,0.214541,0.214372,0.213866,0.213018,0.211824,0.210276,0.208363,0.206072,0.203383,0.200274,0.196713,0.192659,0.188057,0.182831,0.176871,0.170015,0.162000,0.152364,0.140146,0.122625,0.061373
100500,0.214461,0.214292,0.213786,0.212939,0.211745,0.210198,0.208287,0.205997,0.203310,0.200203,0.196644,0.192592,0.187993,0.182770,0.176813,0.169961,0.161950,0.152319,0.140107,0.122594,0.061357
100560,0.214381,0.214212,0.213706,0.212860,0.211667,0.210121,0.208210,0.205922,0.203237,0.200131,0.196575,0.192526,0.187929,0.182708,0.176755,0.169907,0.161900,0.152274,0.140068,0.122564,0.061341
100620,0.214301,0.214132,0.213627,0.212781,0.211589,0.210044,0.208134,0.205847,0.203164,0.200060,0.196506,0.192459,0.187865,0.182647,0.176698,0.169853,0.161851,0.152230,0.140030,0.122533,0.061326
100680,0.214221,0.214053,0.213547,0.212702,0.211511,0.209966,0.208058,0.205772,0.203091,0.199989,0.196437,0.192392,0.187801,0.182587,0.176640,0.169799,0.161801,0.152185,0.139991,0.122502,0.061310
100740,0.214141,0.213973,0.213468,0.212623,0.211433,0.209889,0.207982,0.205698,0.203018,0.199918,0.196368,0.192326,0.187737,0.182526,0.176583,0.169745,0.161752,0.152140,0.139952,0.122471,0.061295
100800,0.214061,0.213894,0.213389,0.212544,0.211355,0.209812,0.207907,0.205624,0.202945,0.199847,0.196299,0.192259,0.187673,0.182465,0.176525,0.169691,0.161702,0.152096,0.139914,0.122441,0.061279
100860,0.213982,0.213814,0.213310,0.212466,0.211277,0.209735,0.207831,0.205549,0.202872,0.199776,0.196230,0.192193,0.187610,0.182404,0.176468,0.169638,0.161653,0.152051,0.139875,0.122410,0.061264
100920,0.213903,0.213735,0.213231,0.212387,0.211199,0.209659,0.207755,0.205475,0.202800,0.199706,0.196162,0.192127,0.187546,0.182344,0.176410,0.169584,0.161603,0.152007,0.139837,0.122380,0.061249
100980,0.213823,0.213656,0.213152,0.212309,0.211122,0.209582,0.207680,0.205401,0.202727,0.199635,0.196093,0.192061,0.187483,0.182283,0.176353,0.169531,0.161554,0.151962,0.139798,0.122349,0.061233
101040,0.213744,0.213577,0.213073,0.212231,0.211044,0.209506,0.207604,0.205327,0.202655,0.199565,0.196025,0.191995,0.187419,0.182223,0.176296,0.169477,0.161505,0.151918,0.139760,0.122319,0.061218
101100,0.213665,0.213498,0.212995,0.212153,0.210967,0.209429,0.207529,0.205253,0.202583,0.199494,0.195956,0.191929,0.187356,0.182162,0.176239,0.169424,0.161456,0.151874,0.139721,0.122288,0.061203
101160,0.213586,0.213419,0.212916,0.212075,0.210889,0.209353,0.207454,0.205179,0.202511,0.199424,0.195888,0.191863,0.187293,0.182102,0.176182,0.169370,0.161407,0.151830,0.139683,0.122258,0.061187
101220,0.213507,0.213340,0.212838,0.211997,0.210812,0.209277,0.207379,0.205106,0.202438,0.199354,0.195820,0.191797,0.187230,0.182042,0.176125,0.169317,0.161358,0.151785,0.139645,0.122227,0.061172
101280,0.213428,0.213261,0.212759,0.211919,0.210735,0.209200,0.207304,0.205032,0.202366,0.199283,0.195752,0.191731,0.187167,0.181982,0.176068,0.169264,0.161309,0.151741,0.139606,0.122197,0.061157
101340,0.213350,0.213183,0.212681,0.211841,0.210658,0.209124,0.207229,0.204959,0.202295,0.199213,0.195684,0.191666,0.187104,0.181922,0.176012,0.169211,0.161260,0.151697,0.139568,0.122167,0.061142
101400,0.213271,0.213104,0.212603,0.211764,0.210581,0.209048,0.207154,0.204885,0.202223,0.199144,0.195616,0.191600,0.187041,0.181862,0.175955,0.169158,0.161211,0.151653,0.139530,0.122136,0.061127
101460,0.213193,0.213026,0.212525,0.211686,0.210505,0.208973,0.207080,0.204812,0.202151,0.199074,0.195549,0.191535,0.186978,0.181802,0.175898,0.169105,0.161162,0.151609,0.139492,0.122106,0.061112
101520,0.213115,0.212948,0.212447,0.211609,0.210428,0.208897,0.207005,0.204739,0.202080,0.199004,0.195481,0.191470,0.186915,0.181742,0.175842,0.169052,0.161113,0.151565,0.139454,0.122076,0.061097
101580,0.213036,0.212870,0.212369,0.211532,0.210351,0.208821,0.206931,0.204666,0.202008,0.198934,0.195413,0.191404,0.186853,0.181682,0.175785,0.168999,0.161065,0.151522,0.139416,0.122046,0.061082
101640,0.212958,0.212792,0.212292,0.211454,0.210275,0.208746,0.206856,0.204593,0.201937,0.198865,0.195346,0.191339,0.186790,0.181623,0.175729,0.168947,0.161016,0.151478,0.139378,0.122016,0.061067
101700,0.212880,0.212714,0.212214,0.211377,0.210199,0.208671,0.206782,0.204520,0.201866,0.198795,0.195278,0.191274,0.186728,0.181563,0.175673,0.168894,0.160968,0.151434,0.139340,0.121985,0.061052
101760,0.212803,0.212636,0.212137,0.211300,0.210123,0.208595,0.206708,0.204447,0.201794,0.198726,0.195211,0.191209,0.186665,0.181504,0.175616,0.168841,0.160919,0.151390,0.139302,0.121955,0.061037
101820,0.212725,0.212559,0.212059,0.211224,0.210046,0.208520,0.206634,0.204375,0.201723,0.198657,0.195144,0.191144,0.186603,0.181444,0.175560,0.168789,0.160871,0.151347,0.139265,0.121925,0.061022
101880,0.212647,0.212481,0.211982,0.211147,0.209970,0.208445,0.206560,0.204302,0.201652,0.198588,0.195077,0.191080,0.186541,0.181385,0.175504,0.168736,0.160822,0.151303,0.139227,0.121895,0.061007
101940,0.212570,0.212404,0.211905,0.211070,0.209895,0.208370,0.206486,0.204229,0.201581,0.198518,0.195010,0.191015,0.186479,0.181326,0.175448,0.168684,0.160774,0.151260,0.139189,0.121865,0.060992
102000,0.212492,0.212326,0.211828,0.210994,0.209819,0.208295,0.206413,0.204157,0.201511,0.198449,0.194943,0.190950,0.186417,0.181267,0.175392,0.168632,0.160726,0.151216,0.139151,0.121836,0.060977
102060,0.212415,0.212249,0.211751,0.210917,0.209743,0.208220,0.206339,0.204085,0.201440,0.198381,0.194876,0.190886,0.186355,0.181207,0.175336,0.168579,0.160678,0.151173,0.139114,0.121806,0.060962
102120,0.212338,0.212172,0.211674,0.210841,0.209667,0.208146,0.206265,0.204013,0.201369,0.198312,0.194809,0.190821,0.186293,0.181148,0.175280,0.168527,0.160630,0.151130,0.139076,0.121776,0.060948
102180,0.212261,0.212095,0.211597,0.210765,0.209592,0.208071,0.206192,0.203941,0.201299,0.198243,0.194743,0.190757,0.186231,0.181090,0.175225,0.168475,0.160582,0.151086,0.139039,0.121746,0.060933
102240,0.212184,0.212018,0.211521,0.210689,0.209517,0.207997,0.206119,0.203869,0.201228,0.198175,0.194676,0.190693,0.186169,0.181031,0.175169,0.168423,0.160534,0.151043,0.139001,0.121716,0.060918
102300,0.212107,0.211941,0.211444,0.210613,0.209441,0.207922,0.206045,0.203797,0.201158,0.198106,0.194610,0.190628,0.186108,0.180972,0.175114,0.168371,0.160486,0.151000,0.138964,0.121687,0.060904
102360,0.212030,0.211865,0.211368,0.210537,0.209366,0.207848,0.205972,0.203725,0.201088,0.198038,0.194543,0.190564,0.186046,0.180913,0.175058,0.168319,0.160438,0.150957,0.138927,0.121657,0.060889
102420,0.211953,0.211788,0.211292,0.210461,0.209291,0.207774,0.205899,0.203653,0.201018,0.197969,0.194477,0.190500,0.185985,0.180855,0.175003,0.168267,0.160390,0.150914,0.138889,0.121627,0.060874
102480,0.211877,0.211712,0.211216,0.210385,0.209216,0.207700,0.205826,0.203582,0.200948,0.197901,0.194411,0.190436,0.185923,0.180796,0.174947,0.168216,0.160342,0.150871,0.138852,0.121598,0.060860
102540,0.211800,0.211635,0.211139,0.210310,0.209141,0.207626,0.205754,0.203510,0.200878,0.197833,0.194345,0.190373,0.185862,0.180738,0.174892,0.168164,0.160295,0.150828,0.138815,0.121568,0.060845
102600,0.211724,0.211559,0.211063,0.210234,0.209067,0.207552,0.205681,0.203439,0.200808,0.197765,0.194279,0.190309,0.185801,0.180679,0.174837,0.168112,0.160247,0.150785,0.138778,0.121538,0.060831
102660,0.211647,0.211483,0.210988,0.210159,0.208992,0.207478,0.205608,0.203368,0.200738,0.197697,0.194213,0.190245,0.185740,0.180621,0.174782,0.168061,0.160200,0.150742,0.138740,0.121509,0.060816
102720,0.211571,0.211407,0.210912,0.210084,0.208917,0.207405,0.205536,0.203296,0.200669,0.197629,0.194147,0.190182,0.185679,0.180563,0.174727,0.168009,0.160152,0.150699,0.138703,0.121480,0.060802
102780,0.211495,0.211331,0.210836,0.210009,0.208843,0.207331,0.205463,0.203225,0.200599,0.197561,0.194081,0.190118,0.185618,0.180505,0.174672,0.167958,0.160105,0.150657,0.138666,0.121450,0.060788
102840,0.211419,0.211255,0.210761,0.209934,0.208769,0.207258,0.205391,0.203154,0.200530,0.197494,0.194015,0.190055,0.185557,0.180447,0.174617,0.167906,0.160058,0.150614,0.138629,0.121421,0.060773
102900,0.211343,0.211179,0.210685,0.209859,0.208694,0.207184,0.205319,0.203083,0.200460,0.197426,0.193950,0.189991,0.185496,0.180389,0.174562,0.167855,0.160010,0.150571,0.138592,0.121391,0.060759
102960,0.211268,0.211104,0.210610,0.209784,0.208620,0.207111,0.205247,0.203013,0.200391,0.197359,0.193884,0.189928,0.185435,0.180331,0.174507,0.167804,0.159963,0.150529,0.138555,0.121362,0.060745
103020,0.211192,0.211028,0.210535,0.209709,0.208546,0.207038,0.205175,0.202942,0.200322,0.197291,0.193819,0.189865,0.185375,0.180273,0.174452,0.167753,0.159916,0.150486,0.138519,0.121333,0.060730
103080,0.211117,0.210953,0.210460,0.209634,0.208472,0.206965,0.205103,0.202871,0.200253,0.197224,0.193754,0.189802,0.185314,0.180215,0.174398,0.167702,0.159869,0.150444,0.138482,0.121303,0.060716
103140,0.211041,0.210877,0.210384,0.209560,0.208398,0.206892,0.205031,0.202801,0.200184,0.197157,0.193688,0.189739,0.185253,0.180157,0.174343,0.167650,0.159822,0.150402,0.138445,0.121274,0.060702
103200,0.210966,0.210802,0.210310,0.209485,0.208325,0.206819,0.204959,0.202730,0.200115,0.197089,0.193623,0.189676,0.185193,0.180100,0.174289,0.167600,0.159775,0.150359,0.138408,0.121245,0.060688
103260,0.210891,0.210727,0.210235,0.209411,0.208251,0.206747,0.204888,0.202660,0.200046,0.197022,0.193558,0.189613,0.185133,0.180042,0.174234,0.167549,0.159728,0.150317,0.138372,0.121216,0.060674
103320,0.210815,0.210652,0.210160,0.209337,0.208177,0.206674,0.204816,0.202590,0.199977,0.196955,0.193493,0.189550,0.185073,0.179985,0.174180,0.167498,0.159681,0.150275,0.138335,0.121187,0.060659
103380,0.210740,0.210577,0.210085,0.209263,0.208104,0.206601,0.204745,0.202520,0.199909,0.196889,0.193428,0.189488,0.185012,0.179927,0.174126,0.167447,0.159634,0.150233,0.138298,0.121158,0.060645
103440,0.210666,0.210502,0.210011,0.209189,0.208031,0.206529,0.204673,0.202450,0.199840,0.196822,0.193364,0.189425,0.184952,0.179870,0.174072,0.167396,0.159587,0.150190,0.138262,0.121129,0.060631
103500,0.210591,0.210427,0.209936,0.209115,0.207957,0.206457,0.204602,0.202380,0.199772,0.196755,0.193299,0.189363,0.184892,0.179813,0.174017,0.167346,0.159541,0.150148,0.138225,0.121100,0.060617
103560,0.210516,0.210353,0.209862,0.209041,0.207884,0.206384,0.204531,0.202310,0.199704,0.196689,0.193234,0.189300,0.184832,0.179756,0.173963,0.167295,0.159494,0.150106,0.138189,0.121071,0.060603
103620,0.210441,0.210278,0.209788,0.208967,0.207811,0.206312,0.204460,0.202240,0.199635,0.196622,0.193170,0.189238,0.184772,0.179699,0.173909,0.167245,0.159448,0.150064,0.138152,0.121042,0.060589
103680,0.210367,0.210204,0.209714,0.208894,0.207738,0.206240,0.204389,0.202170,0.199567,0.196556,0.193105,0.189176,0.184713,0.179642,0.173855,0.167194,0.159401,0.150022,0.138116,0.121013,0.060575
103740,0.210292,0.210130,0.209640,0.208820,0.207665,0.206168,0.204318,0.202101,0.199499,0.196489,0.193041,0.189114,0.184653,0.179585,0.173802,0.167144,0.159355,0.149981,0.138080,0.120984,0.060561
103800,0.210218,0.210055,0.209566,0.208747,0.207593,0.206096,0.204247,0.202031,0.199431,0.196423,0.192977,0.189051,0.184593,0.179528,0.173748,0.167093,0.159308,0.149939,0.138043,0.120955,0.060547
103860,0.210144,0.209981,0.209492,0.208673,0.207520,0.206025,0.204176,0.201962,0.199363,0.196357,0.192912,0.188989,0.184534,0.179471,0.173694,0.167043,0.159262,0.149897,0.138007,0.120926,0.060534
103920,0.210070,0.209907,0.209418,0.208600,0.207447,0.205953,0.204106,0.201893,0.199295,0.196291,0.192848,0.188928,0.184474,0.179414,0.173640,0.166993,0.159216,0.149855,0.137971,0.120898,0.060520
103980,0.209996,0.209833,0.209345,0.208527,0.207375,0.205881,0.204035,0.201824,0.199228,0.196225,0.192784,0.188866,0.184415,0.179358,0.173587,0.166943,0.159169,0.149814,0.137935,0.120869,0.060506
104040,0.209922,0.209759,0.209271,0.208454,0.207303,0.205810,0.203965,0.201754,0.199160,0.196159,0.192720,0.188804,0.184356,0.179301,0.173533,0.166893,0.159123,0.149772,0.137899,0.120840,0.060492
104100,0.209848,0.209686,0.209198,0.208381,0.207230,0.205738,0.203895,0.201685,0.199093,0.196093,0.192656,0.188742,0.184297,0.179245,0.173480,0.166843,0.159077,0.149730,0.137863,0.120811,0.060478
104160,0.209774,0.209612,0.209124,0.208308,0.207158,0.205667,0.203824,0.201616,0.199025,0.196027,0.192593,0.188681,0.184237,0.179188,0.173427,0.166793,0.159031,0.149689,0.137827,0.120783,0.060465
104220,0.209701,0.209539,0.209051,0.208235,0.207086,0.205596,0.203754,0.201548,0.198958,0.195962,0.192529,0.188619,0.184178,0.179132,0.173373,0.166743,0.158985,0.149648,0.137791,0.120754,0.060451
104280,0.209627,0.209465,0.208978,0.208163,0.207014,0.205525,0.203684,0.201479,0.198891,0.195896,0.192465,0.188558,0.184119,0.179076,0.173320,0.166693,0.158939,0.149606,0.137755,0.120726,0.060437
104340,0.209554,0.209392,0.208905,0.208090,0.206942,0.205454,0.203614,0.201410,0.198823,0.195831,0.192402,0.188496,0.184060,0.179019,0.173267,0.166643,0.158893,0.149565,0.137719,0.120697,0.060424
104400,0.209481,0.209319,0.208832,0.208018,0.206871,0.205383,0.203545,0.201342,0.198756,0.195765,0.192338,0.188435,0.184002,0.178963,0.173214,0.166594,0.158848,0.149523,0.137683,0.120669,0.060410
104460,0.209407,0.209246,0.208759,0.207945,0.206799,0.205312,0.203475,0.201273,0.198689,0.195700,0.192275,0.188374,0.183943,0.178907,0.173161,0.166544,0.158802,0.149482,0.137647,0.120640,0.060396
104520,0.209334,0.209172,0.208686,0.207873,0.206727,0.205241,0.203405,0.201205,0.198623,0.195635,0.192212,0.188313,0.183884,0.178851,0.173108,0.166495,0.158756,0.149441,0.137612,0.120612,0.060383
104580,0.209261,0.209100,0.208614,0.207801,0.206656,0.205171,0.203336,0.201137,0.198556,0.195570,0.192149,0.188252,0.183825,0.178795,0.173055,0.166445,0.158711,0.149400,0.137576,0.120583,0.060369
104640,0.209188,0.209027,0.208541,0.207729,0.206584,0.205100,0.203266,0.201068,0.198489,0.195505,0.192086,0.188191,0.183767,0.178739,0.173002,0.166396,0.158665,0.149359,0.137540,0.120555,0.060356
104700,0.209115,0.208954,0.208469,0.207657,0.206513,0.205030,0.203197,0.201000,0.198422,0.195440,0.192023,0.188130,0.183709,0.178684,0.172949,0.166346,0.158620,0.149318,0.137505,0.120527,0.060342
104760,0.209043,0.208881,0.208397,0.207585,0.206442,0.204960,0.203128,0.200932,0.198356,0.195375,0.191960,0.188069,0.183650,0.178628,0.172897,0.166297,0.158574,0.149277,0.137469,0.120498,0.060329
104820,0.208970,0.208809,0.208324,0.207513,0.206371,0.204889,0.203058,0.200864,0.198289,0.195310,0.191897,0.188008,0.183592,0.178572,0.172844,0.166248,0.158529,0.149236,0.137434,0.120470,0.060316
104880,0.208898,0.208736,0.208252,0.207442,0.206300,0.204819,0.202989,0.200797,0.198223,0.195246,0.191834,0.187948,0.183534,0.178517,0.172792,0.166199,0.158483,0.149195,0.137398,0.120442,0.060302
104940,0.208825,0.208664,0.208180,0.207370,0.206229,0.204749,0.202920,0.200729,0.198157,0.195181,0.191771,0.187887,0.183475,0.178461,0.172739,0.166149,0.158438,0.149154,0.137363,0.120414,0.060289
105000,0.208753,0.208592,0.208108,0.207299,0.206158,0.204679,0.202851,0.200661,0.198091,0.195117,0.191709,0.187827,0.183417,0.178406,0.172687,0.166100,0.158393,0.149113,0.137327,0.120385,0.060275
105060,0.208680,0.208520,0.208036,0.207227,0.206087,0.204609,0.202783,0.200594,0.198024,0.195052,0.191646,0.187766,0.183359,0.178351,0.172634,0.166051,0.158348,0.149073,0.137292,0.120357,0.060262
105120,0.208608,0.208448,0.207964,0.207156,0.206017,0.204539,0.202714,0.200526,0.197958,0.194988,0.191584,0.187706,0.183301,0.178295,0.172582,0.166003,0.158303,0.149032,0.137257,0.120329,0.060249
105180,0.208536,0.208376,0.207893,0.207085,0.205946,0.204470,0.202645,0.200459,0.197893,0.194924,0.191521,0.187646,0.183244,0.178240,0.172530,0.165954,0.158257,0.148991,0.137221,0.120301,0.060236
105240,0.208464,0.208304,0.207821,0.207014,0.205876,0.204400,0.202577,0.200391,0.197827,0.194859,0.191459,0.187586,0.183186,0.178185,0.172478,0.165905,0.158212,0.148951,0.137186,0.120273,0.060222
105300,0.208392,0.208232,0.207750,0.206943,0.205805,0.204331,0.202508,0.200324,0.197761,0.194795,0.191397,0.187526,0.183128,0.178130,0.172426,0.165856,0.158167,0.148910,0.137151,0.120245,0.060209
105360,0.208321,0.208160,0.207678,0.206872,0.205735,0.204261,0.202440,0.200257,0.197695,0.194731,0.191335,0.187466,0.183070,0.178075,0.172374,0.165807,0.158123,0.148870,0.137116,0.120217,0.060196
105420,0.208249,0.208089,0.207607,0.206801,0.205665,0.204192,0.202372,0.200190,0.197630,0.194667,0.191273,0.187406,0.183013,0.178020,0.172322,0.165759,0.158078,0.148829,0.137081,0.120189,0.060183
105480,0.208177,0.208017,0.207536,0.206730,0.205595,0.204123,0.202303,0.200123,0.197564,0.194603,0.191211,0.187346,0.182955,0.177965,0.172270,0.165710,0.158033,0.148789,0.137046,0.120161,0.060170
105540,0.208106,0.207946,0.207465,0.206659,0.205525,0.204054,0.202235,0.200056,0.197499,0.194540,0.191149,0.187286,0.182898,0.177910,0.172218,0.165662,0.157988,0.148749,0.137011,0.120134,0.060157
105600,0.208035,0.207875,0.207394,0.206589,0.205455,0.203985,0.202167,0.199989,0.197433,0.194476,0.191087,0.187226,0.182841,0.177856,0.172166,0.165613,0.157944,0.148708,0.136976,0.120106,0.060144
105660,0.207963,0.207803,0.207323,0.206518,0.205385,0.203916,0.202099,0.199923,0.197368,0.194412,0.191025,0.187167,0.182783,0.177801,0.172114,0.165565,0.157899,0.148668,0.136941,0.120078,0.060131
105720,0.207892,0.207732,0.207252,0.206448,0.205315,0.203847,0.202032,0.199856,0.197303,0.194349,0.190964,0.187107,0.182726,0.177747,0.172063,0.165517,0.157854,0.148628,0.136906,0.120050,0.060118
105780,0.207821,0.207661,0.207181,0.206378,0.205246,0.203778,0.201964,0.199790,0.197238,0.194286,0.190902,0.187048,0.182669,0.177692,0.172011,0.165468,0.157810,0.148588,0.136871,0.120022,0.060105
105840,0.207750,0.207590,0.207111,0.206308,0.205176,0.203709,0.201896,0.199723,0.197173,0.194222,0.190841,0.186988,0.182612,0.177638,0.171960,0.165420,0.157765,0.148548,0.136836,0.119995,0.060092
105900,0.207679,0.207520,0.207040,0.206238,0.205107,0.203641,0.201829,0.199657,0.197108,0.194159,0.190779,0.186929,0.182555,0.177583,0.171908,0.165372,0.157721,0.148508,0.136801,0.119967,0.060079
105960,0.207608,0.207449,0.206970,0.206168,0.205038,0.203572,0.201761,0.199591,0.197043,0.194096,0.190718,0.186870,0.182498,0.177529,0.171857,0.165324,0.157677,0.148468,0.136767,0.119939,0.060066
106020,0.207538,0.207378,0.206899,0.206098,0.204968,0.203504,0.201694,0.199525,0.196979,0.194033,0.190657,0.186811,0.182441,0.177475,0.171806,0.165276,0.157632,0.148428,0.136732,0.119912,0.060053
106080,0.207467,0.207308,0.206829,0.206028,0.204899,0.203435,0.201626,0.199458,0.196914,0.193970,0.190595,0.186752,0.182385,0.177421,0.171754,0.165228,0.157588,0.148388,0.136697,0.119884,0.060040
106140,0.207396,0.207237,0.206759,0.205958,0.204830,0.203367,0.201559,0.199392,0.196849,0.193907,0.190534,0.186693,0.182328,0.177367,0.171703,0.165180,0.157544,0.148348,0.136663,0.119857,0.060027
106200,0.207326,0.207167,0.206689,0.205888,0.204761,0.203299,0.201492,0.199327,0.196785,0.193844,0.190473,0.186634,0.182271,0.177313,0.171652,0.165132,0.157500,0.148308,0.136628,0.119829,0.060015
106260,0.207256,0.207097,0.206619,0.205819,0.204692,0.203231,0.201425,0.199261,0.196720,0.193781,0.190412,0.186575,0.182215,0.177259,0.171601,0.165084,0.157456,0.148268,0.136594,0.119802,0.060002
106320,0.207185,0.207026,0.206549,0.205750,0.204623,0.203163,0.201358,0.199195,0.196656,0.193718,0.190352,0.186516,0.182158,0.177205,0.171550,0.165037,0.157412,0.148229,0.136559,0.119774,0.059989
106380,0.207115,0.206956,0.206479,0.205680,0.204555,0.203095,0.201291,0.199129,0.196592,0.193656,0.190291,0.186457,0.182102,0.177151,0.171499,0.164989,0.157368,0.148189,0.136525,0.119747,0.059976
106440,0.207045,0.206886,0.206409,0.205611,0.204486,0.203027,0.201224,0.199064,0.196528,0.193593,0.190230,0.186399,0.182046,0.177097,0.171448,0.164941,0.157324,0.148149,0.136490,0.119719,0.059964
106500,0.206975,0.206816,0.206340,0.205542,0.204418,0.202960,0.201158,0.198998,0.196464,0.193531,0.190170,0.186340,0.181989,0.177044,0.171398,0.164894,0.157280,0.148110,0.136456,0.119692,0.059951
106560,0.206905,0.206747,0.206270,0.205473,0.204349,0.202892,0.201091,0.198933,0.196400,0.193468,0.190109,0.186282,0.181933,0.176990,0.171347,0.164846,0.157236,0.148070,0.136422,0.119665,0.059938
106620,0.206835,0.206677,0.206201,0.205404,0.204281,0.202824,0.201025,0.198868,0.196336,0.193406,0.190049,0.186223,0.181877,0.176936,0.171296,0.164799,0.157193,0.148031,0.136387,0.119638,0.059926
106680,0.206766,0.206607,0.206131,0.205335,0.204212,0.202757,0.200958,0.198802,0.196272,0.193344,0.189988,0.186165,0.181821,0.176883,0.171246,0.164752,0.157149,0.147991,0.136353,0.119610,0.059913
106740,0.206696,0.206538,0.206062,0.205266,0.204144,0.202690,0.200892,0.198737,0.196208,0.193282,0.189928,0.186107,0.181765,0.176830,0.171195,0.164704,0.157105,0.147952,0.136319,0.119583,0.059901
106800,0.206626,0.206468,0.205993,0.205197,0.204076,0.202622,0.200826,0.198672,0.196145,0.193220,0.189868,0.186048,0.181709,0.176776,0.171145,0.164657,0.157062,0.147913,0.136285,0.119556,0.059888
106860,0.206557,0.206399,0.205924,0.205129,0.204008,0.202555,0.200759,0.198607,0.196081,0.193158,0.189807,0.185990,0.181653,0.176723,0.171094,0.164610,0.157018,0.147873,0.136251,0.119529,0.059875
106920,0.206488,0.206330,0.205855,0.205060,0.203940,0.202488,0.200693,0.198542,0.196018,0.193096,0.189747,0.185932,0.181598,0.176670,0.171044,0.164563,0.156975,0.147834,0.136217,0.119502,0.059863
106980,0.206418,0.206261,0.205786,0.204992,0.203873,0.202421,0.200627,0.198478,0.195954,0.193034,0.189687,0.185874,0.181542,0.176617,0.170994,0.164516,0.156931,0.147795,0.136183,0.119474,0.059851
107040,0.206349,0.206191,0.205717,0.204923,0.203805,0.202354,0.200561,0.198413,0.195891,0.192972,0.189627,0.185816,0.181486,0.176564,0.170943,0.164469,0.156888,0.147756,0.136149,0.119447,0.059838
107100,0.206280,0.206122,0.205648,0.204855,0.203737,0.202287,0.200496,0.198348,0.195828,0.192911,0.189568,0.185759,0.181431,0.176511,0.170893,0.164422,0.156845,0.147717,0.136115,0.119420,0.059826
107160,0.206211,0.206054,0.205580,0.204787,0.203670,0.202221,0.200430,0.198284,0.195764,0.192849,0.189508,0.185701,0.181375,0.176458,0.170843,0.164375,0.156801,0.147678,0.136081,0.119393,0.059813
107220,0.206142,0.205985,0.205511,0.204719,0.203602,0.202154,0.200364,0.198219,0.195701,0.192788,0.189448,0.185643,0.181320,0.176405,0.170793,0.164328,0.156758,0.147639,0.136047,0.119366,0.059801
107280,0.206073,0.205916,0.205443,0.204651,0.203535,0.202087,0.200299,0.198155,0.195638,0.192726,0.189389,0.185586,0.181265,0.176352,0.170743,0.164281,0.156715,0.147600,0.136013,0.119339,0.059789
107340,0.206005,0.205847,0.205374,0.204583,0.203467,0.202021,0.200233,0.198091,0.195575,0.192665,0.189329,0.185528,0.181209,0.176299,0.170693,0.164234,0.156672,0.147561,0.135979,0.119313,0.059776
107400,0.205936,0.205779,0.205306,0.204515,0.203400,0.201955,0.200168,0.198026,0.195513,0.192604,0.189269,0.185471,0.181154,0.176247,0.170643,0.164188,0.156629,0.147522,0.135946,0.119286,0.059764
107460,0.205868,0.205710,0.205238,0.204447,0.203333,0.201888,0.200102,0.197962,0.195450,0.192542,0.189210,0.185413,0.181099,0.176194,0.170594,0.164141,0.156586,0.147483,0.135912,0.119259,0.059752
107520,0.205799,0.205642,0.205170,0.204379,0.203266,0.201822,0.200037,0.197898,0.195387,0.192481,0.189151,0.185356,0.181044,0.176141,0.170544,0.164095,0.156543,0.147445,0.135878,0.119232,0.059739
107580,0.205731,0.205574,0.205102,0.204312,0.203199,0.201756,0.199972,0.197834,0.195325,0.192420,0.189092,0.185299,0.180989,0.176089,0.170494,0.164048,0.156500,0.147406,0.135845,0.119205,0.059727
107640,0.205662,0.205505,0.205034,0.204244,0.203132,0.201690,0.199907,0.197770,0.195262,0.192359,0.189032,0.185242,0.180934,0.176036,0.170445,0.164002,0.156457,0.147367,0.135811,0.119178,0.059715
107700,0.205594,0.205437,0.204966,0.204177,0.203065,0.201624,0.199842,0.197706,0.195200,0.192298,0.188973,0.185184,0.180879,0.175984,0.170395,0.163955,0.156414,0.147329,0.135778,0.119152,0.059703
107760,0.205526,0.205369,0.204898,0.204110,0.202999,0.201558,0.199777,0.197643,0.195137,0.192238,0.188914,0.185127,0.180824,0.175932,0.170346,0.163909,0.156372,0.147290,0.135744,0.119125,0.059691
107820,0.205458,0.205301,0.204831,0.204042,0.202932,0.201492,0.199712,0.197579,0.195075,0.192177,0.188855,0.185071,0.180770,0.175880,0.170296,0.163863,0.156329,0.147252,0.135711,0.119098,0.059679
107880,0.205390,0.205234,0.204763,0.203975,0.202866,0.201426,0.199648,0.197515,0.195013,0.192116,0.188796,0.185014,0.180715,0.175827,0.170247,0.163816,0.156286,0.147213,0.135677,0.119072,0.059667
107940,0.205322,0.205166,0.204695,0.203908,0.202799,0.201361,0.199583,0.197452,0.194951,0.192056,0.188738,0.184957,0.180660,0.175775,0.170197,0.163770,0.156244,0.147175,0.135644,0.119045,0.059654
108000,0.205255,0.205098,0.204628,0.203841,0.202733,0.201295,0.199518,0.197389,0.194889,0.191995,0.188679,0.184900,0.180606,0.175723,0.170148,0.163724,0.156201,0.147136,0.135610,0.119019,0.059642
108060,0.205187,0.205031,0.204561,0.203774,0.202667,0.201230,0.199454,0.197325,0.194827,0.191935,0.188620,0.184843,0.180551,0.175671,0.170099,0.163678,0.156159,0.147098,0.135577,0.118992,0.059630
108120,0.205119,0.204963,0.204494,0.203708,0.202600,0.201164,0.199389,0.197262,0.194765,0.191874,0.188562,0.184787,0.180497,0.175620,0.170050,0.163632,0.156116,0.147060,0.135544,0.118965,0.059618
108180,0.205052,0.204896,0.204426,0.203641,0.202534,0.201099,0.199325,0.197199,0.194703,0.191814,0.188503,0.184730,0.180443,0.175568,0.170001,0.163586,0.156074,0.147021,0.135511,0.118939,0.059606
108240,0.204984,0.204828,0.204359,0.203574,0.202468,0.201034,0.199261,0.197136,0.194641,0.191754,0.188445,0.184674,0.180389,0.175516,0.169952,0.163540,0.156031,0.146983,0.135477,0.118913,0.059594
108300,0.204917,0.204761,0.204292,0.203508,0.202402,0.200969,0.199197,0.197073,0.194579,0.191694,0.188386,0.184617,0.180334,0.175464,0.169903,0.163495,0.155989,0.146945,0.135444,0.118886,0.059582
108360,0.204850,0.204694,0.204225,0.203441,0.202337,0.200904,0.199133,0.197010,0.194518,0.191634,0.188328,0.184561,0.180280,0.175413,0.169854,0.163449,0.155947,0.146907,0.135411,0.118860,0.059571
108420,0.204783,0.204627,0.204159,0.203375,0.202271,0.200839,0.199069,0.196947,0.194456,0.191574,0.188270,0.184505,0.180226,0.175361,0.169805,0.163403,0.155905,0.146869,0.135378,0.118833,0.059559
108480,0.204716,0.204560,0.204092,0.203309,0.202205,0.200774,0.199005,0.196884,0.194395,0.191514,0.188212,0.184449,0.180172,0.175310,0.169756,0.163357,0.155863,0.146831,0.135345,0.118807,0.059547
108540,0.204649,0.204493,0.204025,0.203242,0.202139,0.200709,0.198941,0.196822,0.194334,0.191454,0.188154,0.184393,0.180118,0.175258,0.169708,0.163312,0.155821,0.146793,0.135312,0.118781,0.059535
108600,0.204582,0.204426,0.203959,0.203176,0.202074,0.200644,0.198877,0.196759,0.194272,0.191394,0.188096,0.184337,0.180065,0.175207,0.169659,0.163266,0.155779,0.146755,0.135279,0.118754,0.059523
108660,0.204515,0.204359,0.203892,0.203110,0.202009,0.200580,0.198813,0.196696,0.194211,0.191335,0.188038,0.184281,0.180011,0.175155,0.169611,0.163221,0.155737,0.146717,0.135246,0.118728,0.059511
108720,0.204448,0.204293,0.203826,0.203044,0.201943,0.200515,0.198750,0.196634,0.194150,0.191275,0.187980,0.184225,0.179957,0.175104,0.169562,0.163175,0.155695,0.146679,0.135213,0.118702,0.059500
108780,0.204382,0.204226,0.203760,0.202978,0.201878,0.200451,0.198686,0.196572,0.194089,0.191216,0.187922,0.184169,0.179903,0.175053,0.169514,0.163130,0.155653,0.146641,0.135180,0.118676,0.059488
108840,0.204315,0.204160,0.203693,0.202913,0.201813,0.200386,0.198623,0.196509,0.194028,0.191156,0.187864,0.184113,0.179850,0.175002,0.169465,0.163085,0.155611,0.146604,0.135147,0.118650,0.059476
108900,0.204248,0.204093,0.203627,0.202847,0.201748,0.200322,0.198559,0.196447,0.193967,0.191097,0.187807,0.184057,0.179796,0.174951,0.169417,0.163039,0.155569,0.146566,0.135115,0.118623,0.059464
108960,0.204182,0.204027,0.203561,0.202781,0.201683,0.200258,0.198496,0.196385,0.193906,0.191038,0.187749,0.184002,0.179743,0.174900,0.169369,0.162994,0.155527,0.146528,0.135082,0.118597,0.059453
109020,0.204116,0.203961,0.203495,0.202716,0.201618,0.200193,0.198433,0.196323,0.193846,0.190978,0.187692,0.183946,0.179690,0.174849,0.169320,0.162949,0.155486,0.146491,0.135049,0.118571,0.059441
109080,0.204050,0.203895,0.203429,0.202650,0.201553,0.200129,0.198370,0.196261,0.193785,0.190919,0.187634,0.183891,0.179636,0.174798,0.169272,0.162904,0.155444,0.146453,0.135017,0.118545,0.059430
109140,0.203983,0.203829,0.203364,0.202585,0.201488,0.200065,0.198307,0.196199,0.193724,0.190860,0.187577,0.183835,0.179583,0.174747,0.169224,0.162859,0.155403,0.146415,0.134984,0.118519,0.059418
109200,0.203917,0.203763,0.203298,0.202520,0.201423,0.200001,0.198244,0.196137,0.193664,0.190801,0.187520,0.183780,0.179530,0.174696,0.169176,0.162814,0.155361,0.146378,0.134951,0.118493,0.059406
109260,0.203851,0.203697,0.203232,0.202455,0.201359,0.199938,0.198181,0.196075,0.193603,0.190742,0.187463,0.183725,0.179477,0.174646,0.169128,0.162769,0.155320,0.146340,0.134919,0.118467,0.059395
109320,0.203786,0.203631,0.203167,0.202389,0.201294,0.199874,0.198118,0.196014,0.193543,0.190683,0.187405,0.183670,0.179424,0.174595,0.169080,0.162724,0.155278,0.146303,0.134886,0.118441,0.059383
109380,0.203720,0.203565,0.203101,0.202324,0.201230,0.199810,0.198055,0.195952,0.193483,0.190625,0.187348,0.183614,0.179371,0.174544,0.169032,0.162679,0.155237,0.146266,0.134854,0.118415,0.059372
109440,0.203654,0.203500,0.203036,0.202259,0.201165,0.199747,0.197993,0.195891,0.193423,0.190566,0.187291,0.183559,0.179318,0.174494,0.168984,0.162634,0.155195,0.146228,0.134821,0.118390,0.059360
109500,0.203588,0.203434,0.202970,0.202195,0.201101,0.199683,0.197930,0.195829,0.193362,0.190507,0.187234,0.183504,0.179265,0.174443,0.168937,0.162590,0.155154,0.146191,0.134789,0.118364,0.059349
109560,0.203523,0.203369,0.202905,0.202130,0.201037,0.199620,0.197868,0.195768,0.193302,0.190449,0.187178,0.183449,0.179212,0.174393,0.168889,0.162545,0.155113,0.146154,0.134757,0.118338,0.059337
109620,0.203457,0.203303,0.202840,0.202065,0.200973,0.199556,0.197805,0.195707,0.193242,0.190390,0.187121,0.183395,0.179159,0.174343,0.168841,0.162500,0.155072,0.146117,0.134724,0.118312,0.059326
109680,0.203392,0.203238,0.202775,0.202000,0.200909,0.199493,0.197743,0.195645,0.193182,0.190332,0.187064,0.183340,0.179107,0.174292,0.168794,0.162456,0.155031,0.146080,0.134692,0.118286,0.059314
109740,0.203327,0.203173,0.202710,0.201936,0.200845,0.199430,0.197681,0.195584,0.193123,0.190274,0.187007,0.183285,0.179054,0.174242,0.168746,0.162411,0.154989,0.146042,0.134660,0.118261,0.059303
109800,0.203261,0.203108,0.202645,0.201871,0.200781,0.199367,0.197619,0.195523,0.193063,0.190215,0.186951,0.183230,0.179002,0.174192,0.168699,0.162367,0.154948,0.146005,0.134628,0.118235,0.059292
109860,0.203196,0.203043,0.202580,0.201807,0.200717,0.199304,0.197556,0.195462,0.193003,0.190157,0.186894,0.183176,0.178949,0.174142,0.168651,0.162322,0.154907,0.145968,0.134595,0.118209,0.059280
109920,0.203131,0.202978,0.202516,0.201743,0.200653,0.199241,0.197494,0.195401,0.192944,0.190099,0.186838,0.183121,0.178897,0.174092,0.168604,0.162278,0.154866,0.145931,0.134563,0.118184,0.059269
109980,0.203066,0.202913,0.202451,0.201678,0.200590,0.199178,0.197433,0.195340,0.192884,0.190041,0.186782,0.183067,0.178844,0.174042,0.168557,0.162234,0.154826,0.145894,0.134531,0.118158,0.059258
110040,0.203001,0.202848,0.202386,0.201614,0.200526,0.199115,0.197371,0.195280,0.192825,0.189983,0.186725,0.183012,0.178792,0.173992,0.168509,0.162189,0.154785,0.145858,0.134499,0.118132,0.059247
110100,0.202936,0.202783,0.202322,0.201550,0.200463,0.199052,0.197309,0.195219,0.192765,0.189925,0.186669,0.182958,0.178740,0.173942,0.168462,0.162145,0.154744,0.145821,0.134467,0.118107,0.059235
110160,0.202872,0.202718,0.202258,0.201486,0.200399,0.198990,0.197247,0.195158,0.192706,0.189867,0.186613,0.182904,0.178688,0.173892,0.168415,0.162101,0.154703,0.145784,0.134435,0.118081,0.059224
110220,0.202807,0.202654,0.202193,0.201422,0.200336,0.198927,0.197186,0.195098,0.192647,0.189809,0.186557,0.182850,0.178636,0.173843,0.168368,0.162057,0.154662,0.145747,0.134403,0.118056,0.059213
110280,0.202743,0.202589,0.202129,0.201358,0.200273,0.198865,0.197124,0.195037,0.192587,0.189752,0.186501,0.182795,0.178584,0.173793,0.168321,0.162013,0.154622,0.145710,0.134371,0.118030,0.059202
110340,0.202678,0.202525,0.202065,0.201295,0.200210,0.198802,0.197062,0.194977,0.192528,0.189694,0.186445,0.182741,0.178532,0.173743,0.168274,0.161969,0.154581,0.145674,0.134339,0.118005,0.059190
110400,0.202614,0.202461,0.202001,0.201231,0.200147,0.198740,0.197001,0.194917,0.192469,0.189637,0.186389,0.182687,0.178480,0.173694,0.168227,0.161925,0.154541,0.145637,0.134307,0.117980,0.059179
110460,0.202549,0.202396,0.201937,0.201167,0.200084,0.198678,0.196940,0.194856,0.192410,0.189579,0.186333,0.182633,0.178428,0.173644,0.168180,0.161881,0.154500,0.145601,0.134276,0.117954,0.059168
110520,0.202485,0.202332,0.201873,0.201104,0.200021,0.198615,0.196878,0.194796,0.192352,0.189522,0.186277,0.182580,0.178376,0.173595,0.168133,0.161837,0.154460,0.145564,0.134244,0.117929,0.059157
110580,0.202421,0.202268,0.201809,0.201041,0.199958,0.198553,0.196817,0.194736,0.192293,0.189464,0.186222,0.182526,0.178324,0.173546,0.168087,0.161793,0.154419,0.145527,0.134212,0.117903,0.059146
110640,0.202357,0.202204,0.201745,0.200977,0.199895,0.198491,0.196756,0.194676,0.192234,0.189407,0.186166,0.182472,0.178273,0.173496,0.168040,0.161750,0.154379,0.145491,0.134180,0.117878,0.059135
110700,0.202293,0.202140,0.201682,0.200914,0.199832,0.198429,0.196695,0.194616,0.192175,0.189350,0.186111,0.182418,0.178221,0.173447,0.167993,0.161706,0.154338,0.145455,0.134149,0.117853,0.059124
110760,0.202229,0.202076,0.201618,0.200851,0.199770,0.198368,0.196634,0.194556,0.192117,0.189293,0.186055,0.182365,0.178170,0.173398,0.167947,0.161662,0.154298,0.145418,0.134117,0.117828,0.059113
110820,0.202165,0.202013,0.201554,0.200788,0.199707,0.198306,0.196573,0.194497,0.192058,0.189236,0.186000,0.182311,0.178118,0.173349,0.167900,0.161619,0.154258,0.145382,0.134085,0.117802,0.059102
110880,0.202101,0.201949,0.201491,0.200725,0.199645,0.198244,0.196512,0.194437,0.192000,0.189179,0.185944,0.182258,0.178067,0.173300,0.167854,0.161575,0.154218,0.145346,0.134054,0.117777,0.059091
110940,0.202037,0.201885,0.201428,0.200662,0.199582,0.198182,0.196452,0.194377,0.191941,0.189122,0.185889,0.182204,0.178015,0.173251,0.167807,0.161532,0.154178,0.145309,0.134022,0.117752,0.059080
111000,0.201974,0.201822,0.201364,0.200599,0.199520,0.198121,0.196391,0.194318,0.191883,0.189065,0.185834,0.182151,0.177964,0.173202,0.167761,0.161488,0.154138,0.145273,0.133991,0.117727,0.059069
111060,0.201910,0.201758,0.201301,0.200536,0.199458,0.198059,0.196331,0.194258,0.191825,0.189008,0.185779,0.182098,0.177913,0.173153,0.167715,0.161445,0.154097,0.145237,0.133959,0.117702,0.059058
111120,0.201847,0.201695,0.201238,0.200473,0.199396,0.197998,0.196270,0.194199,0.191767,0.188951,0.185724,0.182044,0.177862,0.173104,0.167668,0.161402,0.154057,0.145201,0.133928,0.117677,0.059047
111180,0.201783,0.201632,0.201175,0.200411,0.199334,0.197937,0.196210,0.194139,0.191709,0.188895,0.185669,0.181991,0.177811,0.173055,0.167622,0.161358,0.154018,0.145165,0.133897,0.117652,0.059036
111240,0.201720,0.201568,0.201112,0.200348,0.199272,0.197875,0.196149,0.194080,0.191651,0.188838,0.185614,0.181938,0.177760,0.173006,0.167576,0.161315,0.153978,0.145129,0.133865,0.117627,0.059026
111300,0.201657,0.201505,0.201049,0.200285,0.199210,0.197814,0.196089,0.194021,0.191593,0.188782,0.185559,0.181885,0.177709,0.172958,0.167530,0.161272,0.153938,0.145093,0.133834,0.117602,0.059015
111360,0.201594,0.201442,0.200986,0.200223,0.199148,0.197753,0.196029,0.193962,0.191535,0.188725,0.185504,0.181832,0.177658,0.172909,0.167484,0.161229,0.153898,0.145057,0.133803,0.117577,0.059004
111420,0.201531,0.201379,0.200923,0.200161,0.199086,0.197692,0.195969,0.193903,0.191477,0.188669,0.185449,0.181779,0.177607,0.172861,0.167438,0.161186,0.153858,0.145021,0.133771,0.117552,0.058993
111480,0.201468,0.201316,0.200861,0.200098,0.199024,0.197631,0.195909,0.193844,0.191419,0.188613,0.185395,0.181726,0.177556,0.172812,0.167392,0.161143,0.153818,0.144985,0.133740,0.117527,0.058982
111540,0.201405,0.201253,0.200798,0.200036,0.198963,0.197570,0.195849,0.193785,0.191362,0.188556,0.185340,0.181674,0.177505,0.172764,0.167346,0.161100,0.153779,0.144949,0.133709,0.117502,0.058972
111600,0.201342,0.201191,0.200736,0.199974,0.198901,0.197509,0.195789,0.193726,0.191304,0.188500,0.185285,0.181621,0.177455,0.172715,0.167300,0.161057,0.153739,0.144913,0.133678,0.117477,0.058961
111660,0.201279,0.201128,0.200673,0.199912,0.198840,0.197449,0.195729,0.193667,0.191246,0.188444,0.185231,0.181568,0.177404,0.172667,0.167255,0.161014,0.153700,0.144877,0.133647,0.117452,0.058950
111720,0.201216,0.201065,0.200611,0.199850,0.198778,0.197388,0.195669,0.193608,0.191189,0.188388,0.185177,0.181516,0.177354,0.172619,0.167209,0.160971,0.153660,0.144842,0.133616,0.117427,0.058940
111780,0.201154,0.201003,0.200549,0.199788,0.198717,0.197327,0.195609,0.193550,0.191132,0.188332,0.185122,0.181463,0.177303,0.172571,0.167163,0.160928,0.153620,0.144806,0.133585,0.117403,0.058929
111840,0.201091,0.200940,0.200486,0.199726,0.198656,0.197267,0.195550,0.193491,0.191074,0.188276,0.185068,0.181411,0.177253,0.172522,0.167118,0.160886,0.153581,0.144770,0.133554,0.117378,0.058918
111900,0.201029,0.200878,0.200424,0.199665,0.198594,0.197206,0.195490,0.193433,0.191017,0.188220,0.185014,0.181358,0.177202,0.172474,0.167072,0.160843,0.153542,0.144735,0.133523,0.117353,0.058908
111960,0.200966,0.200816,0.200362,0.199603,0.198533,0.197146,0.195431,0.193374,0.190960,0.188165,0.184960,0.181306,0.177152,0.172426,0.167027,0.160800,0.153502,0.144699,0.133492,0.117328,0.058897
112020,0.200904,0.200753,0.200300,0.199541,0.198472,0.197086,0.195371,0.193316,0.190903,0.188109,0.184905,0.181254,0.177102,0.172378,0.166981,0.160758,0.153463,0.144664,0.133461,0.117304,0.058886
112080,0.200842,0.200691,0.200238,0.199480,0.198411,0.197025,0.195312,0.193258,0.190846,0.188053,0.184851,0.181201,0.177052,0.172330,0.166936,0.160715,0.153424,0.144628,0.133430,0.117279,0.058876
112140,0.200780,0.200629,0.200176,0.199418,0.198350,0.196965,0.195253,0.193200,0.190789,0.187998,0.184797,0.181149,0.177001,0.172282,0.166890,0.160673,0.153384,0.144593,0.133399,0.117254,0.058865
112200,0.200718,0.200567,0.200115,0.199357,0.198290,0.196905,0.195193,0.193141,0.190732,0.187942,0.184744,0.181097,0.176951,0.172235,0.166845,0.160630,0.153345,0.144557,0.133368,0.117230,0.058855
112260,0.200656,0.200505,0.200053,0.199296,0.198229,0.196845,0.195134,0.193083,0.190675,0.187887,0.184690,0.181045,0.176901,0.172187,0.166800,0.160588,0.153306,0.144522,0.133337,0.117205,0.058844
112320,0.200594,0.200443,0.199991,0.199235,0.198168,0.196785,0.195075,0.193025,0.190618,0.187831,0.184636,0.180993,0.176851,0.172139,0.166755,0.160546,0.153267,0.144487,0.133307,0.117181,0.058834
112380,0.200532,0.200382,0.199930,0.199173,0.198108,0.196725,0.195016,0.192967,0.190561,0.187776,0.184582,0.180941,0.176801,0.172092,0.166710,0.160503,0.153228,0.144451,0.133276,0.117156,0.058823
112440,0.200470,0.200320,0.199868,0.199112,0.198047,0.196666,0.194957,0.192910,0.190505,0.187721,0.184529,0.180889,0.176752,0.172044,0.166665,0.160461,0.153189,0.144416,0.133245,0.117132,0.058813
112500,0.200408,0.200258,0.199807,0.199051,0.197987,0.196606,0.194899,0.192852,0.190448,0.187666,0.184475,0.180838,0.176702,0.171996,0.166620,0.160419,0.153150,0.144381,0.133215,0.117107,0.058802
112560,0.200347,0.200197,0.199746,0.198990,0.197926,0.196546,0.194840,0.192794,0.190392,0.187611,0.184422,0.180786,0.176652,0.171949,0.166575,0.160377,0.153111,0.144346,0.133184,0.117083,0.058792
112620,0.200285,0.200135,0.199684,0.198930,0.197866,0.196487,0.194781,0.192736,0.190335,0.187556,0.184368,0.180734,0.176603,0.171902,0.166530,0.160335,0.153072,0.144311,0.133154,0.117058,0.058782
112680,0.200224,0.200074,0.199623,0.198869,0.197806,0.196427,0.194722,0.192679,0.190279,0.187501,0.184315,0.180683,0.176553,0.171854,0.166485,0.160293,0.153033,0.144276,0.133123,0.117034,0.058771
112740,0.200162,0.200013,0.199562,0.198808,0.197746,0.196368,0.194664,0.192621,0.190223,0.187446,0.184261,0.180631,0.176503,0.171807,0.166440,0.160251,0.152995,0.144241,0.133093,0.117010,0.058761
112800,0.200101,0.199951,0.199501,0.198748,0.197686,0.196308,0.194605,0.192564,0.190166,0.187391,0.184208,0.180580,0.176454,0.171760,0.166395,0.160209,0.152956,0.144206,0.133062,0.116985,0.058751
112860,0.200040,0.199890,0.199440,0.198687,0.197626,0.196249,0.194547,0.192506,0.190110,0.187336,0.184155,0.180528,0.176404,0.171712,0.166351,0.160167,0.152917,0.144171,0.133032,0.116961,0.058740
112920,0.199979,0.199829,0.199379,0.198627,0.197566,0.196190,0.194489,0.192449,0.190054,0.187281,0.184102,0.180477,0.176355,0.171665,0.166306,0.160125,0.152879,0.144136,0.133001,0.116937,0.058730
112980,0.199918,0.199768,0.199319,0.198566,0.197506,0.196131,0.194430,0.192392,0.189998,0.187227,0.184049,0.180426,0.176306,0.171618,0.166261,0.160083,0.152840,0.144101,0.132971,0.116912,0.058720
113040,0.199857,0.199707,0.199258,0.198506,0.197446,0.196072,0.194372,0.192335,0.189942,0.187172,0.183996,0.180374,0.176257,0.171571,0.166217,0.160041,0.152801,0.144066,0.132941,0.116888,0.058710
113100,0.199796,0.199646,0.199197,0.198446,0.197386,0.196013,0.194314,0.192278,0.189886,0.187118,0.183943,0.180323,0.176207,0.171524,0.166172,0.160000,0.152763,0.144031,0.132910,0.116864,0.058699
113160,0.199735,0.199585,0.199137,0.198385,0.197327,0.195954,0.194256,0.192221,0.189830,0.187063,0.183890,0.180272,0.176158,0.171477,0.166128,0.159958,0.152724,0.143996,0.132880,0.116840,0.058689
113220,0.199674,0.199525,0.199076,0.198325,0.197267,0.195895,0.194198,0.192164,0.189775,0.187009,0.183837,0.180221,0.176109,0.171430,0.166083,0.159916,0.152686,0.143962,0.132850,0.116816,0.058679
113280,0.199613,0.199464,0.199016,0.198265,0.197208,0.195836,0.194140,0.192107,0.189719,0.186955,0.183784,0.180170,0.176060,0.171384,0.166039,0.159875,0.152648,0.143927,0.132820,0.116792,0.058669
113340,0.199552,0.199403,0.198955,0.198205,0.197148,0.195777,0.194082,0.192050,0.189663,0.186900,0.183732,0.180119,0.176011,0.171337,0.165995,0.159833,0.152609,0.143892,0.132789,0.116767,0.058659
113400,0.199492,0.199343,0.198895,0.198145,0.197089,0.195719,0.194024,0.191993,0.189608,0.186846,0.183679,0.180068,0.175962,0.171290,0.165951,0.159792,0.152571,0.143858,0.132759,0.116743,0.058648
113460,0.199431,0.199282,0.198835,0.198086,0.197030,0.195660,0.193967,0.191936,0.189552,0.186792,0.183627,0.180017,0.175913,0.171243,0.165906,0.159750,0.152533,0.143823,0.132729,0.116719,0.058638
113520,0.199371,0.199222,0.198775,0.198026,0.196970,0.195602,0.193909,0.191880,0.189497,0.186738,0.183574,0.179967,0.175865,0.171197,0.165862,0.159709,0.152494,0.143789,0.132699,0.116695,0.058628
113580,0.199311,0.199162,0.198715,0.197966,0.196911,0.195543,0.193851,0.191823,0.189442,0.186684,0.183522,0.179916,0.175816,0.171150,0.165818,0.159668,0.152456,0.143754,0.132669,0.116671,0.058618
113640,0.199250,0.199102,0.198655,0.197906,0.196852,0.195485,0.193794,0.191767,0.189386,0.186630,0.183469,0.179865,0.175767,0.171104,0.165774,0.159626,0.152418,0.143720,0.132639,0.116647,0.058608
113700,0.199190,0.199041,0.198595,0.197847,0.196793,0.195426,0.193736,0.191710,0.189331,0.186576,0.183417,0.179815,0.175719,0.171057,0.165730,0.159585,0.152380,0.143685,0.132609,0.116623,0.058598
113760,0.199130,0.198981,0.198535,0.197787,0.196734,0.195368,0.193679,0.191654,0.189276,0.186522,0.183365,0.179764,0.175670,0.171011,0.165686,0.159544,0.152342,0.143651,0.132579,0.116599,0.058588
113820,0.199070,0.198921,0.198475,0.197728,0.196675,0.195310,0.193622,0.191598,0.189221,0.186469,0.183312,0.179714,0.175621,0.170965,0.165642,0.159503,0.152304,0.143616,0.132549,0.116576,0.058578
113880,0.199010,0.198861,0.198415,0.197669,0.196617,0.195252,0.193565,0.191542,0.189166,0.186415,0.183260,0.179663,0.175573,0.170918,0.165598,0.159462,0.152266,0.143582,0.132519,0.116552,0.058568
113940,0.198950,0.198802,0.198356,0.197609,0.196558,0.195194,0.193507,0.191485,0.189111,0.186361,0.183208,0.179613,0.175525,0.170872,0.165555,0.159421,0.152228,0.143548,0.132490,0.116528,0.058558
114000,0.198890,0.198742,0.198296,0.197550,0.196499,0.195136,0.193450,0.191429,0.189056,0.186308,0.183156,0.179563,0.175476,0.170826,0.165511,0.159380,0.152190,0.143514,0.132460,0.116504,0.058548
114060,0.198830,0.198682,0.198237,0.197491,0.196441,0.195078,0.193393,0.191373,0.189001,0.186254,0.183104,0.179513,0.175428,0.170780,0.165467,0.159339,0.152152,0.143479,0.132430,0.116480,0.058538
114120,0.198770,0.198622,0.198177,0.197432,0.196382,0.195020,0.193336,0.191317,0.188946,0.186201,0.183052,0.179462,0.175380,0.170734,0.165424,0.159298,0.152115,0.143445,0.132400,0.116456,0.058528
114180,0.198711,0.198563,0.198118,0.197373,0.196324,0.194962,0.193279,0.191261,0.188891,0.186147,0.183000,0.179412,0.175332,0.170688,0.165380,0.159257,0.152077,0.143411,0.132371,0.116433,0.058518
114240,0.198651,0.198503,0.198059,0.197314,0.196265,0.194905,0.193223,0.191206,0.188837,0.186094,0.182949,0.179362,0.175283,0.170642,0.165336,0.159216,0.152039,0.143377,0.132341,0.116409,0.058509
114300,0.198592,0.198444,0.197999,0.197255,0.196207,0.194847,0.193166,0.191150,0.188782,0.186041,0.182897,0.179312,0.175235,0.170596,0.165293,0.159175,0.152001,0.143343,0.132311,0.116385,0.058499
114360,0.198532,0.198384,0.197940,0.197197,0.196149,0.194790,0.193109,0.191094,0.188728,0.185988,0.182845,0.179262,0.175187,0.170550,0.165249,0.159135,0.151964,0.143309,0.132282,0.116362,0.058489
114420,0.198473,0.198325,0.197881,0.197138,0.196091,0.194732,0.193052,0.191038,0.188673,0.185935,0.182794,0.179212,0.175139,0.170504,0.165206,0.159094,0.151926,0.143275,0.132252,0.116338,0.058479
114480,0.198414,0.198266,0.197822,0.197079,0.196033,0.194675,0.192996,0.190983,0.188619,0.185882,0.182742,0.179163,0.175092,0.170458,0.165163,0.159053,0.151889,0.143241,0.132222,0.116314,0.058469
114540,0.198354,0.198207,0.197763,0.197021,0.195975,0.194617,0.192939,0.190927,0.188565,0.185829,0.182691,0.179113,0.175044,0.170413,0.165119,0.159013,0.151851,0.143207,0.132193,0.116291,0.058459
114600,0.198295,0.198148,0.197704,0.196962,0.195917,0.194560,0.192883,0.190872,0.188510,0.185776,0.182639,0.179063,0.174996,0.170367,0.165076,0.158972,0.151814,0.143173,0.132163,0.116267,0.058450
114660,0.198236,0.198089,0.197646,0.196904,0.195859,0.194503,0.192827,0.190817,0.188456,0.185723,0.182588,0.179013,0.174948,0.170322,0.165033,0.158932,0.151776,0.143140,0.132134,0.116244,0.058440
114720,0.198177,0.198030,0.197587,0.196846,0.195801,0.194446,0.192770,0.190761,0.188402,0.185670,0.182537,0.178964,0.174900,0.170276,0.164990,0.158891,0.151739,0.143106,0.132105,0.116220,0.058430
114780,0.198118,0.197971,0.197528,0.196787,0.195743,0.194389,0.192714,0.190706,0.188348,0.185617,0.182485,0.178914,0.174853,0.170231,0.164947,0.158851,0.151702,0.143072,0.132075,0.116196,0.058420
114840,0.198059,0.197912,0.197470,0.196729,0.195686,0.194332,0.192658,0.190651,0.188294,0.185565,0.182434,0.178865,0.174805,0.170185,0.164904,0.158811,0.151664,0.143038,0.132046,0.116173,0.058411
114900,0.198000,0.197853,0.197411,0.196671,0.195628,0.194275,0.192602,0.190596,0.188240,0.185512,0.182383,0.178815,0.174758,0.170140,0.164861,0.158770,0.151627,0.143005,0.132017,0.116150,0.058401
114960,0.197942,0.197795,0.197353,0.196613,0.195570,0.194218,0.192546,0.190541,0.188186,0.185459,0.182332,0.178766,0.174710,0.170094,0.164818,0.158730,0.151590,0.142971,0.131987,0.116126,0.058391
115020,0.197883,0.197736,0.197294,0.196555,0.195513,0.194161,0.192490,0.190486,0.188132,0.185407,0.182281,0.178717,0.174663,0.170049,0.164775,0.158690,0.151553,0.142937,0.131958,0.116103,0.058382
115080,0.197824,0.197678,0.197236,0.196497,0.195455,0.194104,0.192434,0.190431,0.188078,0.185354,0.182230,0.178668,0.174616,0.170004,0.164732,0.158650,0.151516,0.142904,0.131929,0.116079,0.058372
115140,0.197766,0.197619,0.197178,0.196439,0.195398,0.194048,0.192378,0.190376,0.188025,0.185302,0.182179,0.178618,0.174568,0.169959,0.164689,0.158609,0.151479,0.142870,0.131900,0.116056,0.058363
115200,0.197707,0.197561,0.197120,0.196381,0.195341,0.193991,0.192322,0.190321,0.187971,0.185250,0.182128,0.178569,0.174521,0.169914,0.164646,0.158569,0.151442,0.142837,0.131870,0.116033,0.058353
115260,0.197649,0.197502,0.197061,0.196324,0.195284,0.193935,0.192267,0.190266,0.187917,0.185197,0.182078,0.178520,0.174474,0.169868,0.164604,0.158529,0.151405,0.142803,0.131841,0.116009,0.058343
115320,0.197591,0.197444,0.197003,0.196266,0.195226,0.193878,0.192211,0.190212,0.187864,0.185145,0.182027,0.178471,0.174427,0.169823,0.164561,0.158489,0.151368,0.142770,0.131812,0.115986,0.058334
115380,0.197532,0.197386,0.196945,0.196208,0.195169,0.193822,0.192155,0.190157,0.187811,0.185093,0.181976,0.178422,0.174380,0.169778,0.164518,0.158449,0.151331,0.142737,0.131783,0.115963,0.058324
115440,0.197474,0.197328,0.196888,0.196151,0.195112,0.193765,0.192100,0.190103,0.187757,0.185041,0.181926,0.178373,0.174333,0.169734,0.164476,0.158409,0.151294,0.142703,0.131754,0.115940,0.058315
115500,0.197416,0.197270,0.196830,0.196093,0.195055,0.193709,0.192044,0.190048,0.187704,0.184989,0.181875,0.178324,0.174286,0.169689,0.164433,0.158370,0.151257,0.142670,0.131725,0.115916,0.058305
115560,0.197358,0.197212,0.196772,0.196036,0.194999,0.193653,0.191989,0.189994,0.187651,0.184937,0.181825,0.178276,0.174239,0.169644,0.164391,0.158330,0.151220,0.142637,0.131696,0.115893,0.058296
115620,0.197300,0.197154,0.196714,0.195979,0.194942,0.193597,0.191934,0.189939,0.187597,0.184885,0.181774,0.178227,0.174192,0.169599,0.164348,0.158290,0.151183,0.142603,0.131667,0.115870,0.058286
115680,0.197242,0.197096,0.196657,0.195921,0.194885,0.193541,0.191878,0.189885,0.187544,0.184833,0.181724,0.178178,0.174145,0.169554,0.164306,0.158250,0.151147,0.142570,0.131638,0.115847,0.058277
115740,0.197184,0.197038,0.196599,0.195864,0.194828,0.193485,0.191823,0.189831,0.187491,0.184782,0.181674,0.178130,0.174098,0.169510,0.164264,0.158211,0.151110,0.142537,0.131609,0.115824,0.058267
115800,0.197126,0.196980,0.196542,0.195807,0.194772,0.193429,0.191768,0.189777,0.187438,0.184730,0.181623,0.178081,0.174051,0.169465,0.164221,0.158171,0.151073,0.142504,0.131580,0.115801,0.058258
115860,0.197069,0.196923,0.196484,0.195750,0.194715,0.193373,0.191713,0.189723,0.187385,0.184678,0.181573,0.178032,0.174005,0.169420,0.164179,0.158131,0.151037,0.142471,0.131552,0.115778,0.058249
115920,0.197011,0.196865,0.196427,0.195693,0.194659,0.193317,0.191658,0.189669,0.187332,0.184627,0.181523,0.177984,0.173958,0.169376,0.164137,0.158092,0.151000,0.142438,0.131523,0.115755,0.058239
115980,0.196954,0.196808,0.196370,0.195636,0.194602,0.193261,0.191603,0.189615,0.187279,0.184575,0.181473,0.177936,0.173912,0.169331,0.164095,0.158052,0.150964,0.142405,0.131494,0.115732,0.058230
116040,0.196896,0.196750,0.196312,0.195579,0.194546,0.193206,0.191548,0.189561,0.187227,0.184524,0.181423,0.177887,0.173865,0.169287,0.164053,0.158013,0.150927,0.142372,0.131465,0.115709,0.058221
116100,0.196839,0.196693,0.196255,0.195522,0.194490,0.193150,0.191493,0.189507,0.187174,0.184472,0.181373,0.177839,0.173819,0.169243,0.164011,0.157973,0.150891,0.142339,0.131437,0.115686,0.058211
116160,0.196781,0.196636,0.196198,0.195466,0.194433,0.193094,0.191439,0.189453,0.187121,0.184421,0.181323,0.177791,0.173772,0.169198,0.163969,0.157934,0.150854,0.142306,0.131408,0.115663,0.058202
116220,0.196724,0.196578,0.196141,0.195409,0.194377,0.193039,0.191384,0.189399,0.187069,0.184370,0.181273,0.177742,0.173726,0.169154,0.163927,0.157895,0.150818,0.142273,0.131379,0.115640,0.058193
116280,0.196667,0.196521,0.196084,0.195352,0.194321,0.192983,0.191329,0.189346,0.187016,0.184318,0.181224,0.177694,0.173680,0.169110,0.163885,0.157855,0.150782,0.142240,0.131351,0.115617,0.058183
116340,0.196609,0.196464,0.196027,0.195296,0.194265,0.192928,0.191275,0.189292,0.186964,0.184267,0.181174,0.177646,0.173633,0.169066,0.163843,0.157816,0.150745,0.142207,0.131322,0.115594,0.058174
116400,0.196552,0.196407,0.195970,0.195239,0.194209,0.192873,0.191220,0.189239,0.186911,0.184216,0.181124,0.177598,0.173587,0.169022,0.163801,0.157777,0.150709,0.142175,0.131293,0.115571,0.058165
116460,0.196495,0.196350,0.195914,0.195183,0.194153,0.192818,0.191166,0.189185,0.186859,0.184165,0.181075,0.177550,0.173541,0.168977,0.163759,0.157738,0.150673,0.142142,0.131265,0.115548,0.058156
116520,0.196438,0.196293,0.195857,0.195127,0.194097,0.192762,0.191111,0.189132,0.186807,0.184114,0.181025,0.177502,0.173495,0.168933,0.163718,0.157699,0.150637,0.142109,0.131236,0.115525,0.058146
116580,0.196381,0.196236,0.195800,0.195070,0.194042,0.192707,0.191057,0.189078,0.186754,0.184063,0.180976,0.177454,0.173449,0.168889,0.163676,0.157660,0.150601,0.142076,0.131208,0.115503,0.058137
116640,0.196325,0.196180,0.195744,0.195014,0.193986,0.192652,0.191003,0.189025,0.186702,0.184012,0.180926,0.177407,0.173403,0.168846,0.163634,0.157621,0.150565,0.142044,0.131180,0.115480,0.058128
116700,0.196268,0.196123,0.195687,0.194958,0.193930,0.192597,0.190949,0.188972,0.186650,0.183961,0.180877,0.177359,0.173357,0.168802,0.163593,0.157582,0.150529,0.142011,0.131151,0.115457,0.058119
116760,0.196211,0.196066,0.195631,0.194902,0.193875,0.192542,0.190895,0.188919,0.186598,0.183910,0.180827,0.177311,0.173311,0.168758,0.163551,0.157543,0.150493,0.141979,0.131123,0.115434,0.058110
116820,0.196154,0.196010,0.195574,0.194846,0.193819,0.192487,0.190841,0.188866,0.186546,0.183860,0.180778,0.177264,0.173265,0.168714,0.163510,0.157504,0.150457,0.141946,0.131094,0.115412,0.058101
116880,0.196098,0.195953,0.195518,0.194790,0.193764,0.192433,0.190787,0.188813,0.186494,0.183809,0.180729,0.177216,0.173220,0.168670,0.163468,0.157465,0.150421,0.141914,0.131066,0.115389,0.058091
116940,0.196041,0.195897,0.195462,0.194734,0.193708,0.192378,0.190733,0.188760,0.186442,0.183758,0.180680,0.177168,0.173174,0.168627,0.163427,0.157426,0.150385,0.141881,0.131038,0.115366,0.058082
117000,0.195985,0.195840,0.195406,0.194678,0.193653,0.192323,0.190679,0.188707,0.186390,0.183708,0.180631,0.177121,0.173128,0.168583,0.163386,0.157387,0.150349,0.141849,0.131010,0.115344,0.058073
117060,0.195928,0.195784,0.195350,0.194623,0.193598,0.192269,0.190625,0.188654,0.186339,0.183657,0.180582,0.177073,0.173083,0.168539,0.163344,0.157348,0.150313,0.141816,0.130981,0.115321,0.058064
117120,0.195872,0.195728,0.195294,0.194567,0.193543,0.192214,0.190571,0.188601,0.186287,0.183607,0.180533,0.177026,0.173037,0.168496,0.163303,0.157310,0.150277,0.141784,0.130953,0.115299,0.058055
117180,0.195816,0.195671,0.195238,0.194511,0.193488,0.192160,0.190517,0.188548,0.186235,0.183557,0.180484,0.176979,0.172992,0.168452,0.163262,0.157271,0.150242,0.141752,0.130925,0.115276,0.058046
117240,0.195760,0.195615,0.195182,0.194456,0.193433,0.192105,0.190464,0.188496,0.186184,0.183506,0.180435,0.176932,0.172946,0.168409,0.163221,0.157233,0.150206,0.141719,0.130897,0.115253,0.058037
117300,0.195703,0.195559,0.195126,0.194400,0.193378,0.192051,0.190410,0.188443,0.186132,0.183456,0.180386,0.176884,0.172901,0.168366,0.163180,0.157194,0.150170,0.141687,0.130869,0.115231,0.058028
117360,0.195647,0.195503,0.195070,0.194345,0.193323,0.191997,0.190357,0.188390,0.186081,0.183406,0.180337,0.176837,0.172855,0.168322,0.163139,0.157155,0.150135,0.141655,0.130841,0.115208,0.058019
117420,0.195591,0.195447,0.195014,0.194289,0.193268,0.191942,0.190303,0.188338,0.186029,0.183356,0.180288,0.176790,0.172810,0.168279,0.163097,0.157117,0.150099,0.141623,0.130813,0.115186,0.058010
117480,0.195535,0.195391,0.194959,0.194234,0.193213,0.191888,0.190250,0.188286,0.185978,0.183306,0.180240,0.176743,0.172765,0.168236,0.163056,0.157078,0.150064,0.141591,0.130785,0.115164,0.058001
117540,0.195480,0.195336,0.194903,0.194179,0.193158,0.191834,0.190197,0.188233,0.185927,0.183255,0.180191,0.176696,0.172720,0.168192,0.163016,0.157040,0.150028,0.141558,0.130757,0.115141,0.057992
117600,0.195424,0.195280,0.194847,0.194124,0.193103,0.191780,0.190143,0.188181,0.185875,0.183206,0.180143,0.176649,0.172674,0.168149,0.162975,0.157002,0.149993,0.141526,0.130729,0.115119,0.057983
117660,0.195368,0.195224,0.194792,0.194069,0.193049,0.191726,0.190090,0.188129,0.185824,0.183156,0.180094,0.176602,0.172629,0.168106,0.162934,0.156963,0.149957,0.141494,0.130701,0.115096,0.057974
117720,0.195312,0.195169,0.194737,0.194013,0.192994,0.191672,0.190037,0.188076,0.185773,0.183106,0.180046,0.176555,0.172584,0.168063,0.162893,0.156925,0.149922,0.141462,0.130673,0.115074,0.057966
117780,0.195257,0.195113,0.194681,0.193958,0.192940,0.191618,0.189984,0.188024,0.185722,0.183056,0.179997,0.176508,0.172539,0.168020,0.162852,0.156887,0.149886,0.141430,0.130645,0.115052,0.057957
117840,0.195201,0.195058,0.194626,0.193904,0.192885,0.191564,0.189931,0.187972,0.185671,0.183006,0.179949,0.176462,0.172494,0.167977,0.162811,0.156849,0.149851,0.141398,0.130617,0.115029,0.057948
117900,0.195146,0.195002,0.194571,0.193849,0.192831,0.191511,0.189878,0.187920,0.185620,0.182956,0.179901,0.176415,0.172449,0.167934,0.162771,0.156811,0.149816,0.141367,0.130589,0.115007,0.057939
117960,0.195090,0.194947,0.194516,0.193794,0.192777,0.191457,0.189825,0.187868,0.185569,0.182907,0.179852,0.176368,0.172404,0.167891,0.162730,0.156772,0.149781,0.141335,0.130561,0.114985,0.057930
118020,0.195035,0.194892,0.194461,0.193739,0.192722,0.191403,0.189772,0.187816,0.185518,0.182857,0.179804,0.176322,0.172360,0.167849,0.162690,0.156734,0.149745,0.141303,0.130534,0.114963,0.057921
118080,0.194980,0.194836,0.194406,0.193684,0.192668,0.191350,0.189719,0.187764,0.185468,0.182808,0.179756,0.176275,0.172315,0.167806,0.162649,0.156696,0.149710,0.141271,0.130506,0.114940,0.057913
118140,0.194924,0.194781,0.194351,0.193630,0.192614,0.191296,0.189667,0.187713,0.185417,0.182758,0.179708,0.176229,0.172270,0.167763,0.162609,0.156658,0.149675,0.141239,0.130478,0.114918,0.057904
118200,0.194869,0.194726,0.194296,0.193575,0.192560,0.191243,0.189614,0.187661,0.185366,0.182709,0.179660,0.176182,0.172226,0.167720,0.162568,0.156620,0.149640,0.141207,0.130451,0.114896,0.057895
118260,0.194814,0.194671,0.194241,0.193521,0.192506,0.191190,0.189561,0.187609,0.185316,0.182659,0.179612,0.176136,0.172181,0.167678,0.162528,0.156583,0.149605,0.141176,0.130423,0.114874,0.057886
118320,0.194759,0.194616,0.194186,0.193466,0.192452,0.191136,0.189509,0.187557,0.185265,0.182610,0.179564,0.176090,0.172136,0.167635,0.162487,0.156545,0.149570,0.141144,0.130395,0.114852,0.057878
118380,0.194704,0.194561,0.194131,0.193412,0.192398,0.191083,0.189456,0.187506,0.185215,0.182561,0.179516,0.176043,0.172092,0.167593,0.162447,0.156507,0.149535,0.141112,0.130368,0.114830,0.057869
118440,0.194649,0.194506,0.194077,0.193358,0.192344,0.191030,0.189404,0.187454,0.185164,0.182512,0.179468,0.175997,0.172047,0.167550,0.162407,0.156469,0.149500,0.141081,0.130340,0.114808,0.057860
118500,0.194594,0.194451,0.194022,0.193303,0.192291,0.190977,0.189352,0.187403,0.185114,0.182462,0.179421,0.175951,0.172003,0.167508,0.162366,0.156431,0.149465,0.141049,0.130313,0.114786,0.057851
118560,0.194539,0.194397,0.193968,0.193249,0.192237,0.190924,0.189299,0.187352,0.185064,0.182413,0.179373,0.175905,0.171959,0.167465,0.162326,0.156394,0.149430,0.141018,0.130285,0.114763,0.057843
118620,0.194485,0.194342,0.193913,0.193195,0.192183,0.190871,0.189247,0.187300,0.185013,0.182364,0.179325,0.175859,0.171914,0.167423,0.162286,0.156356,0.149396,0.140986,0.130258,0.114741,0.057834
118680,0.194430,0.194287,0.193859,0.193141,0.192130,0.190818,0.189195,0.187249,0.184963,0.182315,0.179278,0.175813,0.171870,0.167381,0.162246,0.156318,0.149361,0.140955,0.130230,0.114719,0.057825
118740,0.194375,0.194233,0.193804,0.193087,0.192076,0.190765,0.189143,0.187198,0.184913,0.182266,0.179230,0.175767,0.171826,0.167338,0.162206,0.156281,0.149326,0.140923,0.130203,0.114698,0.057817
118800,0.194321,0.194178,0.193750,0.193033,0.192023,0.190712,0.189091,0.187147,0.184863,0.182218,0.179183,0.175721,0.171782,0.167296,0.162166,0.156243,0.149291,0.140892,0.130175,0.114676,0.057808
118860,0.194266,0.194124,0.193696,0.192979,0.191969,0.190659,0.189039,0.187096,0.184813,0.182169,0.179135,0.175675,0.171737,0.167254,0.162126,0.156206,0.149257,0.140860,0.130148,0.114654,0.057800
118920,0.194212,0.194070,0.193642,0.192925,0.191916,0.190606,0.188987,0.187044,0.184763,0.182120,0.179088,0.175629,0.171693,0.167212,0.162086,0.156168,0.149222,0.140829,0.130121,0.114632,0.057791
118980,0.194157,0.194015,0.193588,0.192872,0.191863,0.190554,0.188935,0.186993,0.184713,0.182071,0.179041,0.175583,0.171649,0.167170,0.162046,0.156131,0.149187,0.140798,0.130093,0.114610,0.057782
119040,0.194103,0.193961,0.193533,0.192818,0.191809,0.190501,0.188883,0.186943,0.184663,0.182023,0.178993,0.175537,0.171605,0.167128,0.162006,0.156093,0.149153,0.140767,0.130066,0.114588,0.057774
119100,0.194049,0.193907,0.193480,0.192764,0.191756,0.190449,0.188831,0.186892,0.184613,0.181974,0.178946,0.175492,0.171561,0.167086,0.161966,0.156056,0.149118,0.140735,0.130039,0.114566,0.057765
119160,0.193995,0.193853,0.193426,0.192711,0.191703,0.190396,0.188780,0.186841,0.184563,0.181925,0.178899,0.175446,0.171517,0.167044,0.161927,0.156019,0.149084,0.140704,0.130012,0.114544,0.057757
119220,0.193941,0.193799,0.193372,0.192657,0.191650,0.190344,0.188728,0.186790,0.184514,0.181877,0.178852,0.175401,0.171474,0.167002,0.161887,0.155982,0.149049,0.140673,0.129984,0.114523,0.057748
119280,0.193886,0.193745,0.193318,0.192604,0.191597,0.190291,0.188676,0.186739,0.184464,0.181829,0.178805,0.175355,0.171430,0.166960,0.161847,0.155944,0.149015,0.140642,0.129957,0.114501,0.057740
119340,0.193832,0.193691,0.193264,0.192550,0.191544,0.190239,0.188625,0.186689,0.184414,0.181780,0.178758,0.175310,0.171386,0.166918,0.161808,0.155907,0.148981,0.140611,0.129930,0.114479,0.057731
119400,0.193779,0.193637,0.193211,0.192497,0.191491,0.190187,0.188573,0.186638,0.184365,0.181732,0.178711,0.175264,0.171342,0.166877,0.161768,0.155870,0.148946,0.140580,0.129903,0.114457,0.057723
119460,0.193725,0.193583,0.193157,0.192444,0.191439,0.190135,0.188522,0.186588,0.184315,0.181684,0.178664,0.175219,0.171299,0.166835,0.161729,0.155833,0.148912,0.140548,0.129876,0.114436,0.057714
119520,0.193671,0.193529,0.193103,0.192391,0.191386,0.190082,0.188470,0.186537,0.184266,0.181635,0.178617,0.175173,0.171255,0.166793,0.161689,0.155796,0.148878,0.140517,0.129849,0.114414,0.057706
119580,0.193617,0.193475,0.193050,0.192337,0.191333,0.190030,0.188419,0.186487,0.184217,0.181587,0.178570,0.175128,0.171212,0.166751,0.161650,0.155759,0.148843,0.140486,0.129822,0.114392,0.057698
119640,0.193563,0.193422,0.192996,0.192284,0.191281,0.189978,0.188368,0.186436,0.184167,0.181539,0.178523,0.175083,0.171168,0.166710,0.161610,0.155722,0.148809,0.140455,0.129795,0.114371,0.057689
119700,0.193510,0.193368,0.192943,0.192231,0.191228,0.189926,0.188317,0.186386,0.184118,0.181491,0.178477,0.175038,0.171125,0.166668,0.161571,0.155685,0.148775,0.140425,0.129768,0.114349,0.057681
119760,0.193456,0.193315,0.192890,0.192178,0.191175,0.189874,0.188265,0.186336,0.184069,0.181443,0.178430,0.174993,0.171081,0.166627,0.161531,0.155648,0.148741,0.140394,0.129741,0.114327,0.057672
119820,0.193403,0.193261,0.192836,0.192125,0.191123,0.189823,0.188214,0.186286,0.184020,0.181395,0.178383,0.174948,0.171038,0.166585,0.161492,0.155611,0.148707,0.140363,0.129714,0.114306,0.057664
119880,0.193349,0.193208,0.192783,0.192072,0.191071,0.189771,0.188163,0.186235,0.183971,0.181347,0.178337,0.174903,0.170995,0.166544,0.161453,0.155574,0.148673,0.140332,0.129687,0.114284,0.057656
119940,0.193296,0.193155,0.192730,0.192020,0.191018,0.189719,0.188112,0.186185,0.183922,0.181299,0.178290,0.174858,0.170951,0.166503,0.161414,0.155537,0.148639,0.140301,0.129660,0.114263,0.057647
120000,0.193242,0.193101,0.192677,0.191967,0.190966,0.189667,0.188061,0.186135,0.183873,0.181251,0.178244,0.174813,0.170908,0.166461,0.161375,0.155501,0.148605,0.140270,0.129633,0.114241,0.057639
120060,0.193189,0.193048,0.192624,0.191914,0.190914,0.189616,0.188011,0.186085,0.183824,0.181204,0.178197,0.174768,0.170865,0.166420,0.161335,0.155464,0.148571,0.140240,0.129607,0.114220,0.057631
120120,0.193136,0.192995,0.192571,0.191862,0.190862,0.189564,0.187960,0.186035,0.183775,0.181156,0.178151,0.174723,0.170822,0.166379,0.161296,0.155427,0.148537,0.140209,0.129580,0.114198,0.057622
120180,0.193083,0.192942,0.192518,0.191809,0.190810,0.189513,0.187909,0.185986,0.183726,0.181108,0.178105,0.174678,0.170779,0.166338,0.161257,0.155391,0.148503,0.140178,0.129553,0.114177,0.057614
120240,0.193030,0.192889,0.192465,0.191757,0.190758,0.189461,0.187858,0.185936,0.183677,0.181061,0.178059,0.174633,0.170736,0.166297,0.161218,0.155354,0.148469,0.140148,0.129526,0.114155,0.057606
120300,0.192977,0.192836,0.192413,0.191704,0.190706,0.189410,0.187808,0.185886,0.183628,0.181013,0.178012,0.174589,0.170693,0.166255,0.161179,0.155318,0.148435,0.140117,0.129500,0.114134,0.057598
120360,0.192924,0.192783,0.192360,0.191652,0.190654,0.189359,0.187757,0.185836,0.183580,0.180966,0.177966,0.174544,0.170650,0.166214,0.161140,0.155281,0.148402,0.140086,0.129473,0.114112,0.057589
120420,0.192871,0.192730,0.192307,0.191599,0.190602,0.189307,0.187707,0.185787,0.183531,0.180918,0.177920,0.174499,0.170607,0.166173,0.161102,0.155245,0.148368,0.140056,0.129446,0.114091,0.057581
120480,0.192818,0.192677,0.192255,0.191547,0.190550,0.189256,0.187656,0.185737,0.183482,0.180871,0.177874,0.174455,0.170564,0.166132,0.161063,0.155208,0.148334,0.140025,0.129420,0.114070,0.057573
120540,0.192765,0.192624,0.192202,0.191495,0.190498,0.189205,0.187606,0.185688,0.183434,0.180823,0.177828,0.174410,0.170521,0.166092,0.161024,0.155172,0.148300,0.139995,0.129393,0.114048,0.057565
120600,0.192712,0.192572,0.192149,0.191443,0.190446,0.189154,0.187555,0.185638,0.183385,0.180776,0.177782,0.174366,0.170478,0.166051,0.160985,0.155135,0.148267,0.139964,0.129367,0.114027,0.057557
120660,0.192659,0.192519,0.192097,0.191391,0.190395,0.189103,0.187505,0.185589,0.183337,0.180729,0.177736,0.174322,0.170436,0.166010,0.160946,0.155099,0.148233,0.139934,0.129340,0.114006,0.057549
120720,0.192607,0.192467,0.192045,0.191338,0.190343,0.189052,0.187455,0.185539,0.183289,0.180682,0.177690,0.174277,0.170393,0.165969,0.160908,0.155063,0.148200,0.139904,0.129313,0.113984,0.057540
120780,0.192554,0.192414,0.191992,0.191287,0.190292,0.189001,0.187405,0.185490,0.183240,0.180635,0.177644,0.174233,0.170350,0.165928,0.160869,0.155026,0.148166,0.139873,0.129287,0.113963,0.057532
120840,0.192502,0.192362,0.191940,0.191235,0.190240,0.188950,0.187354,0.185441,0.183192,0.180588,0.177599,0.174189,0.170308,0.165888,0.160831,0.154990,0.148133,0.139843,0.129261,0.113942,0.057524
120900,0.192449,0.192309,0.191888,0.191183,0.190189,0.188899,0.187304,0.185391,0.183144,0.180541,0.177553,0.174144,0.170265,0.165847,0.160792,0.154954,0.148099,0.139813,0.129234,0.113921,0.057516
120960,0.192397,0.192257,0.191836,0.191131,0.190137,0.188848,0.187254,0.185342,0.183096,0.180494,0.177507,0.174100,0.170223,0.165806,0.160753,0.154918,0.148066,0.139782,0.129208,0.113900,0.057508
121020,0.192344,0.192205,0.191784,0.191079,0.190086,0.188798,0.187204,0.185293,0.183048,0.180447,0.177462,0.174056,0.170180,0.165766,0.160715,0.154882,0.148032,0.139752,0.129181,0.113878,0.057500
121080,0.192292,0.192152,0.191732,0.191027,0.190035,0.188747,0.187154,0.185244,0.183000,0.180400,0.177416,0.174012,0.170138,0.165725,0.160677,0.154846,0.147999,0.139722,0.129155,0.113857,0.057492
121140,0.192240,0.192100,0.191680,0.190976,0.189984,0.188696,0.187104,0.185195,0.182952,0.180353,0.177371,0.173968,0.170096,0.165685,0.160638,0.154810,0.147966,0.139692,0.129129,0.113836,0.057484
121200,0.192188,0.192048,0.191628,0.190924,0.189933,0.188646,0.187055,0.185146,0.182904,0.180306,0.177325,0.173924,0.170053,0.165644,0.160600,0.154774,0.147932,0.139662,0.129102,0.113815,0.057476
121260,0.192136,0.191996,0.191576,0.190873,0.189881,0.188595,0.187005,0.185097,0.182856,0.180259,0.177280,0.173880,0.170011,0.165604,0.160562,0.154738,0.147899,0.139632,0.129076,0.113794,0.057468
121320,0.192084,0.191944,0.191524,0.190821,0.189830,0.188545,0.186955,0.185048,0.182808,0.180213,0.177234,0.173836,0.169969,0.165564,0.160523,0.154702,0.147866,0.139601,0.129050,0.113773,0.057460
121380,0.192032,0.191892,0.191472,0.190770,0.189780,0.188495,0.186906,0.185000,0.182760,0.180166,0.177189,0.173792,0.169927,0.165523,0.160485,0.154666,0.147833,0.139571,0.129024,0.113752,0.057452
121440,0.191980,0.191840,0.191421,0.190718,0.189729,0.188444,0.186856,0.184951,0.182713,0.180120,0.177144,0.173749,0.169884,0.165483,0.160447,0.154630,0.147799,0.139541,0.128997,0.113731,0.057444
121500,0.191928,0.191788,0.191369,0.190667,0.189678,0.188394,0.186806,0.184902,0.182665,0.180073,0.177099,0.173705,0.169842,0.165443,0.160409,0.154594,0.147766,0.139511,0.128971,0.113710,0.057436
121560,0.191876,0.191737,0.191317,0.190616,0.189627,0.188344,0.186757,0.184854,0.182617,0.180027,0.177054,0.173661,0.169800,0.165403,0.160371,0.154559,0.147733,0.139481,0.128945,0.113689,0.057428
121620,0.191824,0.191685,0.191266,0.190565,0.189576,0.188294,0.186707,0.184805,0.182570,0.179980,0.177008,0.173618,0.169758,0.165362,0.160333,0.154523,0.147700,0.139452,0.128919,0.113668,0.057420
121680,0.191772,0.191633,0.191214,0.190513,0.189526,0.188244,0.186658,0.184756,0.182522,0.179934,0.176963,0.173574,0.169716,0.165322,0.160294,0.154487,0.147667,0.139422,0.128893,0.113647,0.057412
121740,0.191721,0.191582,0.191163,0.190462,0.189475,0.188194,0.186609,0.184708,0.182475,0.179887,0.176918,0.173530,0.169675,0.165282,0.160256,0.154452,0.147634,0.139392,0.128867,0.113626,0.057404
121800,0.191669,0.191530,0.191112,0.190411,0.189424,0.188144,0.186560,0.184660,0.182427,0.179841,0.176873,0.173487,0.169633,0.165242,0.160219,0.154416,0.147601,0.139362,0.128841,0.113605,0.057396
121860,0.191618,0.191479,0.191060,0.190360,0.189374,0.188094,0.186510,0.184611,0.182380,0.179795,0.176828,0.173444,0.169591,0.165202,0.160181,0.154380,0.147568,0.139332,0.128815,0.113584,0.057388
121920,0.191566,0.191427,0.191009,0.190309,0.189323,0.188044,0.186461,0.184563,0.182333,0.179749,0.176784,0.173400,0.169549,0.165162,0.160143,0.154345,0.147535,0.139302,0.128789,0.113563,0.057380
121980,0.191515,0.191376,0.190958,0.190259,0.189273,0.187994,0.186412,0.184515,0.182285,0.179703,0.176739,0.173357,0.169507,0.165122,0.160105,0.154309,0.147503,0.139273,0.128763,0.113543,0.057373
122040,0.191463,0.191324,0.190907,0.190208,0.189223,0.187944,0.186363,0.184466,0.182238,0.179657,0.176694,0.173313,0.169466,0.165083,0.160067,0.154274,0.147470,0.139243,0.128737,0.113522,0.057365
122100,0.191412,0.191273,0.190856,0.190157,0.189172,0.187894,0.186314,0.184418,0.182191,0.179611,0.176649,0.173270,0.169424,0.165043,0.160029,0.154238,0.147437,0.139213,0.128711,0.113501,0.057357
122160,0.191361,0.191222,0.190805,0.190106,0.189122,0.187845,0.186265,0.184370,0.182144,0.179565,0.176605,0.173227,0.169382,0.165003,0.159992,0.154203,0.147404,0.139184,0.128685,0.113480,0.057349
122220,0.191309,0.191171,0.190754,0.190056,0.189072,0.187795,0.186216,0.184322,0.182097,0.179519,0.176560,0.173184,0.169341,0.164963,0.159954,0.154168,0.147372,0.139154,0.128659,0.113459,0.057341
122280,0.191258,0.191120,0.190703,0.190005,0.189022,0.187746,0.186167,0.184274,0.182050,0.179473,0.176515,0.173141,0.169299,0.164924,0.159916,0.154132,0.147339,0.139124,0.128633,0.113439,0.057333
122340,0.191207,0.191069,0.190652,0.189955,0.188972,0.187696,0.186118,0.184226,0.182003,0.179427,0.176471,0.173098,0.169258,0.164884,0.159879,0.154097,0.147306,0.139095,0.128608,0.113418,0.057326
122400,0.191156,0.191018,0.190601,0.189904,0.188922,0.187647,0.186070,0.184178,0.181956,0.179381,0.176426,0.173054,0.169216,0.164844,0.159841,0.154062,0.147274,0.139065,0.128582,0.113397,0.057318
122460,0.191105,0.190967,0.190550,0.189854,0.188872,0.187597,0.186021,0.184130,0.181909,0.179335,0.176382,0.173011,0.169175,0.164805,0.159804,0.154027,0.147241,0.139036,0.128556,0.113377,0.057310
122520,0.191054,0.190916,0.190500,0.189803,0.188822,0.187548,0.185972,0.184083,0.181862,0.179290,0.176337,0.172969,0.169134,0.164765,0.159766,0.153991,0.147209,0.139006,0.128530,0.113356,0.057302
122580,0.191003,0.190865,0.190449,0.189753,0.188772,0.187499,0.185924,0.184035,0.181815,0.179244,0.176293,0.172926,0.169092,0.164726,0.159729,0.153956,0.147176,0.138977,0.128505,0.113335,0.057295
122640,0.190952,0.190814,0.190399,0.189703,0.188722,0.187449,0.185875,0.183987,0.181769,0.179199,0.176249,0.172883,0.169051,0.164686,0.159691,0.153921,0.147144,0.138947,0.128479,0.113315,0.057287
122700,0.190902,0.190764,0.190348,0.189653,0.188672,0.187400,0.185827,0.183940,0.181722,0.179153,0.176205,0.172840,0.169010,0.164647,0.159654,0.153886,0.147111,0.138918,0.128453,0.113294,0.057279
122760,0.190851,0.190713,0.190298,0.189602,0.188622,0.187351,0.185778,0.183892,0.181675,0.179107,0.176160,0.172797,0.168969,0.164608,0.159617,0.153851,0.147079,0.138889,0.128428,0.113273,0.057272
122820,0.190800,0.190662,0.190247,0.189552,0.188573,0.187302,0.185730,0.183844,0.181629,0.179062,0.176116,0.172754,0.168928,0.164568,0.159579,0.153816,0.147046,0.138859,0.128402,0.113253,0.057264
122880,0.190750,0.190612,0.190197,0.189502,0.188523,0.187253,0.185682,0.183797,0.181582,0.179017,0.176072,0.172712,0.168887,0.164529,0.159542,0.153781,0.147014,0.138830,0.128376,0.113232,0.057256
122940,0.190699,0.190561,0.190146,0.189452,0.188474,0.187204,0.185633,0.183749,0.181536,0.178971,0.176028,0.172669,0.168846,0.164490,0.159505,0.153746,0.146982,0.138801,0.128351,0.113212,0.057249
123000,0.190649,0.190511,0.190096,0.189402,0.188424,0.187155,0.185585,0.183702,0.181489,0.178926,0.175984,0.172627,0.168805,0.164451,0.159468,0.153711,0.146949,0.138771,0.128325,0.113191,0.057241
123060,0.190598,0.190460,0.190046,0.189352,0.188375,0.187106,0.185537,0.183655,0.181443,0.178881,0.175940,0.172584,0.168764,0.164412,0.159431,0.153677,0.146917,0.138742,0.128300,0.113171,0.057233
123120,0.190548,0.190410,0.189996,0.189303,0.188325,0.187057,0.185489,0.183607,0.181397,0.178836,0.175896,0.172541,0.168723,0.164372,0.159394,0.153642,0.146885,0.138713,0.128274,0.113150,0.057226
123180,0.190497,0.190360,0.189946,0.189253,0.188276,0.187008,0.185441,0.183560,0.181351,0.178790,0.175852,0.172499,0.168682,0.164333,0.159357,0.153607,0.146853,0.138684,0.128249,0.113130,0.057218
123240,0.190447,0.190310,0.189896,0.189203,0.188227,0.186960,0.185393,0.183513,0.181304,0.178745,0.175808,0.172457,0.168641,0.164294,0.159320,0.153572,0.146821,0.138655,0.128223,0.113109,0.057211
123300,0.190397,0.190259,0.189846,0.189153,0.188177,0.186911,0.185345,0.183466,0.181258,0.178700,0.175765,0.172414,0.168600,0.164255,0.159283,0.153537,0.146788,0.138626,0.128198,0.113089,0.057203
123360,0.190347,0.190209,0.189796,0.189104,0.188128,0.186862,0.185297,0.183419,0.181212,0.178655,0.175721,0.172372,0.168560,0.164216,0.159246,0.153503,0.146756,0.138597,0.128173,0.113069,0.057195
123420,0.190297,0.190159,0.189746,0.189054,0.188079,0.186814,0.185249,0.183372,0.181166,0.178610,0.175677,0.172330,0.168519,0.164178,0.159209,0.153468,0.146724,0.138568,0.128147,0.113048,0.057188
123480,0.190247,0.190109,0.189696,0.189005,0.188030,0.186765,0.185201,0.183325,0.181120,0.178565,0.175633,0.172287,0.168478,0.164139,0.159172,0.153434,0.146692,0.138539,0.128122,0.113028,0.057180
123540,0.190197,0.190059,0.189646,0.188955,0.187981,0.186717,0.185153,0.183278,0.181074,0.178521,0.175590,0.172245,0.168438,0.164100,0.159135,0.153399,0.146660,0.138510,0.128097,0.113008,0.057173
123600,0.190147,0.190009,0.189597,0.188906,0.187932,0.186669,0.185106,0.183231,0.181028,0.178476,0.175546,0.172203,0.168397,0.164061,0.159098,0.153364,0.146628,0.138481,0.128071,0.112987,0.057165
123660,0.190097,0.189960,0.189547,0.188857,0.187883,0.186620,0.185058,0.183184,0.180982,0.178431,0.175503,0.172161,0.168357,0.164022,0.159062,0.153330,0.146596,0.138452,0.128046,0.112967,0.057158
123720,0.190047,0.189910,0.189497,0.188807,0.187834,0.186572,0.185010,0.183137,0.180936,0.178386,0.175459,0.172119,0.168316,0.163984,0.159025,0.153295,0.146564,0.138423,0.128021,0.112947,0.057150
123780,0.189997,0.189860,0.189448,0.188758,0.187786,0.186524,0.184963,0.183091,0.180891,0.178342,0.175416,0.172077,0.168276,0.163945,0.158988,0.153261,0.146533,0.138394,0.127996,0.112927,0.057143
123840,0.189947,0.189810,0.189398,0.188709,0.187737,0.186475,0.184915,0.183044,0.180845,0.178297,0.175372,0.172035,0.168235,0.163906,0.158952,0.153227,0.146501,0.138365,0.127970,0.112906,0.057135
123900,0.189898,0.189761,0.189349,0.188660,0.187688,0.186427,0.184868,0.182997,0.180799,0.178252,0.175329,0.171993,0.168195,0.163868,0.158915,0.153192,0.146469,0.138336,0.127945,0.112886,0.057128
123960,0.189848,0.189711,0.189300,0.188611,0.187639,0.186379,0.184820,0.182951,0.180754,0.178208,0.175286,0.171951,0.168155,0.163829,0.158878,0.153158,0.146437,0.138307,0.127920,0.112866,0.057120
124020,0.189798,0.189662,0.189250,0.188562,0.187591,0.186331,0.184773,0.182904,0.180708,0.178163,0.175243,0.171909,0.168114,0.163791,0.158842,0.153124,0.146405,0.138279,0.127895,0.112846,0.057113
124080,0.189749,0.189612,0.189201,0.188513,0.187542,0.186283,0.184726,0.182858,0.180662,0.178119,0.175199,0.171867,0.168074,0.163752,0.158805,0.153089,0.146374,0.138250,0.127870,0.112826,0.057106
124140,0.189699,0.189563,0.189152,0.188464,0.187494,0.186235,0.184679,0.182811,0.180617,0.178074,0.175156,0.171826,0.168034,0.163714,0.158769,0.153055,0.146342,0.138221,0.127845,0.112805,0.057098
124200,0.189650,0.189513,0.189102,0.188415,0.187445,0.186187,0.184631,0.182765,0.180571,0.178030,0.175113,0.171784,0.167994,0.163675,0.158732,0.153021,0.146310,0.138193,0.127820,0.112785,0.057091
124260,0.189601,0.189464,0.189053,0.188366,0.187397,0.186140,0.184584,0.182719,0.180526,0.177986,0.175070,0.171742,0.167954,0.163637,0.158696,0.152987,0.146279,0.138164,0.127795,0.112765,0.057083
124320,0.189551,0.189415,0.189004,0.188317,0.187349,0.186092,0.184537,0.182672,0.180481,0.177942,0.175027,0.171701,0.167914,0.163599,0.158660,0.152953,0.146247,0.138135,0.127770,0.112745,0.057076
124380,0.189502,0.189366,0.188955,0.188268,0.187300,0.186044,0.184490,0.182626,0.180435,0.177897,0.174984,0.171659,0.167874,0.163561,0.158623,0.152919,0.146216,0.138107,0.127745,0.112725,0.057069
124440,0.189453,0.189316,0.188906,0.188220,0.187252,0.185996,0.184443,0.182580,0.180390,0.177853,0.174941,0.171618,0.167834,0.163522,0.158587,0.152885,0.146184,0.138078,0.127720,0.112705,0.057061
124500,0.189404,0.189267,0.188857,0.188171,0.187204,0.185949,0.184396,0.182534,0.180345,0.177809,0.174898,0.171576,0.167794,0.163484,0.158551,0.152851,0.146153,0.138050,0.127695,0.112685,0.057054
124560,0.189354,0.189218,0.188808,0.188123,0.187156,0.185901,0.184349,0.182488,0.180300,0.177765,0.174855,0.171535,0.167754,0.163446,0.158515,0.152817,0.146121,0.138021,0.127670,0.112665,0.057047
124620,0.189305,0.189169,0.188760,0.188074,0.187108,0.185854,0.184302,0.182441,0.180255,0.177721,0.174813,0.171493,0.167714,0.163408,0.158479,0.152783,0.146090,0.137993,0.127645,0.112645,0.057039
124680,0.189256,0.189120,0.188711,0.188026,0.187060,0.185806,0.184255,0.182395,0.180210,0.177677,0.174770,0.171452,0.167674,0.163370,0.158443,0.152749,0.146058,0.137964,0.127620,0.112625,0.057032
124740,0.189207,0.189071,0.188662,0.187977,0.187012,0.185759,0.184209,0.182350,0.180165,0.177633,0.174727,0.171411,0.167634,0.163332,0.158406,0.152715,0.146027,0.137936,0.127596,0.112605,0.057025
124800,0.189159,0.189023,0.188614,0.187929,0.186964,0.185711,0.184162,0.182304,0.180120,0.177589,0.174684,0.171369,0.167595,0.163294,0.158370,0.152681,0.145996,0.137908,0.127571,0.112585,0.057018
124860,0.189110,0.188974,0.188565,0.187880,0.186916,0.185664,0.184115,0.182258,0.180075,0.177545,0.174642,0.171328,0.167555,0.163256,0.158334,0.152647,0.145964,0.137879,0.127546,0.112565,0.057010
124920,0.189061,0.188925,0.188516,0.187832,0.186868,0.185617,0.184069,0.182212,0.180030,0.177502,0.174599,0.171287,0.167515,0.163218,0.158298,0.152613,0.145933,0.137851,0.127521,0.112545,0.057003
124980,0.189012,0.188876,0.188468,0.187784,0.186820,0.185569,0.184022,0.182166,0.179985,0.177458,0.174557,0.171246,0.167476,0.163180,0.158262,0.152580,0.145902,0.137823,0.127497,0.112525,0.056996
125040,0.188963,0.188828,0.188419,0.187736,0.186772,0.185522,0.183976,0.182120,0.179940,0.177414,0.174514,0.171205,0.167436,0.163142,0.158227,0.152546,0.145871,0.137794,0.127472,0.112506,0.056989
125100,0.188915,0.188779,0.188371,0.187688,0.186725,0.185475,0.183929,0.182075,0.179896,0.177370,0.174472,0.171163,0.167397,0.163104,0.158191,0.152512,0.145840,0.137766,0.127447,0.112486,0.056982
125160,0.188866,0.188731,0.188323,0.187640,0.186677,0.185428,0.183883,0.182029,0.179851,0.177327,0.174429,0.171122,0.167357,0.163067,0.158155,0.152479,0.145808,0.137738,0.127422,0.112466,0.056974
125220,0.188818,0.188682,0.188274,0.187592,0.186629,0.185381,0.183836,0.181984,0.179806,0.177283,0.174387,0.171081,0.167318,0.163029,0.158119,0.152445,0.145777,0.137710,0.127398,0.112446,0.056967
125280,0.188769,0.188634,0.188226,0.187544,0.186582,0.185334,0.183790,0.181938,0.179762,0.177240,0.174345,0.171041,0.167278,0.162991,0.158083,0.152412,0.145746,0.137681,0.127373,0.112426,0.056960
125340,0.188721,0.188585,0.188178,0.187496,0.186534,0.185287,0.183744,0.181893,0.179717,0.177196,0.174303,0.171000,0.167239,0.162954,0.158048,0.152378,0.145715,0.137653,0.127349,0.112407,0.056953
125400,0.188672,0.188537,0.188130,0.187448,0.186487,0.185240,0.183698,0.181847,0.179673,0.177153,0.174260,0.170959,0.167200,0.162916,0.158012,0.152345,0.145684,0.137625,0.127324,0.112387,0.056946
125460,0.188624,0.188489,0.188082,0.187400,0.186440,0.185193,0.183651,0.181802,0.179628,0.177109,0.174218,0.170918,0.167160,0.162878,0.157976,0.152311,0.145653,0.137597,0.127300,0.112367,0.056939
125520,0.188576,0.188440,0.188033,0.187352,0.186392,0.185146,0.183605,0.181756,0.179584,0.177066,0.174176,0.170877,0.167121,0.162841,0.157941,0.152278,0.145622,0.137569,0.127275,0.112347,0.056931
125580,0.188527,0.188392,0.187985,0.187305,0.186345,0.185100,0.183559,0.181711,0.179539,0.177023,0.174134,0.170836,0.167082,0.162803,0.157905,0.152244,0.145591,0.137541,0.127251,0.112328,0.056924
125640,0.188479,0.188344,0.187938,0.187257,0.186298,0.185053,0.183513,0.181666,0.179495,0.176980,0.174092,0.170796,0.167043,0.162766,0.157870,0.152211,0.145560,0.137513,0.127226,0.112308,0.056917
125700,0.188431,0.188296,0.187890,0.187209,0.186251,0.185006,0.183467,0.181621,0.179451,0.176936,0.174050,0.170755,0.167004,0.162728,0.157834,0.152177,0.145530,0.137485,0.127202,0.112288,0.056910
125760,0.188383,0.188248,0.187842,0.187162,0.186203,0.184960,0.183421,0.181576,0.179407,0.176893,0.174008,0.170714,0.166965,0.162691,0.157799,0.152144,0.145499,0.137457,0.127177,0.112269,0.056903
125820,0.188335,0.188200,0.187794,0.187114,0.186156,0.184913,0.183375,0.181530,0.179362,0.176850,0.173966,0.170674,0.166925,0.162654,0.157763,0.152111,0.145468,0.137429,0.127153,0.112249,0.056896
125880,0.188287,0.188152,0.187746,0.187067,0.186109,0.184867,0.183330,0.181485,0.179318,0.176807,0.173924,0.170633,0.166886,0.162616,0.157728,0.152078,0.145437,0.137401,0.127128,0.112230,0.056889
125940,0.188239,0.188104,0.187699,0.187019,0.186062,0.184820,0.183284,0.181440,0.179274,0.176764,0.173882,0.170593,0.166848,0.162579,0.157692,0.152044,0.145406,0.137373,0.127104,0.112210,0.056882
126000,0.188191,0.188056,0.187651,0.186972,0.186015,0.184774,0.183238,0.181395,0.179230,0.176721,0.173840,0.170552,0.166809,0.162542,0.157657,0.152011,0.145376,0.137346,0.127080,0.112190,0.056875
126060,0.188143,0.188009,0.187603,0.186925,0.185968,0.184727,0.183192,0.181351,0.179186,0.176678,0.173799,0.170512,0.166770,0.162505,0.157622,0.151978,0.145345,0.137318,0.127055,0.112171,0.056868
126120,0.188096,0.187961,0.187556,0.186878,0.185922,0.184681,0.183147,0.181306,0.179142,0.176635,0.173757,0.170472,0.166731,0.162468,0.157587,0.151945,0.145314,0.137290,0.127031,0.112151,0.056861
126180,0.188048,0.187913,0.187508,0.186830,0.185875,0.184635,0.183101,0.181261,0.179098,0.176592,0.173715,0.170431,0.166692,0.162430,0.157551,0.151912,0.145284,0.137262,0.127007,0.112132,0.056854
126240,0.188000,0.187865,0.187461,0.186783,0.185828,0.184589,0.183055,0.181216,0.179054,0.176549,0.173674,0.170391,0.166653,0.162393,0.157516,0.151879,0.145253,0.137234,0.126983,0.112112,0.056847
126300,0.187952,0.187818,0.187413,0.186736,0.185781,0.184542,0.183010,0.181171,0.179011,0.176507,0.173632,0.170351,0.166615,0.162356,0.157481,0.151846,0.145223,0.137207,0.126958,0.112093,0.056840
126360,0.187905,0.187770,0.187366,0.186689,0.185735,0.184496,0.182964,0.181127,0.178967,0.176464,0.173591,0.170311,0.166576,0.162319,0.157446,0.151813,0.145192,0.137179,0.126934,0.112073,0.056833
126420,0.187857,0.187723,0.187319,0.186642,0.185688,0.184450,0.182919,0.181082,0.178923,0.176421,0.173549,0.170271,0.166537,0.162282,0.157411,0.151780,0.145162,0.137151,0.126910,0.112054,0.056826
126480,0.187810,0.187675,0.187271,0.186595,0.185642,0.184404,0.182874,0.181037,0.178879,0.176379,0.173508,0.170230,0.166499,0.162245,0.157376,0.151747,0.145131,0.137124,0.126886,0.112034,0.056819
126540,0.187762,0.187628,0.187224,0.186548,0.185595,0.184358,0.182828,0.180993,0.178836,0.176336,0.173466,0.170190,0.166460,0.162209,0.157341,0.151714,0.145101,0.137096,0.126862,0.112015,0.056812
126600,0.187715,0.187581,0.187177,0.186501,0.185549,0.184312,0.182783,0.180948,0.178792,0.176293,0.173425,0.170150,0.166421,0.162172,0.157306,0.151681,0.145070,0.137069,0.126838,0.111996,0.056805
126660,0.187668,0.187533,0.187130,0.186454,0.185502,0.184266,0.182738,0.180904,0.178749,0.176251,0.173384,0.170110,0.166383,0.162135,0.157271,0.151649,0.145040,0.137041,0.126814,0.111976,0.056798
126720,0.187620,0.187486,0.187083,0.186408,0.185456,0.184221,0.182693,0.180860,0.178705,0.176208,0.173342,0.170070,0.166345,0.162098,0.157236,0.151616,0.145009,0.137014,0.126790,0.111957,0.056791
126780,0.187573,0.187439,0.187036,0.186361,0.185410,0.184175,0.182648,0.180815,0.178662,0.176166,0.173301,0.170030,0.166306,0.162061,0.157201,0.151583,0.144979,0.136986,0.126766,0.111938,0.056784
126840,0.187526,0.187392,0.186989,0.186314,0.185363,0.184129,0.182602,0.180771,0.178618,0.176124,0.173260,0.169991,0.166268,0.162025,0.157166,0.151550,0.144949,0.136959,0.126742,0.111918,0.056778
126900,0.187479,0.187345,0.186942,0.186268,0.185317,0.184083,0.182557,0.180727,0.178575,0.176081,0.173219,0.169951,0.166229,0.161988,0.157131,0.151518,0.144919,0.136931,0.126718,0.111899,0.056771
126960,0.187432,0.187298,0.186895,0.186221,0.185271,0.184038,0.182512,0.180682,0.178532,0.176039,0.173178,0.169911,0.166191,0.161951,0.157097,0.151485,0.144888,0.136904,0.126694,0.111880,0.056764
127020,0.187385,0.187251,0.186848,0.186175,0.185225,0.183992,0.182467,0.180638,0.178488,0.175997,0.173136,0.169871,0.166153,0.161915,0.157062,0.151452,0.144858,0.136876,0.126670,0.111860,0.056757
127080,0.187338,0.187204,0.186802,0.186128,0.185179,0.183947,0.182423,0.180594,0.178445,0.175955,0.173095,0.169831,0.166115,0.161878,0.157027,0.151420,0.144828,0.136849,0.126646,0.111841,0.056750
127140,0.187291,0.187157,0.186755,0.186082,0.185133,0.183901,0.182378,0.180550,0.178402,0.175912,0.173054,0.169792,0.166076,0.161842,0.156993,0.151387,0.144798,0.136822,0.126622,0.111822,0.056743
127200,0.187244,0.187110,0.186708,0.186035,0.185087,0.183856,0.182333,0.180506,0.178359,0.175870,0.173013,0.169752,0.166038,0.161805,0.156958,0.151355,0.144768,0.136794,0.126598,0.111803,0.056737
127260,0.187197,0.187063,0.186661,0.185989,0.185041,0.183810,0.182288,0.180462,0.178316,0.175828,0.172973,0.169713,0.166000,0.161769,0.156923,0.151322,0.144738,0.136767,0.126574,0.111784,0.056730
127320,0.187150,0.187017,0.186615,0.185943,0.184995,0.183765,0.182243,0.180418,0.178273,0.175786,0.172932,0.169673,0.165962,0.161732,0.156889,0.151290,0.144708,0.136740,0.126550,0.111764,0.056723
127380,0.187103,0.186970,0.186568,0.185896,0.184949,0.183720,0.182199,0.180374,0.178230,0.175744,0.172891,0.169634,0.165924,0.161696,0.156854,0.151257,0.144677,0.136713,0.126526,0.111745,0.056716
127440,0.187057,0.186923,0.186522,0.185850,0.184903,0.183674,0.182154,0.180330,0.178187,0.175702,0.172850,0.169594,0.165886,0.161660,0.156820,0.151225,0.144647,0.136685,0.126503,0.111726,0.056710
127500,0.187010,0.186877,0.186475,0.185804,0.184857,0.183629,0.182110,0.180286,0.178144,0.175660,0.172809,0.169555,0.165848,0.161623,0.156785,0.151193,0.144618,0.136658,0.126479,0.111707,0.056703
127560,0.186963,0.186830,0.186429,0.185758,0.184812,0.183584,0.182065,0.180243,0.178101,0.175619,0.172769,0.169515,0.165810,0.161587,0.156751,0.151160,0.144588,0.136631,0.126455,0.111688,0.056696
127620,0.186917,0.186783,0.186383,0.185712,0.184766,0.183539,0.182020,0.180199,0.178058,0.175577,0.172728,0.169476,0.165772,0.161551,0.156716,0.151128,0.144558,0.136604,0.126431,0.111669,0.056689
127680,0.186870,0.186737,0.186336,0.185666,0.184721,0.183494,0.181976,0.180155,0.178015,0.175535,0.172687,0.169437,0.165734,0.161514,0.156682,0.151096,0.144528,0.136577,0.126408,0.111650,0.056683
127740,0.186824,0.186691,0.186290,0.185620,0.184675,0.183449,0.181932,0.180112,0.177972,0.175493,0.172647,0.169397,0.165697,0.161478,0.156648,0.151063,0.144498,0.136550,0.126384,0.111631,0.056676
127800,0.186777,0.186644,0.186244,0.185574,0.184629,0.183404,0.181887,0.180068,0.177930,0.175451,0.172606,0.169358,0.165659,0.161442,0.156614,0.151031,0.144468,0.136523,0.126360,0.111612,0.056669
127860,0.186731,0.186598,0.186198,0.185528,0.184584,0.183359,0.181843,0.180024,0.177887,0.175410,0.172566,0.169319,0.165621,0.161406,0.156579,0.150999,0.144438,0.136496,0.126337,0.111593,0.056662
127920,0.186685,0.186552,0.186152,0.185482,0.184539,0.183314,0.181799,0.179981,0.177844,0.175368,0.172525,0.169280,0.165583,0.161370,0.156545,0.150967,0.144408,0.136469,0.126313,0.111574,0.056656
127980,0.186638,0.186505,0.186106,0.185436,0.184493,0.183269,0.181754,0.179937,0.177802,0.175327,0.172485,0.169241,0.165546,0.161334,0.156511,0.150935,0.144379,0.136442,0.126290,0.111555,0.056649
128040,0.186592,0.186459,0.186060,0.185391,0.184448,0.183224,0.181710,0.179894,0.177759,0.175285,0.172445,0.169202,0.165508,0.161298,0.156477,0.150903,0.144349,0.136415,0.126266,0.111536,0.056642
128100,0.186546,0.186413,0.186014,0.185345,0.184403,0.183179,0.181666,0.179851,0.177717,0.175244,0.172404,0.169162,0.165471,0.161262,0.156443,0.150871,0.144319,0.136388,0.126243,0.111517,0.056636
128160,0.186500,0.186367,0.185968,0.185299,0.184357,0.183135,0.181622,0.179807,0.177674,0.175202,0.172364,0.169123,0.165433,0.161226,0.156408,0.150839,0.144290,0.136361,0.126219,0.111498,0.056629
128220,0.186454,0.186321,0.185922,0.185254,0.184312,0.183090,0.181578,0.179764,0.177632,0.175161,0.172324,0.169085,0.165395,0.161190,0.156374,0.150807,0.144260,0.136334,0.126196,0.111479,0.056623
128280,0.186408,0.186275,0.185876,0.185208,0.184267,0.183045,0.181534,0.179721,0.177590,0.175119,0.172283,0.169046,0.165358,0.161154,0.156340,0.150775,0.144230,0.136307,0.126172,0.111460,0.056616
128340,0.186362,0.186229,0.185830,0.185163,0.184222,0.183001,0.181490,0.179678,0.177547,0.175078,0.172243,0.169007,0.165321,0.161119,0.156306,0.150743,0.144201,0.136280,0.126149,0.111441,0.056609
128400,0.186316,0.186183,0.185785,0.185117,0.184177,0.182956,0.181446,0.179634,0.177505,0.175037,0.172203,0.168968,0.165283,0.161083,0.156272,0.150711,0.144171,0.136254,0.126125,0.111422,0.056603
128460,0.186270,0.186137,0.185739,0.185072,0.184132,0.182912,0.181402,0.179591,0.177463,0.174996,0.172163,0.168929,0.165246,0.161047,0.156239,0.150679,0.144142,0.136227,0.126102,0.111403,0.056596
128520,0.186224,0.186091,0.185693,0.185027,0.184087,0.182867,0.181358,0.179548,0.177420,0.174954,0.172123,0.168890,0.165208,0.161011,0.156205,0.150647,0.144112,0.136200,0.126078,0.111385,0.056590
128580,0.186178,0.186046,0.185648,0.184981,0.184042,0.182823,0.181315,0.179505,0.177378,0.174913,0.172083,0.168852,0.165171,0.160976,0.156171,0.150615,0.144083,0.136173,0.126055,0.111366,0.056583
128640,0.186132,0.186000,0.185602,0.184936,0.183997,0.182779,0.181271,0.179462,0.177336,0.174872,0.172043,0.168813,0.165134,0.160940,0.156137,0.150583,0.144053,0.136147,0.126032,0.111347,0.056577
128700,0.186087,0.185954,0.185557,0.184891,0.183952,0.182734,0.181227,0.179419,0.177294,0.174831,0.172003,0.168774,0.165097,0.160904,0.156103,0.150552,0.144024,0.136120,0.126008,0.111328,0.056570
128760,0.186041,0.185909,0.185511,0.184846,0.183908,0.182690,0.181184,0.179376,0.177252,0.174790,0.171963,0.168736,0.165060,0.160869,0.156069,0.150520,0.143995,0.136093,0.125985,0.111309,0.056563
128820,0.185995,0.185863,0.185466,0.184801,0.183863,0.182646,0.181140,0.179334,0.177210,0.174749,0.171923,0.168697,0.165022,0.160833,0.156036,0.150488,0.143965,0.136067,0.125962,0.111291,0.056557
128880,0.185950,0.185818,0.185420,0.184755,0.183818,0.182602,0.181096,0.179291,0.177168,0.174708,0.171883,0.168658,0.164985,0.160798,0.156002,0.150457,0.143936,0.136040,0.125938,0.111272,0.056550
128940,0.185904,0.185772,0.185375,0.184710,0.183773,0.182557,0.181053,0.179248,0.177126,0.174667,0.171844,0.168620,0.164948,0.160762,0.155968,0.150425,0.143907,0.136014,0.125915,0.111253,0.056544
129000,0.185859,0.185727,0.185330,0.184665,0.183729,0.182513,0.181010,0.179205,0.177084,0.174626,0.171804,0.168582,0.164911,0.160727,0.155935,0.150393,0.143877,0.135987,0.125892,0.111234,0.056537
129060,0.185813,0.185681,0.185285,0.184621,0.183684,0.182469,0.180966,0.179163,0.177043,0.174586,0.171764,0.168543,0.164874,0.160692,0.155901,0.150362,0.143848,0.135961,0.125869,0.111216,0.056531
129120,0.185768,0.185636,0.185239,0.184576,0.183640,0.182425,0.180923,0.179120,0.177001,0.174545,0.171725,0.168505,0.164837,0.160656,0.155868,0.150330,0.143819,0.135934,0.125846,0.111197,0.056524
129180,0.185723,0.185591,0.185194,0.184531,0.183595,0.182381,0.180879,0.179077,0.176959,0.174504,0.171685,0.168466,0.164800,0.160621,0.155834,0.150299,0.143790,0.135908,0.125823,0.111179,0.056518
129240,0.185677,0.185545,0.185149,0.184486,0.183551,0.182337,0.180836,0.179035,0.176917,0.174463,0.171645,0.168428,0.164763,0.160586,0.155801,0.150267,0.143761,0.135881,0.125799,0.111160,0.056512
129300,0.185632,0.185500,0.185104,0.184441,0.183507,0.182294,0.180793,0.178992,0.176876,0.174423,0.171606,0.168390,0.164727,0.160550,0.155767,0.150236,0.143732,0.135855,0.125776,0.111141,0.056505
129360,0.185587,0.185455,0.185059,0.184396,0.183462,0.182250,0.180750,0.178950,0.176834,0.174382,0.171566,0.168352,0.164690,0.160515,0.155734,0.150205,0.143702,0.135828,0.125753,0.111123,0.056499
129420,0.185542,0.185410,0.185014,0.184352,0.183418,0.182206,0.180706,0.178907,0.176793,0.174341,0.171527,0.168313,0.164653,0.160480,0.155700,0.150173,0.143673,0.135802,0.125730,0.111104,0.056492
129480,0.185496,0.185365,0.184969,0.184307,0.183374,0.182162,0.180663,0.178865,0.176751,0.174301,0.171487,0.168275,0.164616,0.160445,0.155667,0.150142,0.143644,0.135776,0.125707,0.111086,0.056486
129540,0.185451,0.185320,0.184925,0.184263,0.183330,0.182118,0.180620,0.178823,0.176710,0.174260,0.171448,0.168237,0.164580,0.160410,0.155634,0.150110,0.143615,0.135749,0.125684,0.111067,0.056480
129600,0.185406,0.185275,0.184880,0.184218,0.183285,0.182075,0.180577,0.178780,0.176668,0.174220,0.171409,0.168199,0.164543,0.160375,0.155600,0.150079,0.143586,0.135723,0.125661,0.111048,0.056473
129660,0.185361,0.185230,0.184835,0.184174,0.183241,0.182031,0.180534,0.178738,0.176627,0.174179,0.171369,0.168161,0.164506,0.160340,0.155567,0.150048,0.143557,0.135697,0.125638,0.111030,0.056467
129720,0.185316,0.185185,0.184790,0.184129,0.183197,0.181988,0.180491,0.178696,0.176585,0.174139,0.171330,0.168123,0.164470,0.160305,0.155534,0.150017,0.143528,0.135670,0.125615,0.111011,0.056460
129780,0.185272,0.185140,0.184746,0.184085,0.183153,0.181944,0.180448,0.178654,0.176544,0.174099,0.171291,0.168085,0.164433,0.160270,0.155501,0.149986,0.143499,0.135644,0.125592,0.110993,0.056454
129840,0.185227,0.185095,0.184701,0.184040,0.183109,0.181901,0.180406,0.178612,0.176503,0.174058,0.171252,0.168047,0.164397,0.160235,0.155467,0.149954,0.143471,0.135618,0.125569,0.110974,0.056448
129900,0.185182,0.185051,0.184656,0.183996,0.183065,0.181857,0.180363,0.178569,0.176461,0.174018,0.171213,0.168009,0.164360,0.160200,0.155434,0.149923,0.143442,0.135592,0.125546,0.110956,0.056441
129960,0.185137,0.185006,0.184612,0.183952,0.183021,0.181814,0.180320,0.178527,0.176420,0.173978,0.171174,0.167971,0.164324,0.160165,0.155401,0.149892,0.143413,0.135566,0.125523,0.110938,0.056435
130020,0.185092,0.184961,0.184567,0.183908,0.182978,0.181771,0.180277,0.178485,0.176379,0.173938,0.171134,0.167933,0.164287,0.160130,0.155368,0.149861,0.143384,0.135540,0.125501,0.110919,0.056429
130080,0.185048,0.184917,0.184523,0.183863,0.182934,0.181727,0.180234,0.178443,0.176338,0.173898,0.171095,0.167896,0.164251,0.160095,0.155335,0.149830,0.143355,0.135513,0.125478,0.110901,0.056422
130140,0.185003,0.184872,0.184478,0.183819,0.182890,0.181684,0.180192,0.178401,0.176297,0.173858,0.171056,0.167858,0.164214,0.160060,0.155302,0.149799,0.143327,0.135487,0.125455,0.110882,0.056416
130200,0.184959,0.184828,0.184434,0.183775,0.182846,0.181641,0.180149,0.178360,0.176256,0.173817,0.171017,0.167820,0.164178,0.160026,0.155269,0.149768,0.143298,0.135461,0.125432,0.110864,0.056410
130260,0.184914,0.184783,0.184390,0.183731,0.182803,0.181598,0.180107,0.178318,0.176215,0.173777,0.170979,0.167783,0.164142,0.159991,0.155236,0.149737,0.143269,0.135435,0.125409,0.110846,0.056404
130320,0.184869,0.184739,0.184345,0.183687,0.182759,0.181554,0.180064,0.178276,0.176174,0.173737,0.170940,0.167745,0.164106,0.159956,0.155203,0.149706,0.143241,0.135409,0.125387,0.110827,0.056397
130380,0.184825,0.184694,0.184301,0.183643,0.182715,0.181511,0.180022,0.178234,0.176133,0.173698,0.170901,0.167707,0.164069,0.159922,0.155170,0.149675,0.143212,0.135383,0.125364,0.110809,0.056391
130440,0.184781,0.184650,0.184257,0.183599,0.182672,0.181468,0.179979,0.178192,0.176092,0.173658,0.170862,0.167670,0.164033,0.159887,0.155137,0.149644,0.143183,0.135357,0.125341,0.110791,0.056385
130500,0.184736,0.184606,0.184213,0.183555,0.182628,0.181425,0.179937,0.178151,0.176051,0.173618,0.170823,0.167632,0.163997,0.159852,0.155104,0.149613,0.143155,0.135331,0.125319,0.110772,0.056379
130560,0.184692,0.184561,0.184169,0.183512,0.182585,0.181382,0.179894,0.178109,0.176011,0.173578,0.170784,0.167595,0.163961,0.159818,0.155072,0.149583,0.143126,0.135306,0.125296,0.110754,0.056372
130620,0.184648,0.184517,0.184125,0.183468,0.182542,0.181339,0.179852,0.178068,0.175970,0.173538,0.170746,0.167557,0.163925,0.159783,0.155039,0.149552,0.143098,0.135280,0.125273,0.110736,0.056366
130680,0.184603,0.184473,0.184081,0.183424,0.182498,0.181297,0.179810,0.178026,0.175929,0.173498,0.170707,0.167520,0.163889,0.159749,0.155006,0.149521,0.143069,0.135254,0.125251,0.110718,0.056360
130740,0.184559,0.184429,0.184037,0.183380,0.182455,0.181254,0.179768,0.177985,0.175888,0.173459,0.170669,0.167482,0.163853,0.159714,0.154973,0.149490,0.143041,0.135228,0.125228,0.110699,0.056354
130800,0.184515,0.184385,0.183993,0.183337,0.182412,0.181211,0.179725,0.177943,0.175848,0.173419,0.170630,0.167445,0.163817,0.159680,0.154941,0.149460,0.143012,0.135202,0.125205,0.110681,0.056347
130860,0.184471,0.184341,0.183949,0.183293,0.182368,0.181168,0.179683,0.177902,0.175807,0.173379,0.170591,0.167408,0.163781,0.159646,0.154908,0.149429,0.142984,0.135176,0.125183,0.110663,0.056341
130920,0.184427,0.184297,0.183905,0.183249,0.182325,0.181125,0.179641,0.177860,0.175767,0.173340,0.170553,0.167370,0.163745,0.159611,0.154876,0.149398,0.142955,0.135151,0.125160,0.110645,0.056335
130980,0.184383,0.184253,0.183861,0.183206,0.182282,0.181083,0.179599,0.177819,0.175726,0.173300,0.170514,0.167333,0.163709,0.159577,0.154843,0.149368,0.142927,0.135125,0.125138,0.110627,0.056329
131040,0.184339,0.184209,0.183818,0.183162,0.182239,0.181040,0.179557,0.177778,0.175686,0.173261,0.170476,0.167296,0.163673,0.159543,0.154810,0.149337,0.142899,0.135099,0.125115,0.110609,0.056323
131100,0.184295,0.184165,0.183774,0.183119,0.182196,0.180998,0.179515,0.177736,0.175645,0.173221,0.170438,0.167259,0.163638,0.159508,0.154778,0.149307,0.142870,0.135073,0.125093,0.110590,0.056317
131160,0.184251,0.184121,0.183730,0.183076,0.182153,0.180955,0.179473,0.177695,0.175605,0.173182,0.170399,0.167222,0.163602,0.159474,0.154745,0.149276,0.142842,0.135048,0.125070,0.110572,0.056311
131220,0.184207,0.184077,0.183687,0.183032,0.182110,0.180913,0.179431,0.177654,0.175564,0.173142,0.170361,0.167185,0.163566,0.159440,0.154713,0.149245,0.142814,0.135022,0.125048,0.110554,0.056304
131280,0.184164,0.184034,0.183643,0.182989,0.182067,0.180870,0.179389,0.177613,0.175524,0.173103,0.170323,0.167148,0.163530,0.159406,0.154681,0.149215,0.142786,0.134996,0.125025,0.110536,0.056298
131340,0.184120,0.183990,0.183599,0.182946,0.182024,0.180828,0.179348,0.177572,0.175484,0.173064,0.170284,0.167111,0.163495,0.159372,0.154648,0.149185,0.142757,0.134971,0.125003,0.110518,0.056292
131400,0.184076,0.183946,0.183556,0.182902,0.181981,0.180785,0.179306,0.177531,0.175444,0.173024,0.170246,0.167074,0.163459,0.159338,0.154616,0.149154,0.142729,0.134945,0.124981,0.110500,0.056286
131460,0.184032,0.183903,0.183513,0.182859,0.181938,0.180743,0.179264,0.177490,0.175403,0.172985,0.170208,0.167037,0.163424,0.159304,0.154583,0.149124,0.142701,0.134920,0.124958,0.110482,0.056280
131520,0.183989,0.183859,0.183469,0.182816,0.181896,0.180701,0.179222,0.177449,0.175363,0.172946,0.170170,0.167000,0.163388,0.159270,0.154551,0.149093,0.142673,0.134894,0.124936,0.110464,0.056274
131580,0.183945,0.183816,0.183426,0.182773,0.181853,0.180659,0.179181,0.177408,0.175323,0.172907,0.170132,0.166963,0.163352,0.159236,0.154519,0.149063,0.142645,0.134869,0.124914,0.110446,0.056268
131640,0.183902,0.183772,0.183382,0.182730,0.181810,0.180616,0.179139,0.177367,0.175283,0.172868,0.170094,0.166926,0.163317,0.159202,0.154487,0.149033,0.142617,0.134843,0.124891,0.110428,0.056262
131700,0.183858,0.183729,0.183339,0.182687,0.181768,0.180574,0.179098,0.177326,0.175243,0.172829,0.170056,0.166889,0.163282,0.159168,0.154454,0.149003,0.142589,0.134818,0.124869,0.110410,0.056256
131760,0.183815,0.183685,0.183296,0.182644,0.181725,0.180532,0.179056,0.177285,0.175203,0.172789,0.170018,0.166852,0.163246,0.159134,0.154422,0.148972,0.142561,0.134792,0.124847,0.110392,0.056250
131820,0.183771,0.183642,0.183253,0.182601,0.181682,0.180490,0.179015,0.177244,0.175163,0.172750,0.169980,0.166816,0.163211,0.159100,0.154390,0.148942,0.142533,0.134767,0.124824,0.110374,0.056244
131880,0.183728,0.183599,0.183210,0.182558,0.181640,0.180448,0.178973,0.177204,0.175123,0.172711,0.169942,0.166779,0.163175,0.159066,0.154358,0.148912,0.142505,0.134742,0.124802,0.110356,0.056238
131940,0.183685,0.183555,0.183166,0.182515,0.181597,0.180406,0.178932,0.177163,0.175083,0.172673,0.169904,0.166742,0.163140,0.159032,0.154326,0.148882,0.142477,0.134716,0.124780,0.110338,0.056232
132000,0.183641,0.183512,0.183123,0.182473,0.181555,0.180364,0.178890,0.177122,0.175043,0.172634,0.169866,0.166706,0.163105,0.158999,0.154294,0.148852,0.142449,0.134691,0.124758,0.110320,0.056226
132060,0.183598,0.183469,0.183080,0.182430,0.181513,0.180322,0.178849,0.177082,0.175004,0.172595,0.169828,0.166669,0.163070,0.158965,0.154262,0.148821,0.142421,0.134666,0.124736,0.110303,0.056220
132120,0.183555,0.183426,0.183037,0.182387,0.181470,0.180280,0.178808,0.177041,0.174964,0.172556,0.169791,0.166632,0.163034,0.158931,0.154230,0.148791,0.142393,0.134640,0.124714,0.110285,0.056214
132180,0.183512,0.183383,0.182994,0.182344,0.181428,0.180238,0.178767,0.177000,0.174924,0.172517,0.169753,0.166596,0.162999,0.158897,0.154198,0.148761,0.142365,0.134615,0.124691,0.110267,0.056208
132240,0.183469,0.183340,0.182952,0.182302,0.181386,0.180197,0.178725,0.176960,0.174884,0.172478,0.169715,0.166559,0.162964,0.158864,0.154166,0.148731,0.142337,0.134590,0.124669,0.110249,0.056202
132300,0.183426,0.183297,0.182909,0.182259,0.181343,0.180155,0.178684,0.176919,0.174845,0.172440,0.169678,0.166523,0.162929,0.158830,0.154134,0.148701,0.142310,0.134564,0.124647,0.110231,0.056196
132360,0.183383,0.183254,0.182866,0.182217,0.181301,0.180113,0.178643,0.176879,0.174805,0.172401,0.169640,0.166487,0.162894,0.158797,0.154102,0.148671,0.142282,0.134539,0.124625,0.110213,0.056190
132420,0.183340,0.183211,0.182823,0.182174,0.181259,0.180071,0.178602,0.176839,0.174766,0.172362,0.169602,0.166450,0.162859,0.158763,0.154070,0.148641,0.142254,0.134514,0.124603,0.110196,0.056184
132480,0.183297,0.183168,0.182780,0.182132,0.181217,0.180030,0.178561,0.176798,0.174726,0.172324,0.169565,0.166414,0.162824,0.158730,0.154038,0.148612,0.142226,0.134489,0.124581,0.110178,0.056178
132540,0.183254,0.183125,0.182738,0.182089,0.181175,0.179988,0.178520,0.176758,0.174687,0.172285,0.169527,0.166377,0.162789,0.158696,0.154007,0.148582,0.142199,0.134464,0.124559,0.110160,0.056172
132600,0.183211,0.183082,0.182695,0.182047,0.181133,0.179947,0.178479,0.176718,0.174647,0.172247,0.169490,0.166341,0.162754,0.158663,0.153975,0.148552,0.142171,0.134439,0.124537,0.110142,0.056166
132660,0.183168,0.183040,0.182652,0.182004,0.181091,0.179905,0.178438,0.176677,0.174608,0.172208,0.169452,0.166305,0.162719,0.158629,0.153943,0.148522,0.142143,0.134414,0.124515,0.110125,0.056160
132720,0.183125,0.182997,0.182610,0.181962,0.181049,0.179864,0.178397,0.176637,0.174568,0.172170,0.169415,0.166269,0.162684,0.158596,0.153912,0.148492,0.142116,0.134389,0.124493,0.110107,0.056154
132780,0.183083,0.182954,0.182567,0.181920,0.181007,0.179822,0.178356,0.176597,0.174529,0.172131,0.169378,0.166233,0.162649,0.158563,0.153880,0.148462,0.142088,0.134363,0.124471,0.110089,0.056148
132840,0.183040,0.182911,0.182525,0.181878,0.180965,0.179781,0.178315,0.176557,0.174490,0.172093,0.169340,0.166196,0.162614,0.158529,0.153848,0.148433,0.142060,0.134338,0.124449,0.110072,0.056143
132900,0.182997,0.182869,0.182482,0.181835,0.180923,0.179740,0.178275,0.176517,0.174450,0.172055,0.169303,0.166160,0.162580,0.158496,0.153817,0.148403,0.142033,0.134313,0.124427,0.110054,0.056137
132960,0.182955,0.182826,0.182440,0.181793,0.180882,0.179698,0.178234,0.176477,0.174411,0.172016,0.169266,0.166124,0.162545,0.158463,0.153785,0.148373,0.142005,0.134288,0.124406,0.110036,0.056131
133020,0.182912,0.182784,0.182398,0.181751,0.180840,0.179657,0.178193,0.176437,0.174372,0.171978,0.169228,0.166088,0.162510,0.158429,0.153753,0.148344,0.141978,0.134264,0.124384,0.110019,0.056125
133080,0.182870,0.182741,0.182355,0.181709,0.180798,0.179616,0.178153,0.176397,0.174333,0.171940,0.169191,0.166052,0.162475,0.158396,0.153722,0.148314,0.141950,0.134239,0.124362,0.110001,0.056119
133140,0.182827,0.182699,0.182313,0.181667,0.180757,0.179575,0.178112,0.176357,0.174294,0.171901,0.169154,0.166016,0.162441,0.158363,0.153690,0.148284,0.141923,0.134214,0.124340,0.109983,0.056113
133200,0.182785,0.182657,0.182271,0.181625,0.180715,0.179533,0.178071,0.176317,0.174254,0.171863,0.169117,0.165980,0.162406,0.158330,0.153659,0.148255,0.141896,0.134189,0.124318,0.109966,0.056108
133260,0.182742,0.182614,0.182229,0.181583,0.180673,0.179492,0.178031,0.176277,0.174215,0.171825,0.169080,0.165944,0.162372,0.158297,0.153628,0.148225,0.141868,0.134164,0.124296,0.109948,0.056102
133320,0.182700,0.182572,0.182187,0.181541,0.180632,0.179451,0.177990,0.176237,0.174176,0.171787,0.169043,0.165908,0.162337,0.158264,0.153596,0.148196,0.141841,0.134139,0.124275,0.109931,0.056096
133380,0.182658,0.182530,0.182144,0.181500,0.180590,0.179410,0.177950,0.176198,0.174137,0.171749,0.169006,0.165873,0.162303,0.158231,0.153565,0.148166,0.141814,0.134114,0.124253,0.109913,0.056090
133440,0.182615,0.182487,0.182102,0.181458,0.180549,0.179369,0.177910,0.176158,0.174099,0.171711,0.168969,0.165837,0.162268,0.158198,0.153533,0.148137,0.141786,0.134089,0.124231,0.109896,0.056084
133500,0.182573,0.182445,0.182060,0.181416,0.180507,0.179328,0.177869,0.176118,0.174060,0.171673,0.168932,0.165801,0.162234,0.158165,0.153502,0.148107,0.141759,0.134065,0.124210,0.109878,0.056079
133560,0.182531,0.182403,0.182018,0.181374,0.180466,0.179287,0.177829,0.176079,0.174021,0.171635,0.168895,0.165765,0.162199,0.158132,0.153471,0.148078,0.141732,0.134040,0.124188,0.109861,0.056073
133620,0.182489,0.182361,0.181976,0.181333,0.180425,0.179246,0.177789,0.176039,0.173982,0.171597,0.168858,0.165730,0.162165,0.158099,0.153440,0.148049,0.141704,0.134015,0.124166,0.109843,0.056067
133680,0.182447,0.182319,0.181934,0.181291,0.180383,0.179206,0.177748,0.175999,0.173943,0.171559,0.168821,0.165694,0.162130,0.158066,0.153408,0.148019,0.141677,0.133990,0.124145,0.109826,0.056061
133740,0.182405,0.182277,0.181893,0.181249,0.180342,0.179165,0.177708,0.175960,0.173904,0.171521,0.168784,0.165658,0.162096,0.158033,0.153377,0.147990,0.141650,0.133966,0.124123,0.109808,0.056056
133800,0.182363,0.182235,0.181851,0.181208,0.180301,0.179124,0.177668,0.175920,0.173866,0.171484,0.168748,0.165623,0.162062,0.158000,0.153346,0.147961,0.141623,0.133941,0.124101,0.109791,0.056050
133860,0.182321,0.182193,0.181809,0.181166,0.180260,0.179083,0.177628,0.175881,0.173827,0.171446,0.168711,0.165587,0.162028,0.157967,0.153315,0.147931,0.141596,0.133916,0.124080,0.109773,0.056044
133920,0.182279,0.182151,0.181767,0.181125,0.180219,0.179043,0.177588,0.175841,0.173788,0.171408,0.168674,0.165552,0.161993,0.157935,0.153284,0.147902,0.141569,0.133892,0.124058,0.109756,0.056038
133980,0.182237,0.182109,0.181726,0.181083,0.180178,0.179002,0.177548,0.175802,0.173750,0.171370,0.168638,0.165516,0.161959,0.157902,0.153253,0.147873,0.141541,0.133867,0.124037,0.109739,0.056033
134040,0.182195,0.182067,0.181684,0.181042,0.180137,0.178961,0.177508,0.175763,0.173711,0.171333,0.168601,0.165481,0.161925,0.157869,0.153222,0.147844,0.141514,0.133843,0.124015,0.109721,0.056027
134100,0.182153,0.182026,0.181642,0.181000,0.180096,0.178921,0.177468,0.175723,0.173673,0.171295,0.168564,0.165445,0.161891,0.157837,0.153190,0.147814,0.141487,0.133818,0.123994,0.109704,0.056021
134160,0.182111,0.181984,0.181601,0.180959,0.180055,0.178880,0.177428,0.175684,0.173634,0.171258,0.168528,0.165410,0.161857,0.157804,0.153159,0.147785,0.141460,0.133794,0.123972,0.109687,0.056016
134220,0.182070,0.181942,0.181559,0.180918,0.180014,0.178840,0.177388,0.175645,0.173596,0.171220,0.168491,0.165374,0.161823,0.157771,0.153129,0.147756,0.141433,0.133769,0.123951,0.109669,0.056010
134280,0.182028,0.181901,0.181518,0.180877,0.179973,0.178799,0.177348,0.175606,0.173557,0.171183,0.168455,0.165339,0.161789,0.157739,0.153098,0.147727,0.141406,0.133745,0.123929,0.109652,0.056004
134340,0.181986,0.181859,0.181476,0.180835,0.179932,0.178759,0.177308,0.175566,0.173519,0.171145,0.168418,0.165304,0.161755,0.157706,0.153067,0.147698,0.141379,0.133720,0.123908,0.109635,0.055999
134400,0.181945,0.181817,0.181435,0.180794,0.179891,0.178719,0.177268,0.175527,0.173481,0.171108,0.168382,0.165268,0.161721,0.157674,0.153036,0.147669,0.141352,0.133696,0.123886,0.109617,0.055993
134460,0.181903,0.181776,0.181393,0.180753,0.179850,0.178678,0.177228,0.175488,0.173442,0.171070,0.168345,0.165233,0.161687,0.157641,0.153005,0.147640,0.141326,0.133671,0.123865,0.109600,0.055987
134520,0.181861,0.181734,0.181352,0.180712,0.179809,0.178638,0.177189,0.175449,0.173404,0.171033,0.168309,0.165198,0.161653,0.157609,0.152974,0.147611,0.141299,0.133647,0.123844,0.109583,0.055982
134580,0.181820,0.181693,0.181311,0.180671,0.179769,0.178598,0.177149,0.175410,0.173366,0.170995,0.168273,0.165163,0.161619,0.157576,0.152943,0.147582,0.141272,0.133622,0.123822,0.109566,0.055976
134640,0.181778,0.181651,0.181269,0.180630,0.179728,0.178558,0.177109,0.175371,0.173328,0.170958,0.168237,0.165128,0.161585,0.157544,0.152913,0.147553,0.141245,0.133598,0.123801,0.109548,0.055970
134700,0.181737,0.181610,0.181228,0.180589,0.179687,0.178517,0.177070,0.175332,0.173289,0.170921,0.168200,0.165093,0.161551,0.157512,0.152882,0.147524,0.141218,0.133574,0.123780,0.109531,0.055965
134760,0.181696,0.181569,0.181187,0.180548,0.179647,0.178477,0.177030,0.175293,0.173251,0.170884,0.168164,0.165058,0.161517,0.157479,0.152851,0.147495,0.141191,0.133549,0.123758,0.109514,0.055959
134820,0.181654,0.181527,0.181146,0.180507,0.179606,0.178437,0.176991,0.175254,0.173213,0.170846,0.168128,0.165022,0.161484,0.157447,0.152820,0.147466,0.141165,0.133525,0.123737,0.109497,0.055954
134880,0.181613,0.181486,0.181105,0.180466,0.179566,0.178397,0.176951,0.175216,0.173175,0.170809,0.168092,0.164987,0.161450,0.157415,0.152790,0.147438,0.141138,0.133501,0.123716,0.109480,0.055948
134940,0.181572,0.181445,0.181064,0.180425,0.179525,0.178357,0.176912,0.175177,0.173137,0.170772,0.168056,0.164953,0.161416,0.157382,0.152759,0.147409,0.141111,0.133477,0.123695,0.109462,0.055943
135000,0.181531,0.181404,0.181023,0.180385,0.179485,0.178317,0.176872,0.175138,0.173099,0.170735,0.168020,0.164918,0.161383,0.157350,0.152728,0.147380,0.141085,0.133452,0.123673,0.109445,0.055937
135060,0.181489,0.181363,0.180982,0.180344,0.179445,0.178277,0.176833,0.175099,0.173061,0.170698,0.167983,0.164883,0.161349,0.157318,0.152698,0.147351,0.141058,0.133428,0.123652,0.109428,0.055931
135120,0.181448,0.181322,0.180941,0.180303,0.179404,0.178237,0.176793,0.175061,0.173023,0.170661,0.167947,0.164848,0.161315,0.157286,0.152667,0.147323,0.141031,0.133404,0.123631,0.109411,0.055926
135180,0.181407,0.181280,0.180900,0.180262,0.179364,0.178197,0.176754,0.175022,0.172985,0.170624,0.167911,0.164813,0.161282,0.157254,0.152637,0.147294,0.141005,0.133380,0.123610,0.109394,0.055920
135240,0.181366,0.181239,0.180859,0.180222,0.179324,0.178158,0.176715,0.174983,0.172948,0.170587,0.167876,0.164778,0.161248,0.157222,0.152606,0.147265,0.140978,0.133356,0.123589,0.109377,0.055915
135300,0.181325,0.181198,0.180818,0.180181,0.179283,0.178118,0.176676,0.174945,0.172910,0.170550,0.167840,0.164743,0.161215,0.157189,0.152576,0.147237,0.140952,0.133332,0.123567,0.109360,0.055909
135360,0.181284,0.181158,0.180777,0.180141,0.179243,0.178078,0.176636,0.174906,0.172872,0.170513,0.167804,0.164709,0.161181,0.157157,0.152545,0.147208,0.140925,0.133307,0.123546,0.109343,0.055904
135420,0.181243,0.181117,0.180737,0.180100,0.179203,0.178038,0.176597,0.174868,0.172834,0.170476,0.167768,0.164674,0.161148,0.157125,0.152515,0.147179,0.140898,0.133283,0.123525,0.109326,0.055898
135480,0.181202,0.181076,0.180696,0.180060,0.179163,0.177999,0.176558,0.174829,0.172796,0.170440,0.167732,0.164639,0.161114,0.157093,0.152485,0.147151,0.140872,0.133259,0.123504,0.109309,0.055893
135540,0.181161,0.181035,0.180655,0.180019,0.179123,0.177959,0.176519,0.174791,0.172759,0.170403,0.167696,0.164605,0.161081,0.157061,0.152454,0.147122,0.140846,0.133235,0.123483,0.109292,0.055887
135600,0.181120,0.180994,0.180614,0.179979,0.179083,0.177919,0.176480,0.174752,0.172721,0.170366,0.167661,0.164570,0.161048,0.157030,0.152424,0.147094,0.140819,0.133211,0.123462,0.109275,0.055882
135660,0.181080,0.180953,0.180574,0.179938,0.179043,0.177880,0.176441,0.174714,0.172684,0.170329,0.167625,0.164535,0.161014,0.156998,0.152394,0.147065,0.140793,0.133187,0.123441,0.109258,0.055876
135720,0.181039,0.180913,0.180533,0.179898,0.179003,0.177840,0.176402,0.174676,0.172646,0.170293,0.167589,0.164501,0.160981,0.156966,0.152363,0.147037,0.140766,0.133163,0.123420,0.109241,0.055871
135780,0.180998,0.180872,0.180493,0.179858,0.178963,0.177801,0.176363,0.174637,0.172609,0.170256,0.167553,0.164466,0.160948,0.156934,0.152333,0.147008,0.140740,0.133139,0.123399,0.109224,0.055865
135840,0.180957,0.180831,0.180452,0.179818,0.178923,0.177761,0.176324,0.174599,0.172571,0.170219,0.167518,0.164432,0.160915,0.156902,0.152303,0.146980,0.140714,0.133115,0.123378,0.109207,0.055860
135900,0.180917,0.180791,0.180412,0.179777,0.178883,0.177722,0.176285,0.174561,0.172534,0.170183,0.167482,0.164397,0.160881,0.156870,0.152273,0.146951,0.140687,0.133091,0.123357,0.109190,0.055855
135960,0.180876,0.180750,0.180371,0.179737,0.178843,0.177683,0.176246,0.174523,0.172496,0.170146,0.167447,0.164363,0.160848,0.156839,0.152243,0.146923,0.140661,0.133068,0.123336,0.109173,0.055849
136020,0.180836,0.180710,0.180331,0.179697,0.178803,0.177643,0.176208,0.174485,0.172459,0.170110,0.167411,0.164328,0.160815,0.156807,0.152212,0.146895,0.140635,0.133044,0.123315,0.109156,0.055844
136080,0.180795,0.180669,0.180291,0.179657,0.178764,0.177604,0.176169,0.174447,0.172421,0.170073,0.167376,0.164294,0.160782,0.156775,0.152182,0.146866,0.140608,0.133020,0.123294,0.109139,0.055838
136140,0.180755,0.180629,0.180250,0.179617,0.178724,0.177565,0.176130,0.174409,0.172384,0.170037,0.167340,0.164260,0.160749,0.156744,0.152152,0.146838,0.140582,0.132996,0.123273,0.109122,0.055833
136200,0.180714,0.180588,0.180210,0.179577,0.178684,0.177525,0.176092,0.174370,0.172347,0.170000,0.167305,0.164225,0.160716,0.156712,0.152122,0.146810,0.140556,0.132972,0.123253,0.109105,0.055827
136260,0.180674,0.180548,0.180170,0.179537,0.178645,0.177486,0.176053,0.174332,0.172310,0.169964,0.167269,0.164191,0.160683,0.156680,0.152092,0.146782,0.140530,0.132948,0.123232,0.109089,0.055822
136320,0.180633,0.180508,0.180130,0.179497,0.178605,0.177447,0.176014,0.174295,0.172272,0.169928,0.167234,0.164157,0.160650,0.156649,0.152062,0.146753,0.140504,0.132925,0.123211,0.109072,0.055817
136380,0.180593,0.180467,0.180090,0.179457,0.178565,0.177408,0.175976,0.174257,0.172235,0.169891,0.167199,0.164123,0.160617,0.156617,0.152032,0.146725,0.140477,0.132901,0.123190,0.109055,0.055811
136440,0.180553,0.180427,0.180049,0.179417,0.178526,0.177369,0.175937,0.174219,0.172198,0.169855,0.167163,0.164089,0.160584,0.156586,0.152002,0.146697,0.140451,0.132877,0.123169,0.109038,0.055806
136500,0.180512,0.180387,0.180009,0.179377,0.178486,0.177330,0.175899,0.174181,0.172161,0.169819,0.167128,0.164054,0.160551,0.156554,0.151972,0.146669,0.140425,0.132854,0.123149,0.109021,0.055801
136560,0.180472,0.180347,0.179969,0.179338,0.178447,0.177291,0.175860,0.174143,0.172124,0.169783,0.167093,0.164020,0.160518,0.156523,0.151942,0.146641,0.140399,0.132830,0.123128,0.109005,0.055795
136620,0.180432,0.180307,0.179929,0.179298,0.178408,0.177252,0.175822,0.174105,0.172087,0.169746,0.167058,0.163986,0.160485,0.156491,0.151913,0.146613,0.140373,0.132806,0.123107,0.108988,0.055790
136680,0.180392,0.180266,0.179889,0.179258,0.178368,0.177213,0.175783,0.174067,0.172050,0.169710,0.167023,0.163952,0.160453,0.156460,0.151883,0.146585,0.140347,0.132783,0.123086,0.108971,0.055785
136740,0.180352,0.180226,0.179850,0.179219,0.178329,0.177174,0.175745,0.174030,0.172013,0.169674,0.166988,0.163918,0.160420,0.156428,0.151853,0.146557,0.140321,0.132759,0.123066,0.108954,0.055779
136800,0.180312,0.180186,0.179810,0.179179,0.178290,0.177135,0.175707,0.173992,0.171976,0.169638,0.166952,0.163884,0.160387,0.156397,0.151823,0.146529,0.140295,0.132735,0.123045,0.108938,0.055774
136860,0.180272,0.180146,0.179770,0.179139,0.178250,0.177096,0.175668,0.173954,0.171939,0.169602,0.166917,0.163850,0.160354,0.156366,0.151793,0.146501,0.140269,0.132712,0.123024,0.108921,0.055769
136920,0.180232,0.180106,0.179730,0.179100,0.178211,0.177058,0.175630,0.173917,0.171902,0.169566,0.166882,0.163816,0.160322,0.156334,0.151764,0.146473,0.140243,0.132688,0.123004,0.108904,0.055763
136980,0.180192,0.180066,0.179690,0.179060,0.178172,0.177019,0.175592,0.173879,0.171865,0.169530,0.166847,0.163782,0.160289,0.156303,0.151734,0.146445,0.140217,0.132665,0.122983,0.108888,0.055758
137040,0.180152,0.180027,0.179650,0.179021,0.178133,0.176980,0.175554,0.173842,0.171829,0.169494,0.166812,0.163749,0.160256,0.156272,0.151704,0.146417,0.140191,0.132641,0.122962,0.108871,0.055753
137100,0.180112,0.179987,0.179611,0.178981,0.178094,0.176941,0.175515,0.173804,0.171792,0.169458,0.166777,0.163715,0.160224,0.156241,0.151675,0.146389,0.140166,0.132618,0.122942,0.108854,0.055747
137160,0.180072,0.179947,0.179571,0.178942,0.178055,0.176903,0.175477,0.173767,0.171755,0.169422,0.166743,0.163681,0.160191,0.156210,0.151645,0.146361,0.140140,0.132594,0.122921,0.108838,0.055742
137220,0.180032,0.179907,0.179531,0.178902,0.178015,0.176864,0.175439,0.173729,0.171718,0.169387,0.166708,0.163647,0.160159,0.156178,0.151615,0.146333,0.140114,0.132571,0.122901,0.108821,0.055737
137280,0.179992,0.179867,0.179492,0.178863,0.177976,0.176826,0.175401,0.173692,0.171682,0.169351,0.166673,0.163613,0.160126,0.156147,0.151586,0.146305,0.140088,0.132547,0.122880,0.108804,0.055732
137340,0.179953,0.179828,0.179452,0.178824,0.177937,0.176787,0.175363,0.173654,0.171645,0.169315,0.166638,0.163580,0.160094,0.156116,0.151556,0.146278,0.140062,0.132524,0.122860,0.108788,0.055726
137400,0.179913,0.179788,0.179413,0.178784,0.177899,0.176748,0.175325,0.173617,0.171608,0.169279,0.166603,0.163546,0.160061,0.156085,0.151527,0.146250,0.140037,0.132500,0.122839,0.108771,0.055721
137460,0.179873,0.179748,0.179373,0.178745,0.177860,0.176710,0.175287,0.173580,0.171572,0.169243,0.166569,0.163512,0.160029,0.156054,0.151497,0.146222,0.140011,0.132477,0.122819,0.108755,0.055716
137520,0.179834,0.179709,0.179334,0.178706,0.177821,0.176672,0.175249,0.173543,0.171535,0.169208,0.166534,0.163479,0.159996,0.156023,0.151468,0.146194,0.139985,0.132454,0.122798,0.108738,0.055711
137580,0.179794,0.179669,0.179295,0.178667,0.177782,0.176633,0.175212,0.173505,0.171499,0.169172,0.166499,0.163445,0.159964,0.155992,0.151438,0.146167,0.139959,0.132430,0.122778,0.108722,0.055705
137640,0.179754,0.179630,0.179255,0.178628,0.177743,0.176595,0.175174,0.173468,0.171462,0.169137,0.166464,0.163412,0.159932,0.155961,0.151409,0.146139,0.139934,0.132407,0.122757,0.108705,0.055700
137700,0.179715,0.179590,0.179216,0.178589,0.177704,0.176556,0.175136,0.173431,0.171426,0.169101,0.166430,0.163378,0.159899,0.155930,0.151380,0.146111,0.139908,0.132384,0.122737,0.108689,0.055695
137760,0.179675,0.179551,0.179177,0.178550,0.177666,0.176518,0.175098,0.173394,0.171390,0.169065,0.166395,0.163345,0.159867,0.155899,0.151350,0.146084,0.139882,0.132360,0.122716,0.108672,0.055690
137820,0.179636,0.179512,0.179137,0.178511,0.177627,0.176480,0.175060,0.173357,0.171353,0.169030,0.166361,0.163311,0.159835,0.155868,0.151321,0.146056,0.139857,0.132337,0.122696,0.108656,0.055685
137880,0.179597,0.179472,0.179098,0.178472,0.177588,0.176442,0.175023,0.173320,0.171317,0.168994,0.166326,0.163278,0.159803,0.155838,0.151292,0.146029,0.139831,0.132314,0.122676,0.108639,0.055679
137940,0.179557,0.179433,0.179059,0.178433,0.177550,0.176403,0.174985,0.173283,0.171281,0.168959,0.166292,0.163244,0.159770,0.155807,0.151262,0.146001,0.139806,0.132291,0.122655,0.108623,0.055674
138000,0.179518,0.179394,0.179020,0.178394,0.177511,0.176365,0.174947,0.173246,0.171244,0.168924,0.166257,0.163211,0.159738,0.155776,0.151233,0.145974,0.139780,0.132268,0.122635,0.108606,0.055669
138060,0.179479,0.179354,0.178981,0.178355,0.177473,0.176327,0.174910,0.173209,0.171208,0.168888,0.166223,0.163178,0.159706,0.155745,0.151204,0.145946,0.139755,0.132244,0.122615,0.108590,0.055664
138120,0.179439,0.179315,0.178942,0.178316,0.177434,0.176289,0.174872,0.173172,0.171172,0.168853,0.166188,0.163144,0.159674,0.155714,0.151175,0.145919,0.139729,0.132221,0.122594,0.108573,0.055659
138180,0.179400,0.179276,0.178902,0.178277,0.177396,0.176251,0.174835,0.173135,0.171136,0.168818,0.166154,0.163111,0.159642,0.155684,0.151145,0.145891,0.139704,0.132198,0.122574,0.108557,0.055654
138240,0.179361,0.179237,0.178863,0.178238,0.177357,0.176213,0.174797,0.173098,0.171100,0.168782,0.166120,0.163078,0.159610,0.155653,0.151116,0.145864,0.139678,0.132175,0.122554,0.108541,0.055648
138300,0.179322,0.179198,0.178825,0.178200,0.177319,0.176175,0.174760,0.173061,0.171064,0.168747,0.166085,0.163044,0.159578,0.155622,0.151087,0.145836,0.139653,0.132152,0.122533,0.108524,0.055643
138360,0.179283,0.179159,0.178786,0.178161,0.177280,0.176137,0.174722,0.173024,0.171027,0.168712,0.166051,0.163011,0.159546,0.155592,0.151058,0.145809,0.139628,0.132129,0.122513,0.108508,0.055638
138420,0.179244,0.179120,0.178747,0.178122,0.177242,0.176099,0.174685,0.172988,0.170991,0.168677,0.166017,0.162978,0.159514,0.155561,0.151029,0.145782,0.139602,0.132106,0.122493,0.108491,0.055633
138480,0.179205,0.179081,0.178708,0.178084,0.177204,0.176061,0.174648,0.172951,0.170955,0.168641,0.165983,0.162945,0.159482,0.155531,0.151000,0.145754,0.139577,0.132083,0.122473,0.108475,0.055628
138540,0.179166,0.179042,0.178669,0.178045,0.177165,0.176024,0.174610,0.172914,0.170919,0.168606,0.165949,0.162912,0.159450,0.155500,0.150971,0.145727,0.139551,0.132060,0.122453,0.108459,0.055623
138600,0.179127,0.179003,0.178630,0.178007,0.177127,0.175986,0.174573,0.172877,0.170884,0.168571,0.165914,0.162879,0.159418,0.155470,0.150942,0.145700,0.139526,0.132037,0.122432,0.108442,0.055618
138660,0.179088,0.178964,0.178591,0.177968,0.177089,0.175948,0.174536,0.172841,0.170848,0.168536,0.165880,0.162846,0.159386,0.155439,0.150913,0.145673,0.139501,0.132014,0.122412,0.108426,0.055613
138720,0.179049,0.178925,0.178553,0.177930,0.177051,0.175910,0.174499,0.172804,0.170812,0.168501,0.165846,0.162813,0.159355,0.155409,0.150884,0.145645,0.139476,0.131991,0.122392,0.108410,0.055608
138780,0.179010,0.178886,0.178514,0.177891,0.177013,0.175873,0.174461,0.172768,0.170776,0.168466,0.165812,0.162780,0.159323,0.155378,0.150855,0.145618,0.139450,0.131968,0.122372,0.108394,0.055603
138840,0.178971,0.178847,0.178475,0.177853,0.176975,0.175835,0.174424,0.172731,0.170740,0.168431,0.165778,0.162747,0.159291,0.155348,0.150826,0.145591,0.139425,0.131945,0.122352,0.108377,0.055597
138900,0.178932,0.178809,0.178437,0.177814,0.176937,0.175797,0.174387,0.172695,0.170704,0.168396,0.165744,0.162714,0.159259,0.155317,0.150797,0.145564,0.139400,0.131922,0.122332,0.108361,0.055592
138960,0.178893,0.178770,0.178398,0.177776,0.176899,0.175760,0.174350,0.172658,0.170669,0.168361,0.165710,0.162681,0.159228,0.155287,0.150768,0.145537,0.139375,0.131899,0.122312,0.108345,0.055587
139020,0.178855,0.178731,0.178360,0.177738,0.176861,0.175722,0.174313,0.172622,0.170633,0.168326,0.165676,0.162648,0.159196,0.155257,0.150740,0.145510,0.139350,0.131876,0.122292,0.108329,0.055582
139080,0.178816,0.178693,0.178321,0.177699,0.176823,0.175685,0.174276,0.172585,0.170597,0.168292,0.165642,0.162615,0.159164,0.155226,0.150711,0.145482,0.139324,0.131853,0.122272,0.108312,0.055577
139140,0.178777,0.178654,0.178283,0.177661,0.176785,0.175647,0.174239,0.172549,0.170562,0.168257,0.165608,0.162582,0.159133,0.155196,0.150682,0.145455,0.139299,0.131831,0.122252,0.108296,0.055572
139200,0.178739,0.178615,0.178244,0.177623,0.176747,0.175610,0.174202,0.172513,0.170526,0.168222,0.165575,0.162550,0.159101,0.155166,0.150653,0.145428,0.139274,0.131808,0.122232,0.108280,0.055567
139260,0.178700,0.178577,0.178206,0.177585,0.176709,0.175572,0.174165,0.172476,0.170490,0.168187,0.165541,0.162517,0.159070,0.155136,0.150625,0.145401,0.139249,0.131785,0.122212,0.108264,0.055562
139320,0.178662,0.178538,0.178168,0.177547,0.176671,0.175535,0.174128,0.172440,0.170455,0.168152,0.165507,0.162484,0.159038,0.155105,0.150596,0.145374,0.139224,0.131762,0.122192,0.108248,0.055557
139380,0.178623,0.178500,0.178129,0.177509,0.176633,0.175497,0.174092,0.172404,0.170419,0.168118,0.165473,0.162451,0.159007,0.155075,0.150567,0.145347,0.139199,0.131740,0.122172,0.108232,0.055552
139440,0.178585,0.178461,0.178091,0.177470,0.176596,0.175460,0.174055,0.172368,0.170384,0.168083,0.165440,0.162419,0.158975,0.155045,0.150539,0.145320,0.139174,0.131717,0.122152,0.108216,0.055547
139500,0.178546,0.178423,0.178053,0.177432,0.176558,0.175423,0.174018,0.172332,0.170348,0.168049,0.165406,0.162386,0.158944,0.155015,0.150510,0.145293,0.139149,0.131694,0.122132,0.108199,0.055542
139560,0.178508,0.178385,0.178014,0.177394,0.176520,0.175386,0.173981,0.172295,0.170313,0.168014,0.165372,0.162354,0.158912,0.154985,0.150481,0.145267,0.139124,0.131671,0.122112,0.108183,0.055537
139620,0.178469,0.178346,0.177976,0.177356,0.176483,0.175348,0.173945,0.172259,0.170278,0.167979,0.165339,0.162321,0.158881,0.154955,0.150453,0.145240,0.139099,0.131649,0.122092,0.108167,0.055532
139680,0.178431,0.178308,0.177938,0.177319,0.176445,0.175311,0.173908,0.172223,0.170242,0.167945,0.165305,0.162288,0.158849,0.154925,0.150424,0.145213,0.139074,0.131626,0.122072,0.108151,0.055527
139740,0.178393,0.178270,0.177900,0.177281,0.176408,0.175274,0.173871,0.172187,0.170207,0.167910,0.165271,0.162256,0.158818,0.154895,0.150396,0.145186,0.139049,0.131603,0.122052,0.108135,0.055522
139800,0.178355,0.178232,0.177862,0.177243,0.176370,0.175237,0.173835,0.172151,0.170172,0.167876,0.165238,0.162223,0.158787,0.154865,0.150367,0.145159,0.139025,0.131581,0.122033,0.108119,0.055517
139860,0.178316,0.178193,0.177824,0.177205,0.176333,0.175200,0.173798,0.172115,0.170136,0.167841,0.165204,0.162191,0.158756,0.154835,0.150339,0.145132,0.139000,0.131558,0.122013,0.108103,0.055513
139920,0.178278,0.178155,0.177786,0.177167,0.176295,0.175163,0.173761,0.172079,0.170101,0.167807,0.165171,0.162159,0.158724,0.154805,0.150310,0.145106,0.138975,0.131536,0.121993,0.108087,0.055508
139980,0.178240,0.178117,0.177748,0.177129,0.176258,0.175126,0.173725,0.172043,0.170066,0.167773,0.165137,0.162126,0.158693,0.154775,0.150282,0.145079,0.138950,0.131513,0.121973,0.108071,0.055503
140040,0.178202,0.178079,0.177710,0.177092,0.176220,0.175089,0.173688,0.172008,0.170031,0.167738,0.165104,0.162094,0.158662,0.154745,0.150253,0.145052,0.138925,0.131491,0.121953,0.108055,0.055498
140100,0.178164,0.178041,0.177672,0.177054,0.176183,0.175052,0.173652,0.171972,0.169996,0.167704,0.165071,0.162061,0.158631,0.154715,0.150225,0.145026,0.138901,0.131468,0.121934,0.108039,0.055493
140160,0.178126,0.178003,0.177634,0.177016,0.176146,0.175015,0.173616,0.171936,0.169961,0.167670,0.165037,0.162029,0.158600,0.154685,0.150197,0.144999,0.138876,0.131446,0.121914,0.108023,0.055488
140220,0.178088,0.177965,0.177596,0.176979,0.176108,0.174978,0.173579,0.171900,0.169926,0.167635,0.165004,0.161997,0.158568,0.154656,0.150168,0.144972,0.138851,0.131423,0.121894,0.108007,0.055483
140280,0.178050,0.177927,0.177558,0.176941,0.176071,0.174941,0.173543,0.171864,0.169891,0.167601,0.164971,0.161965,0.158537,0.154626,0.150140,0.144946,0.138826,0.131401,0.121875,0.107991,0.055478
140340,0.178012,0.177889,0.177521,0.176904,0.176034,0.174904,0.173507,0.171829,0.169856,0.167567,0.164937,0.161932,0.158506,0.154596,0.150112,0.144919,0.138802,0.131378,0.121855,0.107975,0.055473
140400,0.177974,0.177851,0.177483,0.176866,0.175997,0.174868,0.173470,0.171793,0.169821,0.167533,0.164904,0.161900,0.158475,0.154566,0.150084,0.144892,0.138777,0.131356,0.121835,0.107959,0.055468
140460,0.177936,0.177813,0.177445,0.176829,0.175959,0.174831,0.173434,0.171757,0.169786,0.167499,0.164871,0.161868,0.158444,0.154537,0.150055,0.144866,0.138752,0.131333,0.121816,0.107943,0.055463
140520,0.177898,0.177776,0.177408,0.176791,0.175922,0.174794,0.173398,0.171722,0.169751,0.167465,0.164838,0.161836,0.158413,0.154507,0.150027,0.144839,0.138728,0.131311,0.121796,0.107928,0.055459
140580,0.177860,0.177738,0.177370,0.176754,0.175885,0.174757,0.173362,0.171686,0.169716,0.167431,0.164805,0.161804,0.158382,0.154477,0.149999,0.144813,0.138703,0.131289,0.121776,0.107912,0.055454
140640,0.177822,0.177700,0.177332,0.176716,0.175848,0.174721,0.173326,0.171651,0.169681,0.167397,0.164771,0.161772,0.158351,0.154448,0.149971,0.144786,0.138679,0.131266,0.121757,0.107896,0.055449
140700,0.177785,0.177662,0.177295,0.176679,0.175811,0.174684,0.173289,0.171615,0.169646,0.167363,0.164738,0.161740,0.158320,0.154418,0.149943,0.144760,0.138654,0.131244,0.121737,0.107880,0.055444
140760,0.177747,0.177625,0.177257,0.176642,0.175774,0.174648,0.173253,0.171580,0.169611,0.167329,0.164705,0.161708,0.158290,0.154389,0.149915,0.144733,0.138629,0.131222,0.121718,0.107864,0.055439
140820,0.177709,0.177587,0.177220,0.176605,0.175737,0.174611,0.173217,0.171544,0.169577,0.167295,0.164672,0.161676,0.158259,0.154359,0.149887,0.144707,0.138605,0.131199,0.121698,0.107848,0.055434
140880,0.177672,0.177549,0.177182,0.176567,0.175700,0.174574,0.173181,0.171509,0.169542,0.167261,0.164639,0.161644,0.158228,0.154330,0.149859,0.144681,0.138580,0.131177,0.121678,0.107832,0.055430
140940,0.177634,0.177512,0.177145,0.176530,0.175663,0.174538,0.173145,0.171473,0.169507,0.167227,0.164606,0.161612,0.158197,0.154300,0.149831,0.144654,0.138556,0.131155,0.121659,0.107817,0.055425
141000,0.177596,0.177474,0.177107,0.176493,0.175626,0.174502,0.173109,0.171438,0.169473,0.167193,0.164573,0.161580,0.158166,0.154271,0.149803,0.144628,0.138532,0.131133,0.121639,0.107801,0.055420
141060,0.177559,0.177437,0.177070,0.176456,0.175590,0.174465,0.173073,0.171403,0.169438,0.167159,0.164540,0.161548,0.158136,0.154241,0.149775,0.144602,0.138507,0.131110,0.121620,0.107785,0.055415
141120,0.177521,0.177399,0.177033,0.176419,0.175553,0.174429,0.173037,0.171367,0.169403,0.167125,0.164508,0.161516,0.158105,0.154212,0.149747,0.144575,0.138483,0.131088,0.121600,0.107769,0.055410
141180,0.177484,0.177362,0.176995,0.176382,0.175516,0.174392,0.173002,0.171332,0.169369,0.167092,0.164475,0.161484,0.158074,0.154182,0.149719,0.144549,0.138458,0.131066,0.121581,0.107754,0.055406
141240,0.177446,0.177325,0.176958,0.176344,0.175479,0.174356,0.172966,0.171297,0.169334,0.167058,0.164442,0.161452,0.158044,0.154153,0.149691,0.144523,0.138434,0.131044,0.121562,0.107738,0.055401
141300,0.177409,0.177287,0.176921,0.176307,0.175443,0.174320,0.172930,0.171262,0.169300,0.167024,0.164409,0.161421,0.158013,0.154124,0.149663,0.144496,0.138410,0.131022,0.121542,0.107722,0.055396
141360,0.177372,0.177250,0.176884,0.176271,0.175406,0.174283,0.172894,0.171227,0.169265,0.166990,0.164376,0.161389,0.157982,0.154094,0.149635,0.144470,0.138385,0.131000,0.121523,0.107706,0.055391
141420,0.177334,0.177213,0.176847,0.176234,0.175369,0.174247,0.172859,0.171191,0.169231,0.166957,0.164344,0.161357,0.157952,0.154065,0.149607,0.144444,0.138361,0.130978,0.121503,0.107691,0.055386
141480,0.177297,0.177175,0.176809,0.176197,0.175333,0.174211,0.172823,0.171156,0.169196,0.166923,0.164311,0.161325,0.157921,0.154036,0.149579,0.144418,0.138337,0.130955,0.121484,0.107675,0.055382
141540,0.177260,0.177138,0.176772,0.176160,0.175296,0.174175,0.172787,0.171121,0.169162,0.166890,0.164278,0.161294,0.157891,0.154007,0.149552,0.144392,0.138312,0.130933,0.121465,0.107659,0.055377
141600,0.177222,0.177101,0.176735,0.176123,0.175260,0.174139,0.172752,0.171086,0.169128,0.166856,0.164245,0.161262,0.157860,0.153977,0.149524,0.144366,0.138288,0.130911,0.121445,0.107644,0.055372
141660,0.177185,0.177064,0.176698,0.176086,0.175223,0.174103,0.172716,0.171051,0.169093,0.166822,0.164213,0.161230,0.157830,0.153948,0.149496,0.144340,0.138264,0.130889,0.121426,0.107628,0.055367
141720,0.177148,0.177027,0.176661,0.176049,0.175187,0.174067,0.172680,0.171016,0.169059,0.166789,0.164180,0.161199,0.157799,0.153919,0.149468,0.144313,0.138240,0.130867,0.121407,0.107612,0.055363
141780,0.177111,0.176989,0.176624,0.176013,0.175150,0.174031,0.172645,0.170981,0.169025,0.166755,0.164148,0.161167,0.157769,0.153890,0.149441,0.144287,0.138215,0.130845,0.121387,0.107597,0.055358
141840,0.177074,0.176952,0.176587,0.175976,0.175114,0.173995,0.172609,0.170946,0.168991,0.166722,0.164115,0.161136,0.157739,0.153861,0.149413,0.144261,0.138191,0.130823,0.121368,0.107581,0.055353
141900,0.177037,0.176915,0.176550,0.175939,0.175077,0.173959,0.172574,0.170911,0.168956,0.166689,0.164083,0.161104,0.157708,0.153832,0.149385,0.144235,0.138167,0.130801,0.121349,0.107565,0.055349
141960,0.177000,0.176878,0.176514,0.175903,0.175041,0.173923,0.172538,0.170877,0.168922,0.166655,0.164050,0.161073,0.157678,0.153803,0.149358,0.144209,0.138143,0.130779,0.121330,0.107550,0.055344
142020,0.176963,0.176841,0.176477,0.175866,0.175005,0.173887,0.172503,0.170842,0.168888,0.166622,0.164018,0.161041,0.157648,0.153774,0.149330,0.144183,0.138119,0.130758,0.121310,0.107534,0.055339
142080,0.176926,0.176804,0.176440,0.175829,0.174968,0.173851,0.172468,0.170807,0.168854,0.166589,0.163985,0.161010,0.157617,0.153745,0.149303,0.144157,0.138095,0.130736,0.121291,0.107519,0.055335
142140,0.176889,0.176768,0.176403,0.175793,0.174932,0.173815,0.172432,0.170772,0.168820,0.166555,0.163953,0.160979,0.157587,0.153716,0.149275,0.144132,0.138071,0.130714,0.121272,0.107503,0.055330
142200,0.176852,0.176731,0.176366,0.175756,0.174896,0.173779,0.172397,0.170738,0.168786,0.166522,0.163920,0.160947,0.157557,0.153687,0.149248,0.144106,0.138047,0.130692,0.121253,0.107488,0.055325
142260,0.176815,0.176694,0.176330,0.175720,0.174860,0.173743,0.172362,0.170703,0.168752,0.166489,0.163888,0.160916,0.157527,0.153658,0.149220,0.144080,0.138023,0.130670,0.121233,0.107472,0.055320
142320,0.176778,0.176657,0.176293,0.175683,0.174824,0.173708,0.172326,0.170668,0.168718,0.166456,0.163856,0.160885,0.157496,0.153629,0.149193,0.144054,0.137999,0.130648,0.121214,0.107457,0.055316
142380,0.176741,0.176620,0.176256,0.175647,0.174788,0.173672,0.172291,0.170633,0.168684,0.166422,0.163823,0.160853,0.157466,0.153600,0.149165,0.144028,0.137975,0.130626,0.121195,0.107441,0.055311
142440,0.176705,0.176584,0.176220,0.175611,0.174752,0.173636,0.172256,0.170599,0.168650,0.166389,0.163791,0.160822,0.157436,0.153571,0.149138,0.144002,0.137951,0.130605,0.121176,0.107426,0.055307
142500,0.176668,0.176547,0.176183,0.175574,0.174715,0.173601,0.172221,0.170564,0.168616,0.166356,0.163759,0.160791,0.157406,0.153542,0.149110,0.143976,0.137927,0.130583,0.121157,0.107410,0.055302
142560,0.176631,0.176510,0.176147,0.175538,0.174679,0.173565,0.172186,0.170530,0.168582,0.166323,0.163727,0.160760,0.157376,0.153513,0.149083,0.143951,0.137903,0.130561,0.121138,0.107395,0.055297
142620,0.176594,0.176474,0.176110,0.175502,0.174643,0.173529,0.172151,0.170495,0.168548,0.166290,0.163695,0.160728,0.157346,0.153485,0.149055,0.143925,0.137879,0.130539,0.121119,0.107379,0.055293
142680,0.176558,0.176437,0.176074,0.175465,0.174608,0.173494,0.172115,0.170461,0.168514,0.166257,0.163662,0.160697,0.157316,0.153456,0.149028,0.143899,0.137855,0.130518,0.121100,0.107364,0.055288
142740,0.176521,0.176400,0.176037,0.175429,0.174572,0.173458,0.172080,0.170426,0.168481,0.166224,0.163630,0.160666,0.157286,0.153427,0.149001,0.143873,0.137831,0.130496,0.121081,0.107348,0.055283
142800,0.176485,0.176364,0.176001,0.175393,0.174536,0.173423,0.172045,0.170392,0.168447,0.166191,0.163598,0.160635,0.157256,0.153398,0.148974,0.143848,0.137807,0.130474,0.121062,0.107333,0.055279
142860,0.176448,0.176327,0.175964,0.175357,0.174500,0.173387,0.172010,0.170357,0.168413,0.166158,0.163566,0.160604,0.157226,0.153370,0.148946,0.143822,0.137784,0.130453,0.121043,0.107317,0.055274
142920,0.176412,0.176291,0.175928,0.175321,0.174464,0.173352,0.171975,0.170323,0.168379,0.166125,0.163534,0.160573,0.157196,0.153341,0.148919,0.143796,0.137760,0.130431,0.121024,0.107302,0.055270
142980,0.176375,0.176254,0.175892,0.175285,0.174428,0.173317,0.171941,0.170289,0.168346,0.166092,0.163502,0.160542,0.157166,0.153312,0.148892,0.143771,0.137736,0.130409,0.121005,0.107287,0.055265
143040,0.176339,0.176218,0.175855,0.175248,0.174392,0.173281,0.171906,0.170254,0.168312,0.166059,0.163470,0.160511,0.157136,0.153284,0.148865,0.143745,0.137712,0.130388,0.120986,0.107271,0.055260
143100,0.176302,0.176182,0.175819,0.175212,0.174357,0.173246,0.171871,0.170220,0.168279,0.166026,0.163438,0.160480,0.157106,0.153255,0.148837,0.143720,0.137688,0.130366,0.120967,0.107256,0.055256
143160,0.176266,0.176145,0.175783,0.175176,0.174321,0.173211,0.171836,0.170186,0.168245,0.165994,0.163406,0.160449,0.157077,0.153227,0.148810,0.143694,0.137665,0.130344,0.120948,0.107241,0.055251
143220,0.176229,0.176109,0.175747,0.175140,0.174285,0.173175,0.171801,0.170152,0.168211,0.165961,0.163374,0.160418,0.157047,0.153198,0.148783,0.143669,0.137641,0.130323,0.120929,0.107225,0.055247
143280,0.176193,0.176073,0.175711,0.175104,0.174250,0.173140,0.171766,0.170117,0.168178,0.165928,0.163343,0.160387,0.157017,0.153170,0.148756,0.143643,0.137617,0.130301,0.120910,0.107210,0.055242
143340,0.176157,0.176036,0.175675,0.175069,0.174214,0.173105,0.171732,0.170083,0.168144,0.165895,0.163311,0.160356,0.156987,0.153141,0.148729,0.143618,0.137594,0.130280,0.120891,0.107195,0.055238
143400,0.176121,0.176000,0.175638,0.175033,0.174179,0.173070,0.171697,0.170049,0.168111,0.165863,0.163279,0.160326,0.156958,0.153113,0.148702,0.143592,0.137570,0.130258,0.120872,0.107179,0.055233
143460,0.176084,0.175964,0.175602,0.174997,0.174143,0.173034,0.171662,0.170015,0.168078,0.165830,0.163247,0.160295,0.156928,0.153084,0.148675,0.143567,0.137546,0.130237,0.120853,0.107164,0.055228
143520,0.176048,0.175928,0.175566,0.174961,0.174107,0.172999,0.171628,0.169981,0.168044,0.165797,0.163215,0.160264,0.156898,0.153056,0.148648,0.143541,0.137523,0.130215,0.120834,0.107149,0.055224
143580,0.176012,0.175892,0.175530,0.174925,0.174072,0.172964,0.171593,0.169947,0.168011,0.165765,0.163184,0.160233,0.156869,0.153027,0.148621,0.143516,0.137499,0.130194,0.120816,0.107134,0.055219
143640,0.175976,0.175856,0.175494,0.174890,0.174037,0.172929,0.171559,0.169913,0.167977,0.165732,0.163152,0.160203,0.156839,0.152999,0.148594,0.143490,0.137476,0.130173,0.120797,0.107118,0.055215
143700,0.175940,0.175820,0.175458,0.174854,0.174001,0.172894,0.171524,0.169879,0.167944,0.165700,0.163120,0.160172,0.156809,0.152971,0.148567,0.143465,0.137452,0.130151,0.120778,0.107103,0.055210
143760,0.175904,0.175784,0.175423,0.174818,0.173966,0.172859,0.171489,0.169845,0.167911,0.165667,0.163089,0.160141,0.156780,0.152942,0.148540,0.143440,0.137429,0.130130,0.120759,0.107088,0.055206
143820,0.175868,0.175748,0.175387,0.174782,0.173930,0.172824,0.171455,0.169811,0.167878,0.165635,0.163057,0.160111,0.156750,0.152914,0.148513,0.143414,0.137405,0.130108,0.120740,0.107073,0.055201
143880,0.175832,0.175712,0.175351,0.174747,0.173895,0.172789,0.171420,0.169777,0.167844,0.165602,0.163025,0.160080,0.156721,0.152886,0.148486,0.143389,0.137382,0.130087,0.120722,0.107057,0.055197
143940,0.175796,0.175676,0.175315,0.174711,0.173860,0.172754,0.171386,0.169743,0.167811,0.165570,0.162994,0.160049,0.156691,0.152858,0.148459,0.143364,0.137358,0.130066,0.120703,0.107042,0.055192
144000,0.175760,0.175640,0.175279,0.174676,0.173825,0.172719,0.171352,0.169710,0.167778,0.165537,0.162962,0.160019,0.156662,0.152829,0.148433,0.143339,0.137335,0.130044,0.120684,0.107027,0.055188
144060,0.175724,0.175604,0.175244,0.174640,0.173789,0.172685,0.171317,0.169676,0.167745,0.165505,0.162931,0.159988,0.156632,0.152801,0.148406,0.143313,0.137311,0.130023,0.120665,0.107012,0.055183
144120,0.175688,0.175568,0.175208,0.174605,0.173754,0.172650,0.171283,0.169642,0.167712,0.165473,0.162899,0.159958,0.156603,0.152773,0.148379,0.143288,0.137288,0.130002,0.120647,0.106997,0.055179
144180,0.175652,0.175532,0.175172,0.174569,0.173719,0.172615,0.171249,0.169608,0.167679,0.165440,0.162868,0.159927,0.156574,0.152745,0.148352,0.143263,0.137264,0.129980,0.120628,0.106982,0.055174
144240,0.175616,0.175496,0.175136,0.174534,0.173684,0.172580,0.171214,0.169574,0.167646,0.165408,0.162836,0.159897,0.156544,0.152717,0.148325,0.143238,0.137241,0.129959,0.120609,0.106966,0.055170
144300,0.175580,0.175461,0.175101,0.174498,0.173649,0.172546,0.171180,0.169541,0.167613,0.165376,0.162805,0.159866,0.156515,0.152689,0.148299,0.143213,0.137218,0.129938,0.120591,0.106951,0.055165
144360,0.175545,0.175425,0.175065,0.174463,0.173614,0.172511,0.171146,0.169507,0.167580,0.165344,0.162774,0.159836,0.156486,0.152661,0.148272,0.143187,0.137194,0.129917,0.120572,0.106936,0.055161
144420,0.175509,0.175389,0.175030,0.174428,0.173579,0.172476,0.171112,0.169474,0.167547,0.165311,0.162742,0.159806,0.156456,0.152632,0.148245,0.143162,0.137171,0.129895,0.120553,0.106921,0.055157
144480,0.175473,0.175354,0.174994,0.174392,0.173544,0.172442,0.171078,0.169440,0.167514,0.165279,0.162711,0.159775,0.156427,0.152604,0.148219,0.143137,0.137148,0.129874,0.120535,0.106906,0.055152
144540,0.175438,0.175318,0.174959,0.174357,0.173509,0.172407,0.171043,0.169406,0.167481,0.165247,0.162680,0.159745,0.156398,0.152576,0.148192,0.143112,0.137124,0.129853,0.120516,0.106891,0.055148
144600,0.175402,0.175282,0.174923,0.174322,0.173474,0.172372,0.171009,0.169373,0.167448,0.165215,0.162648,0.159715,0.156369,0.152548,0.148165,0.143087,0.137101,0.129832,0.120498,0.106876,0.055143
144660,0.175366,0.175247,0.174888,0.174287,0.173439,0.172338,0.170975,0.169339,0.167415,0.165183,0.162617,0.159684,0.156339,0.152520,0.148139,0.143062,0.137078,0.129811,0.120479,0.106861,0.055139
144720,0.175331,0.175211,0.174852,0.174251,0.173404,0.172303,0.170941,0.169306,0.167382,0.165151,0.162586,0.159654,0.156310,0.152493,0.148112,0.143037,0.137055,0.129790,0.120461,0.106846,0.055134
144780,0.175295,0.175176,0.174817,0.174216,0.173369,0.172269,0.170907,0.169272,0.167349,0.165119,0.162555,0.159624,0.156281,0.152465,0.148086,0.143012,0.137032,0.129769,0.120442,0.106831,0.055130
144840,0.175260,0.175140,0.174782,0.174181,0.173334,0.172234,0.170873,0.169239,0.167317,0.165087,0.162523,0.159594,0.156252,0.152437,0.148059,0.142987,0.137008,0.129747,0.120423,0.106816,0.055126
144900,0.175224,0.175105,0.174746,0.174146,0.173299,0.172200,0.170839,0.169206,0.167284,0.165055,0.162492,0.159563,0.156223,0.152409,0.148033,0.142962,0.136985,0.129726,0.120405,0.106801,0.055121
144960,0.175189,0.175070,0.174711,0.174111,0.173264,0.172166,0.170805,0.169172,0.167251,0.165023,0.162461,0.159533,0.156194,0.152381,0.148006,0.142937,0.136962,0.129705,0.120386,0.106786,0.055117
145020,0.175153,0.175034,0.174676,0.174076,0.173230,0.172131,0.170771,0.169139,0.167218,0.164991,0.162430,0.159503,0.156165,0.152353,0.147980,0.142912,0.136939,0.129684,0.120368,0.106771,0.055113
145080,0.175118,0.174999,0.174641,0.174041,0.173195,0.172097,0.170737,0.169106,0.167186,0.164959,0.162399,0.159473,0.156136,0.152325,0.147953,0.142887,0.136916,0.129663,0.120350,0.106756,0.055108
145140,0.175083,0.174964,0.174605,0.174006,0.173160,0.172062,0.170704,0.169072,0.167153,0.164927,0.162368,0.159443,0.156107,0.152298,0.147927,0.142863,0.136893,0.129642,0.120331,0.106741,0.055104
145200,0.175047,0.174928,0.174570,0.173971,0.173126,0.172028,0.170670,0.169039,0.167121,0.164895,0.162337,0.159413,0.156078,0.152270,0.147901,0.142838,0.136870,0.129621,0.120313,0.106726,0.055099
145260,0.175012,0.174893,0.174535,0.173936,0.173091,0.171994,0.170636,0.169006,0.167088,0.164863,0.162306,0.159383,0.156049,0.152242,0.147874,0.142813,0.136847,0.129600,0.120294,0.106711,0.055095
145320,0.174977,0.174858,0.174500,0.173901,0.173056,0.171960,0.170602,0.168973,0.167055,0.164831,0.162275,0.159353,0.156020,0.152214,0.147848,0.142788,0.136824,0.129579,0.120276,0.106696,0.055091
145380,0.174941,0.174823,0.174465,0.173866,0.173022,0.171926,0.170569,0.168939,0.167023,0.164800,0.162244,0.159323,0.155991,0.152187,0.147822,0.142763,0.136801,0.129558,0.120257,0.106681,0.055086
145440,0.174906,0.174787,0.174430,0.173831,0.172987,0.171891,0.170535,0.168906,0.166990,0.164768,0.162213,0.159293,0.155962,0.152159,0.147795,0.142739,0.136778,0.129537,0.120239,0.106666,0.055082
145500,0.174871,0.174752,0.174395,0.173797,0.172953,0.171857,0.170501,0.168873,0.166958,0.164736,0.162182,0.159263,0.155933,0.152131,0.147769,0.142714,0.136755,0.129517,0.120221,0.106651,0.055078
145560,0.174836,0.174717,0.174360,0.173762,0.172918,0.171823,0.170468,0.168840,0.166926,0.164704,0.162152,0.159233,0.155905,0.152104,0.147743,0.142689,0.136732,0.129496,0.120202,0.106636,0.055073
145620,0.174801,0.174682,0.174325,0.173727,0.172884,0.171789,0.170434,0.168807,0.166893,0.164673,0.162121,0.159203,0.155876,0.152076,0.147716,0.142664,0.136709,0.129475,0.120184,0.106622,0.055069
145680,0.174766,0.174647,0.174290,0.173692,0.172849,0.171755,0.170400,0.168774,0.166861,0.164641,0.162090,0.159174,0.155847,0.152049,0.147690,0.142640,0.136686,0.129454,0.120166,0.106607,0.055065
145740,0.174731,0.174612,0.174255,0.173658,0.172815,0.171721,0.170367,0.168741,0.166828,0.164610,0.162059,0.159144,0.155818,0.152021,0.147664,0.142615,0.136663,0.129433,0.120147,0.106592,0.055060
145800,0.174696,0.174577,0.174220,0.173623,0.172781,0.171687,0.170333,0.168708,0.166796,0.164578,0.162028,0.159114,0.155790,0.151994,0.147638,0.142590,0.136640,0.129412,0.120129,0.106577,0.055056
145860,0.174661,0.174542,0.174186,0.173588,0.172746,0.171653,0.170300,0.168675,0.166764,0.164546,0.161998,0.159084,0.155761,0.151966,0.147612,0.142566,0.136617,0.129391,0.120111,0.106562,0.055052
145920,0.174626,0.174507,0.174151,0.173554,0.172712,0.171619,0.170266,0.168642,0.166731,0.164515,0.161967,0.159054,0.155732,0.151939,0.147586,0.142541,0.136594,0.129371,0.120093,0.106547,0.055047
145980,0.174591,0.174472,0.174116,0.173519,0.172678,0.171585,0.170233,0.168609,0.166699,0.164483,0.161936,0.159025,0.155704,0.151911,0.147559,0.142517,0.136571,0.129350,0.120074,0.106533,0.055043
146040,0.174556,0.174437,0.174081,0.173485,0.172644,0.171551,0.170200,0.168576,0.166667,0.164452,0.161906,0.158995,0.155675,0.151884,0.147533,0.142492,0.136549,0.129329,0.120056,0.106518,0.055039
146100,0.174521,0.174403,0.174047,0.173450,0.172609,0.171518,0.170166,0.168544,0.166635,0.164420,0.161875,0.158965,0.155646,0.151856,0.147507,0.142468,0.136526,0.129308,0.120038,0.106503,0.055035
146160,0.174486,0.174368,0.174012,0.173416,0.172575,0.171484,0.170133,0.168511,0.166603,0.164389,0.161845,0.158936,0.155618,0.151829,0.147481,0.142443,0.136503,0.129288,0.120020,0.106488,0.055030
146220,0.174451,0.174333,0.173977,0.173381,0.172541,0.171450,0.170099,0.168478,0.166571,0.164358,0.161814,0.158906,0.155589,0.151802,0.147455,0.142419,0.136480,0.129267,0.120001,0.106473,0.055026
146280,0.174417,0.174298,0.173943,0.173347,0.172507,0.171416,0.170066,0.168445,0.166538,0.164326,0.161783,0.158876,0.155561,0.151774,0.147429,0.142394,0.136458,0.129246,0.119983,0.106459,0.055022
146340,0.174382,0.174264,0.173908,0.173313,0.172473,0.171383,0.170033,0.168413,0.166506,0.164295,0.161753,0.158847,0.155532,0.151747,0.147403,0.142370,0.136435,0.129226,0.119965,0.106444,0.055018
146400,0.174347,0.174229,0.173873,0.173278,0.172439,0.171349,0.170000,0.168380,0.166474,0.164264,0.161722,0.158817,0.155504,0.151720,0.147377,0.142345,0.136412,0.129205,0.119947,0.106429,0.055013
146460,0.174312,0.174194,0.173839,0.173244,0.172405,0.171315,0.169966,0.168347,0.166442,0.164232,0.161692,0.158788,0.155475,0.151692,0.147351,0.142321,0.136390,0.129184,0.119929,0.106415,0.055009
146520,0.174278,0.174160,0.173804,0.173210,0.172371,0.171282,0.169933,0.168315,0.166410,0.164201,0.161662,0.158758,0.155447,0.151665,0.147326,0.142296,0.136367,0.129164,0.119911,0.106400,0.055005
146580,0.174243,0.174125,0.173770,0.173175,0.172337,0.171248,0.169900,0.168282,0.166378,0.164170,0.161631,0.158729,0.155418,0.151638,0.147300,0.142272,0.136344,0.129143,0.119893,0.106385,0.055001
146640,0.174209,0.174091,0.173736,0.173141,0.172303,0.171214,0.169867,0.168249,0.166346,0.164139,0.161601,0.158699,0.155390,0.151611,0.147274,0.142248,0.136322,0.129123,0.119875,0.106371,0.054996
146700,0.174174,0.174056,0.173701,0.173107,0.172269,0.171181,0.169834,0.168217,0.166314,0.164107,0.161570,0.158670,0.155362,0.151583,0.147248,0.142223,0.136299,0.129102,0.119856,0.106356,0.054992
146760,0.174139,0.174022,0.173667,0.173073,0.172235,0.171147,0.169801,0.168184,0.166283,0.164076,0.161540,0.158641,0.155333,0.151556,0.147222,0.142199,0.136276,0.129081,0.119838,0.106341,0.054988
146820,0.174105,0.173987,0.173632,0.173039,0.172201,0.171114,0.169768,0.168152,0.166251,0.164045,0.161510,0.158611,0.155305,0.151529,0.147196,0.142175,0.136254,0.129061,0.119820,0.106327,0.054984
146880,0.174070,0.173953,0.173598,0.173004,0.172167,0.171080,0.169735,0.168119,0.166219,0.164014,0.161479,0.158582,0.155277,0.151502,0.147170,0.142150,0.136231,0.129040,0.119802,0.106312,0.054980
146940,0.174036,0.173918,0.173564,0.172970,0.172133,0.171047,0.169702,0.168087,0.166187,0.163983,0.161449,0.158553,0.155248,0.151475,0.147145,0.142126,0.136209,0.129020,0.119784,0.106297,0.054975
147000,0.174002,0.173884,0.173530,0.172936,0.172100,0.171013,0.169669,0.168054,0.166155,0.163952,0.161419,0.158523,0.155220,0.151448,0.147119,0.142102,0.136186,0.128999,0.119766,0.106283,0.054971
147060,0.173967,0.173849,0.173495,0.172902,0.172066,0.170980,0.169636,0.168022,0.166124,0.163921,0.161389,0.158494,0.155192,0.151421,0.147093,0.142078,0.136164,0.128979,0.119748,0.106268,0.054967
147120,0.173933,0.173815,0.173461,0.172868,0.172032,0.170947,0.169603,0.167990,0.166092,0.163890,0.161359,0.158465,0.155164,0.151394,0.147068,0.142053,0.136141,0.128958,0.119730,0.106254,0.054963
147180,0.173899,0.173781,0.173427,0.172834,0.171999,0.170913,0.169570,0.167957,0.166060,0.163859,0.161328,0.158436,0.155135,0.151367,0.147042,0.142029,0.136119,0.128938,0.119712,0.106239,0.054959
147240,0.173864,0.173747,0.173393,0.172800,0.171965,0.170880,0.169537,0.167925,0.166028,0.163828,0.161298,0.158406,0.155107,0.151340,0.147016,0.142005,0.136096,0.128918,0.119694,0.106224,0.054954
147300,0.173830,0.173712,0.173359,0.172766,0.171931,0.170847,0.169505,0.167893,0.165997,0.163797,0.161268,0.158377,0.155079,0.151313,0.146991,0.141981,0.136074,0.128897,0.119676,0.106210,0.054950
147360,0.173796,0.173678,0.173325,0.172733,0.171898,0.170814,0.169472,0.167861,0.165965,0.163766,0.161238,0.158348,0.155051,0.151286,0.146965,0.141957,0.136052,0.128877,0.119659,0.106195,0.054946
147420,0.173761,0.173644,0.173291,0.172699,0.171864,0.170780,0.169439,0.167828,0.165934,0.163735,0.161208,0.158319,0.155023,0.151259,0.146939,0.141933,0.136029,0.128856,0.119641,0.106181,0.054942
147480,0.173727,0.173610,0.173256,0.172665,0.171831,0.170747,0.169406,0.167796,0.165902,0.163704,0.161178,0.158290,0.154995,0.151232,0.146914,0.141909,0.136007,0.128836,0.119623,0.106166,0.054938
147540,0.173693,0.173576,0.173222,0.172631,0.171797,0.170714,0.169374,0.167764,0.165870,0.163674,0.161148,0.158261,0.154967,0.151205,0.146888,0.141885,0.135984,0.128816,0.119605,0.106152,0.054934
147600,0.173659,0.173542,0.173189,0.172597,0.171764,0.170681,0.169341,0.167732,0.165839,0.163643,0.161118,0.158232,0.154939,0.151178,0.146863,0.141861,0.135962,0.128795,0.119587,0.106137,0.054930
147660,0.173625,0.173508,0.173155,0.172564,0.171730,0.170648,0.169308,0.167700,0.165807,0.163612,0.161088,0.158203,0.154911,0.151152,0.146837,0.141837,0.135940,0.128775,0.119569,0.106123,0.054925
147720,0.173591,0.173473,0.173121,0.172530,0.171697,0.170615,0.169276,0.167668,0.165776,0.163581,0.161058,0.158174,0.154883,0.151125,0.146812,0.141813,0.135917,0.128755,0.119551,0.106108,0.054921
147780,0.173557,0.173439,0.173087,0.172496,0.171663,0.170582,0.169243,0.167636,0.165745,0.163550,0.161028,0.158145,0.154855,0.151098,0.146786,0.141789,0.135895,0.128734,0.119533,0.106094,0.054917
147840,0.173523,0.173405,0.173053,0.172462,0.171630,0.170549,0.169210,0.167604,0.165713,0.163520,0.160998,0.158116,0.154827,0.151071,0.146761,0.141765,0.135873,0.128714,0.119516,0.106079,0.054913
147900,0.173489,0.173372,0.173019,0.172429,0.171597,0.170516,0.169178,0.167572,0.165682,0.163489,0.160969,0.158087,0.154799,0.151045,0.146735,0.141741,0.135851,0.128694,0.119498,0.106065,0.054909
147960,0.173455,0.173338,0.172985,0.172395,0.171563,0.170483,0.169145,0.167540,0.165650,0.163458,0.160939,0.158058,0.154771,0.151018,0.146710,0.141717,0.135828,0.128674,0.119480,0.106050,0.054905
148020,0.173421,0.173304,0.172952,0.172362,0.171530,0.170450,0.169113,0.167508,0.165619,0.163428,0.160909,0.158029,0.154743,0.150991,0.146685,0.141693,0.135806,0.128653,0.119462,0.106036,0.054901
148080,0.173387,0.173270,0.172918,0.172328,0.171497,0.170417,0.169080,0.167476,0.165588,0.163397,0.160879,0.158000,0.154716,0.150964,0.146659,0.141669,0.135784,0.128633,0.119445,0.106022,0.054897
148140,0.173353,0.173236,0.172884,0.172295,0.171463,0.170384,0.169048,0.167444,0.165556,0.163367,0.160849,0.157971,0.154688,0.150938,0.146634,0.141645,0.135762,0.128613,0.119427,0.106007,0.054893
148200,0.173319,0.173202,0.172850,0.172261,0.171430,0.170351,0.169016,0.167412,0.165525,0.163336,0.160820,0.157942,0.154660,0.150911,0.146608,0.141621,0.135740,0.128593,0.119409,0.105993,0.054889
148260,0.173285,0.173168,0.172817,0.172228,0.171397,0.170318,0.168983,0.167380,0.165494,0.163306,0.160790,0.157914,0.154632,0.150885,0.146583,0.141597,0.135718,0.128573,0.119391,0.105978,0.054884
148320,0.173252,0.173135,0.172783,0.172194,0.171364,0.170286,0.168951,0.167348,0.165463,0.163275,0.160760,0.157885,0.154604,0.150858,0.146558,0.141574,0.135695,0.128553,0.119374,0.105964,0.054880
148380,0.173218,0.173101,0.172749,0.172161,0.171331,0.170253,0.168919,0.167316,0.165432,0.163245,0.160731,0.157856,0.154577,0.150831,0.146533,0.141550,0.135673,0.128532,0.119356,0.105950,0.054876
148440,0.173184,0.173067,0.172716,0.172127,0.171298,0.170220,0.168886,0.167285,0.165400,0.163214,0.160701,0.157827,0.154549,0.150805,0.146507,0.141526,0.135651,0.128512,0.119338,0.105935,0.054872
148500,0.173150,0.173034,0.172682,0.172094,0.171265,0.170187,0.168854,0.167253,0.165369,0.163184,0.160671,0.157799,0.154521,0.150778,0.146482,0.141502,0.135629,0.128492,0.119321,0.105921,0.054868
148560,0.173117,0.173000,0.172649,0.172061,0.171232,0.170155,0.168822,0.167221,0.165338,0.163153,0.160642,0.157770,0.154494,0.150752,0.146457,0.141479,0.135607,0.128472,0.119303,0.105907,0.054864
148620,0.173083,0.172966,0.172615,0.172028,0.171199,0.170122,0.168790,0.167190,0.165307,0.163123,0.160612,0.157741,0.154466,0.150725,0.146432,0.141455,0.135585,0.128452,0.119285,0.105892,0.054860
148680,0.173050,0.172933,0.172582,0.171994,0.171166,0.170089,0.168757,0.167158,0.165276,0.163093,0.160583,0.157713,0.154439,0.150699,0.146407,0.141431,0.135563,0.128432,0.119268,0.105878,0.054856
148740,0.173016,0.172899,0.172548,0.171961,0.171133,0.170057,0.168725,0.167126,0.165245,0.163062,0.160553,0.157684,0.154411,0.150672,0.146381,0.141407,0.135541,0.128412,0.119250,0.105864,0.054852
148800,0.172982,0.172866,0.172515,0.171928,0.171100,0.170024,0.168693,0.167095,0.165214,0.163032,0.160524,0.157656,0.154383,0.150646,0.146356,0.141384,0.135519,0.128392,0.119233,0.105849,0.054848
148860,0.172949,0.172832,0.172482,0.171895,0.171067,0.169992,0.168661,0.167063,0.165183,0.163002,0.160494,0.157627,0.154356,0.150620,0.146331,0.141360,0.135497,0.128372,0.119215,0.105835,0.054844
148920,0.172915,0.172799,0.172448,0.171861,0.171034,0.169959,0.168629,0.167032,0.165152,0.162972,0.160465,0.157598,0.154328,0.150593,0.146306,0.141336,0.135475,0.128352,0.119197,0.105821,0.054840
148980,0.172882,0.172765,0.172415,0.171828,0.171001,0.169927,0.168597,0.167000,0.165121,0.162941,0.160435,0.157570,0.154301,0.150567,0.146281,0.141313,0.135453,0.128332,0.119180,0.105807,0.054836
149040,0.172848,0.172732,0.172382,0.171795,0.170968,0.169894,0.168565,0.166968,0.165090,0.162911,0.160406,0.157541,0.154273,0.150541,0.146256,0.141289,0.135431,0.128312,0.119162,0.105792,0.054832
149100,0.172815,0.172699,0.172348,0.171762,0.170935,0.169862,0.168533,0.166937,0.165060,0.162881,0.160377,0.157513,0.154246,0.150514,0.146231,0.141266,0.135409,0.128292,0.119145,0.105778,0.054828
149160,0.172782,0.172665,0.172315,0.171729,0.170903,0.169829,0.168501,0.166906,0.165029,0.162851,0.160347,0.157485,0.154218,0.150488,0.146206,0.141242,0.135388,0.128272,0.119127,0.105764,0.054824
149220,0.172748,0.172632,0.172282,0.171696,0.170870,0.169797,0.168469,0.166874,0.164998,0.162821,0.160318,0.157456,0.154191,0.150462,0.146181,0.141219,0.135366,0.128252,0.119110,0.105750,0.054820
149280,0.172715,0.172599,0.172249,0.171663,0.170837,0.169765,0.168437,0.166843,0.164967,0.162791,0.160289,0.157428,0.154164,0.150436,0.146156,0.141195,0.135344,0.128233,0.119092,0.105736,0.054816
149340,0.172682,0.172565,0.172216,0.171630,0.170805,0.169732,0.168405,0.166811,0.164936,0.162761,0.160259,0.157399,0.154136,0.150409,0.146131,0.141172,0.135322,0.128213,0.119075,0.105721,0.054812
149400,0.172648,0.172532,0.172183,0.171597,0.170772,0.169700,0.168373,0.166780,0.164906,0.162731,0.160230,0.157371,0.154109,0.150383,0.146106,0.141148,0.135300,0.128193,0.119057,0.105707,0.054808
149460,0.172615,0.172499,0.172149,0.171564,0.170739,0.169668,0.168341,0.166749,0.164875,0.162701,0.160201,0.157343,0.154082,0.150357,0.146081,0.141125,0.135278,0.128173,0.119040,0.105693,0.054804
149520,0.172582,0.172466,0.172116,0.171531,0.170707,0.169636,0.168310,0.166717,0.164844,0.162671,0.160172,0.157314,0.154054,0.150331,0.146056,0.141101,0.135257,0.128153,0.119023,0.105679,0.054800
149580,0.172549,0.172433,0.172083,0.171499,0.170674,0.169603,0.168278,0.166686,0.164814,0.162641,0.160143,0.157286,0.154027,0.150305,0.146032,0.141078,0.135235,0.128133,0.119005,0.105665,0.054796
149640,0.172515,0.172399,0.172050,0.171466,0.170642,0.169571,0.168246,0.166655,0.164783,0.162611,0.160113,0.157258,0.154000,0.150278,0.146007,0.141054,0.135213,0.128114,0.118988,0.105651,0.054792
149700,0.172482,0.172366,0.172017,0.171433,0.170609,0.169539,0.168214,0.166624,0.164752,0.162581,0.160084,0.157230,0.153973,0.150252,0.145982,0.141031,0.135191,0.128094,0.118970,0.105637,0.054788
149760,0.172449,0.172333,0.171984,0.171400,0.170576,0.169507,0.168183,0.166592,0.164722,0.162551,0.160055,0.157201,0.153945,0.150226,0.145957,0.141008,0.135170,0.128074,0.118953,0.105622,0.054784
149820,0.172416,0.172300,0.171951,0.171368,0.170544,0.169475,0.168151,0.166561,0.164691,0.162521,0.160026,0.157173,0.153918,0.150200,0.145932,0.140984,0.135148,0.128054,0.118936,0.105608,0.054780
149880,0.172383,0.172267,0.171919,0.171335,0.170512,0.169443,0.168119,0.166530,0.164661,0.162491,0.159997,0.157145,0.153891,0.150174,0.145908,0.140961,0.135126,0.128034,0.118918,0.105594,0.054776
149940,0.172350,0.172234,0.171886,0.171302,0.170479,0.169411,0.168088,0.166499,0.164630,0.162461,0.159968,0.157117,0.153864,0.150148,0.145883,0.140938,0.135105,0.128015,0.118901,0.105580,0.054773
150000,0.172317,0.172201,0.171853,0.171269,0.170447,0.169379,0.168056,0.166468,0.164600,0.162432,0.159939,0.157089,0.153837,0.150122,0.145858,0.140914,0.135083,0.127995,0.118884,0.105566,0.054769
150060,0.172284,0.172168,0.171820,0.171237,0.170414,0.169346,0.168024,0.166437,0.164569,0.162402,0.159910,0.157061,0.153810,0.150096,0.145833,0.140891,0.135061,0.127975,0.118866,0.105552,0.054765
150120,0.172251,0.172135,0.171787,0.171204,0.170382,0.169315,0.167993,0.166406,0.164539,0.162372,0.159881,0.157033,0.153783,0.150070,0.145809,0.140868,0.135040,0.127956,0.118849,0.105538,0.054761
150180,0.172218,0.172102,0.171754,0.171172,0.170350,0.169283,0.167961,0.166375,0.164508,0.162342,0.159852,0.157005,0.153756,0.150044,0.145784,0.140845,0.135018,0.127936,0.118832,0.105524,0.054757
150240,0.172185,0.172070,0.171722,0.171139,0.170318,0.169251,0.167930,0.166344,0.164478,0.162313,0.159823,0.156977,0.153729,0.150018,0.145759,0.140822,0.134997,0.127916,0.118814,0.105510,0.054753
150300,0.172152,0.172037,0.171689,0.171107,0.170285,0.169219,0.167898,0.166313,0.164448,0.162283,0.159794,0.156949,0.153702,0.149993,0.145735,0.140798,0.134975,0.127897,0.118797,0.105496,0.054749
150360,0.172120,0.172004,0.171656,0.171074,0.170253,0.169187,0.167867,0.166282,0.164417,0.162253,0.159765,0.156921,0.153675,0.149967,0.145710,0.140775,0.134954,0.127877,0.118780,0.105482,0.054745
150420,0.172087,0.171971,0.171624,0.171042,0.170221,0.169155,0.167836,0.166251,0.164387,0.162224,0.159737,0.156893,0.153648,0.149941,0.145686,0.140752,0.134932,0.127858,0.118763,0.105468,0.054741
150480,0.172054,0.171938,0.171591,0.171009,0.170189,0.169123,0.167804,0.166220,0.164357,0.162194,0.159708,0.156865,0.153621,0.149915,0.145661,0.140729,0.134911,0.127838,0.118745,0.105454,0.054737
150540,0.172021,0.171906,0.171558,0.170977,0.170157,0.169091,0.167773,0.166189,0.164326,0.162165,0.159679,0.156837,0.153594,0.149889,0.145636,0.140706,0.134889,0.127818,0.118728,0.105440,0.054734
150600,0.171989,0.171873,0.171526,0.170944,0.170124,0.169060,0.167741,0.166159,0.164296,0.162135,0.159650,0.156809,0.153567,0.149863,0.145612,0.140683,0.134868,0.127799,0.118711,0.105426,0.054730
150660,0.171956,0.171840,0.171493,0.170912,0.170092,0.169028,0.167710,0.166128,0.164266,0.162105,0.159622,0.156781,0.153540,0.149838,0.145587,0.140660,0.134846,0.127779,0.118694,0.105412,0.054726
150720,0.171923,0.171808,0.171461,0.170880,0.170060,0.168996,0.167679,0.166097,0.164236,0.162076,0.159593,0.156753,0.153513,0.149812,0.145563,0.140636,0.134825,0.127760,0.118677,0.105398,0.054722
150780,0.171890,0.171775,0.171428,0.170847,0.170028,0.168964,0.167648,0.166066,0.164206,0.162046,0.159564,0.156725,0.153486,0.149786,0.145538,0.140613,0.134803,0.127740,0.118660,0.105384,0.054718
150840,0.171858,0.171743,0.171396,0.170815,0.169996,0.168933,0.167616,0.166035,0.164175,0.162017,0.159535,0.156698,0.153460,0.149761,0.145514,0.140590,0.134782,0.127721,0.118642,0.105370,0.054714
150900,0.171825,0.171710,0.171363,0.170783,0.169964,0.168901,0.167585,0.166005,0.164145,0.161988,0.159507,0.156670,0.153433,0.149735,0.145490,0.140567,0.134760,0.127701,0.118625,0.105356,0.054710
150960,0.171793,0.171677,0.171331,0.170751,0.169932,0.168870,0.167554,0.165974,0.164115,0.161958,0.159478,0.156642,0.153406,0.149709,0.145465,0.140544,0.134739,0.127682,0.118608,0.105342,0.054707
151020,0.171760,0.171645,0.171299,0.170718,0.169900,0.168838,0.167523,0.165943,0.164085,0.161929,0.159450,0.156614,0.153379,0.149684,0.145441,0.140521,0.134718,0.127662,0.118591,0.105328,0.054703
151080,0.171728,0.171612,0.171266,0.170686,0.169868,0.168806,0.167492,0.165913,0.164055,0.161899,0.159421,0.156587,0.153353,0.149658,0.145416,0.140498,0.134696,0.127643,0.118574,0.105314,0.054699
151140,0.171695,0.171580,0.171234,0.170654,0.169837,0.168775,0.167460,0.165882,0.164025,0.161870,0.159392,0.156559,0.153326,0.149632,0.145392,0.140475,0.134675,0.127624,0.118557,0.105301,0.054695
151200,0.171663,0.171548,0.171202,0.170622,0.169805,0.168743,0.167429,0.165852,0.163995,0.161841,0.159364,0.156531,0.153299,0.149607,0.145368,0.140453,0.134654,0.127604,0.118540,0.105287,0.054691
151260,0.171630,0.171515,0.171169,0.170590,0.169773,0.168712,0.167398,0.165821,0.163965,0.161812,0.159335,0.156504,0.153272,0.149581,0.145343,0.140430,0.134632,0.127585,0.118523,0.105273,0.054687
151320,0.171598,0.171483,0.171137,0.170558,0.169741,0.168680,0.167367,0.165790,0.163935,0.161782,0.159307,0.156476,0.153246,0.149556,0.145319,0.140407,0.134611,0.127565,0.118506,0.105259,0.054684
151380,0.171565,0.171450,0.171105,0.170526,0.169709,0.168649,0.167336,0.165760,0.163905,0.161753,0.159278,0.156448,0.153219,0.149530,0.145295,0.140384,0.134590,0.127546,0.118489,0.105245,0.054680
151440,0.171533,0.171418,0.171073,0.170494,0.169677,0.168618,0.167305,0.165729,0.163875,0.161724,0.159250,0.156421,0.153193,0.149505,0.145271,0.140361,0.134569,0.127527,0.118472,0.105231,0.054676
151500,0.171501,0.171386,0.171040,0.170462,0.169646,0.168586,0.167274,0.165699,0.163845,0.161695,0.159221,0.156393,0.153166,0.149479,0.145246,0.140338,0.134547,0.127507,0.118455,0.105218,0.054672
151560,0.171468,0.171354,0.171008,0.170430,0.169614,0.168555,0.167243,0.165669,0.163816,0.161665,0.159193,0.156366,0.153139,0.149454,0.145222,0.140315,0.134526,0.127488,0.118438,0.105204,0.054668
151620,0.171436,0.171321,0.170976,0.170398,0.169582,0.168523,0.167212,0.165638,0.163786,0.161636,0.159165,0.156338,0.153113,0.149428,0.145198,0.140293,0.134505,0.127469,0.118421,0.105190,0.054665
151680,0.171404,0.171289,0.170944,0.170366,0.169551,0.168492,0.167182,0.165608,0.163756,0.161607,0.159136,0.156311,0.153086,0.149403,0.145174,0.140270,0.134484,0.127449,0.118404,0.105176,0.054661
151740,0.171372,0.171257,0.170912,0.170334,0.169519,0.168461,0.167151,0.165577,0.163726,0.161578,0.159108,0.156283,0.153060,0.149378,0.145150,0.140247,0.134463,0.127430,0.118387,0.105162,0.054657
151800,0.171340,0.171225,0.170880,0.170302,0.169488,0.168430,0.167120,0.165547,0.163697,0.161549,0.159080,0.156256,0.153033,0.149352,0.145125,0.140224,0.134442,0.127411,0.118370,0.105149,0.054653
151860,0.171307,0.171193,0.170848,0.170270,0.169456,0.168398,0.167089,0.165517,0.163667,0.161520,0.159051,0.156228,0.153007,0.149327,0.145101,0.140202,0.134421,0.127392,0.118353,0.105135,0.054650
151920,0.171275,0.171161,0.170816,0.170239,0.169424,0.168367,0.167058,0.165487,0.163637,0.161491,0.159023,0.156201,0.152981,0.149301,0.145077,0.140179,0.134399,0.127372,0.118336,0.105121,0.054646
151980,0.171243,0.171129,0.170784,0.170207,0.169393,0.168336,0.167028,0.165456,0.163607,0.161462,0.158995,0.156174,0.152954,0.149276,0.145053,0.140156,0.134378,0.127353,0.118319,0.105107,0.054642
152040,0.171211,0.171096,0.170752,0.170175,0.169361,0.168305,0.166997,0.165426,0.163578,0.161433,0.158967,0.156146,0.152928,0.149251,0.145029,0.140134,0.134357,0.127334,0.118302,0.105094,0.054638
152100,0.171179,0.171064,0.170720,0.170143,0.169330,0.168274,0.166966,0.165396,0.163548,0.161404,0.158938,0.156119,0.152901,0.149226,0.145005,0.140111,0.134336,0.127315,0.118285,0.105080,0.054635
152160,0.171147,0.171032,0.170688,0.170112,0.169299,0.168243,0.166935,0.165366,0.163519,0.161375,0.158910,0.156092,0.152875,0.149200,0.144981,0.140088,0.134315,0.127296,0.118268,0.105066,0.054631
152220,0.171115,0.171000,0.170656,0.170080,0.169267,0.168212,0.166905,0.165335,0.163489,0.161346,0.158882,0.156064,0.152849,0.149175,0.144957,0.140066,0.134294,0.127277,0.118252,0.105053,0.054627
152280,0.171083,0.170969,0.170624,0.170048,0.169236,0.168180,0.166874,0.165305,0.163459,0.161317,0.158854,0.156037,0.152822,0.149150,0.144933,0.140043,0.134273,0.127257,0.118235,0.105039,0.054623
152340,0.171051,0.170937,0.170593,0.170017,0.169204,0.168149,0.166844,0.165275,0.163430,0.161288,0.158826,0.156010,0.152796,0.149125,0.144909,0.140020,0.134252,0.127238,0.118218,0.105025,0.054620
152400,0.171019,0.170905,0.170561,0.169985,0.169173,0.168118,0.166813,0.165245,0.163400,0.161260,0.158798,0.155983,0.152770,0.149099,0.144885,0.139998,0.134231,0.127219,0.118201,0.105012,0.054616
152460,0.170987,0.170873,0.170529,0.169953,0.169142,0.168087,0.166782,0.165215,0.163371,0.161231,0.158770,0.155955,0.152744,0.149074,0.144861,0.139975,0.134210,0.127200,0.118184,0.104998,0.054612
152520,0.170955,0.170841,0.170497,0.169922,0.169110,0.168057,0.166752,0.165185,0.163341,0.161202,0.158742,0.155928,0.152717,0.149049,0.144837,0.139953,0.134189,0.127181,0.118168,0.104984,0.054608
152580,0.170923,0.170809,0.170466,0.169890,0.169079,0.168026,0.166721,0.165155,0.163312,0.161173,0.158714,0.155901,0.152691,0.149024,0.144813,0.139930,0.134168,0.127162,0.118151,0.104971,0.054605
152640,0.170892,0.170777,0.170434,0.169859,0.169048,0.167995,0.166691,0.165125,0.163283,0.161144,0.158686,0.155874,0.152665,0.148999,0.144789,0.139908,0.134147,0.127143,0.118134,0.104957,0.054601
152700,0.170860,0.170746,0.170402,0.169827,0.169017,0.167964,0.166660,0.165095,0.163253,0.161116,0.158658,0.155847,0.152639,0.148974,0.144766,0.139885,0.134126,0.127124,0.118117,0.104943,0.054597
152760,0.170828,0.170714,0.170371,0.169796,0.168985,0.167933,0.166630,0.165065,0.163224,0.161087,0.158630,0.155820,0.152613,0.148949,0.144742,0.139863,0.134106,0.127105,0.118101,0.104930,0.054594
152820,0.170796,0.170682,0.170339,0.169765,0.168954,0.167902,0.166600,0.165035,0.163194,0.161058,0.158602,0.155793,0.152587,0.148924,0.144718,0.139840,0.134085,0.127086,0.118084,0.104916,0.054590
152880,0.170764,0.170650,0.170307,0.169733,0.168923,0.167871,0.166569,0.165005,0.163165,0.161030,0.158574,0.155766,0.152561,0.148899,0.144694,0.139818,0.134064,0.127067,0.118067,0.104903,0.054586
152940,0.170733,0.170619,0.170276,0.169702,0.168892,0.167841,0.166539,0.164975,0.163136,0.161001,0.158546,0.155739,0.152535,0.148874,0.144670,0.139796,0.134043,0.127048,0.118050,0.104889,0.054583
153000,0.170701,0.170587,0.170244,0.169670,0.168861,0.167810,0.166508,0.164946,0.163107,0.160972,0.158518,0.155712,0.152508,0.148849,0.144647,0.139773,0.134022,0.127029,0.118034,0.104875,0.054579
153060,0.170669,0.170556,0.170213,0.169639,0.168830,0.167779,0.166478,0.164916,0.163077,0.160944,0.158490,0.155685,0.152482,0.148824,0.144623,0.139751,0.134001,0.127010,0.118017,0.104862,0.054575
153120,0.170638,0.170524,0.170181,0.169608,0.168799,0.167748,0.166448,0.164886,0.163048,0.160915,0.158463,0.155658,0.152456,0.148799,0.144599,0.139728,0.133981,0.126991,0.118000,0.104848,0.054572
153180,0.170606,0.170492,0.170150,0.169577,0.168768,0.167718,0.166418,0.164856,0.163019,0.160887,0.158435,0.155631,0.152430,0.148774,0.144575,0.139706,0.133960,0.126972,0.117984,0.104835,0.054568
153240,0.170575,0.170461,0.170119,0.169545,0.168737,0.167687,0.166387,0.164826,0.162990,0.160858,0.158407,0.155604,0.152404,0.148749,0.144552,0.139684,0.133939,0.126953,0.117967,0.104821,0.054564
153300,0.170543,0.170429,0.170087,0.169514,0.168706,0.167656,0.166357,0.164797,0.162961,0.160830,0.158379,0.155577,0.152378,0.148724,0.144528,0.139661,0.133918,0.126934,0.117951,0.104808,0.054561
153360,0.170512,0.170398,0.170056,0.169483,0.168675,0.167626,0.166327,0.164767,0.162931,0.160801,0.158352,0.155550,0.152353,0.148699,0.144504,0.139639,0.133898,0.126915,0.117934,0.104794,0.054557
153420,0.170480,0.170366,0.170024,0.169452,0.168644,0.167595,0.166297,0.164737,0.162902,0.160773,0.158324,0.155523,0.152327,0.148674,0.144481,0.139617,0.133877,0.126897,0.117917,0.104781,0.054553
153480,0.170449,0.170335,0.169993,0.169421,0.168613,0.167565,0.166267,0.164708,0.162873,0.160744,0.158296,0.155496,0.152301,0.148650,0.144457,0.139595,0.133856,0.126878,0.117901,0.104767,0.054550
153540,0.170417,0.170304,0.169962,0.169389,0.168582,0.167534,0.166236,0.164678,0.162844,0.160716,0.158269,0.155469,0.152275,0.148625,0.144433,0.139572,0.133836,0.126859,0.117884,0.104754,0.054546
153600,0.170386,0.170272,0.169931,0.169358,0.168551,0.167504,0.166206,0.164648,0.162815,0.160687,0.158241,0.155443,0.152249,0.148600,0.144410,0.139550,0.133815,0.126840,0.117868,0.104740,0.054542
153660,0.170354,0.170241,0.169899,0.169327,0.168521,0.167473,0.166176,0.164619,0.162786,0.160659,0.158213,0.155416,0.152223,0.148575,0.144386,0.139528,0.133794,0.126821,0.117851,0.104727,0.054539
153720,0.170323,0.170209,0.169868,0.169296,0.168490,0.167443,0.166146,0.164589,0.162757,0.160631,0.158186,0.155389,0.152197,0.148551,0.144363,0.139506,0.133774,0.126802,0.117834,0.104713,0.054535
153780,0.170292,0.170178,0.169837,0.169265,0.168459,0.167412,0.166116,0.164560,0.162728,0.160602,0.158158,0.155362,0.152172,0.148526,0.144339,0.139484,0.133753,0.126784,0.117818,0.104700,0.054532
153840,0.170260,0.170147,0.169806,0.169234,0.168428,0.167382,0.166086,0.164530,0.162699,0.160574,0.158131,0.155336,0.152146,0.148501,0.144316,0.139461,0.133732,0.126765,0.117801,0.104686,0.054528
153900,0.170229,0.170116,0.169775,0.169203,0.168398,0.167352,0.166056,0.164501,0.162670,0.160546,0.158103,0.155309,0.152120,0.148476,0.144292,0.139439,0.133712,0.126746,0.117785,0.104673,0.054524
153960,0.170198,0.170084,0.169743,0.169172,0.168367,0.167321,0.166026,0.164471,0.162641,0.160518,0.158075,0.155282,0.152094,0.148452,0.144269,0.139417,0.133691,0.126727,0.117768,0.104660,0.054521
154020,0.170167,0.170053,0.169712,0.169141,0.168336,0.167291,0.165996,0.164442,0.162612,0.160489,0.158048,0.155256,0.152069,0.148427,0.144245,0.139395,0.133671,0.126709,0.117752,0.104646,0.054517
154080,0.170135,0.170022,0.169681,0.169111,0.168306,0.167261,0.165966,0.164412,0.162584,0.160461,0.158021,0.155229,0.152043,0.148403,0.144222,0.139373,0.133650,0.126690,0.117736,0.104633,0.054514
154140,0.170104,0.169991,0.169650,0.169080,0.168275,0.167230,0.165937,0.164383,0.162555,0.160433,0.157993,0.155202,0.152017,0.148378,0.144198,0.139351,0.133630,0.126671,0.117719,0.104619,0.054510
154200,0.170073,0.169960,0.169619,0.169049,0.168244,0.167200,0.165907,0.164354,0.162526,0.160405,0.157966,0.155176,0.151992,0.148353,0.144175,0.139329,0.133609,0.126653,0.117703,0.104606,0.054506
154260,0.170042,0.169929,0.169588,0.169018,0.168214,0.167170,0.165877,0.164324,0.162497,0.160377,0.157938,0.155149,0.151966,0.148329,0.144152,0.139307,0.133589,0.126634,0.117686,0.104593,0.054503
154320,0.170011,0.169897,0.169557,0.168987,0.168183,0.167140,0.165847,0.164295,0.162468,0.160349,0.157911,0.155123,0.151940,0.148304,0.144128,0.139285,0.133568,0.126615,0.117670,0.104579,0.054499
154380,0.169980,0.169866,0.169526,0.168956,0.168153,0.167109,0.165817,0.164266,0.162440,0.160321,0.157884,0.155096,0.151915,0.148280,0.144105,0.139263,0.133548,0.126597,0.117653,0.104566,0.054496
154440,0.169948,0.169835,0.169495,0.168926,0.168122,0.167079,0.165788,0.164236,0.162411,0.160292,0.157856,0.155070,0.151889,0.148255,0.144082,0.139241,0.133527,0.126578,0.117637,0.104553,0.054492
154500,0.169917,0.169804,0.169464,0.168895,0.168092,0.167049,0.165758,0.164207,0.162382,0.160264,0.157829,0.155043,0.151864,0.148231,0.144058,0.139219,0.133507,0.126559,0.117621,0.104539,0.054489
154560,0.169886,0.169773,0.169434,0.168864,0.168061,0.167019,0.165728,0.164178,0.162354,0.160236,0.157802,0.155017,0.151838,0.148206,0.144035,0.139197,0.133486,0.126541,0.117604,0.104526,0.054485
154620,0.169855,0.169742,0.169403,0.168834,0.168031,0.166989,0.165698,0.164149,0.162325,0.160208,0.157774,0.154990,0.151813,0.148182,0.144012,0.139175,0.133466,0.126522,0.117588,0.104513,0.054481
154680,0.169824,0.169712,0.169372,0.168803,0.168001,0.166959,0.165669,0.164119,0.162296,0.160180,0.157747,0.154964,0.151787,0.148157,0.143989,0.139153,0.133446,0.126504,0.117572,0.104499,0.054478
154740,0.169794,0.169681,0.169341,0.168772,0.167970,0.166929,0.165639,0.164090,0.162268,0.160152,0.157720,0.154937,0.151762,0.148133,0.143965,0.139131,0.133425,0.126485,0.117555,0.104486,0.054474
154800,0.169763,0.169650,0.169310,0.168742,0.167940,0.166899,0.165609,0.164061,0.162239,0.160124,0.157693,0.154911,0.151736,0.148108,0.143942,0.139109,0.133405,0.126467,0.117539,0.104473,0.054471
154860,0.169732,0.169619,0.169279,0.168711,0.167910,0.166869,0.165580,0.164032,0.162211,0.160097,0.157665,0.154885,0.151711,0.148084,0.143919,0.139087,0.133385,0.126448,0.117523,0.104460,0.054467
154920,0.169701,0.169588,0.169249,0.168681,0.167879,0.166839,0.165550,0.164003,0.162182,0.160069,0.157638,0.154858,0.151685,0.148060,0.143896,0.139065,0.133364,0.126429,0.117506,0.104446,0.054464
154980,0.169670,0.169557,0.169218,0.168650,0.167849,0.166809,0.165521,0.163974,0.162153,0.160041,0.157611,0.154832,0.151660,0.148035,0.143872,0.139044,0.133344,0.126411,0.117490,0.104433,0.054460
155040,0.169639,0.169526,0.169187,0.168620,0.167819,0.166779,0.165491,0.163945,0.162125,0.160013,0.157584,0.154806,0.151635,0.148011,0.143849,0.139022,0.133324,0.126393,0.117474,0.104420,0.054457
155100,0.169608,0.169496,0.169157,0.168589,0.167789,0.166749,0.165462,0.163916,0.162097,0.159985,0.157557,0.154779,0.151609,0.147987,0.143826,0.139000,0.133303,0.126374,0.117457,0.104407,0.054453
155160,0.169578,0.169465,0.169126,0.168559,0.167758,0.166719,0.165432,0.163887,0.162068,0.159957,0.157530,0.154753,0.151584,0.147962,0.143803,0.138978,0.133283,0.126356,0.117441,0.104393,0.054450
155220,0.169547,0.169434,0.169095,0.168528,0.167728,0.166689,0.165403,0.163858,0.162040,0.159930,0.157503,0.154727,0.151559,0.147938,0.143780,0.138956,0.133263,0.126337,0.117425,0.104380,0.054446
155280,0.169516,0.169404,0.169065,0.168498,0.167698,0.166659,0.165373,0.163829,0.162011,0.159902,0.157476,0.154701,0.151533,0.147914,0.143757,0.138935,0.133243,0.126319,0.117409,0.104367,0.054443
155340,0.169485,0.169373,0.169034,0.168467,0.167668,0.166630,0.165344,0.163800,0.161983,0.159874,0.157449,0.154675,0.151508,0.147890,0.143734,0.138913,0.133223,0.126300,0.117392,0.104354,0.054439
155400,0.169455,0.169342,0.169004,0.168437,0.167638,0.166600,0.165315,0.163771,0.161955,0.159846,0.157422,0.154648,0.151483,0.147865,0.143711,0.138891,0.133202,0.126282,0.117376,0.104341,0.054436
155460,0.169424,0.169312,0.168973,0.168407,0.167608,0.166570,0.165285,0.163742,0.161926,0.159819,0.157395,0.154622,0.151458,0.147841,0.143688,0.138870,0.133182,0.126263,0.117360,0.104327,0.054432
155520,0.169393,0.169281,0.168943,0.168376,0.167578,0.166540,0.165256,0.163713,0.161898,0.159791,0.157368,0.154596,0.151432,0.147817,0.143665,0.138848,0.133162,0.126245,0.117344,0.104314,0.054429
155580,0.169363,0.169250,0.168912,0.168346,0.167548,0.166511,0.165227,0.163684,0.161870,0.159763,0.157341,0.154570,0.151407,0.147793,0.143642,0.138826,0.133142,0.126227,0.117328,0.104301,0.054425
155640,0.169332,0.169220,0.168882,0.168316,0.167518,0.166481,0.165197,0.163656,0.161841,0.159736,0.157314,0.154544,0.151382,0.147769,0.143619,0.138805,0.133122,0.126208,0.117312,0.104288,0.054422
155700,0.169302,0.169189,0.168852,0.168286,0.167488,0.166451,0.165168,0.163627,0.161813,0.159708,0.157287,0.154518,0.151357,0.147745,0.143596,0.138783,0.133102,0.126190,0.117295,0.104275,0.054418
155760,0.169271,0.169159,0.168821,0.168255,0.167458,0.166422,0.165139,0.163598,0.161785,0.159680,0.157260,0.154492,0.151332,0.147721,0.143573,0.138761,0.133081,0.126172,0.117279,0.104262,0.054415
155820,0.169241,0.169128,0.168791,0.168225,0.167428,0.166392,0.165109,0.163569,0.161757,0.159653,0.157233,0.154466,0.151307,0.147696,0.143550,0.138740,0.133061,0.126153,0.117263,0.104248,0.054411
155880,0.169210,0.169098,0.168760,0.168195,0.167398,0.166362,0.165080,0.163540,0.161728,0.159625,0.157206,0.154440,0.151282,0.147672,0.143527,0.138718,0.133041,0.126135,0.117247,0.104235,0.054408
155940,0.169180,0.169068,0.168730,0.168165,0.167368,0.166333,0.165051,0.163512,0.161700,0.159598,0.157180,0.154414,0.151256,0.147648,0.143504,0.138697,0.133021,0.126117,0.117231,0.104222,0.054404
156000,0.169149,0.169037,0.168700,0.168135,0.167338,0.166303,0.165022,0.163483,0.161672,0.159570,0.157153,0.154388,0.151231,0.147624,0.143481,0.138675,0.133001,0.126099,0.117215,0.104209,0.054401
156060,0.169119,0.169007,0.168670,0.168105,0.167308,0.166274,0.164993,0.163454,0.161644,0.159543,0.157126,0.154362,0.151206,0.147600,0.143458,0.138653,0.132981,0.126080,0.117199,0.104196,0.054398
156120,0.169089,0.168976,0.168639,0.168075,0.167278,0.166244,0.164964,0.163426,0.161616,0.159515,0.157099,0.154336,0.151181,0.147576,0.143436,0.138632,0.132961,0.126062,0.117183,0.104183,0.054394
156180,0.169058,0.168946,0.168609,0.168045,0.167249,0.166215,0.164935,0.163397,0.161588,0.159488,0.157073,0.154310,0.151156,0.147552,0.143413,0.138610,0.132941,0.126044,0.117167,0.104170,0.054391
156240,0.169028,0.168916,0.168579,0.168015,0.167219,0.166185,0.164906,0.163369,0.161560,0.159460,0.157046,0.154284,0.151131,0.147528,0.143390,0.138589,0.132921,0.126026,0.117151,0.104157,0.054387
156300,0.168998,0.168886,0.168549,0.167985,0.167189,0.166156,0.164877,0.163340,0.161532,0.159433,0.157019,0.154258,0.151106,0.147504,0.143367,0.138567,0.132901,0.126007,0.117135,0.104144,0.054384
156360,0.168967,0.168855,0.168519,0.167955,0.167159,0.166126,0.164847,0.163311,0.161504,0.159406,0.156993,0.154232,0.151081,0.147480,0.143344,0.138546,0.132881,0.125989,0.117119,0.104131,0.054380
156420,0.168937,0.168825,0.168488,0.167925,0.167130,0.166097,0.164818,0.163283,0.161476,0.159378,0.156966,0.154206,0.151057,0.147457,0.143322,0.138525,0.132861,0.125971,0.117103,0.104118,0.054377
156480,0.168907,0.168795,0.168458,0.167895,0.167100,0.166068,0.164790,0.163254,0.161448,0.159351,0.156939,0.154181,0.151032,0.147433,0.143299,0.138503,0.132841,0.125953,0.117087,0.104105,0.054374
156540,0.168877,0.168765,0.168428,0.167865,0.167070,0.166038,0.164761,0.163226,0.161420,0.159324,0.156913,0.154155,0.151007,0.147409,0.143276,0.138482,0.132821,0.125935,0.117071,0.104092,0.054370
156600,0.168846,0.168734,0.168398,0.167835,0.167041,0.166009,0.164732,0.163197,0.161392,0.159296,0.156886,0.154129,0.150982,0.147385,0.143254,0.138460,0.132802,0.125917,0.117055,0.104079,0.054367
156660,0.168816,0.168704,0.168368,0.167805,0.167011,0.165980,0.164703,0.163169,0.161364,0.159269,0.156860,0.154103,0.150957,0.147361,0.143231,0.138439,0.132782,0.125898,0.117039,0.104066,0.054363
156720,0.168786,0.168674,0.168338,0.167775,0.166981,0.165950,0.164674,0.163141,0.161336,0.159242,0.156833,0.154078,0.150932,0.147337,0.143208,0.138418,0.132762,0.125880,0.117023,0.104053,0.054360
156780,0.168756,0.168644,0.168308,0.167745,0.166952,0.165921,0.164645,0.163112,0.161308,0.159215,0.156807,0.154052,0.150907,0.147314,0.143186,0.138396,0.132742,0.125862,0.117007,0.104040,0.054356
156840,0.168726,0.168614,0.168278,0.167716,0.166922,0.165892,0.164616,0.163084,0.161281,0.159187,0.156780,0.154026,0.150883,0.147290,0.143163,0.138375,0.132722,0.125844,0.116991,0.104027,0.054353
156900,0.168696,0.168584,0.168248,0.167686,0.166893,0.165863,0.164587,0.163055,0.161253,0.159160,0.156754,0.154000,0.150858,0.147266,0.143140,0.138354,0.132702,0.125826,0.116975,0.104014,0.054350
156960,0.168666,0.168554,0.168218,0.167656,0.166863,0.165834,0.164559,0.163027,0.161225,0.159133,0.156727,0.153975,0.150833,0.147242,0.143118,0.138332,0.132682,0.125808,0.116959,0.104001,0.054346
157020,0.168636,0.168524,0.168188,0.167626,0.166834,0.165804,0.164530,0.162999,0.161197,0.159106,0.156701,0.153949,0.150808,0.147219,0.143095,0.138311,0.132663,0.125790,0.116943,0.103988,0.054343
157080,0.168606,0.168494,0.168159,0.167597,0.166804,0.165775,0.164501,0.162971,0.161169,0.159079,0.156674,0.153924,0.150784,0.147195,0.143073,0.138290,0.132643,0.125772,0.116927,0.103975,0.054340
157140,0.168576,0.168464,0.168129,0.167567,0.166775,0.165746,0.164472,0.162942,0.161142,0.159052,0.156648,0.153898,0.150759,0.147171,0.143050,0.138268,0.132623,0.125754,0.116911,0.103962,0.054336
157200,0.168546,0.168434,0.168099,0.167537,0.166746,0.165717,0.164444,0.162914,0.161114,0.159025,0.156621,0.153872,0.150734,0.147147,0.143027,0.138247,0.132603,0.125736,0.116896,0.103949,0.054333
157260,0.168516,0.168404,0.168069,0.167508,0.166716,0.165688,0.164415,0.162886,0.161086,0.158998,0.156595,0.153847,0.150710,0.147124,0.143005,0.138226,0.132584,0.125718,0.116880,0.103936,0.054329
157320,0.168486,0.168374,0.168039,0.167478,0.166687,0.165659,0.164386,0.162858,0.161059,0.158970,0.156569,0.153821,0.150685,0.147100,0.142982,0.138205,0.132564,0.125700,0.116864,0.103923,0.054326
157380,0.168456,0.168345,0.168010,0.167449,0.166657,0.165630,0.164358,0.162829,0.161031,0.158943,0.156542,0.153796,0.150660,0.147077,0.142960,0.138184,0.132544,0.125682,0.116848,0.103911,0.054323
157440,0.168426,0.168315,0.167980,0.167419,0.166628,0.165601,0.164329,0.162801,0.161003,0.158916,0.156516,0.153770,0.150636,0.147053,0.142938,0.138162,0.132525,0.125664,0.116832,0.103898,0.054319
157500,0.168396,0.168285,0.167950,0.167390,0.166599,0.165572,0.164300,0.162773,0.160976,0.158889,0.156490,0.153745,0.150611,0.147029,0.142915,0.138141,0.132505,0.125646,0.116816,0.103885,0.054316
157560,0.168366,0.168255,0.167920,0.167360,0.166570,0.165543,0.164272,0.162745,0.160948,0.158863,0.156464,0.153719,0.150587,0.147006,0.142893,0.138120,0.132485,0.125628,0.116801,0.103872,0.054313
157620,0.168337,0.168225,0.167891,0.167331,0.166540,0.165514,0.164243,0.162717,0.160921,0.158836,0.156437,0.153694,0.150562,0.146982,0.142870,0.138099,0.132466,0.125610,0.116785,0.103859,0.054309
157680,0.168307,0.168196,0.167861,0.167301,0.166511,0.165485,0.164215,0.162689,0.160893,0.158809,0.156411,0.153668,0.150537,0.146959,0.142848,0.138078,0.132446,0.125592,0.116769,0.103846,0.054306
157740,0.168277,0.168166,0.167832,0.167272,0.166482,0.165456,0.164186,0.162661,0.160866,0.158782,0.156385,0.153643,0.150513,0.146935,0.142825,0.138057,0.132426,0.125574,0.116753,0.103833,0.054303
157800,0.168247,0.168136,0.167802,0.167242,0.166453,0.165427,0.164158,0.162633,0.160838,0.158755,0.156359,0.153618,0.150488,0.146912,0.142803,0.138036,0.132407,0.125557,0.116738,0.103821,0.054299
157860,0.168218,0.168107,0.167772,0.167213,0.166424,0.165399,0.164129,0.162605,0.160811,0.158728,0.156333,0.153592,0.150464,0.146888,0.142781,0.138015,0.132387,0.125539,0.116722,0.103808,0.054296
157920,0.168188,0.168077,0.167743,0.167183,0.166394,0.165370,0.164101,0.162577,0.160783,0.158701,0.156307,0.153567,0.150440,0.146865,0.142758,0.137994,0.132367,0.125521,0.116706,0.103795,0.054293
157980,0.168158,0.168047,0.167713,0.167154,0.166365,0.165341,0.164072,0.162549,0.160756,0.158674,0.156280,0.153542,0.150415,0.146841,0.142736,0.137973,0.132348,0.125503,0.116691,0.103782,0.054289
158040,0.168129,0.168018,0.167684,0.167125,0.166336,0.165312,0.164044,0.162521,0.160728,0.158648,0.156254,0.153516,0.150391,0.146818,0.142714,0.137952,0.132328,0.125485,0.116675,0.103769,0.054286
158100,0.168099,0.167988,0.167654,0.167095,0.166307,0.165283,0.164016,0.162493,0.160701,0.158621,0.156228,0.153491,0.150366,0.146795,0.142692,0.137931,0.132309,0.125467,0.116659,0.103757,0.054283
158160,0.168070,0.167959,0.167625,0.167066,0.166278,0.165255,0.163987,0.162465,0.160674,0.158594,0.156202,0.153466,0.150342,0.146771,0.142669,0.137910,0.132289,0.125450,0.116643,0.103744,0.054280
158220,0.168040,0.167929,0.167596,0.167037,0.166249,0.165226,0.163959,0.162437,0.160646,0.158567,0.156176,0.153441,0.150318,0.146748,0.142647,0.137889,0.132270,0.125432,0.116628,0.103731,0.054276
158280,0.168010,0.167900,0.167566,0.167008,0.166220,0.165197,0.163931,0.162409,0.160619,0.158541,0.156150,0.153415,0.150293,0.146725,0.142625,0.137868,0.132250,0.125414,0.116612,0.103718,0.054273
158340,0.167981,0.167870,0.167537,0.166978,0.166191,0.165169,0.163902,0.162382,0.160592,0.158514,0.156124,0.153390,0.150269,0.146701,0.142603,0.137847,0.132231,0.125396,0.116596,0.103706,0.054270
158400,0.167951,0.167841,0.167507,0.166949,0.166162,0.165140,0.163874,0.162354,0.160564,0.158487,0.156098,0.153365,0.150245,0.146678,0.142580,0.137826,0.132211,0.125379,0.116581,0.103693,0.054266
158460,0.167922,0.167811,0.167478,0.166920,0.166133,0.165111,0.163846,0.162326,0.160537,0.158461,0.156072,0.153340,0.150220,0.146655,0.142558,0.137805,0.132192,0.125361,0.116565,0.103680,0.054263
158520,0.167892,0.167782,0.167449,0.166891,0.166104,0.165083,0.163818,0.162298,0.160510,0.158434,0.156046,0.153315,0.150196,0.146631,0.142536,0.137784,0.132173,0.125343,0.116550,0.103667,0.054260
158580,0.167863,0.167752,0.167419,0.166862,0.166075,0.165054,0.163789,0.162270,0.160483,0.158407,0.156020,0.153289,0.150172,0.146608,0.142514,0.137763,0.132153,0.125325,0.116534,0.103655,0.054257
158640,0.167834,0.167723,0.167390,0.166833,0.166047,0.165026,0.163761,0.162243,0.160455,0.158381,0.155994,0.153264,0.150148,0.146585,0.142492,0.137742,0.132134,0.125308,0.116518,0.103642,0.054253
158700,0.167804,0.167694,0.167361,0.166804,0.166018,0.164997,0.163733,0.162215,0.160428,0.158354,0.155969,0.153239,0.150123,0.146562,0.142470,0.137721,0.132114,0.125290,0.116503,0.103629,0.054250
158760,0.167775,0.167664,0.167332,0.166775,0.165989,0.164969,0.163705,0.162187,0.160401,0.158328,0.155943,0.153214,0.150099,0.146538,0.142448,0.137701,0.132095,0.125272,0.116487,0.103617,0.054247
158820,0.167746,0.167635,0.167302,0.166746,0.165960,0.164940,0.163677,0.162160,0.160374,0.158301,0.155917,0.153189,0.150075,0.146515,0.142426,0.137680,0.132076,0.125255,0.116472,0.103604,0.054244
158880,0.167716,0.167606,0.167273,0.166717,0.165931,0.164912,0.163649,0.162132,0.160347,0.158275,0.155891,0.153164,0.150051,0.146492,0.142403,0.137659,0.132056,0.125237,0.116456,0.103591,0.054240
158940,0.167687,0.167576,0.167244,0.166688,0.165903,0.164883,0.163621,0.162104,0.160320,0.158248,0.155865,0.153139,0.150027,0.146469,0.142381,0.137638,0.132037,0.125219,0.116441,0.103579,0.054237
159000,0.167658,0.167547,0.167215,0.166659,0.165874,0.164855,0.163593,0.162077,0.160293,0.158222,0.155840,0.153114,0.150002,0.146446,0.142359,0.137617,0.132018,0.125202,0.116425,0.103566,0.054234
159060,0.167628,0.167518,0.167186,0.166630,0.165845,0.164826,0.163565,0.162049,0.160266,0.158195,0.155814,0.153089,0.149978,0.146423,0.142337,0.137597,0.131998,0.125184,0.116410,0.103553,0.054231
159120,0.167599,0.167489,0.167157,0.166601,0.165817,0.164798,0.163537,0.162022,0.160239,0.158169,0.155788,0.153064,0.149954,0.146399,0.142315,0.137576,0.131979,0.125167,0.116394,0.103541,0.054227
159180,0.167570,0.167460,0.167128,0.166572,0.165788,0.164770,0.163509,0.161994,0.160212,0.158142,0.155762,0.153039,0.149930,0.146376,0.142293,0.137555,0.131960,0.125149,0.116379,0.103528,0.054224
159240,0.167541,0.167431,0.167099,0.166543,0.165759,0.164741,0.163481,0.161967,0.160185,0.158116,0.155737,0.153014,0.149906,0.146353,0.142271,0.137534,0.131940,0.125131,0.116363,0.103515,0.054221
159300,0.167512,0.167401,0.167070,0.166514,0.165731,0.164713,0.163453,0.161939,0.160158,0.158090,0.155711,0.152989,0.149882,0.146330,0.142249,0.137514,0.131921,0.125114,0.116348,0.103503,0.054218
159360,0.167483,0.167372,0.167041,0.166485,0.165702,0.164685,0.163425,0.161912,0.160131,0.158063,0.155685,0.152964,0.149858,0.146307,0.142228,0.137493,0.131902,0.125096,0.116332,0.103490,0.054214
159420,0.167453,0.167343,0.167012,0.166456,0.165673,0.164656,0.163397,0.161884,0.160104,0.158037,0.155660,0.152940,0.149834,0.146284,0.142206,0.137472,0.131883,0.125079,0.116317,0.103478,0.054211
159480,0.167424,0.167314,0.166983,0.166428,0.165645,0.164628,0.163369,0.161857,0.160077,0.158011,0.155634,0.152915,0.149810,0.146261,0.142184,0.137452,0.131863,0.125061,0.116301,0.103465,0.054208
159540,0.167395,0.167285,0.166954,0.166399,0.165616,0.164600,0.163341,0.161829,0.160050,0.157984,0.155608,0.152890,0.149786,0.146238,0.142162,0.137431,0.131844,0.125044,0.116286,0.103453,0.054205
159600,0.167366,0.167256,0.166925,0.166370,0.165588,0.164572,0.163313,0.161802,0.160023,0.157958,0.155583,0.152865,0.149762,0.146215,0.142140,0.137411,0.131825,0.125026,0.116271,0.103440,0.054202
159660,0.167337,0.167227,0.166896,0.166341,0.165559,0.164543,0.163286,0.161775,0.159996,0.157932,0.155557,0.152840,0.149738,0.146192,0.142118,0.137390,0.131806,0.125009,0.116255,0.103427,0.054198
159720,0.167308,0.167198,0.166867,0.166313,0.165531,0.164515,0.163258,0.161747,0.159969,0.157906,0.155532,0.152816,0.149714,0.146169,0.142096,0.137369,0.131787,0.124991,0.116240,0.103415,0.054195
159780,0.167279,0.167169,0.166838,0.166284,0.165502,0.164487,0.163230,0.161720,0.159943,0.157879,0.155506,0.152791,0.149690,0.146146,0.142074,0.137349,0.131768,0.124974,0.116224,0.103402,0.054192
159840,0.167250,0.167140,0.166809,0.166255,0.165474,0.164459,0.163202,0.161693,0.159916,0.157853,0.155481,0.152766,0.149667,0.146124,0.142053,0.137328,0.131749,0.124956,0.116209,0.103390,0.054189
159900,0.167221,0.167111,0.166781,0.166227,0.165446,0.164431,0.163175,0.161665,0.159889,0.157827,0.155455,0.152741,0.149643,0.146101,0.142031,0.137308,0.131729,0.124939,0.116194,0.103377,0.054186
159960,0.167192,0.167083,0.166752,0.166198,0.165417,0.164403,0.163147,0.161638,0.159862,0.157801,0.155430,0.152717,0.149619,0.146078,0.142009,0.137287,0.131710,0.124922,0.116178,0.103365,0.054182
160020,0.167164,0.167054,0.166723,0.166170,0.165389,0.164375,0.163119,0.161611,0.159836,0.157775,0.155404,0.152692,0.149595,0.146055,0.141987,0.137267,0.131691,0.124904,0.116163,0.103352,0.054179
160080,0.167135,0.167025,0.166694,0.166141,0.165361,0.164347,0.163092,0.161584,0.159809,0.157749,0.155379,0.152667,0.149571,0.146032,0.141966,0.137246,0.131672,0.124887,0.116148,0.103340,0.054176
160140,0.167106,0.166996,0.166666,0.166112,0.165332,0.164319,0.163064,0.161556,0.159782,0.157723,0.155353,0.152643,0.149548,0.146009,0.141944,0.137226,0.131653,0.124869,0.116132,0.103327,0.054173
160200,0.167077,0.166967,0.166637,0.166084,0.165304,0.164291,0.163036,0.161529,0.159756,0.157697,0.155328,0.152618,0.149524,0.145986,0.141922,0.137205,0.131634,0.124852,0.116117,0.103315,0.054170
160260,0.167048,0.166938,0.166608,0.166055,0.165276,0.164263,0.163009,0.161502,0.159729,0.157671,0.155303,0.152593,0.149500,0.145964,0.141901,0.137185,0.131615,0.124835,0.116102,0.103302,0.054167
160320,0.167019,0.166910,0.166580,0.166027,0.165247,0.164235,0.162981,0.161475,0.159702,0.157644,0.155277,0.152569,0.149476,0.145941,0.141879,0.137164,0.131596,0.124817,0.116086,0.103290,0.054163
160380,0.166991,0.166881,0.166551,0.165999,0.165219,0.164207,0.162954,0.161448,0.159676,0.157618,0.155252,0.152544,0.149453,0.145918,0.141857,0.137144,0.131577,0.124800,0.116071,0.103278,0.054160
160440,0.166962,0.166852,0.166522,0.165970,0.165191,0.164179,0.162926,0.161421,0.159649,0.157592,0.155227,0.152520,0.149429,0.145895,0.141836,0.137123,0.131558,0.124783,0.116056,0.103265,0.054157
160500,0.166933,0.166824,0.166494,0.165942,0.165163,0.164151,0.162898,0.161394,0.159623,0.157567,0.155201,0.152495,0.149405,0.145873,0.141814,0.137103,0.131539,0.124765,0.116041,0.103253,0.054154
160560,0.166905,0.166795,0.166465,0.165913,0.165135,0.164123,0.162871,0.161367,0.159596,0.157541,0.155176,0.152471,0.149382,0.145850,0.141792,0.137083,0.131520,0.124748,0.116025,0.103240,0.054151
160620,0.166876,0.166766,0.166437,0.165885,0.165106,0.164095,0.162843,0.161340,0.159570,0.157515,0.155151,0.152446,0.149358,0.145827,0.141771,0.137062,0.131501,0.124731,0.116010,0.103228,0.054148
160680,0.166847,0.166738,0.166408,0.165857,0.165078,0.164068,0.162816,0.161313,0.159543,0.157489,0.155126,0.152422,0.149334,0.145805,0.141749,0.137042,0.131482,0.124714,0.115995,0.103215,0.054145
160740,0.166819,0.166709,0.166380,0.165828,0.165050,0.164040,0.162789,0.161286,0.159517,0.157463,0.155100,0.152397,0.149311,0.145782,0.141728,0.137022,0.131463,0.124696,0.115980,0.103203,0.054141
160800,0.166790,0.166681,0.166351,0.165800,0.165022,0.164012,0.162761,0.161259,0.159490,0.157437,0.155075,0.152373,0.149287,0.145759,0.141706,0.137001,0.131444,0.124679,0.115965,0.103191,0.054138
160860,0.166761,0.166652,0.166323,0.165772,0.164994,0.163984,0.162734,0.161232,0.159464,0.157411,0.155050,0.152348,0.149263,0.145737,0.141684,0.136981,0.131425,0.124662,0.115949,0.103178,0.054135
160920,0.166733,0.166623,0.166294,0.165743,0.164966,0.163957,0.162706,0.161205,0.159437,0.157385,0.155025,0.152324,0.149240,0.145714,0.141663,0.136961,0.131407,0.124645,0.115934,0.103166,0.054132
160980,0.166704,0.166595,0.166266,0.165715,0.164938,0.163929,0.162679,0.161178,0.159411,0.157359,0.155000,0.152299,0.149216,0.145692,0.141641,0.136940,0.131388,0.124627,0.115919,0.103153,0.054129
161040,0.166676,0.166566,0.166238,0.165687,0.164910,0.163901,0.162652,0.161151,0.159384,0.157334,0.154974,0.152275,0.149193,0.145669,0.141620,0.136920,0.131369,0.124610,0.115904,0.103141,0.054126
161100,0.166647,0.166538,0.166209,0.165659,0.164882,0.163873,0.162624,0.161124,0.159358,0.157308,0.154949,0.152251,0.149169,0.145647,0.141598,0.136900,0.131350,0.124593,0.115889,0.103129,0.054123
161160,0.166619,0.166510,0.166181,0.165631,0.164854,0.163846,0.162597,0.161097,0.159332,0.157282,0.154924,0.152226,0.149146,0.145624,0.141577,0.136880,0.131331,0.124576,0.115874,0.103116,0.054120
161220,0.166590,0.166481,0.166153,0.165602,0.164826,0.163818,0.162570,0.161070,0.159305,0.157256,0.154899,0.152202,0.149122,0.145601,0.141556,0.136859,0.131312,0.124559,0.115858,0.103104,0.054116
161280,0.166562,0.166453,0.166124,0.165574,0.164798,0.163791,0.162543,0.161044,0.159279,0.157231,0.154874,0.152178,0.149099,0.145579,0.141534,0.136839,0.131294,0.124542,0.115843,0.103092,0.054113
161340,0.166534,0.166424,0.166096,0.165546,0.164770,0.163763,0.162515,0.161017,0.159253,0.157205,0.154849,0.152153,0.149075,0.145556,0.141513,0.136819,0.131275,0.124524,0.115828,0.103079,0.054110
161400,0.166505,0.166396,0.166068,0.165518,0.164743,0.163735,0.162488,0.160990,0.159227,0.157179,0.154824,0.152129,0.149052,0.145534,0.141491,0.136799,0.131256,0.124507,0.115813,0.103067,0.054107
161460,0.166477,0.166368,0.166040,0.165490,0.164715,0.163708,0.162461,0.160963,0.159200,0.157154,0.154799,0.152105,0.149029,0.145512,0.141470,0.136779,0.131237,0.124490,0.115798,0.103055,0.054104
161520,0.166448,0.166339,0.166011,0.165462,0.164687,0.163680,0.162434,0.160936,0.159174,0.157128,0.154774,0.152081,0.149005,0.145489,0.141449,0.136759,0.131219,0.124473,0.115783,0.103043,0.054101
161580,0.166420,0.166311,0.165983,0.165434,0.164659,0.163653,0.162407,0.160910,0.159148,0.157102,0.154749,0.152057,0.148982,0.145467,0.141427,0.136738,0.131200,0.124456,0.115768,0.103030,0.054098
161640,0.166392,0.166283,0.165955,0.165406,0.164631,0.163625,0.162380,0.160883,0.159122,0.157077,0.154724,0.152032,0.148959,0.145444,0.141406,0.136718,0.131181,0.124439,0.115753,0.103018,0.054095
161700,0.166364,0.166255,0.165927,0.165378,0.164604,0.163598,0.162352,0.160856,0.159095,0.157051,0.154699,0.152008,0.148935,0.145422,0.141385,0.136698,0.131162,0.124422,0.115738,0.103006,0.054092
161760,0.166335,0.166226,0.165899,0.165350,0.164576,0.163570,0.162325,0.160830,0.159069,0.157026,0.154674,0.151984,0.148912,0.145400,0.141363,0.136678,0.131144,0.124405,0.115723,0.102993,0.054089
161820,0.166307,0.166198,0.165871,0.165322,0.164548,0.163543,0.162298,0.160803,0.159043,0.157000,0.154649,0.151960,0.148889,0.145377,0.141342,0.136658,0.131125,0.124388,0.115708,0.102981,0.054086
161880,0.166279,0.166170,0.165842,0.165294,0.164520,0.163516,0.162271,0.160777,0.159017,0.156974,0.154625,0.151936,0.148865,0.145355,0.141321,0.136638,0.131106,0.124371,0.115693,0.102969,0.054083
161940,0.166251,0.166142,0.165814,0.165266,0.164493,0.163488,0.162244,0.160750,0.158991,0.156949,0.154600,0.151912,0.148842,0.145333,0.141300,0.136618,0.131088,0.124354,0.115678,0.102957,0.054080
162000,0.166223,0.166114,0.165786,0.165238,0.164465,0.163461,0.162217,0.160723,0.158965,0.156923,0.154575,0.151888,0.148819,0.145310,0.141278,0.136598,0.131069,0.124337,0.115663,0.102945,0.054077
162060,0.166194,0.166086,0.165758,0.165210,0.164437,0.163433,0.162190,0.160697,0.158939,0.156898,0.154550,0.151863,0.148796,0.145288,0.141257,0.136578,0.131050,0.124320,0.115648,0.102932,0.054073
162120,0.166166,0.166057,0.165730,0.165183,0.164410,0.163406,0.162163,0.160670,0.158913,0.156873,0.154525,0.151839,0.148772,0.145266,0.141236,0.136558,0.131032,0.124303,0.115633,0.102920,0.054070
162180,0.166138,0.166029,0.165702,0.165155,0.164382,0.163379,0.162136,0.160644,0.158887,0.156847,0.154501,0.151815,0.148749,0.145243,0.141215,0.136538,0.131013,0.124286,0.115618,0.102908,0.054067
162240,0.166110,0.166001,0.165674,0.165127,0.164355,0.163352,0.162109,0.160617,0.158861,0.156822,0.154476,0.151791,0.148726,0.145221,0.141194,0.136518,0.130995,0.124269,0.115603,0.102896,0.054064
162300,0.166082,0.165973,0.165646,0.165099,0.164327,0.163324,0.162082,0.160591,0.158835,0.156796,0.154451,0.151767,0.148703,0.145199,0.141172,0.136498,0.130976,0.124252,0.115588,0.102884,0.054061
162360,0.166054,0.165945,0.165619,0.165071,0.164300,0.163297,0.162056,0.160564,0.158809,0.156771,0.154426,0.151743,0.148680,0.145177,0.141151,0.136478,0.130957,0.124235,0.115573,0.102871,0.054058
162420,0.166026,0.165917,0.165591,0.165044,0.164272,0.163270,0.162029,0.160538,0.158783,0.156746,0.154402,0.151719,0.148657,0.145155,0.141130,0.136458,0.130939,0.124218,0.115558,0.102859,0.054055
162480,0.165998,0.165889,0.165563,0.165016,0.164245,0.163243,0.162002,0.160511,0.158757,0.156720,0.154377,0.151695,0.148633,0.145132,0.141109,0.136438,0.130920,0.124201,0.115543,0.102847,0.054052
162540,0.165970,0.165861,0.165535,0.164988,0.164217,0.163215,0.161975,0.160485,0.158731,0.156695,0.154352,0.151672,0.148610,0.145110,0.141088,0.136418,0.130902,0.124184,0.115528,0.102835,0.054049
162600,0.165942,0.165833,0.165507,0.164961,0.164190,0.163188,0.161948,0.160459,0.158705,0.156670,0.154328,0.151648,0.148587,0.145088,0.141067,0.136398,0.130883,0.124167,0.115514,0.102823,0.054046
162660,0.165914,0.165806,0.165479,0.164933,0.164162,0.163161,0.161921,0.160432,0.158679,0.156644,0.154303,0.151624,0.148564,0.145066,0.141046,0.136379,0.130865,0.124150,0.115499,0.102811,0.054043
162720,0.165886,0.165778,0.165451,0.164905,0.164135,0.163134,0.161895,0.160406,0.158654,0.156619,0.154278,0.151600,0.148541,0.145044,0.141025,0.136359,0.130846,0.124134,0.115484,0.102798,0.054040
162780,0.165858,0.165750,0.165424,0.164878,0.164107,0.163107,0.161868,0.160380,0.158628,0.156594,0.154254,0.151576,0.148518,0.145022,0.141004,0.136339,0.130828,0.124117,0.115469,0.102786,0.054037
162840,0.165830,0.165722,0.165396,0.164850,0.164080,0.163080,0.161841,0.160353,0.158602,0.156569,0.154229,0.151552,0.148495,0.145000,0.140983,0.136319,0.130809,0.124100,0.115454,0.102774,0.054034
162900,0.165802,0.165694,0.165368,0.164822,0.164053,0.163053,0.161815,0.160327,0.158576,0.156543,0.154205,0.151528,0.148472,0.144978,0.140962,0.136299,0.130791,0.124083,0.115439,0.102762,0.054031
162960,0.165775,0.165666,0.165341,0.164795,0.164025,0.163026,0.161788,0.160301,0.158550,0.156518,0.154180,0.151505,0.148449,0.144956,0.140941,0.136279,0.130773,0.124066,0.115424,0.102750,0.054028
163020,0.165747,0.165638,0.165313,0.164767,0.163998,0.162999,0.161761,0.160275,0.158525,0.156493,0.154156,0.151481,0.148426,0.144934,0.140920,0.136260,0.130754,0.124049,0.115410,0.102738,0.054025
163080,0.165719,0.165611,0.165285,0.164740,0.163971,0.162972,0.161735,0.160248,0.158499,0.156468,0.154131,0.151457,0.148403,0.144912,0.140899,0.136240,0.130736,0.124033,0.115395,0.102726,0.054022
163140,0.165691,0.165583,0.165257,0.164712,0.163943,0.162945,0.161708,0.160222,0.158473,0.156443,0.154107,0.151433,0.148380,0.144890,0.140878,0.136220,0.130717,0.124016,0.115380,0.102714,0.054019
163200,0.165663,0.165555,0.165230,0.164685,0.163916,0.162918,0.161681,0.160196,0.158448,0.156418,0.154082,0.151410,0.148357,0.144868,0.140857,0.136200,0.130699,0.123999,0.115365,0.102702,0.054016
163260,0.165636,0.165528,0.165202,0.164657,0.163889,0.162891,0.161655,0.160170,0.158422,0.156392,0.154058,0.151386,0.148335,0.144846,0.140836,0.136181,0.130681,0.123982,0.115350,0.102690,0.054013
163320,0.165608,0.165500,0.165175,0.164630,0.163862,0.162864,0.161628,0.160144,0.158396,0.156367,0.154033,0.151362,0.148312,0.144824,0.140815,0.136161,0.130662,0.123966,0.115336,0.102678,0.054010
163380,0.165580,0.165472,0.165147,0.164603,0.163835,0.162837,0.161602,0.160118,0.158371,0.156342,0.154009,0.151338,0.148289,0.144802,0.140794,0.136141,0.130644,0.123949,0.115321,0.102666,0.054007
163440,0.165553,0.165445,0.165120,0.164575,0.163807,0.162810,0.161575,0.160091,0.158345,0.156317,0.153984,0.151315,0.148266,0.144780,0.140773,0.136122,0.130626,0.123932,0.115306,0.102654,0.054004
163500,0.165525,0.165417,0.165092,0.164548,0.163780,0.162783,0.161549,0.160065,0.158319,0.156292,0.153960,0.151291,0.148243,0.144758,0.140752,0.136102,0.130607,0.123915,0.115291,0.102642,0.054001
163560,0.165497,0.165389,0.165065,0.164521,0.163753,0.162756,0.161522,0.160039,0.158294,0.156267,0.153936,0.151267,0.148220,0.144736,0.140731,0.136082,0.130589,0.123899,0.115277,0.102630,0.053998
163620,0.165470,0.165362,0.165037,0.164493,0.163726,0.162730,0.161496,0.160013,0.158268,0.156242,0.153911,0.151244,0.148198,0.144714,0.140711,0.136063,0.130571,0.123882,0.115262,0.102618,0.053995
163680,0.165442,0.165334,0.165010,0.164466,0.163699,0.162703,0.161469,0.159987,0.158243,0.156217,0.153887,0.151220,0.148175,0.144692,0.140690,0.136043,0.130552,0.123865,0.115247,0.102606,0.053992
163740,0.165415,0.165307,0.164982,0.164439,0.163672,0.162676,0.161443,0.159961,0.158217,0.156192,0.153863,0.151197,0.148152,0.144670,0.140669,0.136023,0.130534,0.123849,0.115233,0.102594,0.053989
163800,0.165387,0.165279,0.164955,0.164411,0.163645,0.162649,0.161416,0.159935,0.158192,0.156167,0.153838,0.151173,0.148129,0.144649,0.140648,0.136004,0.130516,0.123832,0.115218,0.102582,0.053987
163860,0.165360,0.165252,0.164927,0.164384,0.163618,0.162623,0.161390,0.159909,0.158166,0.156143,0.153814,0.151150,0.148107,0.144627,0.140627,0.135984,0.130498,0.123815,0.115203,0.102570,0.053984
163920,0.165332,0.165224,0.164900,0.164357,0.163591,0.162596,0.161364,0.159883,0.158141,0.156118,0.153790,0.151126,0.148084,0.144605,0.140607,0.135965,0.130479,0.123799,0.115189,0.102558,0.053981
163980,0.165305,0.165197,0.164873,0.164330,0.163564,0.162569,0.161337,0.159857,0.158115,0.156093,0.153766,0.151103,0.148061,0.144583,0.140586,0.135945,0.130461,0.123782,0.115174,0.102546,0.053978
164040,0.165277,0.165169,0.164845,0.164302,0.163537,0.162542,0.161311,0.159831,0.158090,0.156068,0.153741,0.151079,0.148038,0.144562,0.140565,0.135925,0.130443,0.123766,0.115159,0.102534,0.053975
164100,0.165250,0.165142,0.164818,0.164275,0.163510,0.162516,0.161285,0.159806,0.158065,0.156043,0.153717,0.151056,0.148016,0.144540,0.140545,0.135906,0.130425,0.123749,0.115145,0.102522,0.053972
164160,0.165222,0.165114,0.164791,0.164248,0.163483,0.162489,0.161258,0.159780,0.158039,0.156018,0.153693,0.151032,0.147993,0.144518,0.140524,0.135886,0.130407,0.123732,0.115130,0.102510,0.053969
164220,0.165195,0.165087,0.164763,0.164221,0.163456,0.162463,0.161232,0.159754,0.158014,0.155993,0.153669,0.151009,0.147970,0.144496,0.140503,0.135867,0.130389,0.123716,0.115115,0.102498,0.053966
164280,0.165167,0.165060,0.164736,0.164194,0.163429,0.162436,0.161206,0.159728,0.157988,0.155969,0.153645,0.150985,0.147948,0.144475,0.140482,0.135847,0.130370,0.123699,0.115101,0.102486,0.053963
164340,0.165140,0.165032,0.164709,0.164167,0.163402,0.162409,0.161180,0.159702,0.157963,0.155944,0.153621,0.150962,0.147925,0.144453,0.140462,0.135828,0.130352,0.123683,0.115086,0.102474,0.053960
164400,0.165113,0.165005,0.164682,0.164140,0.163375,0.162383,0.161153,0.159676,0.157938,0.155919,0.153596,0.150938,0.147903,0.144431,0.140441,0.135808,0.130334,0.123666,0.115072,0.102462,0.053957
164460,0.165085,0.164978,0.164654,0.164113,0.163349,0.162356,0.161127,0.159651,0.157912,0.155894,0.153572,0.150915,0.147880,0.144410,0.140421,0.135789,0.130316,0.123650,0.115057,0.102450,0.053954
164520,0.165058,0.164951,0.164627,0.164086,0.163322,0.162330,0.161101,0.159625,0.157887,0.155870,0.153548,0.150892,0.147858,0.144388,0.140400,0.135770,0.130298,0.123633,0.115043,0.102438,0.053951
164580,0.165031,0.164923,0.164600,0.164059,0.163295,0.162303,0.161075,0.159599,0.157862,0.155845,0.153524,0.150868,0.147835,0.144366,0.140379,0.135750,0.130280,0.123617,0.115028,0.102427,0.053949
164640,0.165004,0.164896,0.164573,0.164032,0.163268,0.162277,0.161049,0.159573,0.157837,0.155820,0.153500,0.150845,0.147813,0.144345,0.140359,0.135731,0.130262,0.123600,0.115013,0.102415,0.053946
164700,0.164976,0.164869,0.164546,0.164005,0.163242,0.162250,0.161023,0.159548,0.157811,0.155796,0.153476,0.150822,0.147790,0.144323,0.140338,0.135711,0.130244,0.123584,0.114999,0.102403,0.053943
164760,0.164949,0.164842,0.164519,0.163978,0.163215,0.162224,0.160996,0.159522,0.157786,0.155771,0.153452,0.150798,0.147768,0.144302,0.140318,0.135692,0.130226,0.123567,0.114984,0.102391,0.053940
164820,0.164922,0.164814,0.164492,0.163951,0.163188,0.162197,0.160970,0.159496,0.157761,0.155746,0.153428,0.150775,0.147745,0.144280,0.140297,0.135673,0.130208,0.123551,0.114970,0.102379,0.053937
164880,0.164895,0.164787,0.164465,0.163924,0.163161,0.162171,0.160944,0.159471,0.157736,0.155722,0.153404,0.150752,0.147723,0.144258,0.140277,0.135653,0.130190,0.123534,0.114955,0.102367,0.053934
164940,0.164867,0.164760,0.164438,0.163897,0.163135,0.162145,0.160918,0.159445,0.157711,0.155697,0.153380,0.150729,0.147700,0.144237,0.140256,0.135634,0.130172,0.123518,0.114941,0.102355,0.053931
165000,0.164840,0.164733,0.164410,0.163870,0.163108,0.162118,0.160892,0.159419,0.157686,0.155673,0.153356,0.150705,0.147678,0.144215,0.140236,0.135615,0.130154,0.123502,0.114926,0.102344,0.053928
165060,0.164813,0.164706,0.164383,0.163843,0.163081,0.162092,0.160866,0.159394,0.157661,0.155648,0.153332,0.150682,0.147655,0.144194,0.140215,0.135595,0.130136,0.123485,0.114912,0.102332,0.053925
165120,0.164786,0.164679,0.164357,0.163817,0.163055,0.162066,0.160840,0.159368,0.157635,0.155623,0.153308,0.150659,0.147633,0.144172,0.140195,0.135576,0.130118,0.123469,0.114897,0.102320,0.053923
165180,0.164759,0.164652,0.164330,0.163790,0.163028,0.162039,0.160814,0.159343,0.157610,0.155599,0.153285,0.150636,0.147611,0.144151,0.140174,0.135557,0.130100,0.123452,0.114883,0.102308,0.053920
165240,0.164732,0.164625,0.164303,0.163763,0.163002,0.162013,0.160788,0.159317,0.157585,0.155574,0.153261,0.150613,0.147588,0.144130,0.140154,0.135537,0.130082,0.123436,0.114869,0.102296,0.053917
165300,0.164705,0.164598,0.164276,0.163736,0.162975,0.161987,0.160762,0.159292,0.157560,0.155550,0.153237,0.150590,0.147566,0.144108,0.140133,0.135518,0.130064,0.123420,0.114854,0.102285,0.053914
165360,0.164678,0.164571,0.164249,0.163709,0.162949,0.161960,0.160737,0.159266,0.157535,0.155525,0.153213,0.150566,0.147544,0.144087,0.140113,0.135499,0.130046,0.123403,0.114840,0.102273,0.053911
165420,0.164651,0.164544,0.164222,0.163683,0.162922,0.161934,0.160711,0.159241,0.157510,0.155501,0.153189,0.150543,0.147521,0.144065,0.140093,0.135480,0.130028,0.123387,0.114825,0.102261,0.053908
165480,0.164624,0.164517,0.164195,0.163656,0.162896,0.161908,0.160685,0.159215,0.157485,0.155477,0.153165,0.150520,0.147499,0.144044,0.140072,0.135460,0.130010,0.123371,0.114811,0.102249,0.053905
165540,0.164597,0.164490,0.164168,0.163629,0.162869,0.161882,0.160659,0.159190,0.157460,0.155452,0.153142,0.150497,0.147477,0.144022,0.140052,0.135441,0.129992,0.123354,0.114796,0.102238,0.053903
165600,0.164570,0.164463,0.164141,0.163603,0.162843,0.161856,0.160633,0.159164,0.157435,0.155428,0.153118,0.150474,0.147454,0.144001,0.140032,0.135422,0.129974,0.123338,0.114782,0.102226,0.053900
165660,0.164543,0.164436,0.164115,0.163576,0.162816,0.161829,0.160607,0.159139,0.157410,0.155403,0.153094,0.150451,0.147432,0.143980,0.140011,0.135403,0.129957,0.123322,0.114768,0.102214,0.053897
165720,0.164516,0.164409,0.164088,0.163549,0.162790,0.161803,0.160581,0.159114,0.157386,0.155379,0.153070,0.150428,0.147410,0.143958,0.139991,0.135384,0.129939,0.123305,0.114753,0.102202,0.053894
165780,0.164489,0.164382,0.164061,0.163523,0.162763,0.161777,0.160556,0.159088,0.157361,0.155355,0.153047,0.150405,0.147388,0.143937,0.139971,0.135364,0.129921,0.123289,0.114739,0.102191,0.053891
165840,0.164462,0.164356,0.164034,0.163496,0.162737,0.161751,0.160530,0.159063,0.157336,0.155330,0.153023,0.150382,0.147366,0.143916,0.139950,0.135345,0.129903,0.123273,0.114725,0.102179,0.053888
165900,0.164436,0.164329,0.164008,0.163470,0.162711,0.161725,0.160504,0.159038,0.157311,0.155306,0.152999,0.150359,0.147343,0.143895,0.139930,0.135326,0.129885,0.123257,0.114710,0.102167,0.053886
165960,0.164409,0.164302,0.163981,0.163443,0.162684,0.161699,0.160478,0.159012,0.157286,0.155282,0.152976,0.150336,0.147321,0.143873,0.139910,0.135307,0.129867,0.123240,0.114696,0.102155,0.053883
166020,0.164382,0.164275,0.163954,0.163416,0.162658,0.161673,0.160453,0.158987,0.157261,0.155258,0.152952,0.150313,0.147299,0.143852,0.139889,0.135288,0.129850,0.123224,0.114682,0.102144,0.053880
166080,0.164355,0.164248,0.163927,0.163390,0.162632,0.161647,0.160427,0.158962,0.157236,0.155233,0.152928,0.150290,0.147277,0.143831,0.139869,0.135269,0.129832,0.123208,0.114667,0.102132,0.053877
166140,0.164328,0.164222,0.163901,0.163363,0.162605,0.161621,0.160401,0.158936,0.157212,0.155209,0.152905,0.150267,0.147255,0.143810,0.139849,0.135250,0.129814,0.123192,0.114653,0.102120,0.053874
166200,0.164302,0.164195,0.163874,0.163337,0.162579,0.161595,0.160376,0.158911,0.157187,0.155185,0.152881,0.150244,0.147233,0.143788,0.139829,0.135231,0.129796,0.123175,0.114639,0.102109,0.053871
166260,0.164275,0.164168,0.163848,0.163311,0.162553,0.161569,0.160350,0.158886,0.157162,0.155161,0.152857,0.150221,0.147211,0.143767,0.139809,0.135212,0.129779,0.123159,0.114624,0.102097,0.053869
166320,0.164248,0.164142,0.163821,0.163284,0.162527,0.161543,0.160325,0.158861,0.157137,0.155136,0.152834,0.150199,0.147189,0.143746,0.139788,0.135193,0.129761,0.123143,0.114610,0.102085,0.053866
166380,0.164222,0.164115,0.163794,0.163258,0.162500,0.161517,0.160299,0.158836,0.157113,0.155112,0.152810,0.150176,0.147166,0.143725,0.139768,0.135174,0.129743,0.123127,0.114596,0.102074,0.053863
166440,0.164195,0.164088,0.163768,0.163231,0.162474,0.161491,0.160273,0.158810,0.157088,0.155088,0.152787,0.150153,0.147144,0.143704,0.139748,0.135155,0.129725,0.123111,0.114582,0.102062,0.053860
166500,0.164168,0.164062,0.163741,0.163205,0.162448,0.161465,0.160248,0.158785,0.157063,0.155064,0.152763,0.150130,0.147122,0.143683,0.139728,0.135136,0.129708,0.123095,0.114567,0.102051,0.053857
166560,0.164142,0.164035,0.163715,0.163179,0.162422,0.161439,0.160222,0.158760,0.157039,0.155040,0.152740,0.150107,0.147100,0.143661,0.139708,0.135117,0.129690,0.123078,0.114553,0.102039,0.053855
166620,0.164115,0.164008,0.163688,0.163152,0.162396,0.161413,0.160197,0.158735,0.157014,0.155016,0.152716,0.150085,0.147078,0.143640,0.139688,0.135098,0.129672,0.123062,0.114539,0.102027,0.053852
166680,0.164088,0.163982,0.163662,0.163126,0.162370,0.161388,0.160171,0.158710,0.156989,0.154992,0.152693,0.150062,0.147056,0.143619,0.139668,0.135079,0.129655,0.123046,0.114525,0.102016,0.053849
166740,0.164062,0.163955,0.163635,0.163100,0.162344,0.161362,0.160146,0.158685,0.156965,0.154968,0.152669,0.150039,0.147034,0.143598,0.139648,0.135060,0.129637,0.123030,0.114511,0.102004,0.053846
166800,0.164035,0.163929,0.163609,0.163073,0.162318,0.161336,0.160120,0.158660,0.156940,0.154944,0.152646,0.150016,0.147013,0.143577,0.139628,0.135041,0.129620,0.123014,0.114496,0.101992,0.053843
166860,0.164009,0.163902,0.163583,0.163047,0.162292,0.161310,0.160095,0.158635,0.156916,0.154920,0.152623,0.149994,0.146991,0.143556,0.139608,0.135022,0.129602,0.122998,0.114482,0.101981,0.053841
166920,0.163982,0.163876,0.163556,0.163021,0.162265,0.161284,0.160069,0.158610,0.156891,0.154895,0.152599,0.149971,0.146969,0.143535,0.139587,0.135003,0.129584,0.122982,0.114468,0.101969,0.053838
166980,0.163956,0.163849,0.163530,0.162995,0.162239,0.161259,0.160044,0.158585,0.156867,0.154872,0.152576,0.149948,0.146947,0.143514,0.139567,0.134984,0.129567,0.122966,0.114454,0.101958,0.053835
167040,0.163929,0.163823,0.163503,0.162968,0.162213,0.161233,0.160019,0.158560,0.156842,0.154848,0.152552,0.149926,0.146925,0.143493,0.139547,0.134965,0.129549,0.122950,0.114440,0.101946,0.053832
167100,0.163903,0.163797,0.163477,0.162942,0.162188,0.161207,0.159993,0.158535,0.156818,0.154824,0.152529,0.149903,0.146903,0.143472,0.139527,0.134946,0.129532,0.122934,0.114426,0.101935,0.053830
167160,0.163876,0.163770,0.163451,0.162916,0.162162,0.161182,0.159968,0.158510,0.156793,0.154800,0.152506,0.149880,0.146881,0.143451,0.139507,0.134928,0.129514,0.122918,0.114411,0.101923,0.053827
167220,0.163850,0.163744,0.163424,0.162890,0.162136,0.161156,0.159943,0.158485,0.156769,0.154776,0.152482,0.149858,0.146859,0.143430,0.139488,0.134909,0.129496,0.122902,0.114397,0.101912,0.053824
167280,0.163823,0.163717,0.163398,0.162864,0.162110,0.161130,0.159917,0.158460,0.156744,0.154752,0.152459,0.149835,0.146838,0.143409,0.139468,0.134890,0.129479,0.122886,0.114383,0.101900,0.053821
167340,0.163797,0.163691,0.163372,0.162838,0.162084,0.161105,0.159892,0.158435,0.156720,0.154728,0.152436,0.149812,0.146816,0.143388,0.139448,0.134871,0.129461,0.122870,0.114369,0.101888,0.053819
167400,0.163771,0.163665,0.163346,0.162811,0.162058,0.161079,0.159867,0.158410,0.156695,0.154704,0.152413,0.149790,0.146794,0.143367,0.139428,0.134852,0.129444,0.122854,0.114355,0.101877,0.053816
167460,0.163744,0.163638,0.163319,0.162785,0.162032,0.161053,0.159841,0.158385,0.156671,0.154680,0.152389,0.149767,0.146772,0.143346,0.139408,0.134833,0.129426,0.122838,0.114341,0.101865,0.053813
167520,0.163718,0.163612,0.163293,0.162759,0.162006,0.161028,0.159816,0.158360,0.156646,0.154656,0.152366,0.149745,0.146750,0.143325,0.139388,0.134815,0.129409,0.122822,0.114327,0.101854,0.053810
167580,0.163692,0.163586,0.163267,0.162733,0.161980,0.161002,0.159791,0.158336,0.156622,0.154632,0.152343,0.149722,0.146729,0.143305,0.139368,0.134796,0.129391,0.122806,0.114313,0.101842,0.053808
167640,0.163665,0.163560,0.163241,0.162707,0.161955,0.160977,0.159766,0.158311,0.156598,0.154609,0.152320,0.149700,0.146707,0.143284,0.139348,0.134777,0.129374,0.122790,0.114299,0.101831,0.053805
167700,0.163639,0.163533,0.163215,0.162681,0.161929,0.160951,0.159741,0.158286,0.156573,0.154585,0.152297,0.149677,0.146685,0.143263,0.139328,0.134758,0.129357,0.122774,0.114285,0.101819,0.053802
167760,0.163613,0.163507,0.163189,0.162655,0.161903,0.160926,0.159715,0.158261,0.156549,0.154561,0.152273,0.149655,0.146663,0.143242,0.139308,0.134740,0.129339,0.122758,0.114270,0.101808,0.053799
167820,0.163587,0.163481,0.163163,0.162629,0.161877,0.160900,0.159690,0.158236,0.156525,0.154537,0.152250,0.149632,0.146642,0.143221,0.139289,0.134721,0.129322,0.122742,0.114256,0.101796,0.053797
167880,0.163560,0.163455,0.163136,0.162603,0.161851,0.160875,0.159665,0.158212,0.156501,0.154514,0.152227,0.149610,0.146620,0.143200,0.139269,0.134702,0.129304,0.122726,0.114242,0.101785,0.053794
167940,0.163534,0.163428,0.163110,0.162577,0.161826,0.160849,0.159640,0.158187,0.156476,0.154490,0.152204,0.149587,0.146598,0.143180,0.139249,0.134684,0.129287,0.122710,0.114228,0.101774,0.053791
168000,0.163508,0.163402,0.163084,0.162552,0.161800,0.160824,0.159615,0.158162,0.156452,0.154466,0.152181,0.149565,0.146577,0.143159,0.139229,0.134665,0.129270,0.122694,0.114214,0.101762,0.053789
168060,0.163482,0.163376,0.163058,0.162526,0.161774,0.160798,0.159590,0.158138,0.156428,0.154442,0.152158,0.149543,0.146555,0.143138,0.139209,0.134646,0.129252,0.122679,0.114200,0.101751,0.053786
168120,0.163456,0.163350,0.163032,0.162500,0.161749,0.160773,0.159565,0.158113,0.156404,0.154419,0.152135,0.149520,0.146534,0.143117,0.139190,0.134628,0.129235,0.122663,0.114186,0.101739,0.053783
168180,0.163430,0.163324,0.163006,0.162474,0.161723,0.160748,0.159540,0.158088,0.156379,0.154395,0.152112,0.149498,0.146512,0.143097,0.139170,0.134609,0.129217,0.122647,0.114172,0.101728,0.053780
168240,0.163404,0.163298,0.162980,0.162448,0.161697,0.160722,0.159515,0.158064,0.156355,0.154372,0.152089,0.149475,0.146490,0.143076,0.139150,0.134590,0.129200,0.122631,0.114158,0.101716,0.053778
168300,0.163378,0.163272,0.162954,0.162422,0.161672,0.160697,0.159490,0.158039,0.156331,0.154348,0.152066,0.149453,0.146469,0.143055,0.139130,0.134572,0.129183,0.122615,0.114144,0.101705,0.053775
168360,0.163351,0.163246,0.162928,0.162396,0.161646,0.160672,0.159465,0.158014,0.156307,0.154324,0.152043,0.149431,0.146447,0.143035,0.139111,0.134553,0.129165,0.122599,0.114131,0.101694,0.053772
168420,0.163325,0.163220,0.162902,0.162371,0.161621,0.160646,0.159440,0.157990,0.156283,0.154301,0.152020,0.149409,0.146426,0.143014,0.139091,0.134535,0.129148,0.122584,0.114117,0.101682,0.053770
168480,0.163299,0.163194,0.162876,0.162345,0.161595,0.160621,0.159415,0.157965,0.156259,0.154277,0.151997,0.149386,0.146404,0.142993,0.139071,0.134516,0.129131,0.122568,0.114103,0.101671,0.053767
168540,0.163273,0.163168,0.162851,0.162319,0.161570,0.160596,0.159390,0.157941,0.156235,0.154254,0.151974,0.149364,0.146383,0.142973,0.139052,0.134498,0.129114,0.122552,0.114089,0.101659,0.053764
168600,0.163247,0.163142,0.162825,0.162293,0.161544,0.160571,0.159365,0.157916,0.156211,0.154230,0.151951,0.149342,0.146361,0.142952,0.139032,0.134479,0.129096,0.122536,0.114075,0.101648,0.053762
168660,0.163221,0.163116,0.162799,0.162268,0.161519,0.160545,0.159340,0.157892,0.156187,0.154206,0.151928,0.149319,0.146340,0.142931,0.139012,0.134460,0.129079,0.122521,0.114061,0.101637,0.053759
168720,0.163195,0.163090,0.162773,0.162242,0.161493,0.160520,0.159315,0.157867,0.156163,0.154183,0.151905,0.149297,0.146318,0.142911,0.138993,0.134442,0.129062,0.122505,0.114047,0.101625,0.053756
168780,0.163170,0.163064,0.162747,0.162216,0.161468,0.160495,0.159290,0.157843,0.156139,0.154159,0.151882,0.149275,0.146297,0.142890,0.138973,0.134423,0.129045,0.122489,0.114033,0.101614,0.053753
168840,0.163144,0.163038,0.162721,0.162191,0.161442,0.160470,0.159265,0.157818,0.156115,0.154136,0.151859,0.149253,0.146275,0.142870,0.138954,0.134405,0.129027,0.122473,0.114019,0.101603,0.053751
168900,0.163118,0.163012,0.162696,0.162165,0.161417,0.160445,0.159241,0.157794,0.156091,0.154113,0.151836,0.149231,0.146254,0.142849,0.138934,0.134386,0.129010,0.122458,0.114005,0.101591,0.053748
168960,0.163092,0.162987,0.162670,0.162140,0.161391,0.160419,0.159216,0.157769,0.156067,0.154089,0.151813,0.149208,0.146233,0.142829,0.138914,0.134368,0.128993,0.122442,0.113992,0.101580,0.053745
169020,0.163066,0.162961,0.162644,0.162114,0.161366,0.160394,0.159191,0.157745,0.156043,0.154066,0.151791,0.149186,0.146211,0.142808,0.138895,0.134350,0.128976,0.122426,0.113978,0.101569,0.053743
169080,0.163040,0.162935,0.162618,0.162088,0.161341,0.160369,0.159166,0.157721,0.156019,0.154042,0.151768,0.149164,0.146190,0.142787,0.138875,0.134331,0.128959,0.122411,0.113964,0.101557,0.053740
169140,0.163014,0.162909,0.162593,0.162063,0.161315,0.160344,0.159141,0.157696,0.155995,0.154019,0.151745,0.149142,0.146169,0.142767,0.138856,0.134313,0.128941,0.122395,0.113950,0.101546,0.053737
169200,0.162989,0.162883,0.162567,0.162037,0.161290,0.160319,0.159117,0.157672,0.155971,0.153996,0.151722,0.149120,0.146147,0.142747,0.138836,0.134294,0.128924,0.122379,0.113936,0.101535,0.053735
169260,0.162963,0.162858,0.162541,0.162012,0.161265,0.160294,0.159092,0.157648,0.155947,0.153972,0.151699,0.149098,0.146126,0.142726,0.138817,0.134276,0.128907,0.122364,0.113922,0.101523,0.053732
169320,0.162937,0.162832,0.162516,0.161986,0.161239,0.160269,0.159067,0.157623,0.155923,0.153949,0.151677,0.149076,0.146105,0.142706,0.138797,0.134257,0.128890,0.122348,0.113909,0.101512,0.053730
169380,0.162911,0.162806,0.162490,0.161961,0.161214,0.160244,0.159042,0.157599,0.155899,0.153925,0.151654,0.149054,0.146083,0.142685,0.138778,0.134239,0.128873,0.122332,0.113895,0.101501,0.053727
169440,0.162886,0.162780,0.162464,0.161935,0.161189,0.160219,0.159018,0.157575,0.155875,0.153902,0.151631,0.149032,0.146062,0.142665,0.138758,0.134221,0.128856,0.122317,0.113881,0.101490,0.053724
169500,0.162860,0.162755,0.162439,0.161910,0.161163,0.160194,0.158993,0.157550,0.155852,0.153879,0.151609,0.149010,0.146041,0.142644,0.138739,0.134202,0.128839,0.122301,0.113867,0.101478,0.053722
169560,0.162834,0.162729,0.162413,0.161884,0.161138,0.160169,0.158968,0.157526,0.155828,0.153856,0.151586,0.148988,0.146019,0.142624,0.138719,0.134184,0.128822,0.122285,0.113853,0.101467,0.053719
169620,0.162808,0.162703,0.162388,0.161859,0.161113,0.160144,0.158944,0.157502,0.155804,0.153832,0.151563,0.148966,0.145998,0.142604,0.138700,0.134166,0.128804,0.122270,0.113840,0.101456,0.053716
169680,0.162783,0.162678,0.162362,0.161834,0.161088,0.160119,0.158919,0.157478,0.155780,0.153809,0.151541,0.148944,0.145977,0.142583,0.138681,0.134147,0.128787,0.122254,0.113826,0.101445,0.053714
169740,0.162757,0.162652,0.162337,0.161808,0.161063,0.160094,0.158895,0.157453,0.155757,0.153786,0.151518,0.148922,0.145956,0.142563,0.138661,0.134129,0.128770,0.122239,0.113812,0.101433,0.053711
169800,0.162732,0.162627,0.162311,0.161783,0.161037,0.160069,0.158870,0.157429,0.155733,0.153763,0.151495,0.148900,0.145935,0.142542,0.138642,0.134111,0.128753,0.122223,0.113798,0.101422,0.053708
169860,0.162706,0.162601,0.162286,0.161757,0.161012,0.160044,0.158846,0.157405,0.155709,0.153739,0.151473,0.148878,0.145913,0.142522,0.138622,0.134092,0.128736,0.122208,0.113785,0.101411,0.053706
169920,0.162680,0.162576,0.162260,0.161732,0.160987,0.160020,0.158821,0.157381,0.155685,0.153716,0.151450,0.148856,0.145892,0.142502,0.138603,0.134074,0.128719,0.122192,0.113771,0.101400,0.053703
169980,0.162655,0.162550,0.162235,0.161707,0.160962,0.159995,0.158796,0.157357,0.155662,0.153693,0.151428,0.148834,0.145871,0.142481,0.138584,0.134056,0.128702,0.122176,0.113757,0.101388,0.053701
170040,0.162629,0.162524,0.162209,0.161682,0.160937,0.159970,0.158772,0.157333,0.155638,0.153670,0.151405,0.148812,0.145850,0.142461,0.138564,0.134038,0.128685,0.122161,0.113744,0.101377,0.053698
170100,0.162604,0.162499,0.162184,0.161656,0.160912,0.159945,0.158748,0.157309,0.155614,0.153647,0.151382,0.148790,0.145829,0.142441,0.138545,0.134019,0.128668,0.122145,0.113730,0.101366,0.053695
170160,0.162578,0.162473,0.162159,0.161631,0.160887,0.159920,0.158723,0.157284,0.155591,0.153624,0.151360,0.148768,0.145808,0.142421,0.138526,0.134001,0.128651,0.122130,0.113716,0.101355,0.053693
170220,0.162553,0.162448,0.162133,0.161606,0.160862,0.159896,0.158699,0.157260,0.155567,0.153601,0.151337,0.148747,0.145787,0.142400,0.138507,0.133983,0.128634,0.122114,0.113702,0.101344,0.053690
170280,0.162527,0.162423,0.162108,0.161581,0.160837,0.159871,0.158674,0.157236,0.155544,0.153578,0.151315,0.148725,0.145766,0.142380,0.138487,0.133965,0.128617,0.122099,0.113689,0.101333,0.053688
170340,0.162502,0.162397,0.162082,0.161555,0.160812,0.159846,0.158650,0.157212,0.155520,0.153554,0.151292,0.148703,0.145744,0.142360,0.138468,0.133947,0.128600,0.122084,0.113675,0.101321,0.053685
170400,0.162476,0.162372,0.162057,0.161530,0.160787,0.159821,0.158625,0.157188,0.155496,0.153531,0.151270,0.148681,0.145723,0.142340,0.138449,0.133928,0.128584,0.122068,0.113662,0.101310,0.053682
170460,0.162451,0.162346,0.162032,0.161505,0.160762,0.159797,0.158601,0.157164,0.155473,0.153508,0.151248,0.148659,0.145702,0.142320,0.138430,0.133910,0.128567,0.122053,0.113648,0.101299,0.053680
170520,0.162425,0.162321,0.162007,0.161480,0.160737,0.159772,0.158577,0.157140,0.155449,0.153485,0.151225,0.148638,0.145681,0.142299,0.138410,0.133892,0.128550,0.122037,0.113634,0.101288,0.053677
170580,0.162400,0.162296,0.161981,0.161455,0.160712,0.159747,0.158552,0.157116,0.155426,0.153462,0.151203,0.148616,0.145660,0.142279,0.138391,0.133874,0.128533,0.122022,0.113621,0.101277,0.053675
170640,0.162375,0.162270,0.161956,0.161430,0.160687,0.159723,0.158528,0.157092,0.155402,0.153439,0.151180,0.148594,0.145639,0.142259,0.138372,0.133856,0.128516,0.122006,0.113607,0.101266,0.053672
170700,0.162349,0.162245,0.161931,0.161405,0.160662,0.159698,0.158504,0.157069,0.155379,0.153416,0.151158,0.148572,0.145618,0.142239,0.138353,0.133838,0.128499,0.121991,0.113593,0.101255,0.053669
170760,0.162324,0.162220,0.161906,0.161379,0.160637,0.159673,0.158479,0.157045,0.155355,0.153393,0.151136,0.148551,0.145597,0.142219,0.138334,0.133820,0.128482,0.121976,0.113580,0.101243,0.053667
170820,0.162299,0.162194,0.161880,0.161354,0.160613,0.159649,0.158455,0.157021,0.155332,0.153371,0.151113,0.148529,0.145576,0.142199,0.138314,0.133802,0.128465,0.121960,0.113566,0.101232,0.053664
170880,0.162273,0.162169,0.161855,0.161329,0.160588,0.159624,0.158431,0.156997,0.155308,0.153348,0.151091,0.148507,0.145556,0.142179,0.138295,0.133784,0.128449,0.121945,0.113553,0.101221,0.053662
170940,0.162248,0.162144,0.161830,0.161304,0.160563,0.159600,0.158407,0.156973,0.155285,0.153325,0.151069,0.148486,0.145535,0.142159,0.138276,0.133765,0.128432,0.121929,0.113539,0.101210,0.053659
171000,0.162223,0.162119,0.161805,0.161279,0.160538,0.159575,0.158382,0.156949,0.155262,0.153302,0.151046,0.148464,0.145514,0.142138,0.138257,0.133747,0.128415,0.121914,0.113526,0.101199,0.053657
171060,0.162198,0.162093,0.161780,0.161254,0.160513,0.159551,0.158358,0.156925,0.155238,0.153279,0.151024,0.148442,0.145493,0.142118,0.138238,0.133729,0.128398,0.121899,0.113512,0.101188,0.053654
171120,0.162172,0.162068,0.161755,0.161229,0.160488,0.159526,0.158334,0.156901,0.155215,0.153256,0.151002,0.148421,0.145472,0.142098,0.138219,0.133711,0.128381,0.121883,0.113498,0.101177,0.053651
171180,0.162147,0.162043,0.161730,0.161204,0.160464,0.159502,0.158310,0.156878,0.155191,0.153233,0.150979,0.148399,0.145451,0.142078,0.138200,0.133693,0.128365,0.121868,0.113485,0.101166,0.053649
171240,0.162122,0.162018,0.161704,0.161180,0.160439,0.159477,0.158286,0.156854,0.155168,0.153210,0.150957,0.148378,0.145430,0.142058,0.138181,0.133675,0.128348,0.121853,0.113471,0.101155,0.053646
171300,0.162097,0.161993,0.161679,0.161155,0.160414,0.159453,0.158261,0.156830,0.155145,0.153188,0.150935,0.148356,0.145409,0.142038,0.138162,0.133657,0.128331,0.121837,0.113458,0.101144,0.053644
171360,0.162072,0.161968,0.161654,0.161130,0.160390,0.159428,0.158237,0.156806,0.155122,0.153165,0.150913,0.148334,0.145389,0.142018,0.138142,0.133639,0.128314,0.121822,0.113444,0.101133,0.053641
171420,0.162047,0.161942,0.161629,0.161105,0.160365,0.159404,0.158213,0.156783,0.155098,0.153142,0.150891,0.148313,0.145368,0.141998,0.138123,0.133621,0.128298,0.121807,0.113431,0.101122,0.053639
171480,0.162021,0.161917,0.161604,0.161080,0.160340,0.159379,0.158189,0.156759,0.155075,0.153119,0.150868,0.148291,0.145347,0.141978,0.138104,0.133603,0.128281,0.121792,0.113417,0.101111,0.053636
171540,0.161996,0.161892,0.161579,0.161055,0.160316,0.159355,0.158165,0.156735,0.155052,0.153096,0.150846,0.148270,0.145326,0.141958,0.138085,0.133586,0.128264,0.121776,0.113404,0.101100,0.053634
171600,0.161971,0.161867,0.161554,0.161030,0.160291,0.159331,0.158141,0.156712,0.155028,0.153074,0.150824,0.148248,0.145305,0.141939,0.138066,0.133568,0.128247,0.121761,0.113390,0.101089,0.053631
171660,0.161946,0.161842,0.161529,0.161005,0.160266,0.159306,0.158117,0.156688,0.155005,0.153051,0.150802,0.148227,0.145285,0.141919,0.138047,0.133550,0.128231,0.121746,0.113377,0.101077,0.053628
171720,0.161921,0.161817,0.161504,0.160981,0.160242,0.159282,0.158093,0.156664,0.154982,0.153028,0.150780,0.148205,0.145264,0.141899,0.138028,0.133532,0.128214,0.121731,0.113363,0.101066,0.053626
171780,0.161896,0.161792,0.161480,0.160956,0.160217,0.159258,0.158069,0.156641,0.154959,0.153006,0.150758,0.148184,0.145243,0.141879,0.138010,0.133514,0.128197,0.121715,0.113350,0.101055,0.053623
171840,0.161871,0.161767,0.161455,0.160931,0.160193,0.159233,0.158045,0.156617,0.154936,0.152983,0.150736,0.148162,0.145223,0.141859,0.137991,0.133496,0.128181,0.121700,0.113337,0.101045,0.053621
171900,0.161846,0.161742,0.161430,0.160906,0.160168,0.159209,0.158021,0.156593,0.154912,0.152960,0.150713,0.148141,0.145202,0.141839,0.137972,0.133478,0.128164,0.121685,0.113323,0.101034,0.053618
171960,0.161821,0.161717,0.161405,0.160882,0.160144,0.159185,0.157997,0.156570,0.154889,0.152938,0.150691,0.148120,0.145181,0.141819,0.137953,0.133460,0.128147,0.121670,0.113310,0.101023,0.053616
172020,0.161796,0.161692,0.161380,0.160857,0.160119,0.159160,0.157973,0.156546,0.154866,0.152915,0.150669,0.148098,0.145161,0.141799,0.137934,0.133442,0.128131,0.121655,0.113296,0.101012,0.053613
172080,0.161771,0.161667,0.161355,0.160832,0.160095,0.159136,0.157949,0.156523,0.154843,0.152892,0.150647,0.148077,0.145140,0.141780,0.137915,0.133425,0.128114,0.121639,0.113283,0.101001,0.053611
172140,0.161746,0.161643,0.161330,0.160808,0.160070,0.159112,0.157925,0.156499,0.154820,0.152870,0.150625,0.148055,0.145119,0.141760,0.137896,0.133407,0.128098,0.121624,0.113270,0.100990,0.053608
172200,0.161721,0.161618,0.161306,0.160783,0.160046,0.159088,0.157901,0.156476,0.154797,0.152847,0.150603,0.148034,0.145099,0.141740,0.137877,0.133389,0.128081,0.121609,0.113256,0.100979,0.053606
172260,0.161697,0.161593,0.161281,0.160758,0.160021,0.159064,0.157877,0.156452,0.154774,0.152825,0.150581,0.148013,0.145078,0.141720,0.137858,0.133371,0.128064,0.121594,0.113243,0.100968,0.053603
172320,0.161672,0.161568,0.161256,0.160734,0.159997,0.159039,0.157854,0.156429,0.154751,0.152802,0.150559,0.147991,0.145057,0.141700,0.137839,0.133353,0.128048,0.121579,0.113229,0.100957,0.053601
172380,0.161647,0.161543,0.161231,0.160709,0.159972,0.159015,0.157830,0.156405,0.154728,0.152780,0.150537,0.147970,0.145037,0.141681,0.137821,0.133336,0.128031,0.121564,0.113216,0.100946,0.053598
172440,0.161622,0.161518,0.161207,0.160684,0.159948,0.158991,0.157806,0.156382,0.154705,0.152757,0.150515,0.147949,0.145016,0.141661,0.137802,0.133318,0.128015,0.121548,0.113203,0.100935,0.053596
172500,0.161597,0.161493,0.161182,0.160660,0.159924,0.158967,0.157782,0.156358,0.154682,0.152735,0.150493,0.147928,0.144996,0.141641,0.137783,0.133300,0.127998,0.121533,0.113189,0.100924,0.053593
172560,0.161572,0.161469,0.161157,0.160635,0.159899,0.158943,0.157758,0.156335,0.154659,0.152712,0.150472,0.147906,0.144975,0.141621,0.137764,0.133282,0.127982,0.121518,0.113176,0.100913,0.053591
172620,0.161548,0.161444,0.161132,0.160611,0.159875,0.158919,0.157734,0.156311,0.154636,0.152690,0.150450,0.147885,0.144955,0.141602,0.137745,0.133265,0.127965,0.121503,0.113163,0.100902,0.053588
172680,0.161523,0.161419,0.161108,0.160586,0.159850,0.158895,0.157711,0.156288,0.154613,0.152667,0.150428,0.147864,0.144934,0.141582,0.137727,0.133247,0.127949,0.121488,0.113149,0.100891,0.053586
172740,0.161498,0.161394,0.161083,0.160562,0.159826,0.158871,0.157687,0.156265,0.154590,0.152645,0.150406,0.147843,0.144914,0.141562,0.137708,0.133229,0.127932,0.121473,0.113136,0.100880,0.053583
172800,0.161473,0.161370,0.161059,0.160537,0.159802,0.158847,0.157663,0.156241,0.154567,0.152622,0.150384,0.147821,0.144893,0.141543,0.137689,0.133212,0.127916,0.121458,0.113123,0.100870,0.053581
172860,0.161449,0.161345,0.161034,0.160513,0.159778,0.158823,0.157640,0.156218,0.154544,0.152600,0.150362,0.147800,0.144873,0.141523,0.137670,0.133194,0.127899,0.121443,0.113109,0.100859,0.053578
172920,0.161424,0.161320,0.161009,0.160488,0.159753,0.158799,0.157616,0.156195,0.154521,0.152578,0.150340,0.147779,0.144852,0.141503,0.137652,0.133176,0.127883,0.121428,0.113096,0.100848,0.053576
172980,0.161399,0.161296,0.160985,0.160464,0.159729,0.158775,0.157592,0.156171,0.154498,0.152555,0.150319,0.147758,0.144832,0.141484,0.137633,0.133159,0.127866,0.121413,0.113083,0.100837,0.053573
173040,0.161374,0.161271,0.160960,0.160439,0.159705,0.158751,0.157568,0.156148,0.154475,0.152533,0.150297,0.147737,0.144811,0.141464,0.137614,0.133141,0.127850,0.121398,0.113070,0.100826,0.053571
173100,0.161350,0.161246,0.160936,0.160415,0.159681,0.158727,0.157545,0.156125,0.154453,0.152510,0.150275,0.147716,0.144791,0.141445,0.137596,0.133123,0.127833,0.121383,0.113056,0.100815,0.053568
173160,0.161325,0.161222,0.160911,0.160391,0.159656,0.158703,0.157521,0.156101,0.154430,0.152488,0.150253,0.147694,0.144771,0.141425,0.137577,0.133106,0.127817,0.121368,0.113043,0.100804,0.053566
173220,0.161301,0.161197,0.160887,0.160366,0.159632,0.158679,0.157498,0.156078,0.154407,0.152466,0.150232,0.147673,0.144750,0.141405,0.137558,0.133088,0.127801,0.121353,0.113030,0.100794,0.053563
173280,0.161276,0.161173,0.160862,0.160342,0.159608,0.158655,0.157474,0.156055,0.154384,0.152444,0.150210,0.147652,0.144730,0.141386,0.137540,0.133070,0.127784,0.121338,0.113017,0.100783,0.053561
173340,0.161251,0.161148,0.160838,0.160318,0.159584,0.158631,0.157450,0.156032,0.154361,0.152421,0.150188,0.147631,0.144709,0.141366,0.137521,0.133053,0.127768,0.121323,0.113003,0.100772,0.053559
173400,0.161227,0.161124,0.160813,0.160293,0.159560,0.158607,0.157427,0.156009,0.154339,0.152399,0.150166,0.147610,0.144689,0.141347,0.137502,0.133035,0.127751,0.121308,0.112990,0.100761,0.053556
173460,0.161202,0.161099,0.160789,0.160269,0.159536,0.158583,0.157403,0.155985,0.154316,0.152377,0.150145,0.147589,0.144669,0.141327,0.137484,0.133018,0.127735,0.121293,0.112977,0.100750,0.053554
173520,0.161178,0.161075,0.160764,0.160245,0.159512,0.158559,0.157380,0.155962,0.154293,0.152354,0.150123,0.147568,0.144648,0.141308,0.137465,0.133000,0.127719,0.121278,0.112964,0.100740,0.053551
173580,0.161153,0.161050,0.160740,0.160220,0.159488,0.158536,0.157356,0.155939,0.154270,0.152332,0.150101,0.147547,0.144628,0.141288,0.137447,0.132983,0.127702,0.121263,0.112951,0.100729,0.053549
173640,0.161129,0.161026,0.160716,0.160196,0.159464,0.158512,0.157333,0.155916,0.154248,0.152310,0.150080,0.147526,0.144608,0.141269,0.137428,0.132965,0.127686,0.121248,0.112937,0.100718,0.053546
173700,0.161104,0.161001,0.160691,0.160172,0.159439,0.158488,0.157309,0.155893,0.154225,0.152288,0.150058,0.147505,0.144588,0.141249,0.137410,0.132948,0.127670,0.121233,0.112924,0.100707,0.053544
173760,0.161080,0.160977,0.160667,0.160148,0.159415,0.158464,0.157286,0.155870,0.154202,0.152266,0.150036,0.147484,0.144567,0.141230,0.137391,0.132930,0.127653,0.121218,0.112911,0.100696,0.053541
173820,0.161055,0.160952,0.160642,0.160124,0.159391,0.158440,0.157262,0.155847,0.154180,0.152243,0.150015,0.147463,0.144547,0.141210,0.137373,0.132913,0.127637,0.121203,0.112898,0.100686,0.053539
173880,0.161031,0.160928,0.160618,0.160099,0.159367,0.158417,0.157239,0.155824,0.154157,0.152221,0.149993,0.147442,0.144527,0.141191,0.137354,0.132895,0.127621,0.121189,0.112885,0.100675,0.053537
173940,0.161006,0.160904,0.160594,0.160075,0.159343,0.158393,0.157215,0.155801,0.154134,0.152199,0.149972,0.147421,0.144507,0.141172,0.137335,0.132878,0.127605,0.121174,0.112872,0.100664,0.053534
174000,0.160982,0.160879,0.160570,0.160051,0.159320,0.158369,0.157192,0.155778,0.154112,0.152177,0.149950,0.147400,0.144486,0.141152,0.137317,0.132860,0.127588,0.121159,0.112859,0.100653,0.053532
174060,0.160958,0.160855,0.160545,0.160027,0.159296,0.158346,0.157169,0.155754,0.154089,0.152155,0.149929,0.147379,0.144466,0.141133,0.137299,0.132843,0.127572,0.121144,0.112845,0.100643,0.053529
174120,0.160933,0.160830,0.160521,0.160003,0.159272,0.158322,0.157145,0.155731,0.154067,0.152133,0.149907,0.147358,0.144446,0.141113,0.137280,0.132825,0.127556,0.121129,0.112832,0.100632,0.053527
174180,0.160909,0.160806,0.160497,0.159979,0.159248,0.158298,0.157122,0.155708,0.154044,0.152111,0.149886,0.147338,0.144426,0.141094,0.137262,0.132808,0.127540,0.121114,0.112819,0.100621,0.053524
174240,0.160885,0.160782,0.160473,0.159955,0.159224,0.158275,0.157099,0.155685,0.154021,0.152089,0.149864,0.147317,0.144406,0.141075,0.137243,0.132790,0.127523,0.121099,0.112806,0.100610,0.053522
174300,0.160860,0.160758,0.160448,0.159931,0.159200,0.158251,0.157075,0.155663,0.153999,0.152067,0.149843,0.147296,0.144386,0.141055,0.137225,0.132773,0.127507,0.121085,0.112793,0.100600,0.053520
174360,0.160836,0.160733,0.160424,0.159906,0.159176,0.158227,0.157052,0.155640,0.153976,0.152045,0.149821,0.147275,0.144365,0.141036,0.137206,0.132756,0.127491,0.121070,0.112780,0.100589,0.053517
174420,0.160812,0.160709,0.160400,0.159882,0.159152,0.158204,0.157029,0.155617,0.153954,0.152023,0.149800,0.147254,0.144345,0.141017,0.137188,0.132738,0.127475,0.121055,0.112767,0.100578,0.053515
174480,0.160788,0.160685,0.160376,0.159858,0.159128,0.158180,0.157005,0.155594,0.153931,0.152001,0.149778,0.147233,0.144325,0.140997,0.137169,0.132721,0.127458,0.121040,0.112754,0.100568,0.053512
174540,0.160763,0.160661,0.160352,0.159834,0.159105,0.158157,0.156982,0.155571,0.153909,0.151979,0.149757,0.147213,0.144305,0.140978,0.137151,0.132704,0.127442,0.121025,0.112741,0.100557,0.053510
174600,0.160739,0.160636,0.160328,0.159810,0.159081,0.158133,0.156959,0.155548,0.153887,0.151957,0.149735,0.147192,0.144285,0.140959,0.137133,0.132686,0.127426,0.121011,0.112728,0.100546,0.053508
174660,0.160715,0.160612,0.160304,0.159786,0.159057,0.158109,0.156936,0.155525,0.153864,0.151935,0.149714,0.147171,0.144265,0.140940,0.137114,0.132669,0.127410,0.120996,0.112715,0.100536,0.053505
174720,0.160691,0.160588,0.160279,0.159762,0.159033,0.158086,0.156912,0.155502,0.153842,0.151913,0.149693,0.147150,0.144245,0.140920,0.137096,0.132652,0.127394,0.120981,0.112702,0.100525,0.053503
174780,0.160666,0.160564,0.160255,0.159739,0.159010,0.158062,0.156889,0.155479,0.153819,0.151891,0.149671,0.147129,0.144225,0.140901,0.137078,0.132634,0.127378,0.120966,0.112689,0.100514,0.053500
174840,0.160642,0.160540,0.160231,0.159715,0.158986,0.158039,0.156866,0.155457,0.153797,0.151869,0.149650,0.147109,0.144205,0.140882,0.137059,0.132617,0.127362,0.120952,0.112676,0.100504,0.053498
174900,0.160618,0.160516,0.160207,0.159691,0.158962,0.158015,0.156843,0.155434,0.153774,0.151847,0.149628,0.147088,0.144185,0.140863,0.137041,0.132600,0.127345,0.120937,0.112663,0.100493,0.053496
174960,0.160594,0.160491,0.160183,0.159667,0.158938,0.157992,0.156820,0.155411,0.153752,0.151825,0.149607,0.147067,0.144165,0.140844,0.137023,0.132582,0.127329,0.120922,0.112650,0.100482,0.053493
175020,0.160570,0.160467,0.160159,0.159643,0.158915,0.157969,0.156797,0.155388,0.153730,0.151803,0.149586,0.147047,0.144145,0.140824,0.137004,0.132565,0.127313,0.120908,0.112637,0.100472,0.053491
175080,0.160546,0.160443,0.160135,0.159619,0.158891,0.157945,0.156773,0.155365,0.153707,0.151781,0.149565,0.147026,0.144125,0.140805,0.136986,0.132548,0.127297,0.120893,0.112624,0.100461,0.053488
175140,0.160522,0.160419,0.160111,0.159595,0.158867,0.157922,0.156750,0.155343,0.153685,0.151760,0.149543,0.147005,0.144105,0.140786,0.136968,0.132531,0.127281,0.120878,0.112611,0.100450,0.053486
175200,0.160498,0.160395,0.160087,0.159571,0.158844,0.157898,0.156727,0.155320,0.153663,0.151738,0.149522,0.146985,0.144085,0.140767,0.136950,0.132513,0.127265,0.120864,0.112598,0.100440,0.053484
175260,0.160474,0.160371,0.160063,0.159548,0.158820,0.157875,0.156704,0.155297,0.153640,0.151716,0.149501,0.146964,0.144065,0.140748,0.136931,0.132496,0.127249,0.120849,0.112585,0.100429,0.053481
175320,0.160450,0.160347,0.160039,0.159524,0.158797,0.157852,0.156681,0.155275,0.153618,0.151694,0.149479,0.146943,0.144045,0.140729,0.136913,0.132479,0.127233,0.120834,0.112572,0.100419,0.053479
175380,0.160426,0.160323,0.160016,0.159500,0.158773,0.157828,0.156658,0.155252,0.153596,0.151672,0.149458,0.146923,0.144025,0.140709,0.136895,0.132462,0.127217,0.120820,0.112559,0.100408,0.053476
175440,0.160402,0.160299,0.159992,0.159476,0.158749,0.157805,0.156635,0.155229,0.153574,0.151651,0.149437,0.146902,0.144005,0.140690,0.136877,0.132445,0.127201,0.120805,0.112546,0.100397,0.053474
175500,0.160378,0.160275,0.159968,0.159453,0.158726,0.157782,0.156612,0.155207,0.153551,0.151629,0.149416,0.146882,0.143986,0.140671,0.136859,0.132427,0.127185,0.120790,0.112533,0.100387,0.053472
175560,0.160354,0.160251,0.159944,0.159429,0.158702,0.157758,0.156589,0.155184,0.153529,0.151607,0.149395,0.146861,0.143966,0.140652,0.136840,0.132410,0.127169,0.120776,0.112520,0.100376,0.053469
175620,0.160330,0.160227,0.159920,0.159405,0.158679,0.157735,0.156566,0.155161,0.153507,0.151585,0.149373,0.146841,0.143946,0.140633,0.136822,0.132393,0.127153,0.120761,0.112507,0.100366,0.053467
175680,0.160306,0.160204,0.159896,0.159381,0.158655,0.157712,0.156543,0.155139,0.153485,0.151564,0.149352,0.146820,0.143926,0.140614,0.136804,0.132376,0.127137,0.120746,0.112494,0.100355,0.053465
175740,0.160282,0.160180,0.159872,0.159358,0.158632,0.157689,0.156520,0.155116,0.153463,0.151542,0.149331,0.146799,0.143906,0.140595,0.136786,0.132359,0.127121,0.120732,0.112481,0.100344,0.053462
175800,0.160258,0.160156,0.159849,0.159334,0.158608,0.157665,0.156497,0.155094,0.153440,0.151520,0.149310,0.146779,0.143886,0.140576,0.136768,0.132342,0.127105,0.120717,0.112468,0.100334,0.053460
175860,0.160234,0.160132,0.159825,0.159310,0.158585,0.157642,0.156474,0.155071,0.153418,0.151499,0.149289,0.146758,0.143867,0.140557,0.136750,0.132325,0.127089,0.120703,0.112455,0.100323,0.053458
175920,0.160210,0.160108,0.159801,0.159287,0.158561,0.157619,0.156451,0.155048,0.153396,0.151477,0.149268,0.146738,0.143847,0.140538,0.136732,0.132307,0.127073,0.120688,0.112443,0.100313,0.053455
175980,0.160186,0.160084,0.159777,0.159263,0.158538,0.157596,0.156429,0.155026,0.153374,0.151455,0.149247,0.146718,0.143827,0.140519,0.136713,0.132290,0.127057,0.120674,0.112430,0.100302,0.053453
176040,0.160162,0.160060,0.159754,0.159240,0.158515,0.157573,0.156406,0.155003,0.153352,0.151434,0.149226,0.146697,0.143807,0.140500,0.136695,0.132273,0.127041,0.120659,0.112417,0.100292,0.053451
176100,0.160139,0.160037,0.159730,0.159216,0.158491,0.157549,0.156383,0.154981,0.153330,0.151412,0.149205,0.146677,0.143788,0.140481,0.136677,0.132256,0.127025,0.120644,0.112404,0.100281,0.053448
176160,0.160115,0.160013,0.159706,0.159192,0.158468,0.157526,0.156360,0.154958,0.153308,0.151391,0.149184,0.146656,0.143768,0.140462,0.136659,0.132239,0.127010,0.120630,0.112391,0.100271,0.053446
176220,0.160091,0.159989,0.159682,0.159169,0.158444,0.157503,0.156337,0.154936,0.153286,0.151369,0.149163,0.146636,0.143748,0.140443,0.136641,0.132222,0.126994,0.120615,0.112378,0.100260,0.053444
176280,0.160067,0.159965,0.159659,0.159145,0.158421,0.157480,0.156314,0.154913,0.153264,0.151347,0.149141,0.146615,0.143728,0.140424,0.136623,0.132205,0.126978,0.120601,0.112366,0.100250,0.053441
176340,0.160043,0.159942,0.159635,0.159122,0.158398,0.157457,0.156292,0.154891,0.153242,0.151326,0.149120,0.146595,0.143709,0.140405,0.136605,0.132188,0.126962,0.120586,0.112353,0.100239,0.053439
176400,0.160020,0.159918,0.159612,0.159098,0.158374,0.157434,0.156269,0.154869,0.153220,0.151304,0.149100,0.146575,0.143689,0.140387,0.136587,0.132171,0.126946,0.120572,0.112340,0.100229,0.053437
176460,0.159996,0.159894,0.159588,0.159075,0.158351,0.157411,0.156246,0.154846,0.153198,0.151283,0.149079,0.146554,0.143669,0.140368,0.136569,0.132154,0.126930,0.120557,0.112327,0.100218,0.053434
176520,0.159972,0.159870,0.159564,0.159051,0.158328,0.157388,0.156223,0.154824,0.153176,0.151261,0.149058,0.146534,0.143650,0.140349,0.136551,0.132137,0.126914,0.120543,0.112314,0.100208,0.053432
176580,0.159949,0.159847,0.159541,0.159028,0.158305,0.157365,0.156201,0.154801,0.153154,0.151240,0.149037,0.146514,0.143630,0.140330,0.136533,0.132120,0.126899,0.120529,0.112302,0.100197,0.053430
176640,0.159925,0.159823,0.159517,0.159004,0.158281,0.157342,0.156178,0.154779,0.153132,0.151218,0.149016,0.146493,0.143610,0.140311,0.136515,0.132103,0.126883,0.120514,0.112289,0.100187,0.053427
176700,0.159901,0.159800,0.159494,0.158981,0.158258,0.157319,0.156155,0.154757,0.153110,0.151197,0.148995,0.146473,0.143591,0.140292,0.136497,0.132086,0.126867,0.120500,0.112276,0.100176,0.053425
176760,0.159878,0.159776,0.159470,0.158958,0.158235,0.157296,0.156132,0.154734,0.153088,0.151175,0.148974,0.146453,0.143571,0.140273,0.136479,0.132069,0.126851,0.120485,0.112263,0.100166,0.053423
176820,0.159854,0.159752,0.159447,0.158934,0.158212,0.157273,0.156110,0.154712,0.153066,0.151154,0.148953,0.146432,0.143552,0.140255,0.136461,0.132052,0.126835,0.120471,0.112251,0.100155,0.053420
176880,0.159830,0.159729,0.159423,0.158911,0.158188,0.157250,0.156087,0.154690,0.153044,0.151133,0.148932,0.146412,0.143532,0.140236,0.136443,0.132035,0.126820,0.120456,0.112238,0.100145,0.053418
176940,0.159807,0.159705,0.159400,0.158888,0.158165,0.157227,0.156064,0.154667,0.153022,0.151111,0.148911,0.146392,0.143512,0.140217,0.136426,0.132018,0.126804,0.120442,0.112225,0.100135,0.053416
177000,0.159783,0.159682,0.159376,0.158864,0.158142,0.157204,0.156042,0.154645,0.153000,0.151090,0.148890,0.146372,0.143493,0.140198,0.136408,0.132001,0.126788,0.120428,0.112212,0.100124,0.053413
177060,0.159760,0.159658,0.159353,0.158841,0.158119,0.157181,0.156019,0.154623,0.152979,0.151068,0.148870,0.146351,0.143473,0.140179,0.136390,0.131985,0.126772,0.120413,0.112200,0.100114,0.053411
177120,0.159736,0.159635,0.159329,0.158818,0.158096,0.157158,0.155997,0.154601,0.152957,0.151047,0.148849,0.146331,0.143454,0.140161,0.136372,0.131968,0.126757,0.120399,0.112187,0.100103,0.053409
177180,0.159713,0.159611,0.159306,0.158794,0.158073,0.157135,0.155974,0.154578,0.152935,0.151026,0.148828,0.146311,0.143434,0.140142,0.136354,0.131951,0.126741,0.120384,0.112174,0.100093,0.053407
177240,0.159689,0.159588,0.159282,0.158771,0.158050,0.157112,0.155951,0.154556,0.152913,0.151004,0.148807,0.146291,0.143415,0.140123,0.136336,0.131934,0.126725,0.120370,0.112161,0.100083,0.053404
177300,0.159666,0.159564,0.159259,0.158748,0.158027,0.157090,0.155929,0.154534,0.152891,0.150983,0.148786,0.146271,0.143395,0.140105,0.136318,0.131917,0.126709,0.120356,0.112149,0.100072,0.053402
177360,0.159642,0.159541,0.159235,0.158724,0.158003,0.157067,0.155906,0.154512,0.152870,0.150962,0.148766,0.146250,0.143376,0.140086,0.136300,0.131900,0.126694,0.120341,0.112136,0.100062,0.053400
177420,0.159619,0.159517,0.159212,0.158701,0.157980,0.157044,0.155884,0.154490,0.152848,0.150941,0.148745,0.146230,0.143356,0.140067,0.136283,0.131883,0.126678,0.120327,0.112123,0.100051,0.053397
177480,0.159595,0.159494,0.159189,0.158678,0.157957,0.157021,0.155861,0.154468,0.152826,0.150919,0.148724,0.146210,0.143337,0.140048,0.136265,0.131867,0.126662,0.120313,0.112111,0.100041,0.053395
177540,0.159572,0.159470,0.159165,0.158655,0.157934,0.156998,0.155839,0.154445,0.152804,0.150898,0.148703,0.146190,0.143318,0.140030,0.136247,0.131850,0.126647,0.120298,0.112098,0.100031,0.053393
177600,0.159548,0.159447,0.159142,0.158632,0.157911,0.156976,0.155816,0.154423,0.152783,0.150877,0.148683,0.146170,0.143298,0.140011,0.136229,0.131833,0.126631,0.120284,0.112085,0.100020,0.053391
177660,0.159525,0.159424,0.159119,0.158608,0.157888,0.156953,0.155794,0.154401,0.152761,0.150855,0.148662,0.146150,0.143279,0.139993,0.136212,0.131816,0.126615,0.120270,0.112073,0.100010,0.053388
177720,0.159501,0.159400,0.159096,0.158585,0.157865,0.156930,0.155771,0.154379,0.152739,0.150834,0.148641,0.146130,0.143259,0.139974,0.136194,0.131800,0.126600,0.120255,0.112060,0.100000,0.053386
177780,0.159478,0.159377,0.159072,0.158562,0.157842,0.156907,0.155749,0.154357,0.152718,0.150813,0.148621,0.146110,0.143240,0.139955,0.136176,0.131783,0.126584,0.120241,0.112048,0.099989,0.053384
177840,0.159455,0.159353,0.159049,0.158539,0.157819,0.156885,0.155727,0.154335,0.152696,0.150792,0.148600,0.146090,0.143221,0.139937,0.136158,0.131766,0.126569,0.120227,0.112035,0.099979,0.053381
177900,0.159431,0.159330,0.159026,0.158516,0.157797,0.156862,0.155704,0.154313,0.152674,0.150771,0.148579,0.146070,0.143201,0.139918,0.136141,0.131749,0.126553,0.120213,0.112022,0.099969,0.053379
177960,0.159408,0.159307,0.159003,0.158493,0.157774,0.156839,0.155682,0.154291,0.152653,0.150750,0.148559,0.146050,0.143182,0.139899,0.136123,0.131733,0.126537,0.120198,0.112010,0.099958,0.053377
178020,0.159385,0.159284,0.158979,0.158470,0.157751,0.156817,0.155659,0.154269,0.152631,0.150728,0.148538,0.146030,0.143162,0.139881,0.136105,0.131716,0.126522,0.120184,0.111997,0.099948,0.053375
178080,0.159361,0.159260,0.158956,0.158447,0.157728,0.156794,0.155637,0.154247,0.152609,0.150707,0.148517,0.146010,0.143143,0.139862,0.136087,0.131699,0.126506,0.120170,0.111985,0.099938,0.053372
178140,0.159338,0.159237,0.158933,0.158424,0.157705,0.156771,0.155615,0.154225,0.152588,0.150686,0.148497,0.145990,0.143124,0.139844,0.136070,0.131682,0.126491,0.120156,0.111972,0.099927,0.053370
178200,0.159315,0.159214,0.158910,0.158401,0.157682,0.156749,0.155592,0.154203,0.152566,0.150665,0.148476,0.145970,0.143105,0.139825,0.136052,0.131666,0.126475,0.120141,0.111959,0.099917,0.053368
178260,0.159292,0.159191,0.158887,0.158378,0.157659,0.156726,0.155570,0.154181,0.152545,0.150644,0.148456,0.145950,0.143085,0.139807,0.136034,0.131649,0.126459,0.120127,0.111947,0.099907,0.053366
178320,0.159268,0.159167,0.158863,0.158354,0.157636,0.156703,0.155548,0.154159,0.152523,0.150623,0.148435,0.145930,0.143066,0.139788,0.136017,0.131632,0.126444,0.120113,0.111934,0.099896,0.053363
178380,0.159245,0.159144,0.158840,0.158332,0.157614,0.156681,0.155525,0.154137,0.152502,0.150602,0.148415,0.145910,0.143047,0.139770,0.135999,0.131616,0.126428,0.120099,0.111922,0.099886,0.053361
178440,0.159222,0.159121,0.158817,0.158309,0.157591,0.156658,0.155503,0.154115,0.152480,0.150581,0.148394,0.145890,0.143028,0.139751,0.135982,0.131599,0.126413,0.120085,0.111909,0.099876,0.053359
178500,0.159199,0.159098,0.158794,0.158286,0.157568,0.156636,0.155481,0.154093,0.152459,0.150560,0.148374,0.145870,0.143008,0.139733,0.135964,0.131582,0.126397,0.120070,0.111897,0.099866,0.053357
178560,0.159176,0.159075,0.158771,0.158263,0.157545,0.156613,0.155459,0.154071,0.152437,0.150539,0.148353,0.145850,0.142989,0.139714,0.135946,0.131566,0.126382,0.120056,0.111884,0.099855,0.053354
178620,0.159152,0.159052,0.158748,0.158240,0.157523,0.156591,0.155437,0.154049,0.152416,0.150518,0.148333,0.145830,0.142970,0.139696,0.135929,0.131549,0.126366,0.120042,0.111872,0.099845,0.053352
178680,0.159129,0.159028,0.158725,0.158217,0.157500,0.156568,0.155414,0.154027,0.152394,0.150497,0.148312,0.145810,0.142951,0.139677,0.135911,0.131533,0.126351,0.120028,0.111859,0.099835,0.053350
178740,0.159106,0.159005,0.158702,0.158194,0.157477,0.156546,0.155392,0.154006,0.152373,0.150476,0.148292,0.145790,0.142931,0.139659,0.135894,0.131516,0.126335,0.120014,0.111847,0.099825,0.053348
178800,0.159083,0.158982,0.158679,0.158171,0.157454,0.156523,0.155370,0.153984,0.152351,0.150455,0.148271,0.145771,0.142912,0.139641,0.135876,0.131499,0.126320,0.120000,0.111834,0.099814,0.053346
178860,0.159060,0.158959,0.158656,0.158148,0.157432,0.156501,0.155348,0.153962,0.152330,0.150434,0.148251,0.145751,0.142893,0.139622,0.135858,0.131483,0.126305,0.119986,0.111822,0.099804,0.053343
178920,0.159037,0.158936,0.158633,0.158125,0.157409,0.156478,0.155326,0.153940,0.152308,0.150413,0.148230,0.145731,0.142874,0.139604,0.135841,0.131466,0.126289,0.119971,0.111809,0.099794,0.053341
178980,0.159014,0.158913,0.158610,0.158102,0.157386,0.156456,0.155303,0.153918,0.152287,0.150392,0.148210,0.145711,0.142855,0.139585,0.135823,0.131450,0.126274,0.119957,0.111797,0.099784,0.053339
179040,0.158991,0.158890,0.158587,0.158080,0.157364,0.156434,0.155281,0.153897,0.152266,0.150371,0.148190,0.145691,0.142836,0.139567,0.135806,0.131433,0.126258,0.119943,0.111784,0.099773,0.053337
179100,0.158968,0.158867,0.158564,0.158057,0.157341,0.156411,0.155259,0.153875,0.152244,0.150350,0.148169,0.145672,0.142817,0.139549,0.135788,0.131417,0.126243,0.119929,0.111772,0.099763,0.053334
179160,0.158945,0.158844,0.158541,0.158034,0.157318,0.156389,0.155237,0.153853,0.152223,0.150329,0.148149,0.145652,0.142798,0.139530,0.135771,0.131400,0.126227,0.119915,0.111759,0.099753,0.053332
179220,0.158922,0.158821,0.158518,0.158011,0.157296,0.156366,0.155215,0.153831,0.152202,0.150308,0.148128,0.145632,0.142778,0.139512,0.135753,0.131384,0.126212,0.119901,0.111747,0.099743,0.053330
179280,0.158899,0.158798,0.158495,0.157988,0.157273,0.156344,0.155193,0.153810,0.152180,0.150287,0.148108,0.145612,0.142759,0.139494,0.135736,0.131367,0.126197,0.119887,0.111734,0.099733,0.053328
179340,0.158876,0.158775,0.158473,0.157966,0.157251,0.156322,0.155171,0.153788,0.152159,0.150267,0.148088,0.145593,0.142740,0.139475,0.135719,0.131351,0.126181,0.119873,0.111722,0.099722,0.053326
179400,0.158853,0.158752,0.158450,0.157943,0.157228,0.156299,0.155149,0.153766,0.152138,0.150246,0.148067,0.145573,0.142721,0.139457,0.135701,0.131334,0.126166,0.119859,0.111710,0.099712,0.053323
179460,0.158830,0.158729,0.158427,0.157920,0.157206,0.156277,0.155127,0.153744,0.152116,0.150225,0.148047,0.145553,0.142702,0.139439,0.135684,0.131318,0.126151,0.119845,0.111697,0.099702,0.053321
179520,0.158807,0.158706,0.158404,0.157898,0.157183,0.156255,0.155105,0.153723,0.152095,0.150204,0.148027,0.145533,0.142683,0.139421,0.135666,0.131301,0.126135,0.119831,0.111685,0.099692,0.053319
179580,0.158784,0.158683,0.158381,0.157875,0.157161,0.156233,0.155083,0.153701,0.152074,0.150183,0.148007,0.145514,0.142664,0.139402,0.135649,0.131285,0.126120,0.119817,0.111672,0.099682,0.053317
179640,0.158761,0.158661,0.158358,0.157852,0.157138,0.156210,0.155061,0.153680,0.152053,0.150162,0.147986,0.145494,0.142645,0.139384,0.135631,0.131268,0.126105,0.119803,0.111660,0.099672,0.053315
179700,0.158738,0.158638,0.158336,0.157830,0.157116,0.156188,0.155039,0.153658,0.152031,0.150142,0.147966,0.145474,0.142626,0.139366,0.135614,0.131252,0.126089,0.119789,0.111648,0.099661,0.053312
179760,0.158715,0.158615,0.158313,0.157807,0.157093,0.156166,0.155017,0.153636,0.152010,0.150121,0.147946,0.145455,0.142607,0.139348,0.135597,0.131236,0.126074,0.119775,0.111635,0.099651,0.053310
179820,0.158692,0.158592,0.158290,0.157784,0.157071,0.156144,0.154995,0.153615,0.151989,0.150100,0.147926,0.145435,0.142588,0.139329,0.135579,0.131219,0.126059,0.119761,0.111623,0.099641,0.053308
179880,0.158670,0.158569,0.158267,0.157762,0.157048,0.156121,0.154973,0.153593,0.151968,0.150079,0.147905,0.145416,0.142569,0.139311,0.135562,0.131203,0.126043,0.119747,0.111610,0.099631,0.053306
179940,0.158647,0.158546,0.158245,0.157739,0.157026,0.156099,0.154951,0.153572,0.151947,0.150059,0.147885,0.145396,0.142550,0.139293,0.135545,0.131186,0.126028,0.119733,0.111598,0.099621,0.053304
180000,0.158624,0.158524,0.158222,0.157717,0.157003,0.156077,0.154929,0.153550,0.151925,0.150038,0.147865,0.145376,0.142531,0.139275,0.135527,0.131170,0.126013,0.119719,0.111586,0.099611,0.053301
180060,0.158601,0.158501,0.158199,0.157694,0.156981,0.156055,0.154907,0.153528,0.151904,0.150017,0.147845,0.145357,0.142513,0.139257,0.135510,0.131154,0.125998,0.119705,0.111573,0.099601,0.053299
180120,0.158578,0.158478,0.158177,0.157671,0.156959,0.156033,0.154886,0.153507,0.151883,0.149997,0.147825,0.145337,0.142494,0.139238,0.135493,0.131137,0.125982,0.119691,0.111561,0.099591,0.053297
180180,0.158556,0.158455,0.158154,0.157649,0.156936,0.156011,0.154864,0.153485,0.151862,0.149976,0.147805,0.145318,0.142475,0.139220,0.135475,0.131121,0.125967,0.119677,0.111549,0.099580,0.053295
180240,0.158533,0.158433,0.158131,0.157626,0.156914,0.155988,0.154842,0.153464,0.151841,0.149955,0.147785,0.145298,0.142456,0.139202,0.135458,0.131105,0.125952,0.119663,0.111536,0.099570,0.053293
180300,0.158510,0.158410,0.158109,0.157604,0.156892,0.155966,0.154820,0.153442,0.151820,0.149935,0.147764,0.145279,0.142437,0.139184,0.135441,0.131088,0.125937,0.119649,0.111524,0.099560,0.053291
180360,0.158487,0.158387,0.158086,0.157581,0.156869,0.155944,0.154798,0.153421,0.151799,0.149914,0.147744,0.145259,0.142418,0.139166,0.135423,0.131072,0.125921,0.119635,0.111512,0.099550,0.053288
180420,0.158465,0.158365,0.158063,0.157559,0.156847,0.155922,0.154777,0.153400,0.151778,0.149894,0.147724,0.145240,0.142399,0.139148,0.135406,0.131056,0.125906,0.119621,0.111500,0.099540,0.053286
180480,0.158442,0.158342,0.158041,0.157536,0.156825,0.155900,0.154755,0.153378,0.151757,0.149873,0.147704,0.145220,0.142380,0.139130,0.135389,0.131039,0.125891,0.119607,0.111487,0.099530,0.053284
180540,0.158419,0.158319,0.158018,0.157514,0.156802,0.155878,0.154733,0.153357,0.151736,0.149852,0.147684,0.145201,0.142362,0.139112,0.135372,0.131023,0.125876,0.119594,0.111475,0.099520,0.053282
180600,0.158397,0.158297,0.157996,0.157492,0.156780,0.155856,0.154711,0.153335,0.151715,0.149832,0.147664,0.145181,0.142343,0.139094,0.135354,0.131007,0.125861,0.119580,0.111463,0.099510,0.053280
180660,0.158374,0.158274,0.157973,0.157469,0.156758,0.155834,0.154689,0.153314,0.151694,0.149811,0.147644,0.145162,0.142324,0.139076,0.135337,0.130991,0.125846,0.119566,0.111450,0.099500,0.053278
180720,0.158351,0.158251,0.157951,0.157447,0.156736,0.155812,0.154668,0.153292,0.151673,0.149791,0.147624,0.145142,0.142305,0.139058,0.135320,0.130974,0.125830,0.119552,0.111438,0.099490,0.053275
180780,0.158329,0.158229,0.157928,0.157424,0.156714,0.155790,0.154646,0.153271,0.151652,0.149770,0.147604,0.145123,0.142286,0.139040,0.135303,0.130958,0.125815,0.119538,0.111426,0.099480,0.053273
180840,0.158306,0.158206,0.157906,0.157402,0.156691,0.155768,0.154624,0.153250,0.151631,0.149750,0.147584,0.145103,0.142268,0.139022,0.135286,0.130942,0.125800,0.119524,0.111414,0.099470,0.053271
180900,0.158284,0.158184,0.157883,0.157380,0.156669,0.155746,0.154603,0.153228,0.151610,0.149729,0.147564,0.145084,0.142249,0.139004,0.135269,0.130926,0.125785,0.119510,0.111401,0.099460,0.053269
180960,0.158261,0.158161,0.157861,0.157357,0.156647,0.155724,0.154581,0.153207,0.151589,0.149709,0.147544,0.145065,0.142230,0.138986,0.135251,0.130909,0.125770,0.119497,0.111389,0.099450,0.053267
181020,0.158238,0.158139,0.157838,0.157335,0.156625,0.155702,0.154559,0.153186,0.151568,0.149688,0.147524,0.145045,0.142212,0.138968,0.135234,0.130893,0.125755,0.119483,0.111377,0.099440,0.053265
181080,0.158216,0.158116,0.157816,0.157313,0.156603,0.155680,0.154538,0.153164,0.151547,0.149668,0.147504,0.145026,0.142193,0.138950,0.135217,0.130877,0.125740,0.119469,0.111365,0.099430,0.053262
181140,0.158193,0.158094,0.157793,0.157290,0.156581,0.155658,0.154516,0.153143,0.151526,0.149647,0.147484,0.145006,0.142174,0.138932,0.135200,0.130861,0.125725,0.119455,0.111353,0.099420,0.053260
181200,0.158171,0.158071,0.157771,0.157268,0.156558,0.155637,0.154495,0.153122,0.151505,0.149627,0.147464,0.144987,0.142155,0.138914,0.135183,0.130845,0.125710,0.119441,0.111340,0.099410,0.053258
181260,0.158148,0.158049,0.157748,0.157246,0.156536,0.155615,0.154473,0.153101,0.151484,0.149606,0.147444,0.144968,0.142137,0.138896,0.135166,0.130829,0.125694,0.119428,0.111328,0.099400,0.053256
181320,0.158126,0.158026,0.157726,0.157223,0.156514,0.155593,0.154451,0.153079,0.151463,0.149586,0.147424,0.144949,0.142118,0.138878,0.135149,0.130812,0.125679,0.119414,0.111316,0.099390,0.053254
181380,0.158103,0.158004,0.157704,0.157201,0.156492,0.155571,0.154430,0.153058,0.151443,0.149566,0.147405,0.144929,0.142099,0.138860,0.135132,0.130796,0.125664,0.119400,0.111304,0.099380,0.053252
181440,0.158081,0.157981,0.157681,0.157179,0.156470,0.155549,0.154408,0.153037,0.151422,0.149545,0.147385,0.144910,0.142081,0.138842,0.135114,0.130780,0.125649,0.119386,0.111292,0.099370,0.053250
181500,0.158059,0.157959,0.157659,0.157157,0.156448,0.155527,0.154387,0.153016,0.151401,0.149525,0.147365,0.144891,0.142062,0.138824,0.135097,0.130764,0.125634,0.119373,0.111280,0.099360,0.053248
181560,0.158036,0.157936,0.157637,0.157135,0.156426,0.155506,0.154365,0.152995,0.151380,0.149505,0.147345,0.144871,0.142044,0.138806,0.135080,0.130748,0.125619,0.119359,0.111267,0.099350,0.053245
181620,0.158014,0.157914,0.157614,0.157112,0.156404,0.155484,0.154344,0.152973,0.151359,0.149484,0.147325,0.144852,0.142025,0.138788,0.135063,0.130732,0.125604,0.119345,0.111255,0.099340,0.053243
181680,0.157991,0.157892,0.157592,0.157090,0.156382,0.155462,0.154322,0.152952,0.151339,0.149464,0.147305,0.144833,0.142006,0.138770,0.135046,0.130716,0.125589,0.119331,0.111243,0.099330,0.053241
181740,0.157969,0.157869,0.157570,0.157068,0.156360,0.155440,0.154301,0.152931,0.151318,0.149444,0.147286,0.144814,0.141988,0.138753,0.135029,0.130700,0.125574,0.119318,0.111231,0.099320,0.053239
181800,0.157947,0.157847,0.157548,0.157046,0.156338,0.155418,0.154279,0.152910,0.151297,0.149423,0.147266,0.144794,0.141969,0.138735,0.135012,0.130684,0.125559,0.119304,0.111219,0.099310,0.053237
181860,0.157924,0.157825,0.157525,0.157024,0.156316,0.155397,0.154258,0.152889,0.151276,0.149403,0.147246,0.144775,0.141951,0.138717,0.134995,0.130667,0.125544,0.119290,0.111207,0.099300,0.053235
181920,0.157902,0.157802,0.157503,0.157002,0.156294,0.155375,0.154236,0.152868,0.151256,0.149383,0.147226,0.144756,0.141932,0.138699,0.134978,0.130651,0.125529,0.119277,0.111195,0.099290,0.053233
181980,0.157880,0.157780,0.157481,0.156980,0.156272,0.155353,0.154215,0.152847,0.151235,0.149362,0.147206,0.144737,0.141914,0.138681,0.134961,0.130635,0.125514,0.119263,0.111183,0.099280,0.053231
182040,0.157857,0.157758,0.157459,0.156957,0.156250,0.155332,0.154193,0.152826,0.151214,0.149342,0.147187,0.144718,0.141895,0.138664,0.134944,0.130619,0.125499,0.119249,0.111170,0.099270,0.053229
182100,0.157835,0.157736,0.157436,0.156935,0.156228,0.155310,0.154172,0.152804,0.151194,0.149322,0.147167,0.144699,0.141877,0.138646,0.134927,0.130603,0.125484,0.119236,0.111158,0.099260,0.053226
182160,0.157813,0.157713,0.157414,0.156913,0.156207,0.155288,0.154151,0.152783,0.151173,0.149302,0.147147,0.144679,0.141858,0.138628,0.134910,0.130587,0.125470,0.119222,0.111146,0.099250,0.053224
182220,0.157790,0.157691,0.157392,0.156891,0.156185,0.155267,0.154129,0.152762,0.151152,0.149282,0.147128,0.144660,0.141840,0.138610,0.134894,0.130571,0.125455,0.119208,0.111134,0.099241,0.053222
182280,0.157768,0.157669,0.157370,0.156869,0.156163,0.155245,0.154108,0.152741,0.151132,0.149261,0.147108,0.144641,0.141821,0.138593,0.134877,0.130555,0.125440,0.119195,0.111122,0.099231,0.053220
182340,0.157746,0.157647,0.157348,0.156847,0.156141,0.155223,0.154087,0.152720,0.151111,0.149241,0.147088,0.144622,0.141803,0.138575,0.134860,0.130539,0.125425,0.119181,0.111110,0.099221,0.053218
182400,0.157724,0.157624,0.157326,0.156825,0.156119,0.155202,0.154065,0.152699,0.151090,0.149221,0.147068,0.144603,0.141784,0.138557,0.134843,0.130523,0.125410,0.119167,0.111098,0.099211,0.053216
182460,0.157702,0.157602,0.157304,0.156803,0.156097,0.155180,0.154044,0.152678,0.151070,0.149201,0.147049,0.144584,0.141766,0.138539,0.134826,0.130507,0.125395,0.119154,0.111086,0.099201,0.053214
182520,0.157679,0.157580,0.157281,0.156781,0.156076,0.155159,0.154023,0.152657,0.151049,0.149181,0.147029,0.144565,0.141747,0.138522,0.134809,0.130491,0.125380,0.119140,0.111074,0.099191,0.053212
182580,0.157657,0.157558,0.157259,0.156759,0.156054,0.155137,0.154001,0.152636,0.151029,0.149161,0.147010,0.144546,0.141729,0.138504,0.134792,0.130476,0.125365,0.119127,0.111062,0.099181,0.053210
182640,0.157635,0.157536,0.157237,0.156737,0.156032,0.155116,0.153980,0.152615,0.151008,0.149140,0.146990,0.144527,0.141710,0.138486,0.134775,0.130460,0.125350,0.119113,0.111050,0.099171,0.053208
182700,0.157613,0.157514,0.157215,0.156715,0.156010,0.155094,0.153959,0.152594,0.150987,0.149120,0.146970,0.144508,0.141692,0.138469,0.134758,0.130444,0.125336,0.119099,0.111038,0.099162,0.053205
182760,0.157591,0.157492,0.157193,0.156694,0.155989,0.155072,0.153938,0.152574,0.150967,0.149100,0.146951,0.144489,0.141674,0.138451,0.134742,0.130428,0.125321,0.119086,0.111026,0.099152,0.053203
182820,0.157569,0.157469,0.157171,0.156672,0.155967,0.155051,0.153916,0.152553,0.150946,0.149080,0.146931,0.144470,0.141655,0.138433,0.134725,0.130412,0.125306,0.119072,0.111014,0.099142,0.053201
182880,0.157546,0.157447,0.157149,0.156650,0.155945,0.155029,0.153895,0.152532,0.150926,0.149060,0.146912,0.144451,0.141637,0.138416,0.134708,0.130396,0.125291,0.119059,0.111002,0.099132,0.053199
182940,0.157524,0.157425,0.157127,0.156628,0.155923,0.155008,0.153874,0.152511,0.150905,0.149040,0.146892,0.144432,0.141619,0.138398,0.134691,0.130380,0.125276,0.119045,0.110990,0.099122,0.053197
183000,0.157502,0.157403,0.157105,0.156606,0.155902,0.154987,0.153853,0.152490,0.150885,0.149020,0.146872,0.144413,0.141600,0.138380,0.134674,0.130364,0.125261,0.119032,0.110978,0.099112,0.053195
183060,0.157480,0.157381,0.157083,0.156584,0.155880,0.154965,0.153832,0.152469,0.150864,0.149000,0.146853,0.144394,0.141582,0.138363,0.134658,0.130348,0.125247,0.119018,0.110966,0.099103,0.053193
183120,0.157458,0.157359,0.157061,0.156562,0.155858,0.154944,0.153810,0.152448,0.150844,0.148980,0.146833,0.144375,0.141564,0.138345,0.134641,0.130333,0.125232,0.119005,0.110954,0.099093,0.053191
183180,0.157436,0.157337,0.157039,0.156540,0.155837,0.154922,0.153789,0.152428,0.150824,0.148960,0.146814,0.144356,0.141545,0.138328,0.134624,0.130317,0.125217,0.118991,0.110942,0.099083,0.053189
183240,0.157414,0.157315,0.157017,0.156519,0.155815,0.154901,0.153768,0.152407,0.150803,0.148940,0.146794,0.144337,0.141527,0.138310,0.134607,0.130301,0.125202,0.118978,0.110930,0.099073,0.053187
183300,0.157392,0.157293,0.156996,0.156497,0.155793,0.154879,0.153747,0.152386,0.150783,0.148920,0.146775,0.144318,0.141509,0.138293,0.134590,0.130285,0.125188,0.118964,0.110918,0.099063,0.053185
183360,0.157370,0.157271,0.156974,0.156475,0.155772,0.154858,0.153726,0.152365,0.150762,0.148900,0.146755,0.144299,0.141491,0.138275,0.134574,0.130269,0.125173,0.118951,0.110906,0.099053,0.053183
183420,0.157348,0.157249,0.156952,0.156453,0.155750,0.154837,0.153705,0.152344,0.150742,0.148880,0.146736,0.144280,0.141472,0.138257,0.134557,0.130253,0.125158,0.118937,0.110894,0.099044,0.053181
183480,0.157326,0.157227,0.156930,0.156432,0.155729,0.154815,0.153684,0.152324,0.150721,0.148860,0.146717,0.144261,0.141454,0.138240,0.134540,0.130238,0.125143,0.118924,0.110882,0.099034,0.053179
183540,0.157304,0.157205,0.156908,0.156410,0.155707,0.154794,0.153663,0.152303,0.150701,0.148840,0.146697,0.144242,0.141436,0.138222,0.134524,0.130222,0.125129,0.118910,0.110870,0.099024,0.053177
183600,0.157282,0.157183,0.156886,0.156388,0.155686,0.154773,0.153642,0.152282,0.150681,0.148820,0.146678,0.144224,0.141418,0.138205,0.134507,0.130206,0.125114,0.118897,0.110859,0.099014,0.053174
183660,0.157260,0.157162,0.156864,0.156366,0.155664,0.154751,0.153621,0.152261,0.150660,0.148800,0.146658,0.144205,0.141399,0.138187,0.134490,0.130190,0.125099,0.118883,0.110847,0.099005,0.053172
183720,0.157238,0.157140,0.156843,0.156345,0.155642,0.154730,0.153599,0.152241,0.150640,0.148780,0.146639,0.144186,0.141381,0.138170,0.134474,0.130175,0.125085,0.118870,0.110835,0.098995,0.053170
183780,0.157217,0.157118,0.156821,0.156323,0.155621,0.154709,0.153578,0.152220,0.150620,0.148761,0.146620,0.144167,0.141363,0.138152,0.134457,0.130159,0.125070,0.118856,0.110823,0.098985,0.053168
183840,0.157195,0.157096,0.156799,0.156301,0.155599,0.154687,0.153557,0.152199,0.150599,0.148741,0.146600,0.144148,0.141345,0.138135,0.134440,0.130143,0.125055,0.118843,0.110811,0.098975,0.053166
183900,0.157173,0.157074,0.156777,0.156280,0.155578,0.154666,0.153536,0.152179,0.150579,0.148721,0.146581,0.144129,0.141327,0.138118,0.134424,0.130127,0.125041,0.118830,0.110799,0.098966,0.053164
183960,0.157151,0.157052,0.156755,0.156258,0.155557,0.154645,0.153516,0.152158,0.150559,0.148701,0.146561,0.144111,0.141308,0.138100,0.134407,0.130112,0.125026,0.118816,0.110787,0.098956,0.053162
184020,0.157129,0.157030,0.156734,0.156237,0.155535,0.154624,0.153495,0.152137,0.150539,0.148681,0.146542,0.144092,0.141290,0.138083,0.134390,0.130096,0.125011,0.118803,0.110775,0.098946,0.053160
184080,0.157107,0.157009,0.156712,0.156215,0.155514,0.154602,0.153474,0.152117,0.150518,0.148661,0.146523,0.144073,0.141272,0.138065,0.134374,0.130080,0.124997,0.118789,0.110764,0.098936,0.053158
184140,0.157086,0.156987,0.156690,0.156193,0.155492,0.154581,0.153453,0.152096,0.150498,0.148642,0.146504,0.144054,0.141254,0.138048,0.134357,0.130065,0.124982,0.118776,0.110752,0.098927,0.053156
184200,0.157064,0.156965,0.156669,0.156172,0.155471,0.154560,0.153432,0.152075,0.150478,0.148622,0.146484,0.144036,0.141236,0.138030,0.134341,0.130049,0.124967,0.118763,0.110740,0.098917,0.053154
184260,0.157042,0.156943,0.156647,0.156150,0.155449,0.154539,0.153411,0.152055,0.150458,0.148602,0.146465,0.144017,0.141218,0.138013,0.134324,0.130033,0.124953,0.118749,0.110728,0.098907,0.053152
184320,0.157020,0.156922,0.156625,0.156129,0.155428,0.154518,0.153390,0.152034,0.150438,0.148582,0.146446,0.143998,0.141200,0.137996,0.134307,0.130018,0.124938,0.118736,0.110716,0.098898,0.053150
184380,0.156998,0.156900,0.156604,0.156107,0.155407,0.154497,0.153369,0.152014,0.150417,0.148562,0.146426,0.143979,0.141182,0.137978,0.134291,0.130002,0.124924,0.118722,0.110704,0.098888,0.053148
184440,0.156977,0.156878,0.156582,0.156086,0.155385,0.154475,0.153348,0.151993,0.150397,0.148543,0.146407,0.143961,0.141164,0.137961,0.134274,0.129986,0.124909,0.118709,0.110693,0.098878,0.053146
184500,0.156955,0.156856,0.156560,0.156064,0.155364,0.154454,0.153327,0.151973,0.150377,0.148523,0.146388,0.143942,0.141146,0.137944,0.134258,0.129971,0.124894,0.118696,0.110681,0.098868,0.053144
184560,0.156933,0.156835,0.156539,0.156043,0.155343,0.154433,0.153306,0.151952,0.150357,0.148503,0.146369,0.143923,0.141128,0.137926,0.134241,0.129955,0.124880,0.118682,0.110669,0.098859,0.053142
184620,0.156912,0.156813,0.156517,0.156021,0.155321,0.154412,0.153286,0.151932,0.150337,0.148484,0.146349,0.143905,0.141110,0.137909,0.134225,0.129939,0.124865,0.118669,0.110657,0.098849,0.053140
184680,0.156890,0.156791,0.156495,0.156000,0.155300,0.154391,0.153265,0.151911,0.150317,0.148464,0.146330,0.143886,0.141092,0.137892,0.134208,0.129924,0.124851,0.118656,0.110645,0.098839,0.053138
184740,0.156868,0.156770,0.156474,0.155978,0.155279,0.154370,0.153244,0.151891,0.150296,0.148444,0.146311,0.143867,0.141074,0.137874,0.134192,0.129908,0.124836,0.118643,0.110634,0.098830,0.053136
184800,0.156847,0.156748,0.156452,0.155957,0.155257,0.154349,0.153223,0.151870,0.150276,0.148424,0.146292,0.143849,0.141056,0.137857,0.134175,0.129893,0.124822,0.118629,0.110622,0.098820,0.053134
184860,0.156825,0.156727,0.156431,0.155935,0.155236,0.154328,0.153202,0.151850,0.150256,0.148405,0.146273,0.143830,0.141038,0.137840,0.134159,0.129877,0.124807,0.118616,0.110610,0.098810,0.053132
184920,0.156803,0.156705,0.156409,0.155914,0.155215,0.154307,0.153182,0.151829,0.150236,0.148385,0.146254,0.143812,0.141020,0.137823,0.134142,0.129861,0.124793,0.118603,0.110598,0.098801,0.053130
184980,0.156782,0.156683,0.156388,0.155892,0.155194,0.154286,0.153161,0.151809,0.150216,0.148366,0.146234,0.143793,0.141002,0.137805,0.134126,0.129846,0.124778,0.118589,0.110587,0.098791,0.053128
185040,0.156760,0.156662,0.156366,0.155871,0.155172,0.154265,0.153140,0.151788,0.150196,0.148346,0.146215,0.143774,0.140984,0.137788,0.134109,0.129830,0.124764,0.118576,0.110575,0.098782,0.053126
185100,0.156738,0.156640,0.156345,0.155850,0.155151,0.154244,0.153119,0.151768,0.150176,0.148326,0.146196,0.143756,0.140966,0.137771,0.134093,0.129815,0.124749,0.118563,0.110563,0.098772,0.053124
185160,0.156717,0.156619,0.156323,0.155828,0.155130,0.154223,0.153099,0.151748,0.150156,0.148307,0.146177,0.143737,0.140948,0.137754,0.134076,0.129799,0.124735,0.118550,0.110551,0.098762,0.053122
185220,0.156695,0.156597,0.156302,0.155807,0.155109,0.154202,0.153078,0.151727,0.150136,0.148287,0.146158,0.143719,0.140930,0.137736,0.134060,0.129784,0.124720,0.118536,0.110540,0.098753,0.053120
185280,0.156674,0.156576,0.156280,0.155786,0.155088,0.154181,0.153057,0.151707,0.150116,0.148268,0.146139,0.143700,0.140912,0.137719,0.134044,0.129768,0.124706,0.118523,0.110528,0.098743,0.053118
185340,0.156652,0.156554,0.156259,0.155764,0.155067,0.154160,0.153037,0.151687,0.150096,0.148248,0.146120,0.143682,0.140894,0.137702,0.134027,0.129753,0.124691,0.118510,0.110516,0.098733,0.053116
185400,0.156631,0.156533,0.156237,0.155743,0.155045,0.154139,0.153016,0.151666,0.150076,0.148228,0.146101,0.143663,0.140876,0.137685,0.134011,0.129737,0.124677,0.118497,0.110505,0.098724,0.053114
185460,0.156609,0.156511,0.156216,0.155722,0.155024,0.154118,0.152995,0.151646,0.150056,0.148209,0.146082,0.143645,0.140858,0.137668,0.133994,0.129722,0.124662,0.118483,0.110493,0.098714,0.053112
185520,0.156588,0.156490,0.156195,0.155700,0.155003,0.154097,0.152975,0.151626,0.150036,0.148189,0.146063,0.143626,0.140840,0.137650,0.133978,0.129706,0.124648,0.118470,0.110481,0.098705,0.053110
185580,0.156566,0.156468,0.156173,0.155679,0.154982,0.154076,0.152954,0.151605,0.150016,0.148170,0.146044,0.143608,0.140823,0.137633,0.133962,0.129691,0.124633,0.118457,0.110469,0.098695,0.053108
185640,0.156545,0.156447,0.156152,0.155658,0.154961,0.154055,0.152934,0.151585,0.149996,0.148150,0.146025,0.143589,0.140805,0.137616,0.133945,0.129675,0.124619,0.118444,0.110458,0.098685,0.053106
185700,0.156523,0.156425,0.156130,0.155637,0.154940,0.154035,0.152913,0.151565,0.149976,0.148131,0.146006,0.143571,0.140787,0.137599,0.133929,0.129660,0.124605,0.118431,0.110446,0.098676,0.053104
185760,0.156502,0.156404,0.156109,0.155615,0.154919,0.154014,0.152892,0.151544,0.149957,0.148111,0.145987,0.143552,0.140769,0.137582,0.133913,0.129645,0.124590,0.118418,0.110434,0.098666,0.053102
185820,0.156480,0.156382,0.156088,0.155594,0.154898,0.153993,0.152872,0.151524,0.149937,0.148092,0.145968,0.143534,0.140751,0.137565,0.133896,0.129629,0.124576,0.118404,0.110423,0.098657,0.053100
185880,0.156459,0.156361,0.156066,0.155573,0.154877,0.153972,0.152851,0.151504,0.149917,0.148073,0.145949,0.143516,0.140734,0.137548,0.133880,0.129614,0.124561,0.118391,0.110411,0.098647,0.053098
185940,0.156438,0.156340,0.156045,0.155552,0.154856,0.153951,0.152831,0.151484,0.149897,0.148053,0.145930,0.143497,0.140716,0.137531,0.133864,0.129598,0.124547,0.118378,0.110400,0.098638,0.053096
186000,0.156416,0.156318,0.156024,0.155531,0.154835,0.153930,0.152810,0.151463,0.149877,0.148034,0.145911,0.143479,0.140698,0.137514,0.133847,0.129583,0.124533,0.118365,0.110388,0.098628,0.053094
186060,0.156395,0.156297,0.156003,0.155509,0.154814,0.153910,0.152790,0.151443,0.149857,0.148014,0.145892,0.143460,0.140680,0.137496,0.133831,0.129568,0.124518,0.118352,0.110376,0.098619,0.053092
186120,0.156374,0.156276,0.155981,0.155488,0.154793,0.153889,0.152769,0.151423,0.149837,0.147995,0.145873,0.143442,0.140662,0.137479,0.133815,0.129552,0.124504,0.118339,0.110365,0.098609,0.053090
186180,0.156352,0.156254,0.155960,0.155467,0.154772,0.153868,0.152749,0.151403,0.149818,0.147975,0.145854,0.143424,0.140645,0.137462,0.133799,0.129537,0.124490,0.118326,0.110353,0.098599,0.053088
186240,0.156331,0.156233,0.155939,0.155446,0.154751,0.153847,0.152728,0.151383,0.149798,0.147956,0.145835,0.143405,0.140627,0.137445,0.133782,0.129521,0.124475,0.118312,0.110341,0.098590,0.053086
186300,0.156310,0.156212,0.155918,0.155425,0.154730,0.153827,0.152708,0.151363,0.149778,0.147937,0.145816,0.143387,0.140609,0.137428,0.133766,0.129506,0.124461,0.118299,0.110330,0.098580,0.053084
186360,0.156288,0.156190,0.155896,0.155404,0.154709,0.153806,0.152687,0.151342,0.149758,0.147917,0.145797,0.143369,0.140592,0.137411,0.133750,0.129491,0.124447,0.118286,0.110318,0.098571,0.053082
186420,0.156267,0.156169,0.155875,0.155383,0.154688,0.153785,0.152667,0.151322,0.149738,0.147898,0.145779,0.143350,0.140574,0.137394,0.133734,0.129475,0.124432,0.118273,0.110307,0.098561,0.053080
186480,0.156246,0.156148,0.155854,0.155362,0.154667,0.153765,0.152646,0.151302,0.149719,0.147879,0.145760,0.143332,0.140556,0.137377,0.133717,0.129460,0.124418,0.118260,0.110295,0.098552,0.053078
186540,0.156224,0.156127,0.155833,0.155341,0.154646,0.153744,0.152626,0.151282,0.149699,0.147859,0.145741,0.143314,0.140539,0.137360,0.133701,0.129445,0.124404,0.118247,0.110284,0.098542,0.053076
186600,0.156203,0.156105,0.155812,0.155320,0.154625,0.153723,0.152606,0.151262,0.149679,0.147840,0.145722,0.143296,0.140521,0.137343,0.133685,0.129430,0.124390,0.118234,0.110272,0.098533,0.053075
186660,0.156182,0.156084,0.155791,0.155299,0.154605,0.153703,0.152585,0.151242,0.149660,0.147821,0.145703,0.143277,0.140503,0.137326,0.133669,0.129414,0.124375,0.118221,0.110260,0.098523,0.053073
186720,0.156161,0.156063,0.155769,0.155278,0.154584,0.153682,0.152565,0.151222,0.149640,0.147802,0.145684,0.143259,0.140486,0.137309,0.133653,0.129399,0.124361,0.118208,0.110249,0.098514,0.053071
186780,0.156139,0.156042,0.155748,0.155257,0.154563,0.153661,0.152544,0.151202,0.149620,0.147782,0.145666,0.143241,0.140468,0.137292,0.133637,0.129384,0.124347,0.118195,0.110237,0.098504,0.053069
186840,0.156118,0.156021,0.155727,0.155236,0.154542,0.153641,0.152524,0.151182,0.149600,0.147763,0.145647,0.143223,0.140450,0.137276,0.133620,0.129368,0.124333,0.118182,0.110226,0.098495,0.053067
186900,0.156097,0.156000,0.155706,0.155215,0.154521,0.153620,0.152504,0.151162,0.149581,0.147744,0.145628,0.143204,0.140433,0.137259,0.133604,0.129353,0.124318,0.118169,0.110214,0.098486,0.053065
186960,0.156076,0.155978,0.155685,0.155194,0.154500,0.153600,0.152483,0.151142,0.149561,0.147725,0.145609,0.143186,0.140415,0.137242,0.133588,0.129338,0.124304,0.118156,0.110203,0.098476,0.053063
187020,0.156055,0.155957,0.155664,0.155173,0.154480,0.153579,0.152463,0.151122,0.149542,0.147705,0.145591,0.143168,0.140397,0.137225,0.133572,0.129323,0.124290,0.118143,0.110191,0.098467,0.053061
187080,0.156034,0.155936,0.155643,0.155152,0.154459,0.153558,0.152443,0.151102,0.149522,0.147686,0.145572,0.143150,0.140380,0.137208,0.133556,0.129307,0.124276,0.118130,0.110180,0.098457,0.053059
187140,0.156012,0.155915,0.155622,0.155131,0.154438,0.153538,0.152422,0.151082,0.149502,0.147667,0.145553,0.143132,0.140362,0.137191,0.133540,0.129292,0.124261,0.118117,0.110168,0.098448,0.053057
187200,0.155991,0.155894,0.155601,0.155110,0.154417,0.153517,0.152402,0.151062,0.149483,0.147648,0.145535,0.143113,0.140345,0.137174,0.133524,0.129277,0.124247,0.118104,0.110157,0.098438,0.053055
187260,0.155970,0.155873,0.155580,0.155089,0.154397,0.153497,0.152382,0.151042,0.149463,0.147629,0.145516,0.143095,0.140327,0.137157,0.133508,0.129262,0.124233,0.118091,0.110145,0.098429,0.053053
187320,0.155949,0.155852,0.155559,0.155068,0.154376,0.153476,0.152362,0.151022,0.149444,0.147609,0.145497,0.143077,0.140310,0.137140,0.133492,0.129247,0.124219,0.118078,0.110134,0.098419,0.053051
187380,0.155928,0.155831,0.155538,0.155047,0.154355,0.153456,0.152341,0.151002,0.149424,0.147590,0.145478,0.143059,0.140292,0.137124,0.133476,0.129231,0.124205,0.118065,0.110122,0.098410,0.053049
187440,0.155907,0.155810,0.155517,0.155026,0.154334,0.153435,0.152321,0.150982,0.149404,0.147571,0.145460,0.143041,0.140275,0.137107,0.133459,0.129216,0.124191,0.118052,0.110111,0.098401,0.053047
187500,0.155886,0.155789,0.155496,0.155006,0.154314,0.153415,0.152301,0.150962,0.149385,0.147552,0.145441,0.143023,0.140257,0.137090,0.133443,0.129201,0.124176,0.118039,0.110099,0.098391,0.053046
187560,0.155865,0.155768,0.155475,0.154985,0.154293,0.153394,0.152281,0.150942,0.149365,0.147533,0.145423,0.143005,0.140240,0.137073,0.133427,0.129186,0.124162,0.118026,0.110088,0.098382,0.053044
187620,0.155844,0.155747,0.155454,0.154964,0.154272,0.153374,0.152261,0.150922,0.149346,0.147514,0.145404,0.142987,0.140222,0.137056,0.133411,0.129171,0.124148,0.118013,0.110076,0.098372,0.053042
187680,0.155823,0.155726,0.155433,0.154943,0.154252,0.153354,0.152240,0.150902,0.149326,0.147495,0.145385,0.142968,0.140205,0.137040,0.133395,0.129156,0.124134,0.118000,0.110065,0.098363,0.053040
187740,0.155802,0.155705,0.155412,0.154922,0.154231,0.153333,0.152220,0.150883,0.149307,0.147476,0.145367,0.142950,0.140187,0.137023,0.133379,0.129141,0.124120,0.117987,0.110054,0.098354,0.053038
187800,0.155781,0.155684,0.155391,0.154902,0.154211,0.153313,0.152200,0.150863,0.149287,0.147457,0.145348,0.142932,0.140170,0.137006,0.133363,0.129125,0.124106,0.117974,0.110042,0.098344,0.053036
187860,0.155760,0.155663,0.155370,0.154881,0.154190,0.153292,0.152180,0.150843,0.149268,0.147438,0.145330,0.142914,0.140152,0.136989,0.133347,0.129110,0.124092,0.117961,0.110031,0.098335,0.053034
187920,0.155739,0.155642,0.155350,0.154860,0.154169,0.153272,0.152160,0.150823,0.149248,0.147418,0.145311,0.142896,0.140135,0.136973,0.133331,0.129095,0.124078,0.117948,0.110019,0.098325,0.053032
187980,0.155718,0.155621,0.155329,0.154839,0.154149,0.153252,0.152140,0.150803,0.149229,0.147399,0.145292,0.142878,0.140118,0.136956,0.133315,0.129080,0.124064,0.117936,0.110008,0.098316,0.053030
188040,0.155697,0.155600,0.155308,0.154819,0.154128,0.153231,0.152120,0.150784,0.149210,0.147380,0.145274,0.142860,0.140100,0.136939,0.133299,0.129065,0.124049,0.117923,0.109996,0.098307,0.053028
188100,0.155676,0.155579,0.155287,0.154798,0.154108,0.153211,0.152100,0.150764,0.149190,0.147361,0.145255,0.142842,0.140083,0.136922,0.133283,0.129050,0.124035,0.117910,0.109985,0.098297,0.053026
188160,0.155655,0.155558,0.155266,0.154777,0.154087,0.153190,0.152080,0.150744,0.149171,0.147342,0.145237,0.142824,0.140065,0.136906,0.133268,0.129035,0.124021,0.117897,0.109974,0.098288,0.053024
188220,0.155634,0.155537,0.155245,0.154757,0.154067,0.153170,0.152059,0.150724,0.149151,0.147323,0.145218,0.142806,0.140048,0.136889,0.133252,0.129020,0.124007,0.117884,0.109962,0.098279,0.053023
188280,0.155613,0.155516,0.155225,0.154736,0.154046,0.153150,0.152039,0.150704,0.149132,0.147304,0.145200,0.142788,0.140031,0.136872,0.133236,0.129005,0.123993,0.117871,0.109951,0.098269,0.053021
188340,0.155593,0.155496,0.155204,0.154715,0.154026,0.153130,0.152019,0.150685,0.149113,0.147285,0.145181,0.142770,0.140013,0.136856,0.133220,0.128990,0.123979,0.117858,0.109940,0.098260,0.053019
188400,0.155572,0.155475,0.155183,0.154695,0.154005,0.153109,0.151999,0.150665,0.149093,0.147267,0.145163,0.142752,0.139996,0.136839,0.133204,0.128975,0.123965,0.117846,0.109928,0.098251,0.053017
188460,0.155551,0.155454,0.155162,0.154674,0.153985,0.153089,0.151979,0.150645,0.149074,0.147248,0.145144,0.142734,0.139979,0.136822,0.133188,0.128960,0.123951,0.117833,0.109917,0.098241,0.053015
188520,0.155530,0.155433,0.155142,0.154653,0.153964,0.153069,0.151959,0.150626,0.149054,0.147229,0.145126,0.142717,0.139961,0.136806,0.133172,0.128945,0.123937,0.117820,0.109905,0.098232,0.053013
188580,0.155509,0.155412,0.155121,0.154633,0.153944,0.153049,0.151939,0.150606,0.149035,0.147210,0.145107,0.142699,0.139944,0.136789,0.133156,0.128930,0.123923,0.117807,0.109894,0.098223,0.053011
188640,0.155488,0.155392,0.155100,0.154612,0.153923,0.153028,0.151919,0.150586,0.149016,0.147191,0.145089,0.142681,0.139927,0.136772,0.133140,0.128915,0.123909,0.117794,0.109883,0.098213,0.053009
188700,0.155468,0.155371,0.155079,0.154591,0.153903,0.153008,0.151899,0.150567,0.148997,0.147172,0.145071,0.142663,0.139909,0.136756,0.133125,0.128900,0.123895,0.117781,0.109871,0.098204,0.053007
188760,0.155447,0.155350,0.155059,0.154571,0.153882,0.152988,0.151879,0.150547,0.148977,0.147153,0.145052,0.142645,0.139892,0.136739,0.133109,0.128885,0.123881,0.117769,0.109860,0.098195,0.053006
188820,0.155426,0.155329,0.155038,0.154550,0.153862,0.152968,0.151859,0.150527,0.148958,0.147134,0.145034,0.142627,0.139875,0.136723,0.133093,0.128870,0.123867,0.117756,0.109849,0.098185,0.053004
188880,0.155405,0.155309,0.155017,0.154530,0.153842,0.152947,0.151840,0.150508,0.148939,0.147115,0.145015,0.142609,0.139858,0.136706,0.133077,0.128855,0.123853,0.117743,0.109837,0.098176,0.053002
188940,0.155385,0.155288,0.154997,0.154509,0.153821,0.152927,0.151820,0.150488,0.148919,0.147097,0.144997,0.142591,0.139840,0.136689,0.133061,0.128840,0.123839,0.117730,0.109826,0.098167,0.053000
189000,0.155364,0.155267,0.154976,0.154489,0.153801,0.152907,0.151800,0.150469,0.148900,0.147078,0.144979,0.142574,0.139823,0.136673,0.133045,0.128825,0.123825,0.117718,0.109815,0.098157,0.052998
189060,0.155343,0.155246,0.154956,0.154468,0.153781,0.152887,0.151780,0.150449,0.148881,0.147059,0.144960,0.142556,0.139806,0.136656,0.133030,0.128810,0.123812,0.117705,0.109804,0.098148,0.052996
189120,0.155323,0.155226,0.154935,0.154448,0.153760,0.152867,0.151760,0.150429,0.148862,0.147040,0.144942,0.142538,0.139789,0.136640,0.133014,0.128795,0.123798,0.117692,0.109792,0.098139,0.052994
189180,0.155302,0.155205,0.154914,0.154427,0.153740,0.152847,0.151740,0.150410,0.148843,0.147021,0.144924,0.142520,0.139771,0.136623,0.132998,0.128780,0.123784,0.117679,0.109781,0.098130,0.052992
189240,0.155281,0.155184,0.154894,0.154407,0.153720,0.152827,0.151720,0.150390,0.148823,0.147002,0.144905,0.142502,0.139754,0.136607,0.132982,0.128765,0.123770,0.117667,0.109770,0.098120,0.052991
189300,0.155260,0.155164,0.154873,0.154386,0.153699,0.152807,0.151700,0.150371,0.148804,0.146984,0.144887,0.142485,0.139737,0.136590,0.132967,0.128750,0.123756,0.117654,0.109758,0.098111,0.052989
189360,0.155240,0.155143,0.154853,0.154366,0.153679,0.152786,0.151681,0.150351,0.148785,0.146965,0.144869,0.142467,0.139720,0.136574,0.132951,0.128735,0.123742,0.117641,0.109747,0.098102,0.052987
189420,0.155219,0.155123,0.154832,0.154345,0.153659,0.152766,0.151661,0.150332,0.148766,0.146946,0.144850,0.142449,0.139703,0.136557,0.132935,0.128721,0.123728,0.117628,0.109736,0.098093,0.052985
189480,0.155199,0.155102,0.154812,0.154325,0.153638,0.152746,0.151641,0.150312,0.148747,0.146927,0.144832,0.142431,0.139685,0.136541,0.132919,0.128706,0.123714,0.117616,0.109725,0.098083,0.052983
189540,0.155178,0.155081,0.154791,0.154305,0.153618,0.152726,0.151621,0.150293,0.148728,0.146909,0.144814,0.142413,0.139668,0.136524,0.132904,0.128691,0.123700,0.117603,0.109713,0.098074,0.052981
189600,0.155157,0.155061,0.154771,0.154284,0.153598,0.152706,0.151601,0.150273,0.148708,0.146890,0.144796,0.142396,0.139651,0.136508,0.132888,0.128676,0.123686,0.117590,0.109702,0.098065,0.052979
189660,0.155137,0.155040,0.154750,0.154264,0.153578,0.152686,0.151582,0.150254,0.148689,0.146871,0.144777,0.142378,0.139634,0.136491,0.132872,0.128661,0.123673,0.117578,0.109691,0.098056,0.052978
189720,0.155116,0.155020,0.154730,0.154243,0.153558,0.152666,0.151562,0.150234,0.148670,0.146853,0.144759,0.142360,0.139617,0.136475,0.132856,0.128646,0.123659,0.117565,0.109680,0.098046,0.052976
189780,0.155096,0.154999,0.154709,0.154223,0.153537,0.152646,0.151542,0.150215,0.148651,0.146834,0.144741,0.142343,0.139600,0.136458,0.132841,0.128631,0.123645,0.117552,0.109669,0.098037,0.052974
189840,0.155075,0.154979,0.154689,0.154203,0.153517,0.152626,0.151522,0.150195,0.148632,0.146815,0.144723,0.142325,0.139583,0.136442,0.132825,0.128617,0.123631,0.117540,0.109657,0.098028,0.052972
189900,0.155055,0.154958,0.154668,0.154182,0.153497,0.152606,0.151503,0.150176,0.148613,0.146797,0.144704,0.142307,0.139566,0.136425,0.132809,0.128602,0.123617,0.117527,0.109646,0.098019,0.052970
189960,0.155034,0.154938,0.154648,0.154162,0.153477,0.152586,0.151483,0.150157,0.148594,0.146778,0.144686,0.142290,0.139549,0.136409,0.132794,0.128587,0.123603,0.117514,0.109635,0.098010,0.052968
190020,0.155014,0.154917,0.154627,0.154142,0.153457,0.152566,0.151463,0.150137,0.148575,0.146759,0.144668,0.142272,0.139532,0.136393,0.132778,0.128572,0.123590,0.117502,0.109624,0.098000,0.052967
190080,0.154993,0.154897,0.154607,0.154121,0.153437,0.152546,0.151444,0.150118,0.148556,0.146741,0.144650,0.142254,0.139514,0.136376,0.132762,0.128557,0.123576,0.117489,0.109613,0.097991,0.052965
190140,0.154973,0.154876,0.154587,0.154101,0.153416,0.152527,0.151424,0.150098,0.148537,0.146722,0.144632,0.142237,0.139497,0.136360,0.132747,0.128543,0.123562,0.117477,0.109601,0.097982,0.052963
190200,0.154952,0.154856,0.154566,0.154081,0.153396,0.152507,0.151404,0.150079,0.148518,0.146703,0.144614,0.142219,0.139480,0.136344,0.132731,0.128528,0.123548,0.117464,0.109590,0.097973,0.052961
190260,0.154932,0.154835,0.154546,0.154061,0.153376,0.152487,0.151385,0.150060,0.148499,0.146685,0.144596,0.142201,0.139463,0.136327,0.132716,0.128513,0.123535,0.117451,0.109579,0.097964,0.052959
190320,0.154911,0.154815,0.154525,0.154040,0.153356,0.152467,0.151365,0.150040,0.148480,0.146666,0.144577,0.142184,0.139446,0.136311,0.132700,0.128498,0.123521,0.117439,0.109568,0.097954,0.052957
190380,0.154891,0.154795,0.154505,0.154020,0.153336,0.152447,0.151345,0.150021,0.148461,0.146648,0.144559,0.142166,0.139429,0.136294,0.132684,0.128484,0.123507,0.117426,0.109557,0.097945,0.052956
190440,0.154870,0.154774,0.154485,0.154000,0.153316,0.152427,0.151326,0.150002,0.148442,0.146629,0.144541,0.142149,0.139412,0.136278,0.132669,0.128469,0.123493,0.117413,0.109546,0.097936,0.052954
190500,0.154850,0.154754,0.154464,0.153980,0.153296,0.152407,0.151306,0.149982,0.148423,0.146611,0.144523,0.142131,0.139395,0.136262,0.132653,0.128454,0.123480,0.117401,0.109534,0.097927,0.052952
190560,0.154830,0.154733,0.154444,0.153960,0.153276,0.152387,0.151287,0.149963,0.148404,0.146592,0.144505,0.142114,0.139378,0.136246,0.132638,0.128440,0.123466,0.117388,0.109523,0.097918,0.052950
190620,0.154809,0.154713,0.154424,0.153939,0.153256,0.152368,0.151267,0.149944,0.148385,0.146574,0.144487,0.142096,0.139361,0.136229,0.132622,0.128425,0.123452,0.117376,0.109512,0.097909,0.052948
190680,0.154789,0.154693,0.154404,0.153919,0.153236,0.152348,0.151247,0.149925,0.148366,0.146555,0.144469,0.142078,0.139344,0.136213,0.132607,0.128410,0.123438,0.117363,0.109501,0.097900,0.052946
190740,0.154768,0.154672,0.154383,0.153899,0.153216,0.152328,0.151228,0.149905,0.148347,0.146536,0.144451,0.142061,0.139328,0.136197,0.132591,0.128395,0.123425,0.117351,0.109490,0.097890,0.052945
190800,0.154748,0.154652,0.154363,0.153879,0.153196,0.152308,0.151208,0.149886,0.148328,0.146518,0.144433,0.142043,0.139311,0.136180,0.132576,0.128381,0.123411,0.117338,0.109479,0.097881,0.052943
190860,0.154728,0.154632,0.154343,0.153859,0.153176,0.152288,0.151189,0.149867,0.148309,0.146500,0.144415,0.142026,0.139294,0.136164,0.132560,0.128366,0.123397,0.117326,0.109468,0.097872,0.052941
190920,0.154707,0.154611,0.154323,0.153839,0.153156,0.152269,0.151169,0.149848,0.148291,0.146481,0.144397,0.142008,0.139277,0.136148,0.132545,0.128351,0.123384,0.117313,0.109457,0.097863,0.052939
190980,0.154687,0.154591,0.154302,0.153819,0.153136,0.152249,0.151150,0.149828,0.148272,0.146463,0.144379,0.141991,0.139260,0.136132,0.132529,0.128337,0.123370,0.117301,0.109445,0.097854,0.052937
191040,0.154667,0.154571,0.154282,0.153798,0.153116,0.152229,0.151130,0.149809,0.148253,0.146444,0.144361,0.141973,0.139243,0.136115,0.132514,0.128322,0.123356,0.117288,0.109434,0.097845,0.052935
191100,0.154647,0.154551,0.154262,0.153778,0.153096,0.152209,0.151111,0.149790,0.148234,0.146426,0.144343,0.141956,0.139226,0.136099,0.132498,0.128307,0.123343,0.117276,0.109423,0.097836,0.052934
191160,0.154626,0.154530,0.154242,0.153758,0.153076,0.152190,0.151091,0.149771,0.148215,0.146407,0.144325,0.141939,0.139209,0.136083,0.132483,0.128293,0.123329,0.117263,0.109412,0.097827,0.052932
191220,0.154606,0.154510,0.154222,0.153738,0.153056,0.152170,0.151072,0.149752,0.148196,0.146389,0.144307,0.141921,0.139192,0.136067,0.132467,0.128278,0.123315,0.117251,0.109401,0.097818,0.052930
191280,0.154586,0.154490,0.154201,0.153718,0.153036,0.152150,0.151052,0.149733,0.148178,0.146370,0.144289,0.141904,0.139176,0.136051,0.132452,0.128264,0.123302,0.117238,0.109390,0.097808,0.052928
191340,0.154566,0.154470,0.154181,0.153698,0.153016,0.152131,0.151033,0.149713,0.148159,0.146352,0.144271,0.141886,0.139159,0.136034,0.132436,0.128249,0.123288,0.117226,0.109379,0.097799,0.052926
191400,0.154545,0.154449,0.154161,0.153678,0.152997,0.152111,0.151014,0.149694,0.148140,0.146334,0.144253,0.141869,0.139142,0.136018,0.132421,0.128234,0.123274,0.117213,0.109368,0.097790,0.052925
191460,0.154525,0.154429,0.154141,0.153658,0.152977,0.152091,0.150994,0.149675,0.148121,0.146315,0.144235,0.141851,0.139125,0.136002,0.132405,0.128220,0.123261,0.117201,0.109357,0.097781,0.052923
191520,0.154505,0.154409,0.154121,0.153638,0.152957,0.152072,0.150975,0.149656,0.148103,0.146297,0.144217,0.141834,0.139108,0.135986,0.132390,0.128205,0.123247,0.117188,0.109346,0.097772,0.052921
191580,0.154485,0.154389,0.154101,0.153618,0.152937,0.152052,0.150955,0.149637,0.148084,0.146279,0.144199,0.141817,0.139091,0.135970,0.132375,0.128191,0.123234,0.117176,0.109335,0.097763,0.052919
191640,0.154465,0.154369,0.154081,0.153598,0.152917,0.152032,0.150936,0.149618,0.148065,0.146260,0.144181,0.141799,0.139075,0.135954,0.132359,0.128176,0.123220,0.117163,0.109324,0.097754,0.052917
191700,0.154444,0.154349,0.154061,0.153578,0.152897,0.152013,0.150917,0.149599,0.148046,0.146242,0.144164,0.141782,0.139058,0.135937,0.132344,0.128162,0.123206,0.117151,0.109313,0.097745,0.052916
191760,0.154424,0.154328,0.154041,0.153558,0.152878,0.151993,0.150897,0.149580,0.148028,0.146224,0.144146,0.141765,0.139041,0.135921,0.132328,0.128147,0.123193,0.117138,0.109302,0.097736,0.052914
191820,0.154404,0.154308,0.154020,0.153538,0.152858,0.151974,0.150878,0.149561,0.148009,0.146205,0.144128,0.141747,0.139024,0.135905,0.132313,0.128133,0.123179,0.117126,0.109291,0.097727,0.052912
191880,0.154384,0.154288,0.154000,0.153518,0.152838,0.151954,0.150859,0.149542,0.147990,0.146187,0.144110,0.141730,0.139008,0.135889,0.132298,0.128118,0.123166,0.117114,0.109280,0.097718,0.052910
191940,0.154364,0.154268,0.153980,0.153498,0.152818,0.151934,0.150839,0.149523,0.147972,0.146169,0.144092,0.141713,0.138991,0.135873,0.132282,0.128103,0.123152,0.117101,0.109269,0.097709,0.052909
192000,0.154344,0.154248,0.153960,0.153479,0.152799,0.151915,0.150820,0.149504,0.147953,0.146150,0.144074,0.141695,0.138974,0.135857,0.132267,0.128089,0.123139,0.117089,0.109258,0.097700,0.052907
192060,0.154324,0.154228,0.153940,0.153459,0.152779,0.151895,0.150801,0.149485,0.147934,0.146132,0.144057,0.141678,0.138957,0.135841,0.132252,0.128074,0.123125,0.117076,0.109247,0.097691,0.052905
192120,0.154304,0.154208,0.153920,0.153439,0.152759,0.151876,0.150781,0.149466,0.147916,0.146114,0.144039,0.141661,0.138941,0.135825,0.132236,0.128060,0.123112,0.117064,0.109236,0.097682,0.052903
192180,0.154284,0.154188,0.153900,0.153419,0.152739,0.151856,0.150762,0.149447,0.147897,0.146096,0.144021,0.141643,0.138924,0.135809,0.132221,0.128045,0.123098,0.117052,0.109225,0.097673,0.052901
192240,0.154263,0.154168,0.153880,0.153399,0.152720,0.151837,0.150743,0.149428,0.147878,0.146077,0.144003,0.141626,0.138907,0.135793,0.132206,0.128031,0.123085,0.117039,0.109214,0.097664,0.052900
192300,0.154243,0.154148,0.153861,0.153379,0.152700,0.151817,0.150724,0.149409,0.147860,0.146059,0.143985,0.141609,0.138891,0.135777,0.132190,0.128017,0.123071,0.117027,0.109203,0.097655,0.052898
192360,0.154223,0.154128,0.153841,0.153359,0.152680,0.151798,0.150704,0.149390,0.147841,0.146041,0.143968,0.141592,0.138874,0.135761,0.132175,0.128002,0.123058,0.117015,0.109192,0.097646,0.052896
192420,0.154203,0.154108,0.153821,0.153340,0.152661,0.151778,0.150685,0.149371,0.147823,0.146023,0.143950,0.141574,0.138857,0.135745,0.132160,0.127988,0.123044,0.117002,0.109181,0.097637,0.052894
192480,0.154183,0.154088,0.153801,0.153320,0.152641,0.151759,0.150666,0.149352,0.147804,0.146005,0.143932,0.141557,0.138841,0.135729,0.132144,0.127973,0.123031,0.116990,0.109170,0.097628,0.052893
192540,0.154163,0.154068,0.153781,0.153300,0.152621,0.151739,0.150647,0.149333,0.147785,0.145987,0.143914,0.141540,0.138824,0.135713,0.132129,0.127959,0.123017,0.116977,0.109159,0.097619,0.052891
192600,0.154143,0.154048,0.153761,0.153280,0.152602,0.151720,0.150628,0.149314,0.147767,0.145968,0.143897,0.141523,0.138807,0.135697,0.132114,0.127944,0.123004,0.116965,0.109148,0.097610,0.052889
192660,0.154123,0.154028,0.153741,0.153260,0.152582,0.151701,0.150608,0.149295,0.147748,0.145950,0.143879,0.141506,0.138791,0.135681,0.132099,0.127930,0.122990,0.116953,0.109137,0.097601,0.052887
192720,0.154103,0.154008,0.153721,0.153241,0.152562,0.151681,0.150589,0.149276,0.147730,0.145932,0.143861,0.141488,0.138774,0.135665,0.132083,0.127916,0.122977,0.116941,0.109127,0.097592,0.052885
192780,0.154084,0.153988,0.153701,0.153221,0.152543,0.151662,0.150570,0.149258,0.147711,0.145914,0.143844,0.141471,0.138757,0.135649,0.132068,0.127901,0.122963,0.116928,0.109116,0.097583,0.052884
192840,0.154064,0.153968,0.153682,0.153201,0.152523,0.151642,0.150551,0.149239,0.147693,0.145896,0.143826,0.141454,0.138741,0.135633,0.132053,0.127887,0.122950,0.116916,0.109105,0.097574,0.052882
192900,0.154044,0.153948,0.153662,0.153181,0.152504,0.151623,0.150532,0.149220,0.147674,0.145878,0.143808,0.141437,0.138724,0.135617,0.132038,0.127872,0.122936,0.116904,0.109094,0.097565,0.052880
192960,0.154024,0.153928,0.153642,0.153162,0.152484,0.151604,0.150513,0.149201,0.147656,0.145860,0.143791,0.141420,0.138708,0.135601,0.132023,0.127858,0.122923,0.116891,0.109083,0.097556,0.052878
193020,0.154004,0.153909,0.153622,0.153142,0.152465,0.151584,0.150494,0.149182,0.147637,0.145842,0.143773,0.141403,0.138691,0.135585,0.132007,0.127844,0.122910,0.116879,0.109072,0.097547,0.052877
193080,0.153984,0.153889,0.153602,0.153122,0.152445,0.151565,0.150475,0.149163,0.147619,0.145823,0.143755,0.141385,0.138675,0.135569,0.131992,0.127829,0.122896,0.116867,0.109061,0.097538,0.052875
193140,0.153964,0.153869,0.153582,0.153103,0.152426,0.151546,0.150455,0.149145,0.147600,0.145805,0.143738,0.141368,0.138658,0.135553,0.131977,0.127815,0.122883,0.116855,0.109050,0.097529,0.052873
193200,0.153944,0.153849,0.153563,0.153083,0.152406,0.151526,0.150436,0.149126,0.147582,0.145787,0.143720,0.141351,0.138641,0.135537,0.131962,0.127801,0.122869,0.116842,0.109039,0.097520,0.052871
193260,0.153924,0.153829,0.153543,0.153063,0.152387,0.151507,0.150417,0.149107,0.147563,0.145769,0.143703,0.141334,0.138625,0.135521,0.131947,0.127786,0.122856,0.116830,0.109029,0.097511,0.052870
193320,0.153905,0.153809,0.153523,0.153044,0.152367,0.151488,0.150398,0.149088,0.147545,0.145751,0.143685,0.141317,0.138608,0.135505,0.131932,0.127772,0.122843,0.116818,0.109018,0.097502,0.052868
193380,0.153885,0.153790,0.153503,0.153024,0.152348,0.151469,0.150379,0.149070,0.147527,0.145733,0.143667,0.141300,0.138592,0.135490,0.131916,0.127758,0.122829,0.116806,0.109007,0.097493,0.052866
193440,0.153865,0.153770,0.153484,0.153004,0.152328,0.151449,0.150360,0.149051,0.147508,0.145715,0.143650,0.141283,0.138575,0.135474,0.131901,0.127743,0.122816,0.116793,0.108996,0.097484,0.052864
193500,0.153845,0.153750,0.153464,0.152985,0.152309,0.151430,0.150341,0.149032,0.147490,0.145697,0.143632,0.141266,0.138559,0.135458,0.131886,0.127729,0.122803,0.116781,0.108985,0.097476,0.052863
193560,0.153825,0.153730,0.153444,0.152965,0.152289,0.151411,0.150322,0.149013,0.147471,0.145679,0.143615,0.141249,0.138542,0.135442,0.131871,0.127715,0.122789,0.116769,0.108974,0.097467,0.052861
193620,0.153806,0.153711,0.153425,0.152946,0.152270,0.151391,0.150303,0.148995,0.147453,0.145661,0.143597,0.141232,0.138526,0.135426,0.131856,0.127700,0.122776,0.116757,0.108964,0.097458,0.052859
193680,0.153786,0.153691,0.153405,0.152926,0.152250,0.151372,0.150284,0.148976,0.147435,0.145643,0.143580,0.141215,0.138510,0.135410,0.131841,0.127686,0.122763,0.116744,0.108953,0.097449,0.052857
193740,0.153766,0.153671,0.153385,0.152907,0.152231,0.151353,0.150265,0.148957,0.147416,0.145625,0.143562,0.141198,0.138493,0.135395,0.131826,0.127672,0.122749,0.116732,0.108942,0.097440,0.052856
193800,0.153746,0.153651,0.153366,0.152887,0.152212,0.151334,0.150246,0.148939,0.147398,0.145607,0.143545,0.141181,0.138477,0.135379,0.131811,0.127658,0.122736,0.116720,0.108931,0.097431,0.052854
193860,0.153727,0.153632,0.153346,0.152867,0.152192,0.151315,0.150227,0.148920,0.147380,0.145589,0.143527,0.141164,0.138460,0.135363,0.131796,0.127643,0.122723,0.116708,0.108920,0.097422,0.052852
193920,0.153707,0.153612,0.153326,0.152848,0.152173,0.151295,0.150208,0.148901,0.147361,0.145572,0.143510,0.141147,0.138444,0.135347,0.131781,0.127629,0.122709,0.116696,0.108910,0.097413,0.052851
193980,0.153687,0.153592,0.153307,0.152828,0.152153,0.151276,0.150189,0.148883,0.147343,0.145554,0.143492,0.141130,0.138427,0.135331,0.131765,0.127615,0.122696,0.116683,0.108899,0.097404,0.052849
194040,0.153668,0.153573,0.153287,0.152809,0.152134,0.151257,0.150171,0.148864,0.147325,0.145536,0.143475,0.141113,0.138411,0.135316,0.131750,0.127601,0.122683,0.116671,0.108888,0.097396,0.052847
194100,0.153648,0.153553,0.153268,0.152789,0.152115,0.151238,0.150152,0.148845,0.147306,0.145518,0.143457,0.141096,0.138395,0.135300,0.131735,0.127586,0.122669,0.116659,0.108877,0.097387,0.052845
194160,0.153628,0.153533,0.153248,0.152770,0.152095,0.151219,0.150133,0.148827,0.147288,0.145500,0.143440,0.141079,0.138378,0.135284,0.131720,0.127572,0.122656,0.116647,0.108866,0.097378,0.052844
194220,0.153609,0.153514,0.153228,0.152750,0.152076,0.151200,0.150114,0.148808,0.147270,0.145482,0.143422,0.141062,0.138362,0.135268,0.131705,0.127558,0.122643,0.116635,0.108856,0.097369,0.052842
194280,0.153589,0.153494,0.153209,0.152731,0.152057,0.151181,0.150095,0.148790,0.147252,0.145464,0.143405,0.141045,0.138345,0.135253,0.131690,0.127544,0.122630,0.116623,0.108845,0.097360,0.052840
194340,0.153569,0.153474,0.153189,0.152712,0.152038,0.151162,0.150076,0.148771,0.147233,0.145446,0.143388,0.141028,0.138329,0.135237,0.131675,0.127530,0.122616,0.116611,0.108834,0.097351,0.052838
194400,0.153550,0.153455,0.153170,0.152692,0.152018,0.151142,0.150057,0.148753,0.147215,0.145428,0.143370,0.141011,0.138313,0.135221,0.131660,0.127515,0.122603,0.116598,0.108823,0.097342,0.052837
194460,0.153530,0.153435,0.153150,0.152673,0.151999,0.151123,0.150038,0.148734,0.147197,0.145411,0.143353,0.140994,0.138296,0.135206,0.131645,0.127501,0.122590,0.116586,0.108813,0.097334,0.052835
194520,0.153510,0.153416,0.153131,0.152653,0.151980,0.151104,0.150020,0.148715,0.147179,0.145393,0.143335,0.140977,0.138280,0.135190,0.131630,0.127487,0.122577,0.116574,0.108802,0.097325,0.052833
194580,0.153491,0.153396,0.153111,0.152634,0.151960,0.151085,0.150001,0.148697,0.147161,0.145375,0.143318,0.140961,0.138264,0.135174,0.131615,0.127473,0.122564,0.116562,0.108791,0.097316,0.052832
194640,0.153471,0.153377,0.153092,0.152615,0.151941,0.151066,0.149982,0.148678,0.147142,0.145357,0.143301,0.140944,0.138248,0.135159,0.131600,0.127459,0.122550,0.116550,0.108781,0.097307,0.052830
194700,0.153452,0.153357,0.153072,0.152595,0.151922,0.151047,0.149963,0.148660,0.147124,0.145339,0.143283,0.140927,0.138231,0.135143,0.131585,0.127445,0.122537,0.116538,0.108770,0.097298,0.052828
194760,0.153432,0.153337,0.153053,0.152576,0.151903,0.151028,0.149944,0.148641,0.147106,0.145322,0.143266,0.140910,0.138215,0.135127,0.131571,0.127431,0.122524,0.116526,0.108759,0.097290,0.052826
194820,0.153413,0.153318,0.153033,0.152556,0.151884,0.151009,0.149926,0.148623,0.147088,0.145304,0.143249,0.140893,0.138199,0.135112,0.131556,0.127416,0.122511,0.116514,0.108748,0.097281,0.052825
194880,0.153393,0.153298,0.153014,0.152537,0.151864,0.150990,0.149907,0.148604,0.147070,0.145286,0.143231,0.140876,0.138182,0.135096,0.131541,0.127402,0.122498,0.116502,0.108738,0.097272,0.052823
194940,0.153374,0.153279,0.152994,0.152518,0.151845,0.150971,0.149888,0.148586,0.147052,0.145268,0.143214,0.140860,0.138166,0.135080,0.131526,0.127388,0.122484,0.116490,0.108727,0.097263,0.052821
195000,0.153354,0.153259,0.152975,0.152498,0.151826,0.150952,0.149869,0.148568,0.147034,0.145251,0.143197,0.140843,0.138150,0.135065,0.131511,0.127374,0.122471,0.116478,0.108716,0.097254,0.052820
195060,0.153335,0.153240,0.152956,0.152479,0.151807,0.150933,0.149851,0.148549,0.147015,0.145233,0.143179,0.140826,0.138134,0.135049,0.131496,0.127360,0.122458,0.116466,0.108706,0.097246,0.052818
195120,0.153315,0.153221,0.152936,0.152460,0.151788,0.150914,0.149832,0.148531,0.146997,0.145215,0.143162,0.140809,0.138117,0.135033,0.131481,0.127346,0.122445,0.116454,0.108695,0.097237,0.052816
195180,0.153296,0.153201,0.152917,0.152441,0.151769,0.150895,0.149813,0.148512,0.146979,0.145197,0.143145,0.140792,0.138101,0.135018,0.131466,0.127332,0.122432,0.116441,0.108684,0.097228,0.052815
195240,0.153276,0.153182,0.152897,0.152421,0.151750,0.150876,0.149795,0.148494,0.146961,0.145180,0.143128,0.140776,0.138085,0.135002,0.131451,0.127318,0.122419,0.116429,0.108674,0.097219,0.052813
195300,0.153257,0.153162,0.152878,0.152402,0.151730,0.150858,0.149776,0.148475,0.146943,0.145162,0.143110,0.140759,0.138069,0.134987,0.131436,0.127304,0.122406,0.116417,0.108663,0.097210,0.052811
195360,0.153237,0.153143,0.152859,0.152383,0.151711,0.150839,0.149757,0.148457,0.146925,0.145144,0.143093,0.140742,0.138053,0.134971,0.131422,0.127290,0.122392,0.116405,0.108652,0.097202,0.052810
195420,0.153218,0.153123,0.152839,0.152364,0.151692,0.150820,0.149739,0.148439,0.146907,0.145127,0.143076,0.140725,0.138036,0.134956,0.131407,0.127276,0.122379,0.116393,0.108642,0.097193,0.052808
195480,0.153198,0.153104,0.152820,0.152344,0.151673,0.150801,0.149720,0.148420,0.146889,0.145109,0.143059,0.140709,0.138020,0.134940,0.131392,0.127262,0.122366,0.116381,0.108631,0.097184,0.052806
195540,0.153179,0.153085,0.152801,0.152325,0.151654,0.150782,0.149701,0.148402,0.146871,0.145091,0.143041,0.140692,0.138004,0.134925,0.131377,0.127248,0.122353,0.116369,0.108620,0.097175,0.052804
195600,0.153160,0.153065,0.152781,0.152306,0.151635,0.150763,0.149683,0.148384,0.146853,0.145074,0.143024,0.140675,0.137988,0.134909,0.131362,0.127234,0.122340,0.116357,0.108610,0.097167,0.052803
195660,0.153140,0.153046,0.152762,0.152287,0.151616,0.150744,0.149664,0.148365,0.146835,0.145056,0.143007,0.140658,0.137972,0.134893,0.131347,0.127220,0.122327,0.116345,0.108599,0.097158,0.052801
195720,0.153121,0.153027,0.152743,0.152268,0.151597,0.150725,0.149645,0.148347,0.146817,0.145039,0.142990,0.140642,0.137956,0.134878,0.131333,0.127206,0.122314,0.116333,0.108589,0.097149,0.052799
195780,0.153102,0.153007,0.152724,0.152248,0.151578,0.150707,0.149627,0.148329,0.146799,0.145021,0.142973,0.140625,0.137940,0.134862,0.131318,0.127192,0.122301,0.116322,0.108578,0.097141,0.052798
195840,0.153082,0.152988,0.152704,0.152229,0.151559,0.150688,0.149608,0.148310,0.146781,0.145003,0.142956,0.140608,0.137923,0.134847,0.131303,0.127178,0.122288,0.116310,0.108567,0.097132,0.052796
195900,0.153063,0.152969,0.152685,0.152210,0.151540,0.150669,0.149590,0.148292,0.146763,0.144986,0.142938,0.140592,0.137907,0.134831,0.131288,0.127164,0.122275,0.116298,0.108557,0.097123,0.052794
195960,0.153044,0.152949,0.152666,0.152191,0.151521,0.150650,0.149571,0.148274,0.146745,0.144968,0.142921,0.140575,0.137891,0.134816,0.131273,0.127150,0.122262,0.116286,0.108546,0.097114,0.052793
196020,0.153024,0.152930,0.152647,0.152172,0.151502,0.150631,0.149553,0.148255,0.146727,0.144951,0.142904,0.140558,0.137875,0.134801,0.131259,0.127136,0.122249,0.116274,0.108536,0.097106,0.052791
196080,0.153005,0.152911,0.152627,0.152153,0.151483,0.150613,0.149534,0.148237,0.146709,0.144933,0.142887,0.140542,0.137859,0.134785,0.131244,0.127122,0.122236,0.116262,0.108525,0.097097,0.052789
196140,0.152986,0.152891,0.152608,0.152134,0.151464,0.150594,0.149516,0.148219,0.146691,0.144916,0.142870,0.140525,0.137843,0.134770,0.131229,0.127108,0.122223,0.116250,0.108514,0.097088,0.052788
196200,0.152966,0.152872,0.152589,0.152115,0.151445,0.150575,0.149497,0.148201,0.146673,0.144898,0.142853,0.140509,0.137827,0.134754,0.131214,0.127094,0.122210,0.116238,0.108504,0.097080,0.052786
196260,0.152947,0.152853,0.152570,0.152096,0.151426,0.150556,0.149478,0.148183,0.146655,0.144881,0.142836,0.140492,0.137811,0.134739,0.131200,0.127080,0.122197,0.116226,0.108493,0.097071,0.052784
196320,0.152928,0.152834,0.152551,0.152076,0.151407,0.150538,0.149460,0.148164,0.146638,0.144863,0.142819,0.140475,0.137795,0.134723,0.131185,0.127066,0.122184,0.116214,0.108483,0.097062,0.052783
196380,0.152909,0.152815,0.152532,0.152057,0.151388,0.150519,0.149442,0.148146,0.146620,0.144846,0.142802,0.140459,0.137779,0.134708,0.131170,0.127052,0.122171,0.116202,0.108472,0.097053,0.052781
196440,0.152889,0.152795,0.152512,0.152038,0.151369,0.150500,0.149423,0.148128,0.146602,0.144828,0.142784,0.140442,0.137763,0.134693,0.131156,0.127038,0.122158,0.116190,0.108462,0.097045,0.052779
196500,0.152870,0.152776,0.152493,0.152019,0.151351,0.150482,0.149405,0.148110,0.146584,0.144811,0.142767,0.140426,0.137747,0.134677,0.131141,0.127024,0.122145,0.116178,0.108451,0.097036,0.052778
196560,0.152851,0.152757,0.152474,0.152000,0.151332,0.150463,0.149386,0.148092,0.146566,0.144793,0.142750,0.140409,0.137731,0.134662,0.131126,0.127010,0.122132,0.116167,0.108441,0.097027,0.052776
196620,0.152832,0.152738,0.152455,0.151981,0.151313,0.150444,0.149368,0.148073,0.146548,0.144776,0.142733,0.140393,0.137715,0.134646,0.131112,0.126996,0.122119,0.116155,0.108430,0.097019,0.052774
196680,0.152813,0.152719,0.152436,0.151962,0.151294,0.150426,0.149349,0.148055,0.146530,0.144758,0.142716,0.140376,0.137699,0.134631,0.131097,0.126983,0.122106,0.116143,0.108420,0.097010,0.052773
196740,0.152793,0.152699,0.152417,0.151943,0.151275,0.150407,0.149331,0.148037,0.146513,0.144741,0.142699,0.140360,0.137683,0.134616,0.131082,0.126969,0.122093,0.116131,0.108409,0.097002,0.052771
196800,0.152774,0.152680,0.152398,0.151924,0.151256,0.150388,0.149312,0.148019,0.146495,0.144723,0.142682,0.140343,0.137667,0.134600,0.131068,0.126955,0.122080,0.116119,0.108399,0.096993,0.052769
196860,0.152755,0.152661,0.152379,0.151905,0.151238,0.150370,0.149294,0.148001,0.146477,0.144706,0.142665,0.140327,0.137651,0.134585,0.131053,0.126941,0.122067,0.116107,0.108388,0.096984,0.052768
196920,0.152736,0.152642,0.152360,0.151886,0.151219,0.150351,0.149276,0.147983,0.146459,0.144688,0.142648,0.140310,0.137635,0.134570,0.131038,0.126927,0.122054,0.116095,0.108378,0.096976,0.052766
196980,0.152717,0.152623,0.152341,0.151867,0.151200,0.150332,0.149257,0.147965,0.146442,0.144671,0.142631,0.140294,0.137619,0.134554,0.131024,0.126913,0.122041,0.116084,0.108367,0.096967,0.052764
197040,0.152698,0.152604,0.152322,0.151849,0.151181,0.150314,0.149239,0.147947,0.146424,0.144654,0.142614,0.140277,0.137603,0.134539,0.131009,0.126900,0.122028,0.116072,0.108357,0.096958,0.052763
197100,0.152679,0.152585,0.152303,0.151830,0.151162,0.150295,0.149221,0.147928,0.146406,0.144636,0.142597,0.140261,0.137587,0.134524,0.130994,0.126886,0.122015,0.116060,0.108346,0.096950,0.052761
197160,0.152660,0.152566,0.152283,0.151811,0.151144,0.150277,0.149202,0.147910,0.146388,0.144619,0.142581,0.140244,0.137571,0.134508,0.130980,0.126872,0.122002,0.116048,0.108336,0.096941,0.052760
197220,0.152640,0.152547,0.152264,0.151792,0.151125,0.150258,0.149184,0.147892,0.146371,0.144602,0.142564,0.140228,0.137555,0.134493,0.130965,0.126858,0.121989,0.116036,0.108325,0.096932,0.052758
197280,0.152621,0.152528,0.152246,0.151773,0.151106,0.150239,0.149166,0.147874,0.146353,0.144584,0.142547,0.140211,0.137539,0.134478,0.130951,0.126844,0.121977,0.116024,0.108315,0.096924,0.052756
197340,0.152602,0.152509,0.152227,0.151754,0.151087,0.150221,0.149147,0.147856,0.146335,0.144567,0.142530,0.140195,0.137523,0.134462,0.130936,0.126831,0.121964,0.116013,0.108304,0.096915,0.052755
197400,0.152583,0.152490,0.152208,0.151735,0.151069,0.150202,0.149129,0.147838,0.146317,0.144550,0.142513,0.140178,0.137508,0.134447,0.130921,0.126817,0.121951,0.116001,0.108294,0.096907,0.052753
197460,0.152564,0.152470,0.152189,0.151716,0.151050,0.150184,0.149111,0.147820,0.146300,0.144532,0.142496,0.140162,0.137492,0.134432,0.130907,0.126803,0.121938,0.115989,0.108283,0.096898,0.052751
197520,0.152545,0.152451,0.152170,0.151697,0.151031,0.150165,0.149092,0.147802,0.146282,0.144515,0.142479,0.140146,0.137476,0.134417,0.130892,0.126789,0.121925,0.115977,0.108273,0.096889,0.052750
197580,0.152526,0.152432,0.152151,0.151679,0.151013,0.150147,0.149074,0.147784,0.146264,0.144498,0.142462,0.140129,0.137460,0.134401,0.130878,0.126775,0.121912,0.115966,0.108262,0.096881,0.052748
197640,0.152507,0.152414,0.152132,0.151660,0.150994,0.150128,0.149056,0.147766,0.146247,0.144480,0.142445,0.140113,0.137444,0.134386,0.130863,0.126762,0.121899,0.115954,0.108252,0.096872,0.052746
197700,0.152488,0.152395,0.152113,0.151641,0.150975,0.150110,0.149038,0.147748,0.146229,0.144463,0.142428,0.140096,0.137428,0.134371,0.130849,0.126748,0.121887,0.115942,0.108242,0.096864,0.052745
197760,0.152469,0.152376,0.152094,0.151622,0.150957,0.150091,0.149019,0.147730,0.146211,0.144446,0.142412,0.140080,0.137412,0.134356,0.130834,0.126734,0.121874,0.115930,0.108231,0.096855,0.052743
197820,0.152450,0.152357,0.152075,0.151603,0.150938,0.150073,0.149001,0.147712,0.146194,0.144429,0.142395,0.140064,0.137397,0.134341,0.130820,0.126720,0.121861,0.115918,0.108221,0.096846,0.052742
197880,0.152431,0.152338,0.152056,0.151585,0.150919,0.150055,0.148983,0.147694,0.146176,0.144411,0.142378,0.140047,0.137381,0.134325,0.130805,0.126707,0.121848,0.115907,0.108210,0.096838,0.052740
197940,0.152412,0.152319,0.152037,0.151566,0.150901,0.150036,0.148965,0.147677,0.146159,0.144394,0.142361,0.140031,0.137365,0.134310,0.130791,0.126693,0.121835,0.115895,0.108200,0.096829,0.052738
198000,0.152393,0.152300,0.152018,0.151547,0.150882,0.150018,0.148947,0.147659,0.146141,0.144377,0.142344,0.140015,0.137349,0.134295,0.130776,0.126679,0.121822,0.115883,0.108189,0.096821,0.052737
198060,0.152374,0.152281,0.152000,0.151528,0.150863,0.149999,0.148928,0.147641,0.146123,0.144360,0.142328,0.139998,0.137334,0.134280,0.130762,0.126666,0.121810,0.115872,0.108179,0.096812,0.052735
198120,0.152356,0.152262,0.151981,0.151510,0.150845,0.149981,0.148910,0.147623,0.146106,0.144342,0.142311,0.139982,0.137318,0.134265,0.130747,0.126652,0.121797,0.115860,0.108169,0.096804,0.052733
198180,0.152337,0.152243,0.151962,0.151491,0.150826,0.149962,0.148892,0.147605,0.146088,0.144325,0.142294,0.139966,0.137302,0.134250,0.130733,0.126638,0.121784,0.115848,0.108158,0.096795,0.052732
198240,0.152318,0.152224,0.151943,0.151472,0.150808,0.149944,0.148874,0.147587,0.146071,0.144308,0.142277,0.139949,0.137286,0.134234,0.130718,0.126625,0.121771,0.115836,0.108148,0.096787,0.052730
198300,0.152299,0.152205,0.151924,0.151454,0.150789,0.149926,0.148856,0.147569,0.146053,0.144291,0.142260,0.139933,0.137270,0.134219,0.130704,0.126611,0.121759,0.115825,0.108138,0.096778,0.052729
198360,0.152280,0.152187,0.151906,0.151435,0.150771,0.149907,0.148838,0.147551,0.146036,0.144274,0.142244,0.139917,0.137255,0.134204,0.130689,0.126597,0.121746,0.115813,0.108127,0.096770,0.052727
198420,0.152261,0.152168,0.151887,0.151416,0.150752,0.149889,0.148819,0.147533,0.146018,0.144257,0.142227,0.139901,0.137239,0.134189,0.130675,0.126584,0.121733,0.115801,0.108117,0.096761,0.052725
198480,0.152242,0.152149,0.151868,0.151398,0.150734,0.149871,0.148801,0.147516,0.146001,0.144239,0.142210,0.139884,0.137223,0.134174,0.130661,0.126570,0.121720,0.115790,0.108107,0.096753,0.052724
198540,0.152223,0.152130,0.151849,0.151379,0.150715,0.149852,0.148783,0.147498,0.145983,0.144222,0.142194,0.139868,0.137208,0.134159,0.130646,0.126556,0.121708,0.115778,0.108096,0.096744,0.052722
198600,0.152205,0.152111,0.151831,0.151360,0.150697,0.149834,0.148765,0.147480,0.145966,0.144205,0.142177,0.139852,0.137192,0.134144,0.130632,0.126543,0.121695,0.115766,0.108086,0.096735,0.052721
198660,0.152186,0.152092,0.151812,0.151342,0.150678,0.149816,0.148747,0.147462,0.145948,0.144188,0.142160,0.139836,0.137176,0.134129,0.130617,0.126529,0.121682,0.115755,0.108075,0.096727,0.052719
198720,0.152167,0.152074,0.151793,0.151323,0.150660,0.149797,0.148729,0.147444,0.145931,0.144171,0.142143,0.139819,0.137161,0.134114,0.130603,0.126515,0.121669,0.115743,0.108065,0.096718,0.052717
198780,0.152148,0.152055,0.151774,0.151304,0.150641,0.149779,0.148711,0.147427,0.145913,0.144154,0.142127,0.139803,0.137145,0.134099,0.130589,0.126502,0.121657,0.115731,0.108055,0.096710,0.052716
198840,0.152129,0.152036,0.151756,0.151286,0.150623,0.149761,0.148693,0.147409,0.145896,0.144137,0.142110,0.139787,0.137129,0.134083,0.130574,0.126488,0.121644,0.115720,0.108045,0.096701,0.052714
198900,0.152111,0.152017,0.151737,0.151267,0.150604,0.149743,0.148675,0.147391,0.145878,0.144120,0.142093,0.139771,0.137114,0.134068,0.130560,0.126475,0.121631,0.115708,0.108034,0.096693,0.052713
198960,0.152092,0.151999,0.151718,0.151249,0.150586,0.149724,0.148657,0.147373,0.145861,0.144103,0.142077,0.139755,0.137098,0.134053,0.130545,0.126461,0.121619,0.115697,0.108024,0.096684,0.052711
199020,0.152073,0.151980,0.151700,0.151230,0.150567,0.149706,0.148639,0.147356,0.145843,0.144085,0.142060,0.139739,0.137082,0.134038,0.130531,0.126448,0.121606,0.115685,0.108014,0.096676,0.052709
199080,0.152054,0.151961,0.151681,0.151211,0.150549,0.149688,0.148621,0.147338,0.145826,0.144068,0.142043,0.139722,0.137067,0.134023,0.130517,0.126434,0.121593,0.115673,0.108003,0.096668,0.052708
199140,0.152036,0.151943,0.151662,0.151193,0.150531,0.149670,0.148603,0.147320,0.145809,0.144051,0.142027,0.139706,0.137051,0.134008,0.130502,0.126420,0.121581,0.115662,0.107993,0.096659,0.052706
199200,0.152017,0.151924,0.151644,0.151174,0.150512,0.149651,0.148585,0.147302,0.145791,0.144034,0.142010,0.139690,0.137035,0.133993,0.130488,0.126407,0.121568,0.115650,0.107983,0.096651,0.052705
199260,0.151998,0.151905,0.151625,0.151156,0.150494,0.149633,0.148567,0.147285,0.145774,0.144017,0.141994,0.139674,0.137020,0.133978,0.130474,0.126393,0.121555,0.115639,0.107972,0.096642,0.052703
199320,0.151980,0.151886,0.151606,0.151137,0.150475,0.149615,0.148549,0.147267,0.145756,0.144000,0.141977,0.139658,0.137004,0.133963,0.130459,0.126380,0.121543,0.115627,0.107962,0.096634,0.052701
199380,0.151961,0.151868,0.151588,0.151119,0.150457,0.149597,0.148531,0.147249,0.145739,0.143983,0.141960,0.139642,0.136989,0.133948,0.130445,0.126366,0.121530,0.115615,0.107952,0.096625,0.052700
199440,0.151942,0.151849,0.151569,0.151100,0.150439,0.149579,0.148513,0.147232,0.145722,0.143966,0.141944,0.139626,0.136973,0.133933,0.130431,0.126353,0.121517,0.115604,0.107942,0.096617,0.052698
199500,0.151924,0.151830,0.151551,0.151082,0.150420,0.149561,0.148495,0.147214,0.145704,0.143949,0.141927,0.139609,0.136957,0.133918,0.130417,0.126339,0.121505,0.115592,0.107931,0.096608,0.052697
199560,0.151905,0.151812,0.151532,0.151063,0.150402,0.149542,0.148477,0.147196,0.145687,0.143932,0.141911,0.139593,0.136942,0.133903,0.130402,0.126326,0.121492,0.115581,0.107921,0.096600,0.052695
199620,0.151886,0.151793,0.151514,0.151045,0.150384,0.149524,0.148459,0.147179,0.145670,0.143915,0.141894,0.139577,0.136926,0.133888,0.130388,0.126312,0.121480,0.115569,0.107911,0.096591,0.052693
199680,0.151868,0.151775,0.151495,0.151026,0.150365,0.149506,0.148441,0.147161,0.145652,0.143898,0.141878,0.139561,0.136911,0.133874,0.130374,0.126299,0.121467,0.115558,0.107901,0.096583,0.052692
199740,0.151849,0.151756,0.151476,0.151008,0.150347,0.149488,0.148423,0.147143,0.145635,0.143881,0.141861,0.139545,0.136895,0.133859,0.130360,0.126285,0.121454,0.115546,0.107890,0.096575,0.052690
199800,0.151830,0.151737,0.151458,0.150990,0.150329,0.149470,0.148406,0.147126,0.145618,0.143865,0.141845,0.139529,0.136880,0.133844,0.130345,0.126272,0.121442,0.115534,0.107880,0.096566,0.052689
199860,0.151812,0.151719,0.151439,0.150971,0.150310,0.149452,0.148388,0.147108,0.145600,0.143848,0.141828,0.139513,0.136864,0.133829,0.130331,0.126258,0.121429,0.115523,0.107870,0.096558,0.052687
199920,0.151793,0.151700,0.151421,0.150953,0.150292,0.149434,0.148370,0.147091,0.145583,0.143831,0.141812,0.139497,0.136849,0.133814,0.130317,0.126245,0.121417,0.115511,0.107860,0.096549,0.052686
199980,0.151775,0.151682,0.151402,0.150934,0.150274,0.149416,0.148352,0.147073,0.145566,0.143814,0.141795,0.139481,0.136833,0.133799,0.130303,0.126231,0.121404,0.115500,0.107850,0.096541,0.052684
200040,0.151756,0.151663,0.151384,0.150916,0.150256,0.149398,0.148334,0.147055,0.145549,0.143797,0.141779,0.139465,0.136818,0.133784,0.130288,0.126218,0.121392,0.115488,0.107839,0.096532,0.052682
200100,0.151737,0.151645,0.151365,0.150898,0.150237,0.149380,0.148316,0.147038,0.145531,0.143780,0.141762,0.139449,0.136802,0.133769,0.130274,0.126204,0.121379,0.115477,0.107829,0.096524,0.052681
200160,0.151719,0.151626,0.151347,0.150879,0.150219,0.149361,0.148298,0.147020,0.145514,0.143763,0.141746,0.139433,0.136787,0.133754,0.130260,0.126191,0.121366,0.115465,0.107819,0.096516,0.052679
200220,0.151700,0.151608,0.151328,0.150861,0.150201,0.149343,0.148281,0.147003,0.145497,0.143746,0.141729,0.139417,0.136771,0.133739,0.130246,0.126178,0.121354,0.115454,0.107809,0.096507,0.052678
200280,0.151682,0.151589,0.151310,0.150843,0.150183,0.149325,0.148263,0.146985,0.145480,0.143729,0.141713,0.139401,0.136756,0.133725,0.130232,0.126164,0.121341,0.115442,0.107799,0.096499,0.052676
200340,0.151663,0.151571,0.151292,0.150824,0.150165,0.149307,0.148245,0.146968,0.145462,0.143713,0.141696,0.139385,0.136740,0.133710,0.130217,0.126151,0.121329,0.115431,0.107788,0.096490,0.052675
200400,0.151645,0.151552,0.151273,0.150806,0.150146,0.149289,0.148227,0.146950,0.145445,0.143696,0.141680,0.139369,0.136725,0.133695,0.130203,0.126137,0.121316,0.115419,0.107778,0.096482,0.052673
200460,0.151626,0.151534,0.151255,0.150788,0.150128,0.149271,0.148210,0.146933,0.145428,0.143679,0.141663,0.139353,0.136710,0.133680,0.130189,0.126124,0.121304,0.115408,0.107768,0.096474,0.052671
200520,0.151608,0.151515,0.151236,0.150769,0.150110,0.149253,0.148192,0.146915,0.145411,0.143662,0.141647,0.139337,0.136694,0.133665,0.130175,0.126111,0.121291,0.115397,0.107758,0.096465,0.052670
200580,0.151589,0.151497,0.151218,0.150751,0.150092,0.149235,0.148174,0.146898,0.145394,0.143645,0.141631,0.139321,0.136679,0.133650,0.130161,0.126097,0.121279,0.115385,0.107748,0.096457,0.052668
200640,0.151571,0.151478,0.151200,0.150733,0.150074,0.149218,0.148156,0.146880,0.145377,0.143628,0.141614,0.139305,0.136663,0.133636,0.130147,0.126084,0.121266,0.115374,0.107738,0.096449,0.052667
200700,0.151552,0.151460,0.151181,0.150714,0.150056,0.149200,0.148139,0.146863,0.145359,0.143612,0.141598,0.139289,0.136648,0.133621,0.130133,0.126070,0.121254,0.115362,0.107727,0.096440,0.052665
200760,0.151534,0.151441,0.151163,0.150696,0.150038,0.149182,0.148121,0.146845,0.145342,0.143595,0.141582,0.139274,0.136633,0.133606,0.130118,0.126057,0.121241,0.115351,0.107717,0.096432,0.052664
200820,0.151516,0.151423,0.151144,0.150678,0.150019,0.149164,0.148103,0.146828,0.145325,0.143578,0.141565,0.139258,0.136617,0.133591,0.130104,0.126044,0.121229,0.115339,0.107707,0.096424,0.052662
200880,0.151497,0.151405,0.151126,0.150660,0.150001,0.149146,0.148085,0.146810,0.145308,0.143561,0.141549,0.139242,0.136602,0.133576,0.130090,0.126030,0.121216,0.115328,0.107697,0.096415,0.052661
200940,0.151479,0.151386,0.151108,0.150641,0.149983,0.149128,0.148068,0.146793,0.145291,0.143545,0.141532,0.139226,0.136587,0.133562,0.130076,0.126017,0.121204,0.115316,0.107687,0.096407,0.052659
201000,0.151460,0.151368,0.151090,0.150623,0.149965,0.149110,0.148050,0.146776,0.145274,0.143528,0.141516,0.139210,0.136571,0.133547,0.130062,0.126004,0.121191,0.115305,0.107677,0.096399,0.052657
201060,0.151442,0.151349,0.151071,0.150605,0.149947,0.149092,0.148032,0.146758,0.145257,0.143511,0.141500,0.139194,0.136556,0.133532,0.130048,0.125990,0.121179,0.115294,0.107667,0.096390,0.052656
201120,0.151424,0.151331,0.151053,0.150587,0.149929,0.149074,0.148015,0.146741,0.145240,0.143494,0.141484,0.139178,0.136540,0.133517,0.130034,0.125977,0.121167,0.115282,0.107656,0.096382,0.052654
201180,0.151405,0.151313,0.151035,0.150569,0.149911,0.149056,0.147997,0.146723,0.145223,0.143478,0.141467,0.139162,0.136525,0.133503,0.130020,0.125964,0.121154,0.115271,0.107646,0.096374,0.052653
201240,0.151387,0.151294,0.151016,0.150550,0.149893,0.149038,0.147979,0.146706,0.145205,0.143461,0.141451,0.139147,0.136510,0.133488,0.130006,0.125950,0.121142,0.115259,0.107636,0.096365,0.052651
201300,0.151369,0.151276,0.150998,0.150532,0.149875,0.149021,0.147962,0.146689,0.145188,0.143444,0.141435,0.139131,0.136495,0.133473,0.129992,0.125937,0.121129,0.115248,0.107626,0.096357,0.052650
201360,0.151350,0.151258,0.150980,0.150514,0.149857,0.149003,0.147944,0.146671,0.145171,0.143428,0.141418,0.139115,0.136479,0.133459,0.129978,0.125924,0.121117,0.115237,0.107616,0.096349,0.052648
201420,0.151332,0.151240,0.150962,0.150496,0.149839,0.148985,0.147927,0.146654,0.145154,0.143411,0.141402,0.139099,0.136464,0.133444,0.129964,0.125911,0.121104,0.115225,0.107606,0.096340,0.052647
201480,0.151314,0.151221,0.150943,0.150478,0.149821,0.148967,0.147909,0.146637,0.145137,0.143394,0.141386,0.139083,0.136449,0.133429,0.129950,0.125897,0.121092,0.115214,0.107596,0.096332,0.052645
201540,0.151295,0.151203,0.150925,0.150460,0.149803,0.148949,0.147891,0.146619,0.145120,0.143378,0.141370,0.139068,0.136433,0.133414,0.129935,0.125884,0.121080,0.115203,0.107586,0.096324,0.052644
201600,0.151277,0.151185,0.150907,0.150442,0.149785,0.148932,0.147874,0.146602,0.145103,0.143361,0.141353,0.139052,0.136418,0.133400,0.129921,0.125871,0.121067,0.115191,0.107576,0.096315,0.052642
201660,0.151259,0.151166,0.150889,0.150423,0.149767,0.148914,0.147856,0.146585,0.145086,0.143344,0.141337,0.139036,0.136403,0.133385,0.129907,0.125858,0.121055,0.115180,0.107566,0.096307,0.052641
201720,0.151240,0.151148,0.150871,0.150405,0.149749,0.148896,0.147839,0.146567,0.145069,0.143328,0.141321,0.139020,0.136388,0.133370,0.129893,0.125844,0.121043,0.115169,0.107556,0.096299,0.052639
201780,0.151222,0.151130,0.150852,0.150387,0.149731,0.148878,0.147821,0.146550,0.145052,0.143311,0.141305,0.139004,0.136372,0.133356,0.129879,0.125831,0.121030,0.115157,0.107546,0.096291,0.052637
201840,0.151204,0.151112,0.150834,0.150369,0.149713,0.148860,0.147804,0.146533,0.145035,0.143294,0.141288,0.138989,0.136357,0.133341,0.129866,0.125818,0.121018,0.115146,0.107536,0.096282,0.052636
201900,0.151186,0.151093,0.150816,0.150351,0.149695,0.148843,0.147786,0.146516,0.145018,0.143278,0.141272,0.138973,0.136342,0.133327,0.129852,0.125805,0.121005,0.115135,0.107525,0.096274,0.052634
201960,0.151167,0.151075,0.150798,0.150333,0.149677,0.148825,0.147769,0.146498,0.145001,0.143261,0.141256,0.138957,0.136327,0.133312,0.129838,0.125791,0.120993,0.115123,0.107515,0.096266,0.052633
202020,0.151149,0.151057,0.150780,0.150315,0.149659,0.148807,0.147751,0.146481,0.144985,0.143245,0.141240,0.138942,0.136312,0.133297,0.129824,0.125778,0.120981,0.115112,0.107505,0.096257,0.052631
202080,0.151131,0.151039,0.150762,0.150297,0.149641,0.148789,0.147734,0.146464,0.144968,0.143228,0.141224,0.138926,0.136296,0.133283,0.129810,0.125765,0.120968,0.115101,0.107495,0.096249,0.052630
202140,0.151113,0.151021,0.150743,0.150279,0.149624,0.148772,0.147716,0.146447,0.144951,0.143212,0.141208,0.138910,0.136281,0.133268,0.129796,0.125752,0.120956,0.115089,0.107485,0.096241,0.052628
202200,0.151095,0.151002,0.150725,0.150261,0.149606,0.148754,0.147699,0.146429,0.144934,0.143195,0.141191,0.138894,0.136266,0.133253,0.129782,0.125739,0.120944,0.115078,0.107475,0.096233,0.052627
202260,0.151076,0.150984,0.150707,0.150243,0.149588,0.148736,0.147681,0.146412,0.144917,0.143178,0.141175,0.138879,0.136251,0.133239,0.129768,0.125725,0.120932,0.115067,0.107465,0.096224,0.052625
202320,0.151058,0.150966,0.150689,0.150225,0.149570,0.148719,0.147664,0.146395,0.144900,0.143162,0.141159,0.138863,0.136236,0.133224,0.129754,0.125712,0.120919,0.115056,0.107455,0.096216,0.052624
202380,0.151040,0.150948,0.150671,0.150207,0.149552,0.148701,0.147646,0.146378,0.144883,0.143145,0.141143,0.138847,0.136221,0.133210,0.129740,0.125699,0.120907,0.115044,0.107445,0.096208,0.052622
202440,0.151022,0.150930,0.150653,0.150189,0.149534,0.148683,0.147629,0.146361,0.144866,0.143129,0.141127,0.138832,0.136205,0.133195,0.129726,0.125686,0.120895,0.115033,0.107435,0.096200,0.052621
202500,0.151004,0.150912,0.150635,0.150171,0.149516,0.148666,0.147611,0.146344,0.144849,0.143112,0.141111,0.138816,0.136190,0.133181,0.129712,0.125673,0.120882,0.115022,0.107425,0.096191,0.052619
202560,0.150986,0.150894,0.150617,0.150153,0.149499,0.148648,0.147594,0.146326,0.144833,0.143096,0.141095,0.138800,0.136175,0.133166,0.129698,0.125660,0.120870,0.115010,0.107415,0.096183,0.052618
202620,0.150968,0.150876,0.150599,0.150135,0.149481,0.148630,0.147577,0.146309,0.144816,0.143079,0.141079,0.138785,0.136160,0.133151,0.129684,0.125647,0.120858,0.114999,0.107405,0.096175,0.052616
202680,0.150950,0.150858,0.150581,0.150117,0.149463,0.148613,0.147559,0.146292,0.144799,0.143063,0.141062,0.138769,0.136145,0.133137,0.129671,0.125633,0.120846,0.114988,0.107395,0.096167,0.052615
202740,0.150931,0.150839,0.150563,0.150099,0.149445,0.148595,0.147542,0.146275,0.144782,0.143046,0.141046,0.138754,0.136130,0.133122,0.129657,0.125620,0.120833,0.114977,0.107385,0.096159,0.052613
202800,0.150913,0.150821,0.150545,0.150081,0.149428,0.148578,0.147524,0.146258,0.144765,0.143030,0.141030,0.138738,0.136115,0.133108,0.129643,0.125607,0.120821,0.114965,0.107375,0.096150,0.052612
202860,0.150895,0.150803,0.150527,0.150064,0.149410,0.148560,0.147507,0.146241,0.144748,0.143013,0.141014,0.138722,0.136100,0.133093,0.129629,0.125594,0.120809,0.114954,0.107366,0.096142,0.052610
202920,0.150877,0.150785,0.150509,0.150046,0.149392,0.148542,0.147490,0.146224,0.144732,0.142997,0.140998,0.138707,0.136085,0.133079,0.129615,0.125581,0.120797,0.114943,0.107356,0.096134,0.052609
202980,0.150859,0.150767,0.150491,0.150028,0.149374,0.148525,0.147472,0.146207,0.144715,0.142981,0.140982,0.138691,0.136069,0.133064,0.129601,0.125568,0.120784,0.114932,0.107346,0.096126,0.052607
203040,0.150841,0.150749,0.150473,0.150010,0.149357,0.148507,0.147455,0.146189,0.144698,0.142964,0.140966,0.138676,0.136054,0.133050,0.129587,0.125555,0.120772,0.114921,0.107336,0.096118,0.052606
203100,0.150823,0.150731,0.150455,0.149992,0.149339,0.148490,0.147438,0.146172,0.144681,0.142948,0.140950,0.138660,0.136039,0.133035,0.129574,0.125542,0.120760,0.114909,0.107326,0.096109,0.052604
203160,0.150805,0.150713,0.150437,0.149974,0.149321,0.148472,0.147420,0.146155,0.144665,0.142931,0.140934,0.138644,0.136024,0.133021,0.129560,0.125529,0.120748,0.114898,0.107316,0.096101,0.052603
203220,0.150787,0.150695,0.150419,0.149956,0.149303,0.148455,0.147403,0.146138,0.144648,0.142915,0.140918,0.138629,0.136009,0.133007,0.129546,0.125516,0.120735,0.114887,0.107306,0.096093,0.052601
203280,0.150769,0.150677,0.150401,0.149938,0.149286,0.148437,0.147386,0.146121,0.144631,0.142899,0.140902,0.138613,0.135994,0.132992,0.129532,0.125503,0.120723,0.114876,0.107296,0.096085,0.052600
203340,0.150751,0.150659,0.150383,0.149921,0.149268,0.148420,0.147368,0.146104,0.144614,0.142882,0.140886,0.138598,0.135979,0.132978,0.129518,0.125489,0.120711,0.114865,0.107286,0.096077,0.052598
203400,0.150733,0.150641,0.150365,0.149903,0.149250,0.148402,0.147351,0.146087,0.144598,0.142866,0.140870,0.138582,0.135964,0.132963,0.129505,0.125476,0.120699,0.114854,0.107276,0.096069,0.052597
203460,0.150715,0.150623,0.150347,0.149885,0.149233,0.148385,0.147334,0.146070,0.144581,0.142849,0.140854,0.138567,0.135949,0.132949,0.129491,0.125463,0.120687,0.114842,0.107266,0.096060,0.052595
203520,0.150697,0.150605,0.150329,0.149867,0.149215,0.148367,0.147317,0.146053,0.144564,0.142833,0.140838,0.138551,0.135934,0.132934,0.129477,0.125450,0.120675,0.114831,0.107256,0.096052,0.052594
203580,0.150679,0.150587,0.150312,0.149849,0.149197,0.148350,0.147299,0.146036,0.144547,0.142817,0.140822,0.138536,0.135919,0.132920,0.129463,0.125437,0.120662,0.114820,0.107246,0.096044,0.052592
203640,0.150661,0.150570,0.150294,0.149832,0.149180,0.148332,0.147282,0.146019,0.144531,0.142800,0.140806,0.138520,0.135904,0.132906,0.129450,0.125424,0.120650,0.114809,0.107237,0.096036,0.052591
203700,0.150643,0.150552,0.150276,0.149814,0.149162,0.148315,0.147265,0.146002,0.144514,0.142784,0.140790,0.138505,0.135889,0.132891,0.129436,0.125411,0.120638,0.114798,0.107227,0.096028,0.052589
203760,0.150625,0.150534,0.150258,0.149796,0.149144,0.148297,0.147248,0.145985,0.144497,0.142768,0.140775,0.138489,0.135874,0.132877,0.129422,0.125398,0.120626,0.114787,0.107217,0.096020,0.052588
203820,0.150607,0.150516,0.150240,0.149778,0.149127,0.148280,0.147230,0.145968,0.144481,0.142751,0.140759,0.138474,0.135859,0.132862,0.129408,0.125385,0.120614,0.114775,0.107207,0.096011,0.052586
203880,0.150590,0.150498,0.150222,0.149761,0.149109,0.148263,0.147213,0.145951,0.144464,0.142735,0.140743,0.138459,0.135844,0.132848,0.129395,0.125372,0.120602,0.114764,0.107197,0.096003,0.052585
203940,0.150572,0.150480,0.150205,0.149743,0.149092,0.148245,0.147196,0.145934,0.144448,0.142719,0.140727,0.138443,0.135829,0.132834,0.129381,0.125359,0.120589,0.114753,0.107187,0.095995,0.052583
204000,0.150554,0.150462,0.150187,0.149725,0.149074,0.148228,0.147179,0.145917,0.144431,0.142703,0.140711,0.138428,0.135815,0.132819,0.129367,0.125346,0.120577,0.114742,0.107177,0.095987,0.052582
204060,0.150536,0.150444,0.150169,0.149708,0.149057,0.148210,0.147162,0.145901,0.144414,0.142686,0.140695,0.138412,0.135800,0.132805,0.129353,0.125333,0.120565,0.114731,0.107167,0.095979,0.052580
204120,0.150518,0.150427,0.150151,0.149690,0.149039,0.148193,0.147144,0.145884,0.144398,0.142670,0.140679,0.138397,0.135785,0.132791,0.129340,0.125320,0.120553,0.114720,0.107158,0.095971,0.052579
204180,0.150500,0.150409,0.150133,0.149672,0.149021,0.148176,0.147127,0.145867,0.144381,0.142654,0.140663,0.138381,0.135770,0.132776,0.129326,0.125307,0.120541,0.114709,0.107148,0.095963,0.052577
204240,0.150482,0.150391,0.150116,0.149655,0.149004,0.148158,0.147110,0.145850,0.144364,0.142638,0.140648,0.138366,0.135755,0.132762,0.129312,0.125295,0.120529,0.114698,0.107138,0.095955,0.052576
204300,0.150465,0.150373,0.150098,0.149637,0.148986,0.148141,0.147093,0.145833,0.144348,0.142621,0.140632,0.138351,0.135740,0.132748,0.129299,0.125282,0.120517,0.114687,0.107128,0.095946,0.052574
204360,0.150447,0.150355,0.150080,0.149619,0.148969,0.148124,0.147076,0.145816,0.144331,0.142605,0.140616,0.138335,0.135725,0.132733,0.129285,0.125269,0.120505,0.114676,0.107118,0.095938,0.052573
204420,0.150429,0.150337,0.150062,0.149602,0.148951,0.148106,0.147059,0.145799,0.144315,0.142589,0.140600,0.138320,0.135710,0.132719,0.129271,0.125256,0.120493,0.114665,0.107108,0.095930,0.052572
204480,0.150411,0.150320,0.150045,0.149584,0.148934,0.148089,0.147042,0.145782,0.144298,0.142573,0.140584,0.138304,0.135695,0.132705,0.129258,0.125243,0.120481,0.114653,0.107099,0.095922,0.052570
204540,0.150393,0.150302,0.150027,0.149566,0.148916,0.148072,0.147025,0.145766,0.144282,0.142556,0.140568,0.138289,0.135681,0.132690,0.129244,0.125230,0.120469,0.114642,0.107089,0.095914,0.052569
204600,0.150376,0.150284,0.150009,0.149549,0.148899,0.148054,0.147008,0.145749,0.144265,0.142540,0.140553,0.138274,0.135666,0.132676,0.129231,0.125217,0.120457,0.114631,0.107079,0.095906,0.052567
204660,0.150358,0.150266,0.149992,0.149531,0.148881,0.148037,0.146990,0.145732,0.144249,0.142524,0.140537,0.138258,0.135651,0.132662,0.129217,0.125204,0.120444,0.114620,0.107069,0.095898,0.052566
204720,0.150340,0.150249,0.149974,0.149514,0.148864,0.148020,0.146973,0.145715,0.144232,0.142508,0.140521,0.138243,0.135636,0.132648,0.129203,0.125191,0.120432,0.114609,0.107059,0.095890,0.052564
204780,0.150322,0.150231,0.149956,0.149496,0.148847,0.148002,0.146956,0.145698,0.144216,0.142492,0.140505,0.138228,0.135621,0.132633,0.129190,0.125178,0.120420,0.114598,0.107050,0.095882,0.052563
204840,0.150304,0.150213,0.149939,0.149478,0.148829,0.147985,0.146939,0.145681,0.144199,0.142476,0.140490,0.138212,0.135606,0.132619,0.129176,0.125165,0.120408,0.114587,0.107040,0.095874,0.052561
204900,0.150287,0.150195,0.149921,0.149461,0.148812,0.147968,0.146922,0.145665,0.144183,0.142459,0.140474,0.138197,0.135592,0.132605,0.129162,0.125153,0.120396,0.114576,0.107030,0.095866,0.052560
204960,0.150269,0.150178,0.149903,0.149443,0.148794,0.147951,0.146905,0.145648,0.144166,0.142443,0.140458,0.138182,0.135577,0.132591,0.129149,0.125140,0.120384,0.114565,0.107020,0.095858,0.052558
205020,0.150251,0.150160,0.149886,0.149426,0.148777,0.147933,0.146888,0.145631,0.144150,0.142427,0.140442,0.138167,0.135562,0.132576,0.129135,0.125127,0.120372,0.114554,0.107010,0.095850,0.052557
205080,0.150234,0.150142,0.149868,0.149408,0.148759,0.147916,0.146871,0.145614,0.144133,0.142411,0.140427,0.138151,0.135547,0.132562,0.129122,0.125114,0.120360,0.114543,0.107001,0.095841,0.052555
205140,0.150216,0.150125,0.149850,0.149391,0.148742,0.147899,0.146854,0.145598,0.144117,0.142395,0.140411,0.138136,0.135532,0.132548,0.129108,0.125101,0.120348,0.114532,0.106991,0.095833,0.052554
205200,0.150198,0.150107,0.149833,0.149373,0.148725,0.147882,0.146837,0.145581,0.144100,0.142379,0.140395,0.138121,0.135518,0.132534,0.129095,0.125088,0.120336,0.114521,0.106981,0.095825,0.052553
205260,0.150181,0.150089,0.149815,0.149356,0.148707,0.147865,0.146820,0.145564,0.144084,0.142363,0.140379,0.138105,0.135503,0.132520,0.129081,0.125076,0.120324,0.114510,0.106971,0.095817,0.052551
205320,0.150163,0.150072,0.149798,0.149338,0.148690,0.147847,0.146803,0.145547,0.144067,0.142347,0.140364,0.138090,0.135488,0.132505,0.129067,0.125063,0.120312,0.114499,0.106962,0.095809,0.052550
205380,0.150145,0.150054,0.149780,0.149321,0.148673,0.147830,0.146786,0.145531,0.144051,0.142331,0.140348,0.138075,0.135473,0.132491,0.129054,0.125050,0.120300,0.114488,0.106952,0.095801,0.052548
205440,0.150128,0.150036,0.149762,0.149303,0.148655,0.147813,0.146769,0.145514,0.144035,0.142315,0.140332,0.138060,0.135459,0.132477,0.129040,0.125037,0.120288,0.114477,0.106942,0.095793,0.052547
205500,0.150110,0.150019,0.149745,0.149286,0.148638,0.147796,0.146752,0.145497,0.144018,0.142298,0.140317,0.138044,0.135444,0.132463,0.129027,0.125024,0.120276,0.114466,0.106932,0.095785,0.052545
205560,0.150092,0.150001,0.149727,0.149268,0.148621,0.147779,0.146735,0.145481,0.144002,0.142282,0.140301,0.138029,0.135429,0.132449,0.129013,0.125012,0.120264,0.114455,0.106923,0.095777,0.052544
205620,0.150075,0.149984,0.149710,0.149251,0.148603,0.147762,0.146718,0.145464,0.143985,0.142266,0.140285,0.138014,0.135415,0.132435,0.129000,0.124999,0.120253,0.114444,0.106913,0.095769,0.052542
205680,0.150057,0.149966,0.149692,0.149233,0.148586,0.147744,0.146702,0.145447,0.143969,0.142250,0.140270,0.137999,0.135400,0.132420,0.128986,0.124986,0.120241,0.114433,0.106903,0.095761,0.052541
205740,0.150040,0.149949,0.149675,0.149216,0.148569,0.147727,0.146685,0.145431,0.143953,0.142234,0.140254,0.137984,0.135385,0.132406,0.128973,0.124973,0.120229,0.114422,0.106894,0.095753,0.052540
205800,0.150022,0.149931,0.149657,0.149199,0.148551,0.147710,0.146668,0.145414,0.143936,0.142218,0.140238,0.137968,0.135370,0.132392,0.128959,0.124960,0.120217,0.114411,0.106884,0.095745,0.052538
205860,0.150004,0.149913,0.149640,0.149181,0.148534,0.147693,0.146651,0.145397,0.143920,0.142202,0.140223,0.137953,0.135356,0.132378,0.128946,0.124948,0.120205,0.114401,0.106874,0.095737,0.052537
