t,X_0.0,X_0.1,X_0.2,X_0.3,X_0.4,X_0.5,X_0.6,X_0.7,X_0.8,X_0.9,X_1.0,X_1.1,X_1.2,X_1.3,X_1.4,X_1.5,X_1.6,X_1.7,X_1.8,X_1.9,X_surface
60.000000,2.550000,2.550000,2.550000,2.550000,2.550000,2.550000,2.550000,2.550000,2.550000,2.550000,2.550000,2.550000,2.550000,2.550000,2.550000,2.550000,2.550000,2.550000,2.550000,2.548208,2.076353
120.000000,2.550000,2.550000,2.550000,2.550000,2.550000,2.550000,2.550000,2.550000,2.550000,2.550000,2.550000,2.550000,2.550000,2.550000,2.550000,2.550000,2.550000,2.550000,2.549913,2.525612,1.919621
180.000000,2.550000,2.550000,2.550000,2.550000,2.550000,2.550000,2.550000,2.550000,2.550000,2.550000,2.550000,2.550000,2.550000,2.550000,2.550000,2.550000,2.550000,2.549992,2.548917,2.475195,1.811796
240.000000,2.550000,2.550000,2.550000,2.550000,2.550000,2.550000,2.550000,2.550000,2.550000,2.550000,2.550000,2.550000,2.550000,2.550000,2.550000,2.550000,2.550000,2.549943,2.545435,2.406135,1.730920
300.000000,2.550000,2.550000,2.550000,2.550000,2.550000,2.550000,2.550000,2.550000,2.550000,2.550000,2.550000,2.550000,2.550000,2.550000,2.550000,2.550000,2.549996,2.549710,2.537480,2.329234,1.664110
360.000000,2.550000,2.550000,2.550000,2.550000,2.550000,2.550000,2.550000,2.550000,2.550000,2.550000,2.550000,2.550000,2.550000,2.550000,2.550000,2.550000,2.549979,2.549040,2.523850,2.248903,1.607810
420.000000,2.550000,2.550000,2.550000,2.550000,2.550000,2.550000,2.550000,2.550000,2.550000,2.550000,2.550000,2.550000,2.550000,2.550000,2.550000,2.549998,2.549927,2.547579,2.504403,2.167115,1.559520
480.000000,2.550000,2.550000,2.550000,2.550000,2.550000,2.550000,2.550000,2.550000,2.550000,2.550000,2.550000,2.550000,2.550000,2.550000,2.550000,2.549994,2.549792,2.544886,2.479562,2.086329,1.517171
540.000000,2.550000,2.550000,2.550000,2.550000,2.550000,2.550000,2.550000,2.550000,2.550000,2.550000,2.550000,2.550000,2.550000,2.550000,2.550000,2.549983,2.549504,2.540565,2.449818,2.007428,1.479815
600.000000,2.550000,2.550000,2.550000,2.550000,2.550000,2.550000,2.550000,2.550000,2.550000,2.550000,2.550000,2.550000,2.550000,2.550000,2.549999,2.549955,2.548952,2.534320,2.415989,1.930827,1.446433
660.000000,2.550000,2.550000,2.550000,2.550000,2.550000,2.550000,2.550000,2.550000,2.550000,2.550000,2.550000,2.550000,2.550000,2.550000,2.549996,2.549895,2.548013,2.525851,2.379003,1.856396,1.416536
720.000000,2.550000,2.550000,2.550000,2.550000,2.550000,2.550000,2.550000,2.550000,2.550000,2.550000,2.550000,2.550000,2.550000,2.550000,2.549990,2.549779,2.546542,2.515102,2.339419,1.784901,1.389344
780.000000,2.550000,2.550000,2.550000,2.550000,2.550000,2.550000,2.550000,2.550000,2.550000,2.550000,2.550000,2.550000,2.550000,2.549999,2.549977,2.549575,2.544382,2.502114,2.297705,1.716393,1.364587
840.000000,2.550000,2.550000,2.550000,2.550000,2.550000,2.550000,2.550000,2.550000,2.550000,2.550000,2.550000,2.550000,2.550000,2.549998,2.549953,2.549237,2.541419,2.486759,2.254708,1.650612,1.341788
900.000000,2.550000,2.550000,2.550000,2.550000,2.550000,2.550000,2.550000,2.550000,2.550000,2.550000,2.550000,2.550000,2.550000,2.549995,2.549908,2.548717,2.537488,2.469346,2.210776,1.587585,1.320704
960.000000,2.550000,2.550000,2.550000,2.550000,2.550000,2.550000,2.550000,2.550000,2.550000,2.550000,2.550000,2.550000,2.550000,2.549990,2.549832,2.547947,2.532535,2.449991,2.166079,1.527455,1.301302
1020.000000,2.550000,2.550000,2.550000,2.550000,2.550000,2.550000,2.550000,2.550000,2.550000,2.550000,2.550000,2.550000,2.549999,2.549980,2.549708,2.546877,2.526469,2.428743,2.121295,1.470056,1.283182
1080.000000,2.550000,2.550000,2.550000,2.550000,2.550000,2.550000,2.550000,2.550000,2.550000,2.550000,2.550000,2.550000,2.549998,2.549963,2.549519,2.545427,2.519229,2.405992,2.076509,1.415177,1.266607
1140.000000,2.550000,2.550000,2.550000,2.550000,2.550000,2.550000,2.550000,2.550000,2.550000,2.550000,2.550000,2.550000,2.549996,2.549934,2.549239,2.543550,2.510850,2.381732,2.031843,1.363072,1.251114
1200.000000,2.550000,2.550000,2.550000,2.550000,2.550000,2.550000,2.550000,2.550000,2.550000,2.550000,2.550000,2.550000,2.549992,2.549888,2.548846,2.541173,2.501222,2.356258,1.987778,1.313592,1.236702
1260.000000,2.550000,2.550000,2.550000,2.550000,2.550000,2.550000,2.550000,2.550000,2.550000,2.550000,2.550000,2.549999,2.549985,2.549818,2.548305,2.538254,2.490499,2.329814,1.944245,1.266256,1.223040
1320.000000,2.550000,2.550000,2.550000,2.550000,2.550000,2.550000,2.550000,2.550000,2.550000,2.550000,2.550000,2.549998,2.549974,2.549715,2.547590,2.534740,2.478583,2.302371,1.901462,1.221723,1.210402
1380.000000,2.550000,2.550000,2.550000,2.550000,2.550000,2.550000,2.550000,2.550000,2.550000,2.550000,2.550000,2.549997,2.549957,2.549567,2.546664,2.530597,2.465639,2.274372,1.859689,nan,1.198555
1440.000000,2.550000,2.550000,2.550000,2.550000,2.550000,2.550000,2.550000,2.550000,2.550000,2.550000,2.550000,2.549994,2.549931,2.549364,2.545500,2.525796,2.451639,2.245704,1.818666,nan,1.187307
1500.000000,2.550000,2.550000,2.550000,2.550000,2.550000,2.550000,2.550000,2.550000,2.550000,2.550000,2.549999,2.549990,2.549892,2.549089,2.544060,2.520319,2.436719,2.216755,1.778869,nan,1.176491
1560.000000,2.550000,2.550000,2.550000,2.550000,2.550000,2.550000,2.550000,2.550000,2.550000,2.550000,2.549999,2.549983,2.549836,2.548729,2.542319,2.514155,2.420918,2.187541,1.740121,nan,1.166317
1620.000000,2.550000,2.550000,2.550000,2.550000,2.550000,2.550000,2.550000,2.550000,2.550000,2.550000,2.549998,2.549973,2.549759,2.548267,2.540250,2.507313,2.404340,2.158230,1.702516,nan,1.156558
1680.000000,2.550000,2.550000,2.550000,2.550000,2.550000,2.550000,2.550000,2.550000,2.550000,2.550000,2.549996,2.549958,2.549652,2.547683,2.537821,2.499783,2.387059,2.128964,1.666132,nan,1.147324
1740.000000,2.550000,2.550000,2.550000,2.550000,2.550000,2.550000,2.550000,2.550000,2.550000,2.549999,2.549993,2.549937,2.549512,2.546965,2.535032,2.491611,2.369161,2.099749,1.630795,nan,1.138742
1800.000000,2.550000,2.550000,2.550000,2.550000,2.550000,2.550000,2.550000,2.550000,2.550000,2.549999,2.549990,2.549907,2.549328,2.546088,2.531828,2.482762,2.350711,2.070780,1.596773,nan,1.130635
1860.000000,2.550000,2.550000,2.550000,2.550000,2.550000,2.550000,2.550000,2.550000,2.550000,2.549998,2.549984,2.549866,2.549093,2.545040,2.528238,2.473349,2.331828,2.042030,1.563844,nan,1.122978
1920.000000,2.550000,2.550000,2.550000,2.550000,2.550000,2.550000,2.550000,2.550000,2.550000,2.549997,2.549976,2.549810,2.548798,2.543808,2.524224,2.463289,2.312550,2.013735,1.532353,nan,1.115479
1980.000000,2.550000,2.550000,2.550000,2.550000,2.550000,2.550000,2.550000,2.550000,2.550000,2.549996,2.549964,2.549737,2.548432,2.542363,2.519792,2.452736,2.293041,1.985830,1.501969,nan,1.108278
2040.000000,2.550000,2.550000,2.550000,2.550000,2.550000,2.550000,2.550000,2.550000,2.549999,2.549994,2.549948,2.549642,2.547985,2.540705,2.514959,2.441637,2.273224,1.958435,1.472861,nan,1.101396
2100.000000,2.550000,2.550000,2.550000,2.550000,2.550000,2.550000,2.550000,2.550000,2.549999,2.549990,2.549925,2.549521,2.547449,2.538816,2.509673,2.430069,2.253331,1.931530,1.444749,nan,1.094714
2160.000000,2.550000,2.550000,2.550000,2.550000,2.550000,2.550000,2.550000,2.550000,2.549998,2.549986,2.549896,2.549368,2.546811,2.536677,2.503992,2.418088,2.233225,1.905134,1.417797,nan,1.088279
2220.000000,2.550000,2.550000,2.550000,2.550000,2.550000,2.550000,2.550000,2.550000,2.549997,2.549979,2.549857,2.549179,2.546060,2.534290,2.497901,2.405641,2.213103,1.879297,1.391726,nan,1.082220
2280.000000,2.550000,2.550000,2.550000,2.550000,2.550000,2.550000,2.550000,2.550000,2.549996,2.549970,2.549807,2.548947,2.545189,2.531639,2.491386,2.392864,2.192933,1.853908,1.366696,nan,1.076322
2340.000000,2.550000,2.550000,2.550000,2.550000,2.550000,2.550000,2.550000,2.549999,2.549994,2.549958,2.549743,2.548667,2.544187,2.528708,2.484498,2.379716,2.172727,1.829116,1.342500,nan,1.070731
2400.000000,2.550000,2.550000,2.550000,2.550000,2.550000,2.550000,2.550000,2.549999,2.549992,2.549942,2.549662,2.548333,2.543038,2.525508,2.477213,2.366238,2.152609,1.804731,1.319199,nan,1.065299
2460.000000,2.550000,2.550000,2.550000,2.550000,2.550000,2.550000,2.550000,2.549998,2.549988,2.549921,2.549562,2.547935,2.541739,2.522027,2.469538,2.352510,2.132436,1.780898,1.296690,nan,1.060166
2520.000000,2.550000,2.550000,2.550000,2.550000,2.550000,2.550000,2.550000,2.549998,2.549983,2.549894,2.549440,2.547468,2.540282,2.518242,2.461519,2.338459,2.112375,1.757536,1.274934,nan,1.055172
2580.000000,2.550000,2.550000,2.550000,2.550000,2.550000,2.550000,2.550000,2.549996,2.549976,2.549859,2.549289,2.546927,2.538649,2.514175,2.453133,2.324186,2.092407,1.734637,1.253907,nan,1.050214
2640.000000,2.550000,2.550000,2.550000,2.550000,2.550000,2.550000,2.549999,2.549995,2.549967,2.549816,2.549109,2.546304,2.536837,2.509827,2.444392,2.309734,2.072482,1.712255,1.233445,nan,1.045531
2700.000000,2.550000,2.550000,2.550000,2.550000,2.550000,2.550000,2.549999,2.549993,2.549955,2.549761,2.548894,2.545586,2.534842,2.505159,2.435343,2.295004,2.052712,1.690211,1.213636,nan,1.040982
2760.000000,2.550000,2.550000,2.550000,2.550000,2.550000,2.550000,2.549998,2.549990,2.549940,2.549694,2.548640,2.544772,2.532656,2.500206,2.425966,2.280132,2.033014,1.668648,1.194310,nan,1.036450
2820.000000,2.550000,2.550000,2.550000,2.550000,2.550000,2.550000,2.549998,2.549986,2.549921,2.549612,2.548341,2.543854,2.530260,2.494971,2.416265,2.265123,2.013439,1.647481,1.175458,nan,1.031989
2880.000000,2.550000,2.550000,2.550000,2.550000,2.550000,2.550000,2.549997,2.549981,2.549897,2.549512,2.547994,2.542825,2.527661,2.489428,2.406293,2.249902,1.994031,1.626651,1.157037,nan,1.027739
2940.000000,2.550000,2.550000,2.550000,2.550000,2.550000,2.549999,2.549996,2.549974,2.549866,2.549393,2.547592,2.541672,2.524857,2.483591,2.396033,2.234585,1.974663,1.606220,1.138976,nan,1.023494
3000.000000,2.550000,2.550000,2.550000,2.550000,2.550000,2.549999,2.549994,2.549965,2.549828,2.549250,2.547133,2.540393,2.521828,2.477480,2.385477,2.219154,1.955456,1.586038,1.121260,nan,1.019302
3060.000000,2.550000,2.550000,2.550000,2.550000,2.550000,2.549999,2.549991,2.549954,2.549782,2.549082,2.546607,2.538984,2.518575,2.471078,2.374683,2.203564,1.936373,1.566186,1.103763,nan,1.015211
3120.000000,2.550000,2.550000,2.550000,2.550000,2.550000,2.549998,2.549988,2.549940,2.549725,2.548885,2.546011,2.537436,2.515102,2.464376,2.363631,2.187899,1.917336,1.546562,1.086646,nan,1.011398
3180.000000,2.550000,2.550000,2.550000,2.550000,2.550000,2.549997,2.549984,2.549922,2.549657,2.548655,2.545339,2.535735,2.511404,2.457405,2.352300,2.172107,1.898421,1.527133,1.069815,nan,1.007722
3240.000000,2.550000,2.550000,2.550000,2.550000,2.549999,2.549996,2.549979,2.549900,2.549575,2.548389,2.544587,2.533883,2.507455,2.450158,2.340749,2.156181,1.879536,1.507951,1.053216,nan,1.004122
3300.000000,2.550000,2.550000,2.550000,2.550000,2.549999,2.549995,2.549972,2.549873,2.549478,2.548083,2.543747,2.531875,2.503275,2.442602,2.328947,2.140182,1.860717,1.488889,1.036794,nan,1.000610
3360.000000,2.550000,2.550000,2.550000,2.550000,2.549999,2.549993,2.549964,2.549840,2.549363,2.547733,2.542811,2.529698,2.498862,2.434783,2.316888,2.124032,1.841978,1.470044,1.020397,nan,0.997055
3420.000000,2.550000,2.550000,2.550000,2.550000,2.549998,2.549990,2.549953,2.549800,2.549228,2.547334,2.541777,2.527345,2.494188,2.426695,2.304625,2.107788,1.823233,1.451309,1.004116,nan,0.993581
3480.000000,2.550000,2.550000,2.550000,2.550000,2.549997,2.549987,2.549940,2.549751,2.549071,2.546884,2.540638,2.524818,2.489268,2.418301,2.292110,2.091459,1.804573,1.432701,nan,nan,0.990043
3540.000000,2.550000,2.550000,2.550000,2.549999,2.549996,2.549983,2.549924,2.549693,2.548888,2.546374,2.539386,2.522111,2.484108,2.409652,2.279371,2.074978,1.785895,1.414169,nan,nan,0.986555
3600.000000,2.550000,2.550000,2.550000,2.549999,2.549995,2.549978,2.549904,2.549625,2.548678,2.545803,2.538014,2.519203,2.478683,2.400732,2.266439,2.058422,1.767235,1.395648,nan,nan,0.983264
3660.000000,2.550000,2.550000,2.550000,2.549999,2.549994,2.549971,2.549879,2.549544,2.548437,2.545166,2.536522,2.516107,2.473004,2.391524,2.253240,2.041727,1.748576,1.377197,nan,nan,0.980037
3720.000000,2.550000,2.550000,2.550000,2.549998,2.549991,2.549963,2.549850,2.549448,2.548161,2.544458,2.534904,2.512823,2.467092,2.382087,2.239888,2.024981,1.729963,1.358836,nan,nan,0.976880
3780.000000,2.550000,2.550000,2.549999,2.549998,2.549989,2.549952,2.549814,2.549337,2.547848,2.543672,2.533147,2.509328,2.460917,2.372388,2.226346,2.008172,1.711413,1.340608,nan,nan,0.973847
3840.000000,2.550000,2.550000,2.549999,2.549997,2.549985,2.549940,2.549772,2.549208,2.547495,2.542808,2.531255,2.505637,2.454501,2.362452,2.212633,1.991303,1.692912,1.322495,nan,nan,0.970802
3900.000000,2.550000,2.550000,2.549999,2.549996,2.549981,2.549924,2.549721,2.549059,2.547099,2.541860,2.529225,2.501753,2.447862,2.352313,2.198794,1.974426,1.674514,1.304537,nan,nan,0.967765
3960.000000,2.550000,2.550000,2.549999,2.549994,2.549976,2.549906,2.549662,2.548889,2.546656,2.540821,2.527044,2.497653,2.440960,2.341916,2.184775,1.957494,1.656182,1.286703,nan,nan,0.964778
4020.000000,2.550000,2.549999,2.549998,2.549992,2.549969,2.549883,2.549593,2.548694,2.546160,2.539688,2.524715,2.493353,2.433841,2.331340,2.170673,1.940602,1.637982,1.269022,nan,nan,0.961733
4080.000000,2.550000,2.549999,2.549997,2.549990,2.549961,2.549857,2.549512,2.548472,2.545611,2.538459,2.522237,2.488861,2.426505,2.320561,2.156429,1.923672,1.619877,1.251475,nan,nan,0.958638
4140.000000,2.549999,2.549999,2.549997,2.549987,2.549951,2.549825,2.549419,2.548222,2.545005,2.537131,2.519603,2.484151,2.418931,2.309595,2.142114,1.906811,1.601910,1.234047,nan,nan,0.955709
4200.000000,2.549999,2.549999,2.549996,2.549983,2.549939,2.549787,2.549311,2.547941,2.544338,2.535693,2.516809,2.479249,2.411166,2.298478,2.127705,1.889935,1.584041,1.216771,nan,nan,0.952770
4260.000000,2.549999,2.549998,2.549994,2.549979,2.549924,2.549743,2.549188,2.547626,2.543605,2.534149,2.513861,2.474159,2.403183,2.287165,2.113225,1.873139,1.566315,1.199629,nan,nan,0.949902
4320.000000,2.549999,2.549998,2.549992,2.549973,2.549906,2.549691,2.549047,2.547275,2.542805,2.532495,2.510754,2.468853,2.395003,2.275730,2.098692,1.856347,1.548691,1.182669,nan,nan,0.947209
4380.000000,2.549998,2.549997,2.549990,2.549966,2.549885,2.549631,2.548887,2.546884,2.541935,2.530725,2.507479,2.463365,2.386649,2.264130,2.084089,1.839647,1.531226,1.165879,nan,nan,0.944385
4440.000000,2.549998,2.549996,2.549987,2.549958,2.549860,2.549561,2.548706,2.546452,2.540990,2.528836,2.504050,2.457692,2.378083,2.252414,2.069482,1.822994,1.513917,1.149287,nan,nan,0.941503
4500.000000,2.549997,2.549995,2.549984,2.549948,2.549831,2.549481,2.548502,2.545977,2.539966,2.526830,2.500461,2.451820,2.369366,2.240585,2.054821,1.806454,1.496775,1.132817,nan,nan,0.938702
4560.000000,2.549996,2.549993,2.549980,2.549936,2.549797,2.549389,2.548275,2.545453,2.538863,2.524706,2.496702,2.445781,2.360477,2.228640,2.040191,1.789981,1.479795,1.116542,nan,nan,0.935956
4620.000000,2.549994,2.549991,2.549975,2.549921,2.549757,2.549285,2.548020,2.544880,2.537679,2.522451,2.492792,2.439561,2.351428,2.216626,2.025515,1.773627,1.462971,1.100448,nan,nan,0.933311
4680.000000,2.549993,2.549988,2.549968,2.549904,2.549711,2.549167,2.547737,2.544255,2.536408,2.520075,2.488725,2.433166,2.342253,2.204493,2.010886,1.757354,1.446327,1.084580,nan,nan,0.930708
4740.000000,2.549991,2.549985,2.549961,2.549884,2.549657,2.549033,2.547424,2.543577,2.535047,2.517578,2.484493,2.426618,2.332907,2.192318,1.996245,1.741215,1.429851,1.068944,nan,nan,0.928161
4800.000000,2.549988,2.549981,2.549952,2.549860,2.549596,2.548882,2.547079,2.542840,2.533599,2.514948,2.480113,2.419896,2.323452,2.180057,1.981659,1.725180,1.413590,1.053508,nan,nan,0.925570
4860.000000,2.549985,2.549977,2.549941,2.549832,2.549526,2.548714,2.546699,2.542044,2.532060,2.512192,2.475583,2.413024,2.313871,2.167760,1.967102,1.709307,1.397521,1.038284,nan,nan,0.922909
4920.000000,2.549981,2.549971,2.549928,2.549800,2.549446,2.548526,2.546284,2.541187,2.530423,2.509313,2.470893,2.406020,2.304177,2.155427,1.952614,1.693561,1.381684,1.023239,nan,nan,0.920369
4980.000000,2.549976,2.549964,2.549913,2.549763,2.549356,2.548317,2.545829,2.540267,2.528692,2.506307,2.466067,2.398852,2.294405,2.143061,1.938192,1.677999,1.366047,1.008415,nan,nan,0.917695
5040.000000,2.549970,2.549956,2.549895,2.549720,2.549254,2.548085,2.545334,2.539281,2.526867,2.503171,2.461102,2.391567,2.284517,2.130709,1.923858,1.662600,1.350673,0.993721,nan,nan,0.914949
5100.000000,2.549963,2.549946,2.549874,2.549671,2.549140,2.547830,2.544797,2.538226,2.524946,2.499915,2.455990,2.384165,2.274575,2.118332,1.909632,1.647401,1.335494,0.979223,nan,nan,0.912237
5160.000000,2.549955,2.549934,2.549850,2.549615,2.549012,2.547549,2.544217,2.537103,2.522922,2.496542,2.450755,2.376635,2.264566,2.105995,1.895494,1.632365,1.320545,0.965016,nan,nan,0.909698
5220.000000,2.549945,2.549920,2.549822,2.549552,2.548869,2.547241,2.543591,2.535911,2.520802,2.493038,2.445398,2.369011,2.254493,2.093659,1.881486,1.617524,1.305798,0.951071,nan,nan,0.907140
5280.000000,2.549933,2.549904,2.549789,2.549480,2.548710,2.546904,2.542916,2.534647,2.518586,2.489420,2.439905,2.361286,2.244395,2.081367,1.867574,1.602875,1.291323,0.937305,nan,nan,0.904478
5340.000000,2.549918,2.549885,2.549752,2.549399,2.548534,2.546538,2.542193,2.533307,2.516274,2.485692,2.434305,2.353463,2.234240,2.069126,1.853822,1.588435,1.277072,0.923814,nan,nan,0.901927
5400.000000,2.549901,2.549862,2.549709,2.549308,2.548340,2.546140,2.541420,2.531895,2.513859,2.481847,2.428604,2.345572,2.224072,2.056926,1.840186,1.574210,1.263099,0.910513,nan,nan,0.899270
5460.000000,2.549882,2.549837,2.549661,2.549206,2.548127,2.545709,2.540594,2.530406,2.511345,2.477879,2.422764,2.337573,2.213858,2.044753,1.826636,1.560092,1.249225,0.897491,nan,nan,0.896781
5520.000000,2.549859,2.549807,2.549606,2.549092,2.547893,2.545243,2.539713,2.528838,2.508727,2.473791,2.416799,2.329450,2.203533,2.032508,1.813070,1.545997,1.235385,nan,nan,nan,0.894260
5580.000000,2.549832,2.549772,2.549543,2.548966,2.547636,2.544739,2.538774,2.527187,2.506003,2.469582,2.410713,2.321225,2.193144,2.020242,1.799512,1.531926,1.221562,nan,nan,nan,0.891676
5640.000000,2.549801,2.549733,2.549473,2.548826,2.547356,2.544197,2.537775,2.525451,2.503167,2.465239,2.404489,2.312879,2.182674,2.007946,1.785976,1.517911,1.207798,nan,nan,nan,0.889111
5700.000000,2.549766,2.549688,2.549394,2.548672,2.547051,2.543615,2.536717,2.523633,2.500228,2.460780,2.398148,2.304433,2.172138,1.995626,1.772456,1.503934,1.194062,nan,nan,nan,0.886605
5760.000000,2.549726,2.549637,2.549306,2.548501,2.546720,2.542992,2.535598,2.521732,2.497187,2.456208,2.391701,2.295908,2.161563,1.983316,1.758987,1.490035,1.180406,nan,nan,nan,0.884093
5820.000000,2.549679,2.549579,2.549207,2.548314,2.546362,2.542326,2.534416,2.519747,2.494039,2.451516,2.385132,2.287274,2.150915,1.970984,1.745551,1.476208,1.166828,nan,nan,nan,0.881467
5880.000000,2.549627,2.549514,2.549098,2.548109,2.545975,2.541615,2.533169,2.517672,2.490785,2.446711,2.378461,2.278573,2.140250,1.958693,1.732203,1.462488,1.153340,nan,nan,nan,0.878900
5940.000000,2.549568,2.549441,2.548976,2.547886,2.545557,2.540858,2.531856,2.515513,2.487431,2.441803,2.371701,2.269808,2.129552,1.946403,1.718892,1.448839,1.139926,nan,nan,nan,0.876506
6000.000000,2.549501,2.549359,2.548842,2.547642,2.545108,2.540053,2.530478,2.513270,2.483981,2.436791,2.364835,2.260961,2.118828,1.934151,1.705674,1.435298,1.126634,nan,nan,nan,0.874193
6060.000000,2.549425,2.549267,2.548695,2.547376,2.544626,2.539201,2.529034,2.510944,2.480427,2.431669,2.357883,2.252069,2.108107,1.921933,1.692517,1.421864,1.113509,nan,nan,nan,0.871805
6120.000000,2.549341,2.549165,2.548532,2.547089,2.544111,2.538300,2.527523,2.508529,2.476776,2.426455,2.350859,2.243125,2.097358,1.909766,1.679486,1.408591,1.100541,nan,nan,nan,0.869279
6180.000000,2.549247,2.549052,2.548354,2.546778,2.543560,2.537349,2.525942,2.506030,2.473033,2.421155,2.343746,2.234134,2.086636,1.897673,1.666551,1.395452,1.087728,nan,nan,nan,0.866921
6240.000000,2.549142,2.548926,2.548160,2.546443,2.542974,2.536346,2.524293,2.503449,2.469203,2.415753,2.336569,2.225124,2.075927,1.885634,1.653750,1.382483,1.075074,nan,nan,nan,0.864544
6300.000000,2.549026,2.548788,2.547947,2.546082,2.542350,2.535290,2.522576,2.500789,2.465275,2.410273,2.329339,2.216079,2.065242,1.873700,1.641077,1.369678,1.062633,nan,nan,nan,0.862149
6360.000000,2.548897,2.548636,2.547717,2.545694,2.541688,2.534181,2.520792,2.498045,2.461263,2.404721,2.322044,2.207024,2.054614,1.861845,1.628561,1.357080,1.050367,nan,nan,nan,0.859639
6420.000000,2.548756,2.548469,2.547466,2.545279,2.540986,2.533020,2.518941,2.495219,2.457172,2.399092,2.314705,2.197978,2.044015,1.850115,1.616215,1.344677,1.038315,nan,nan,nan,0.857106
6480.000000,2.548599,2.548286,2.547195,2.544835,2.540243,2.531804,2.517020,2.492318,2.453007,2.393394,2.307338,2.188923,2.033496,1.838511,1.604046,1.332507,1.026430,nan,nan,nan,0.854498
6540.000000,2.548428,2.548087,2.546903,2.544361,2.539460,2.530535,2.515032,2.489344,2.448758,2.387642,2.299936,2.179893,2.023054,1.827032,1.592070,1.320522,1.014779,nan,nan,nan,0.852126
6600.000000,2.548241,2.547870,2.546588,2.543856,2.538635,2.529212,2.512978,2.486299,2.444442,2.381842,2.292510,2.170901,2.012682,1.815711,1.580267,1.308780,1.003371,nan,nan,nan,0.849653
6660.000000,2.548037,2.547634,2.546249,2.543320,2.537768,2.527832,2.510860,2.483178,2.440063,2.375983,2.285079,2.161925,2.002418,1.804524,1.568691,1.297267,0.992245,nan,nan,nan,0.847127
6720.000000,2.547815,2.547378,2.545886,2.542750,2.536857,2.526398,2.508680,2.479991,2.435627,2.370087,2.277645,2.153004,1.992255,1.793518,1.557324,1.286026,0.981355,nan,nan,nan,0.844608
6780.000000,2.547573,2.547102,2.545497,2.542148,2.535904,2.524910,2.506437,2.476741,2.431128,2.364162,2.270205,2.144149,1.982203,1.782690,1.546188,1.275034,0.970761,nan,nan,nan,0.842154
6840.000000,2.547312,2.546804,2.545082,2.541511,2.534907,2.523370,2.504131,2.473431,2.426578,2.358214,2.262784,2.135345,1.972289,1.772038,1.535299,1.264325,0.960457,nan,nan,nan,0.839618
6900.000000,2.547030,2.546484,2.544640,2.540839,2.533865,2.521776,2.501765,2.470064,2.421984,2.352234,2.255390,2.126619,1.962504,1.761593,1.524640,1.253899,0.950481,nan,nan,nan,0.837241
6960.000000,2.546725,2.546140,2.544169,2.540132,2.532778,2.520130,2.499344,2.466638,2.417352,2.346245,2.248018,2.117983,1.952858,1.751348,1.514245,1.243754,0.940870,nan,nan,nan,0.834856
7020.000000,2.546398,2.545771,2.543669,2.539389,2.531648,2.518433,2.496867,2.463161,2.412686,2.340252,2.240679,2.109439,1.943373,1.741308,1.504117,1.233936,0.931595,nan,nan,nan,0.832430
7080.000000,2.546047,2.545378,2.543140,2.538610,2.530473,2.516684,2.494338,2.459637,2.407981,2.334263,2.233390,2.100986,1.934057,1.731507,1.494267,1.224451,0.922670,nan,nan,nan,0.829930
7140.000000,2.545671,2.544957,2.542580,2.537794,2.529254,2.514884,2.491759,2.456071,2.403253,2.328278,2.226160,2.092651,1.924903,1.721949,1.484721,1.215300,0.914090,nan,nan,nan,0.827470
7200.000000,2.545269,2.544510,2.541988,2.536940,2.527991,2.513036,2.489131,2.452465,2.398508,2.322304,2.218994,2.084444,1.915943,1.712626,1.475483,1.206506,0.905870,nan,nan,nan,0.824949
7260.000000,2.544841,2.544034,2.541364,2.536048,2.526684,2.511138,2.486450,2.448820,2.393741,2.316341,2.211869,2.076343,1.907145,1.703519,1.466485,1.197991,0.897958,nan,nan,nan,0.822449
7320.000000,2.544385,2.543530,2.540707,2.535117,2.525331,2.509191,2.483720,2.445128,2.388948,2.310378,2.204782,2.068305,1.898472,1.694580,1.457690,1.189683,0.890201,nan,nan,nan,0.819814
7380.000000,2.543900,2.542995,2.540016,2.534147,2.523934,2.507195,2.480941,2.441392,2.384129,2.304417,2.197734,2.060348,1.889905,1.685799,1.449085,1.181573,0.882636,nan,nan,nan,0.817269
7440.000000,2.543387,2.542430,2.539291,2.533137,2.522491,2.505149,2.478114,2.437615,2.379281,2.298461,2.190725,2.052471,1.881459,1.677160,1.440656,1.173654,0.875237,nan,nan,nan,0.814626
7500.000000,2.542842,2.541833,2.538531,2.532087,2.521003,2.503056,2.475240,2.433801,2.374411,2.292502,2.183756,2.044673,1.873130,1.668670,1.432382,1.165887,0.868047,nan,nan,nan,0.812103
7560.000000,2.542267,2.541204,2.537736,2.530996,2.519470,2.500915,2.472320,2.429950,2.369521,2.286547,2.176816,2.036950,1.864911,1.660318,1.424265,1.158277,0.861012,nan,nan,nan,0.809548
7620.000000,2.541661,2.540543,2.536904,2.529865,2.517892,2.498727,2.469356,2.426063,2.364614,2.280600,2.169912,2.029288,1.856796,1.652102,1.416301,1.150830,0.854105,nan,nan,nan,0.806928
7680.000000,2.541022,2.539848,2.536035,2.528693,2.516269,2.496493,2.466349,2.422142,2.359689,2.274660,2.163047,2.021696,1.848773,1.644006,1.408481,1.143534,0.847344,nan,nan,nan,0.804329
7740.000000,2.540349,2.539118,2.535130,2.527479,2.514601,2.494212,2.463299,2.418189,2.354748,2.268728,2.156219,2.014174,1.840848,1.636023,1.400776,1.136353,0.840772,nan,nan,nan,0.801831
7800.000000,2.539643,2.538354,2.534187,2.526225,2.512888,2.491885,2.460206,2.414203,2.349792,2.262804,2.149427,2.006717,1.833016,1.628154,1.393195,1.129299,0.834270,nan,nan,nan,0.799231
7860.000000,2.538903,2.537554,2.533205,2.524929,2.511132,2.489514,2.457071,2.410183,2.344821,2.256887,2.142670,1.999322,1.825269,1.620386,1.385723,1.122352,0.827981,nan,nan,nan,0.796807
7920.000000,2.538127,2.536719,2.532186,2.523592,2.509331,2.487098,2.453896,2.406131,2.339829,2.250972,2.135941,1.991984,1.817602,1.612714,1.378354,1.115520,0.821802,nan,nan,nan,0.794330
7980.000000,2.537316,2.535846,2.531128,2.522213,2.507487,2.484639,2.450681,2.402049,2.334822,2.245060,2.129235,1.984690,1.810004,1.605131,1.371088,1.108805,0.815664,nan,nan,nan,0.791778
8040.000000,2.536468,2.534937,2.530030,2.520792,2.505599,2.482136,2.447427,2.397937,2.329801,2.239154,2.122559,1.977449,1.802476,1.597628,1.363908,1.102172,0.809610,nan,nan,nan,0.789274
8100.000000,2.535584,2.533991,2.528893,2.519329,2.503667,2.479590,2.444134,2.393797,2.324766,2.233254,2.115912,1.970260,1.795019,1.590212,1.356824,1.095637,0.803580,nan,nan,nan,0.786696
8160.000000,2.534663,2.533006,2.527716,2.517824,2.501691,2.477002,2.440804,2.389629,2.319719,2.227360,2.109292,1.963119,1.787628,1.582870,1.349814,1.089162,0.797731,nan,nan,nan,0.784274
8220.000000,2.533704,2.531983,2.526499,2.516277,2.499673,2.474372,2.437437,2.385433,2.314657,2.221471,2.102697,1.956021,1.780294,1.575595,1.342874,1.082758,0.791902,nan,nan,nan,0.781785
8280.000000,2.532706,2.530921,2.525242,2.514688,2.497611,2.471700,2.434033,2.381210,2.309582,2.215585,2.096123,1.948963,1.773014,1.568381,1.335995,1.076410,0.786181,nan,nan,nan,0.779373
8340.000000,2.531670,2.529820,2.523944,2.513057,2.495507,2.468987,2.430593,2.376959,2.304493,2.209702,2.089571,1.941940,1.765779,1.561218,1.329171,1.070120,0.780352,nan,nan,nan,0.776798
8400.000000,2.530595,2.528680,2.522605,2.511383,2.493360,2.466233,2.427116,2.372681,2.299390,2.203817,2.083030,1.934945,1.758587,1.554107,1.322400,1.063871,0.774625,nan,nan,nan,0.774315
8460.000000,2.529481,2.527499,2.521225,2.509667,2.491170,2.463438,2.423604,2.368376,2.294268,2.197930,2.076505,1.927981,1.751436,1.547042,1.315671,1.057650,nan,nan,nan,nan,0.771840
8520.000000,2.528327,2.526279,2.519804,2.507908,2.488937,2.460603,2.420056,2.364041,2.289131,2.192042,2.069994,1.921044,1.744319,1.540012,1.308970,1.051442,nan,nan,nan,nan,0.769462
8580.000000,2.527133,2.525018,2.518342,2.506108,2.486663,2.457727,2.416471,2.359678,2.283977,2.186152,2.063493,1.914128,1.737231,1.533011,1.302295,1.045258,nan,nan,nan,nan,0.767025
8640.000000,2.525899,2.523717,2.516838,2.504265,2.484346,2.454809,2.412850,2.355289,2.278808,2.180257,2.057002,1.907231,1.730168,1.526037,1.295637,1.039082,nan,nan,nan,nan,0.764594
8700.000000,2.524624,2.522374,2.515292,2.502379,2.481987,2.451852,2.409194,2.350872,2.273621,2.174358,2.050517,1.900351,1.723125,1.519078,1.288996,1.032915,nan,nan,nan,nan,0.762094
8760.000000,2.523308,2.520991,2.513704,2.500452,2.479585,2.448854,2.405503,2.346428,2.268417,2.168453,2.044037,1.893481,1.716094,1.512137,1.282367,1.026741,nan,nan,nan,nan,0.759626
8820.000000,2.521952,2.519566,2.512075,2.498482,2.477141,2.445817,2.401777,2.341956,2.263195,2.162540,2.037556,1.886615,1.709076,1.505206,1.275737,1.020541,nan,nan,nan,nan,0.757169
8880.000000,2.520554,2.518100,2.510404,2.496469,2.474655,2.442741,2.398016,2.337456,2.257954,2.156616,2.031069,1.879755,1.702064,1.498276,1.269098,1.014310,nan,nan,nan,nan,0.754769
8940.000000,2.519115,2.516593,2.508690,2.494413,2.472128,2.439625,2.394221,2.332928,2.252693,2.150675,2.024579,1.872897,1.695056,1.491348,1.262445,1.008046,nan,nan,nan,nan,0.752269
9000.000000,2.517635,2.515043,2.506935,2.492316,2.469559,2.436470,2.390390,2.328371,2.247405,2.144720,2.018083,1.866036,1.688044,1.484400,1.255754,1.001727,nan,nan,nan,nan,0.749972
9060.000000,2.516113,2.513452,2.505138,2.490176,2.466950,2.433278,2.386528,2.323789,2.242101,2.138762,2.011591,1.859185,1.681037,1.477453,1.249061,0.995405,nan,nan,nan,nan,0.747757
9120.000000,2.514549,2.511820,2.503299,2.487996,2.464302,2.430051,2.382637,2.319184,2.236791,2.132808,2.005117,1.852360,1.674063,1.470551,1.242417,0.989153,nan,nan,nan,nan,0.745380
9180.000000,2.512944,2.510146,2.501419,2.485775,2.461616,2.426790,2.378719,2.314561,2.231473,2.126861,1.998662,1.845559,1.667128,1.463693,1.235819,0.982928,nan,nan,nan,nan,0.743027
9240.000000,2.511298,2.508430,2.499497,2.483514,2.458891,2.423495,2.374771,2.309920,2.226150,2.120921,1.992219,1.838789,1.660234,1.456881,1.229261,0.976747,nan,nan,nan,nan,0.740631
9300.000000,2.509609,2.506673,2.497534,2.481213,2.456129,2.420167,2.370796,2.305263,2.220821,2.114988,1.985795,1.832050,1.653378,1.450102,1.222740,0.970590,nan,nan,nan,nan,0.738370
9360.000000,2.507879,2.504874,2.495530,2.478872,2.453330,2.416806,2.366795,2.300589,2.215488,2.109054,1.979390,1.825340,1.646556,1.443359,1.216260,0.964472,nan,nan,nan,nan,0.736016
9420.000000,2.506107,2.503034,2.493484,2.476491,2.450494,2.413412,2.362770,2.295900,2.210149,2.103128,1.973004,1.818659,1.639760,1.436654,1.209814,0.958373,nan,nan,nan,nan,0.733756
9480.000000,2.504294,2.501152,2.491399,2.474072,2.447622,2.409985,2.358719,2.291195,2.204801,2.097209,1.966635,1.811999,1.632995,1.429982,1.203397,0.952300,nan,nan,nan,nan,0.731530
9540.000000,2.502439,2.499229,2.489272,2.471613,2.444714,2.406527,2.354645,2.286475,2.199447,2.091296,1.960283,1.805358,1.626261,1.423342,1.197003,0.946266,nan,nan,nan,nan,0.729314
9600.000000,2.500543,2.497265,2.487105,2.469115,2.441770,2.403039,2.350547,2.281739,2.194088,2.085389,1.953944,1.798744,1.619561,1.416735,1.190654,0.940282,nan,nan,nan,nan,0.726998
9660.000000,2.498606,2.495260,2.484898,2.466580,2.438791,2.399520,2.346425,2.276985,2.188726,2.079489,1.947617,1.792156,1.612892,1.410157,1.184335,0.934308,nan,nan,nan,nan,0.724820
9720.000000,2.496627,2.493214,2.482651,2.464006,2.435776,2.395971,2.342281,2.272216,2.183359,2.073596,1.941307,1.785593,1.606246,1.403615,1.178055,0.928358,nan,nan,nan,nan,0.722494
9780.000000,2.494608,2.491127,2.480364,2.461394,2.432726,2.392393,2.338114,2.267434,2.177989,2.067704,1.935016,1.779058,1.599633,1.397112,1.171808,0.922434,nan,nan,nan,nan,0.720175
9840.000000,2.492548,2.489000,2.478038,2.458745,2.429642,2.388787,2.333926,2.262640,2.172617,2.061819,1.928742,1.772542,1.593052,1.390642,1.165584,0.916517,nan,nan,nan,nan,0.717952
9900.000000,2.490447,2.486833,2.475673,2.456059,2.426524,2.385152,2.329713,2.257833,2.167242,2.055942,1.922486,1.766048,1.586500,1.384194,1.159385,0.910618,nan,nan,nan,nan,0.715688
9960.000000,2.488306,2.484625,2.473269,2.453337,2.423374,2.381490,2.325479,2.253015,2.161860,2.050072,1.916245,1.759576,1.579972,1.377766,1.153202,0.904719,nan,nan,nan,nan,0.713571
10020.000000,2.486125,2.482378,2.470827,2.450578,2.420192,2.377800,2.321226,2.248184,2.156474,2.044209,1.910009,1.753122,1.573461,1.371360,1.147036,0.898851,nan,nan,nan,nan,0.711425
10080.000000,2.483904,2.480092,2.468346,2.447784,2.416977,2.374084,2.316952,2.243341,2.151084,2.038350,1.903787,1.746689,1.566969,1.364981,1.140890,0.893022,nan,nan,nan,nan,0.709242
10140.000000,2.481643,2.477767,2.465828,2.444954,2.413731,2.370341,2.312658,2.238486,2.145691,2.032497,1.897577,1.740275,1.560501,1.358625,1.134764,0.887207,nan,nan,nan,nan,0.707149
10200.000000,2.479343,2.475402,2.463271,2.442088,2.410452,2.366569,2.308344,2.233614,2.140295,2.026642,1.891381,1.733872,1.554056,1.352286,1.128668,0.881405,nan,nan,nan,nan,0.704947
10260.000000,2.477004,2.472998,2.460678,2.439187,2.407143,2.362770,2.304011,2.228731,2.134896,2.020792,1.885199,1.727488,1.547636,1.345972,1.122598,0.875607,nan,nan,nan,nan,0.702749
10320.000000,2.474626,2.470556,2.458047,2.436251,2.403803,2.358946,2.299659,2.223836,2.129494,2.014949,1.879031,1.721125,1.541237,1.339685,1.116544,0.869820,nan,nan,nan,nan,0.700570
10380.000000,2.472209,2.468076,2.455380,2.433281,2.400432,2.355097,2.295289,2.218931,2.124090,2.009112,1.872868,1.714780,1.534852,1.333416,1.110497,0.864031,nan,nan,nan,nan,0.698480
10440.000000,2.469754,2.465558,2.452676,2.430277,2.397032,2.351224,2.290900,2.214016,2.118677,2.003280,1.866717,1.708452,1.528487,1.327166,1.104471,0.858250,nan,nan,nan,nan,0.696289
10500.000000,2.467261,2.463002,2.449936,2.427240,2.393602,2.347326,2.286491,2.209090,2.113262,1.997454,1.860579,1.702140,1.522146,1.320935,1.098471,0.852471,nan,nan,nan,nan,0.694054
10560.000000,2.464730,2.460409,2.447160,2.424169,2.390143,2.343404,2.282064,2.204154,2.107846,1.991633,1.854454,1.695841,1.515826,1.314724,1.092478,0.846685,nan,nan,nan,nan,0.691948
10620.000000,2.462162,2.457779,2.444350,2.421066,2.386654,2.339459,2.277619,2.199209,2.102428,1.985811,1.848340,1.689556,1.509517,1.308522,1.086474,0.840907,nan,nan,nan,nan,0.689945
10680.000000,2.459557,2.455113,2.441504,2.417931,2.383136,2.335491,2.273158,2.194252,2.097006,1.979992,1.842235,1.683282,1.503211,1.302327,1.080474,0.835147,nan,nan,nan,nan,0.687998
10740.000000,2.456915,2.452411,2.438624,2.414764,2.379590,2.331499,2.268680,2.189281,2.091581,1.974175,1.836128,1.677017,1.496917,1.296135,1.074487,0.829416,nan,nan,nan,nan,0.685995
10800.000000,2.454237,2.449673,2.435709,2.411565,2.376016,2.327485,2.264184,2.184299,2.086151,1.968360,1.830027,1.670762,1.490635,1.289951,1.068511,0.823693,nan,nan,nan,nan,0.683984
10860.000000,2.451523,2.446899,2.432760,2.408334,2.372413,2.323446,2.259669,2.179304,2.080707,1.962541,1.823925,1.664501,1.484354,1.283768,1.062525,0.817957,nan,nan,nan,nan,0.681994
10920.000000,2.448773,2.444090,2.429777,2.405071,2.368781,2.319379,2.255133,2.174292,2.075251,1.956714,1.817820,1.658236,1.478064,1.277579,1.056534,0.812176,nan,nan,nan,nan,0.679942
10980.000000,2.445987,2.441245,2.426760,2.401776,2.365121,2.315287,2.250577,2.169265,2.069785,1.950877,1.811713,1.651972,1.471773,1.271390,1.050543,0.806365,nan,nan,nan,nan,0.677876
11040.000000,2.443166,2.438365,2.423708,2.398450,2.361432,2.311171,2.246001,2.164225,2.064311,1.945035,1.805605,1.645712,1.465483,1.265192,1.044537,0.800525,nan,nan,nan,nan,0.675911
11100.000000,2.440309,2.435450,2.420623,2.395093,2.357716,2.307032,2.241404,2.159172,2.058831,1.939191,1.799493,1.639454,1.459196,1.258994,1.038513,0.794665,nan,nan,nan,nan,0.673914
11160.000000,2.437417,2.432500,2.417504,2.391705,2.353972,2.302871,2.236790,2.154106,2.053344,1.933347,1.793383,1.633192,1.452915,1.252802,1.032491,0.788786,nan,nan,nan,nan,0.671908
11220.000000,2.434490,2.429517,2.414353,2.388287,2.350203,2.298687,2.232159,2.149026,2.047854,1.927504,1.787280,1.626941,1.446637,1.246620,1.026481,0.782879,nan,nan,nan,nan,0.669796
11280.000000,2.431529,2.426499,2.411170,2.384840,2.346407,2.294483,2.227513,2.143937,2.042353,1.921664,1.781184,1.620700,1.440370,1.240437,1.020458,0.776963,nan,nan,nan,nan,0.667876
11340.000000,2.428534,2.423449,2.407955,2.381363,2.342587,2.290259,2.222852,2.138840,2.036850,1.915820,1.775096,1.614470,1.434115,1.234266,1.014436,0.771042,nan,nan,nan,nan,0.665892
11400.000000,2.425506,2.420366,2.404709,2.377857,2.338742,2.286015,2.218178,2.133735,2.031346,1.909979,1.769008,1.608249,1.427872,1.228104,1.008415,0.765135,nan,nan,nan,nan,0.664028
11460.000000,2.422446,2.417250,2.401433,2.374323,2.334872,2.281752,2.213491,2.128623,2.025842,1.904144,1.762930,1.602035,1.421638,1.221955,1.002415,0.759248,nan,nan,nan,nan,0.662050
11520.000000,2.419352,2.414103,2.398126,2.370762,2.330977,2.277469,2.208791,2.123505,2.020338,1.898316,1.756866,1.595839,1.415424,1.215824,0.996431,0.753341,nan,nan,nan,nan,0.660044
11580.000000,2.416227,2.410924,2.394790,2.367174,2.327060,2.273167,2.204077,2.118382,2.014836,1.892497,1.750816,1.589663,1.409230,1.209711,0.990456,0.747431,nan,nan,nan,nan,0.658143
11640.000000,2.413070,2.407714,2.391424,2.363560,2.323121,2.268848,2.199350,2.113249,2.009333,1.886686,1.744782,1.583507,1.403061,1.203625,0.984509,0.741546,nan,nan,nan,nan,0.656167
11700.000000,2.409881,2.404473,2.388029,2.359920,2.319160,2.264514,2.194614,2.108115,2.003832,1.880880,1.738758,1.577368,1.396914,1.197566,0.978590,0.735666,nan,nan,nan,nan,0.654186
11760.000000,2.406662,2.401202,2.384606,2.356255,2.315179,2.260163,2.189869,2.102978,1.998338,1.875088,1.732753,1.571252,1.390791,1.191529,0.972684,0.729810,nan,nan,nan,nan,0.652327
11820.000000,2.403413,2.397901,2.381156,2.352565,2.311177,2.255799,2.185117,2.097841,1.992849,1.869310,1.726769,1.565160,1.384695,1.185517,0.966801,0.724035,nan,nan,nan,nan,0.650555
11880.000000,2.400133,2.394571,2.377678,2.348851,2.307156,2.251420,2.180357,2.092704,1.987368,1.863546,1.720805,1.559094,1.378630,1.179543,0.960967,0.718296,nan,nan,nan,nan,0.648652
11940.000000,2.396824,2.391212,2.374173,2.345114,2.303116,2.247029,2.175590,2.087568,1.981896,1.857799,1.714865,1.553058,1.372599,1.173605,0.955171,0.712555,nan,nan,nan,nan,0.646766
12000.000000,2.393486,2.387825,2.370641,2.341353,2.299058,2.242625,2.170818,2.082433,1.976431,1.852064,1.708943,1.547047,1.366599,1.167701,0.949411,0.706862,nan,nan,nan,nan,0.644940
12060.000000,2.390118,2.384409,2.367084,2.337570,2.294981,2.238208,2.166039,2.077296,1.970973,1.846345,1.703046,1.541067,1.360633,1.161835,0.943692,0.701272,nan,nan,nan,nan,0.643222
12120.000000,2.386723,2.380966,2.363501,2.333765,2.290888,2.233779,2.161253,2.072163,1.965527,1.840647,1.697177,1.535121,1.354708,1.156016,0.938031,0.695710,nan,nan,nan,nan,0.641384
12180.000000,2.383299,2.377495,2.359893,2.329938,2.286777,2.229338,2.156464,2.067034,1.960094,1.834970,1.691338,1.529215,1.348830,1.150250,0.932429,0.690141,nan,nan,nan,nan,0.639475
12240.000000,2.379848,2.373998,2.356260,2.326091,2.282648,2.224887,2.151673,2.061912,1.954676,1.829319,1.685535,1.523349,1.343000,1.144544,0.926894,0.684600,nan,nan,nan,nan,0.637560
12300.000000,2.376370,2.370474,2.352602,2.322222,2.278504,2.220427,2.146881,2.056798,1.949277,1.823696,1.679762,1.517527,1.337224,1.138899,0.921417,0.679134,nan,nan,nan,nan,0.635705
12360.000000,2.372865,2.366924,2.348922,2.318333,2.274346,2.215961,2.142090,2.051694,1.943898,1.818096,1.674029,1.511753,1.331504,1.133316,0.915993,0.673701,nan,nan,nan,nan,0.633824
12420.000000,2.369334,2.363349,2.345218,2.314425,2.270175,2.211488,2.137301,2.046601,1.938533,1.812526,1.668334,1.506026,1.325837,1.127781,0.910613,0.668378,nan,nan,nan,nan,0.632033
12480.000000,2.365777,2.359750,2.341493,2.310498,2.265991,2.207009,2.132515,2.041517,1.933190,1.806987,1.662680,1.500347,1.320220,1.122307,0.905308,0.663131,nan,nan,nan,nan,0.630204
12540.000000,2.362196,2.356126,2.337746,2.306555,2.261796,2.202527,2.127733,2.036445,1.927870,1.801481,1.657068,1.494713,1.314660,1.116898,0.900074,0.657958,nan,nan,nan,nan,0.628401
12600.000000,2.358591,2.352480,2.333978,2.302595,2.257590,2.198040,2.122953,2.031385,1.922572,1.796007,1.651494,1.489129,1.309160,1.111553,0.894907,0.652928,nan,nan,nan,nan,0.626708
12660.000000,2.354962,2.348810,2.330189,2.298618,2.253372,2.193548,2.118174,2.026337,1.917294,1.790562,1.645954,1.483589,1.303709,1.106261,0.889802,0.647966,nan,nan,nan,nan,0.624980
12720.000000,2.351310,2.345118,2.326379,2.294624,2.249142,2.189051,2.113396,2.021296,1.912032,1.785134,1.640444,1.478086,1.298302,1.101015,0.884761,0.642976,nan,nan,nan,nan,0.623144
12780.000000,2.347634,2.341404,2.322550,2.290614,2.244901,2.184545,2.108618,2.016263,1.906784,1.779728,1.634963,1.472619,1.292927,1.095812,0.879764,0.638079,nan,nan,nan,nan,0.621424
12840.000000,2.343937,2.337667,2.318700,2.286587,2.240647,2.180032,2.103840,2.011238,1.901547,1.774344,1.629510,1.467182,1.287590,1.090651,0.874808,0.633246,nan,nan,nan,nan,0.619720
12900.000000,2.340216,2.333909,2.314831,2.282545,2.236383,2.175513,2.099063,2.006219,1.896324,1.768981,1.624085,1.461773,1.282291,1.085531,0.869893,0.628506,nan,nan,nan,nan,0.618068
12960.000000,2.336474,2.330130,2.310943,2.278486,2.232106,2.170989,2.094286,2.001208,1.891115,1.763639,1.618684,1.456400,1.277033,1.080455,0.865039,0.623673,nan,nan,nan,nan,0.616254
13020.000000,2.332711,2.326330,2.307036,2.274412,2.227819,2.166458,2.089510,1.996201,1.885921,1.758320,1.613311,1.451064,1.271819,1.075428,0.860236,0.618867,nan,nan,nan,nan,0.614446
13080.000000,2.328926,2.322510,2.303110,2.270322,2.223519,2.161923,2.084736,1.991202,1.880743,1.753023,1.607967,1.445762,1.266634,1.070436,0.855456,0.614239,nan,nan,nan,nan,0.612789
13140.000000,2.325120,2.318669,2.299167,2.266218,2.219209,2.157384,2.079963,1.986211,1.875579,1.747742,1.602649,1.440490,1.261484,1.065482,0.850706,nan,nan,nan,nan,nan,0.611062
13200.000000,2.321294,2.314808,2.295205,2.262100,2.214889,2.152839,2.075190,1.981229,1.870430,1.742482,1.597357,1.435244,1.256371,1.060568,0.846000,nan,nan,nan,nan,nan,0.609284
13260.000000,2.317448,2.310929,2.291227,2.257968,2.210559,2.148291,2.070417,1.976254,1.865295,1.737242,1.592092,1.430029,1.251293,1.055684,0.841329,nan,nan,nan,nan,nan,0.607598
13320.000000,2.313583,2.307031,2.287232,2.253822,2.206220,2.143738,2.065646,1.971288,1.860170,1.732023,1.586850,1.424843,1.246246,1.050831,0.836690,nan,nan,nan,nan,nan,0.605910
13380.000000,2.309699,2.303114,2.283220,2.249663,2.201872,2.139181,2.060877,1.966328,1.855058,1.726821,1.581627,1.419683,1.241221,1.046006,0.832075,nan,nan,nan,nan,nan,0.604315
13440.000000,2.305796,2.299180,2.279193,2.245491,2.197516,2.134621,2.056108,1.961376,1.849958,1.721638,1.576426,1.414550,1.236227,1.041218,0.827503,nan,nan,nan,nan,nan,0.602607
13500.000000,2.301875,2.295228,2.275150,2.241306,2.193150,2.130055,2.051341,1.956430,1.844871,1.716471,1.571248,1.409443,1.231262,1.036458,0.822961,nan,nan,nan,nan,nan,0.600996
13560.000000,2.297936,2.291258,2.271091,2.237107,2.188776,2.125484,2.046575,1.951487,1.839796,1.711319,1.566094,1.404359,1.226330,1.031732,0.818467,nan,nan,nan,nan,nan,0.599252
13620.000000,2.293980,2.287271,2.267017,2.232896,2.184393,2.120909,2.041811,1.946552,1.834735,1.706184,1.560963,1.399303,1.221430,1.027038,0.813995,nan,nan,nan,nan,nan,0.597538
13680.000000,2.290006,2.283267,2.262928,2.228672,2.180002,2.116330,2.037048,1.941624,1.829686,1.701068,1.555855,1.394273,1.216553,1.022371,0.809532,nan,nan,nan,nan,nan,0.595897
13740.000000,2.286015,2.279248,2.258824,2.224438,2.175603,2.111748,2.032288,1.936703,1.824650,1.695970,1.550763,1.389268,1.211702,1.017736,0.805101,nan,nan,nan,nan,nan,0.594162
13800.000000,2.282008,2.275212,2.254707,2.220192,2.171197,2.107164,2.027530,1.931790,1.819622,1.690890,1.545694,1.384290,1.206882,1.013131,0.800694,nan,nan,nan,nan,nan,0.592431
13860.000000,2.277985,2.271161,2.250576,2.215935,2.166784,2.102577,2.022772,1.926885,1.814608,1.685827,1.540647,1.379336,1.202087,1.008542,0.796301,nan,nan,nan,nan,nan,0.590743
13920.000000,2.273947,2.267096,2.246432,2.211668,2.162365,2.097987,2.018015,1.921987,1.809605,1.680780,1.535618,1.374396,1.197310,1.003966,0.791914,nan,nan,nan,nan,nan,0.589188
13980.000000,2.269893,2.263016,2.242275,2.207391,2.157939,2.093396,2.013261,1.917096,1.804613,1.675742,1.530605,1.369474,1.192551,0.999408,0.787548,nan,nan,nan,nan,nan,0.587596
14040.000000,2.265826,2.258922,2.238106,2.203104,2.153504,2.088801,2.008508,1.912210,1.799630,1.670717,1.525607,1.364569,1.187803,0.994867,0.783210,nan,nan,nan,nan,nan,0.586059
14100.000000,2.261743,2.254814,2.233924,2.198807,2.149062,2.084203,2.003756,1.907325,1.794656,1.665703,1.520622,1.359680,1.183072,0.990344,0.778904,nan,nan,nan,nan,nan,0.584512
14160.000000,2.257647,2.250692,2.229730,2.194500,2.144614,2.079602,1.999004,1.902445,1.789690,1.660702,1.515649,1.354810,1.178363,0.985842,0.774630,nan,nan,nan,nan,nan,0.582906
14220.000000,2.253536,2.246556,2.225524,2.190183,2.140158,2.074998,1.994253,1.897569,1.784733,1.655713,1.510692,1.349956,1.173673,0.981360,0.770367,nan,nan,nan,nan,nan,0.581348
14280.000000,2.249411,2.242407,2.221306,2.185857,2.135696,2.070390,1.989503,1.892698,1.779781,1.650737,1.505752,1.345119,1.169008,0.976908,0.766123,nan,nan,nan,nan,nan,0.579645
14340.000000,2.245272,2.238245,2.217076,2.181520,2.131227,2.065777,1.984754,1.887834,1.774839,1.645777,1.500831,1.340304,1.164363,0.972482,0.761886,nan,nan,nan,nan,nan,0.577949
14400.000000,2.241120,2.234069,2.212834,2.177175,2.126753,2.061162,1.980007,1.882975,1.769908,1.640826,1.495926,1.335506,1.159731,0.968063,0.757639,nan,nan,nan,nan,nan,0.576394
14460.000000,2.236955,2.229882,2.208581,2.172821,2.122273,2.056545,1.975262,1.878122,1.764985,1.635885,1.491032,1.330719,1.155109,0.963642,0.753399,nan,nan,nan,nan,nan,0.574877
14520.000000,2.232778,2.225682,2.204317,2.168459,2.117787,2.051926,1.970516,1.873274,1.760070,1.630954,1.486145,1.325943,1.150497,0.959230,0.749168,nan,nan,nan,nan,nan,0.573368
14580.000000,2.228588,2.221471,2.200043,2.164088,2.113296,2.047305,1.965770,1.868430,1.755162,1.626032,1.481269,1.321177,1.145898,0.954831,0.744961,nan,nan,nan,nan,nan,0.571861
14640.000000,2.224387,2.217248,2.195758,2.159710,2.108799,2.042681,1.961026,1.863588,1.750261,1.621121,1.476405,1.316422,1.141313,0.950449,0.740776,nan,nan,nan,nan,nan,0.570355
14700.000000,2.220173,2.213013,2.191463,2.155323,2.104298,2.038055,1.956282,1.858749,1.745368,1.616220,1.471554,1.311682,1.136739,0.946084,0.736613,nan,nan,nan,nan,nan,0.568850
14760.000000,2.215948,2.208768,2.187159,2.150928,2.099790,2.033427,1.951540,1.853915,1.740480,1.611331,1.466717,1.306959,1.132184,0.941733,0.732465,nan,nan,nan,nan,nan,0.567348
14820.000000,2.211711,2.204511,2.182844,2.146525,2.095278,2.028797,1.946800,1.849087,1.735601,1.606451,1.461896,1.302252,1.127647,0.937402,0.728328,nan,nan,nan,nan,nan,0.565849
14880.000000,2.207463,2.200243,2.178519,2.142114,2.090761,2.024166,1.942061,1.844264,1.730731,1.601583,1.457088,1.297564,1.123130,0.933094,0.724211,nan,nan,nan,nan,nan,0.564354
14940.000000,2.203203,2.195964,2.174185,2.137695,2.086240,2.019534,1.937326,1.839449,1.725872,1.596728,1.452294,1.292891,1.118633,0.928808,0.720115,nan,nan,nan,nan,nan,0.562862
15000.000000,2.198932,2.191675,2.169842,2.133269,2.081712,2.014901,1.932594,1.834640,1.721023,1.591887,1.447517,1.288236,1.114153,0.924543,0.716040,nan,nan,nan,nan,nan,0.561375
15060.000000,2.194651,2.187375,2.165490,2.128836,2.077181,2.010267,1.927865,1.829838,1.716185,1.587061,1.442758,1.283601,1.109695,0.920295,0.711978,nan,nan,nan,nan,nan,0.559892
15120.000000,2.190359,2.183065,2.161129,2.124397,2.072646,2.005631,1.923139,1.825044,1.711359,1.582250,1.438017,1.278987,1.105260,0.916072,0.707935,nan,nan,nan,nan,nan,0.558414
15180.000000,2.186057,2.178746,2.156760,2.119952,2.068108,2.000995,1.918415,1.820257,1.706545,1.577455,1.433295,1.274395,1.100849,0.911874,0.703917,nan,nan,nan,nan,nan,0.556940
15240.000000,2.181745,2.174417,2.152383,2.115501,2.063567,1.996360,1.913695,1.815476,1.701740,1.572674,1.428592,1.269824,1.096462,0.907702,0.699925,nan,nan,nan,nan,nan,0.555471
15300.000000,2.177423,2.170079,2.147998,2.111045,2.059024,1.991727,1.908981,1.810704,1.696947,1.567907,1.423904,1.265273,1.092098,0.903553,0.695957,nan,nan,nan,nan,nan,0.554006
15360.000000,2.173092,2.165733,2.143606,2.106583,2.054479,1.987094,1.904272,1.805942,1.692168,1.563158,1.419238,1.260745,1.087756,0.899426,0.692004,nan,nan,nan,nan,nan,0.552545
15420.000000,2.168753,2.161378,2.139207,2.102117,2.049931,1.982464,1.899568,1.801190,1.687403,1.558426,1.414592,1.256240,1.083441,0.895328,0.688080,nan,nan,nan,nan,nan,0.551089
15480.000000,2.164405,2.157015,2.134801,2.097647,2.045383,1.977835,1.894871,1.796448,1.682652,1.553712,1.409969,1.251761,1.079154,0.891258,0.684185,nan,nan,nan,nan,nan,0.549637
15540.000000,2.160048,2.152644,2.130389,2.093172,2.040833,1.973209,1.890180,1.791716,1.677916,1.549018,1.405368,1.247307,1.074894,0.887217,0.680320,nan,nan,nan,nan,nan,0.548189
15600.000000,2.155684,2.148265,2.125971,2.088694,2.036283,1.968586,1.885496,1.786996,1.673195,1.544342,1.400789,1.242879,1.070663,0.883205,0.676481,nan,nan,nan,nan,nan,0.546745
15660.000000,2.151312,2.143880,2.121547,2.084212,2.031732,1.963966,1.880819,1.782287,1.668490,1.539686,1.396232,1.238474,1.066455,0.879219,0.672666,nan,nan,nan,nan,nan,0.545306
15720.000000,2.146933,2.139488,2.117118,2.079727,2.027181,1.959350,1.876150,1.777589,1.663799,1.535046,1.391697,1.234095,1.062278,0.875264,0.668884,nan,nan,nan,nan,nan,0.543870
15780.000000,2.142547,2.135089,2.112684,2.075239,2.022631,1.954738,1.871488,1.772901,1.659123,1.530428,1.387187,1.229744,1.058131,0.871342,0.665136,nan,nan,nan,nan,nan,0.542438
15840.000000,2.138154,2.130685,2.108245,2.070749,2.018081,1.950130,1.866833,1.768226,1.654464,1.525830,1.382701,1.225422,1.054016,0.867454,0.661424,nan,nan,nan,nan,nan,0.541010
15900.000000,2.133755,2.126274,2.103802,2.066257,2.013532,1.945524,1.862186,1.763564,1.649822,1.521254,1.378241,1.221129,1.049933,0.863599,0.657740,nan,nan,nan,nan,nan,0.539586
15960.000000,2.129350,2.121858,2.099354,2.061763,2.008984,1.940923,1.857549,1.758915,1.645199,1.516701,1.373808,1.216866,1.045880,0.859773,0.654088,nan,nan,nan,nan,nan,0.538165
16020.000000,2.124939,2.117437,2.094903,2.057268,2.004436,1.936328,1.852921,1.754280,1.640594,1.512170,1.369401,1.212630,1.041858,0.855982,0.650473,nan,nan,nan,nan,nan,0.536748
16080.000000,2.120523,2.113010,2.090449,2.052772,1.999891,1.931739,1.848303,1.749660,1.636007,1.507663,1.365020,1.208424,1.037869,0.852229,0.646897,nan,nan,nan,nan,nan,0.535334
16140.000000,2.116102,2.108580,2.085991,2.048274,1.995347,1.927156,1.843695,1.745054,1.631440,1.503178,1.360664,1.204249,1.033916,0.848512,0.643362,nan,nan,nan,nan,nan,0.533924
16200.000000,2.111676,2.104145,2.081531,2.043775,1.990807,1.922579,1.839098,1.740464,1.626893,1.498715,1.356338,1.200107,1.029997,0.844834,0.639862,nan,nan,nan,nan,nan,0.532517
16260.000000,2.107246,2.099706,2.077068,2.039277,1.986270,1.918009,1.834513,1.735890,1.622365,1.494278,1.352041,1.195999,1.026117,0.841194,0.636399,nan,nan,nan,nan,nan,0.531113
16320.000000,2.102811,2.095264,2.072603,2.034778,1.981736,1.913447,1.829939,1.731333,1.617858,1.489867,1.347775,1.191926,1.022275,0.837593,0.632982,nan,nan,nan,nan,nan,0.529711
16380.000000,2.098373,2.090818,2.068137,2.030281,1.977207,1.908893,1.825378,1.726790,1.613371,1.485482,1.343540,1.187887,1.018466,0.834032,0.629609,nan,nan,nan,nan,nan,0.528313
16440.000000,2.093932,2.086370,2.063668,2.025784,1.972681,1.904346,1.820828,1.722262,1.608905,1.481122,1.339333,1.183877,1.014693,0.830509,0.626277,nan,nan,nan,nan,nan,0.526918
16500.000000,2.089487,2.081919,2.059199,2.021288,1.968159,1.899807,1.816289,1.717750,1.604459,1.476785,1.335153,1.179897,1.010953,0.827022,0.622983,nan,nan,nan,nan,nan,0.525525
16560.000000,2.085040,2.077465,2.054728,2.016793,1.963641,1.895275,1.811760,1.713253,1.600032,1.472471,1.330998,1.175947,1.007246,0.823569,0.619715,nan,nan,nan,nan,nan,0.524136
16620.000000,2.080590,2.073009,2.050256,2.012299,1.959126,1.890749,1.807241,1.708771,1.595623,1.468180,1.326866,1.172025,1.003568,0.820147,0.616478,nan,nan,nan,nan,nan,0.522749
16680.000000,2.076138,2.068552,2.045783,2.007807,1.954616,1.886231,1.802733,1.704302,1.591231,1.463907,1.322759,1.168129,0.999919,0.816750,0.613273,nan,nan,nan,nan,nan,0.521366
16740.000000,2.071684,2.064093,2.041310,2.003316,1.950110,1.881720,1.798234,1.699848,1.586857,1.459654,1.318675,1.164258,0.996295,0.813380,0.610096,nan,nan,nan,nan,nan,0.519986
16800.000000,2.067228,2.059632,2.036837,1.998827,1.945608,1.877215,1.793746,1.695406,1.582499,1.455419,1.314612,1.160411,0.992694,0.810037,0.606946,nan,nan,nan,nan,nan,0.518608
16860.000000,2.062770,2.055171,2.032363,1.994339,1.941109,1.872716,1.789267,1.690977,1.578155,1.451203,1.310570,1.156586,0.989116,0.806717,0.603820,nan,nan,nan,nan,nan,0.517235
16920.000000,2.058311,2.050708,2.027890,1.989853,1.936615,1.868223,1.784798,1.686560,1.573825,1.447004,1.306547,1.152778,0.985559,0.803419,0.600706,nan,nan,nan,nan,nan,0.515864
16980.000000,2.053851,2.046245,2.023417,1.985369,1.932124,1.863736,1.780337,1.682155,1.569509,1.442821,1.302542,1.148990,0.982022,0.800141,0.597609,nan,nan,nan,nan,nan,0.514497
17040.000000,2.049391,2.041781,2.018945,1.980887,1.927638,1.859256,1.775886,1.677760,1.565206,1.438654,1.298554,1.145219,0.978503,0.796878,0.594528,nan,nan,nan,nan,nan,0.513134
17100.000000,2.044929,2.037317,2.014472,1.976407,1.923155,1.854782,1.771442,1.673375,1.560916,1.434501,1.294578,1.141465,0.975001,0.793627,0.591462,nan,nan,nan,nan,nan,0.511774
17160.000000,2.040467,2.032852,2.010001,1.971929,1.918676,1.850313,1.767006,1.668999,1.556638,1.430362,1.290618,1.137726,0.971514,0.790391,0.588409,nan,nan,nan,nan,nan,0.510418
17220.000000,2.036005,2.028388,2.005530,1.967453,1.914199,1.845850,1.762578,1.664633,1.552371,1.426235,1.286670,1.134000,0.968035,0.787166,0.585366,nan,nan,nan,nan,nan,0.509066
17280.000000,2.031543,2.023923,2.001061,1.962979,1.909726,1.841392,1.758157,1.660275,1.548114,1.422117,1.282735,1.130287,0.964568,0.783952,0.582325,nan,nan,nan,nan,nan,0.507718
17340.000000,2.027081,2.019459,1.996592,1.958507,1.905257,1.836940,1.753743,1.655926,1.543867,1.418010,1.278811,1.126584,0.961111,0.780745,0.579282,nan,nan,nan,nan,nan,0.506373
17400.000000,2.022618,2.014996,1.992124,1.954038,1.900791,1.832492,1.749335,1.651585,1.539629,1.413912,1.274896,1.122887,0.957662,0.777545,0.576242,nan,nan,nan,nan,nan,0.505033
17460.000000,2.018157,2.010533,1.987658,1.949570,1.896328,1.828050,1.744931,1.647251,1.535399,1.409822,1.270990,1.119198,0.954219,0.774344,0.573204,nan,nan,nan,nan,nan,0.503698
17520.000000,2.013695,2.006070,1.983193,1.945105,1.891869,1.823611,1.740533,1.642923,1.531175,1.405741,1.267091,1.115516,0.950781,0.771145,0.570164,nan,nan,nan,nan,nan,0.502366
17580.000000,2.009235,2.001609,1.978729,1.940641,1.887412,1.819177,1.736140,1.638602,1.526957,1.401666,1.263198,1.111838,0.947346,0.767946,0.567121,nan,nan,nan,nan,nan,0.501040
17640.000000,2.004775,1.997148,1.974266,1.936180,1.882959,1.814747,1.731752,1.634286,1.522745,1.397597,1.259307,1.108164,0.943910,0.764745,0.564069,nan,nan,nan,nan,nan,0.499717
17700.000000,2.000316,1.992688,1.969805,1.931721,1.878508,1.810320,1.727369,1.629975,1.518537,1.393532,1.255421,1.104493,0.940473,0.761542,0.560998,nan,nan,nan,nan,nan,0.498400
17760.000000,1.995858,1.988230,1.965345,1.927264,1.874060,1.805897,1.722989,1.625669,1.514334,1.389472,1.251537,1.100822,0.937034,0.758333,0.557916,nan,nan,nan,nan,nan,0.497087
17820.000000,1.991400,1.983772,1.960887,1.922808,1.869615,1.801477,1.718614,1.621365,1.510135,1.385413,1.247655,1.097150,0.933592,0.755115,0.554823,nan,nan,nan,nan,nan,0.495780
17880.000000,1.986944,1.979315,1.956430,1.918354,1.865172,1.797058,1.714241,1.617063,1.505938,1.381355,1.243773,1.093474,0.930145,0.751884,0.551715,nan,nan,nan,nan,nan,0.494477
17940.000000,1.982489,1.974860,1.951975,1.913901,1.860732,1.792641,1.709871,1.612764,1.501743,1.377297,1.239890,1.089794,0.926691,0.748643,0.548590,nan,nan,nan,nan,nan,0.493180
18000.000000,1.978035,1.970405,1.947521,1.909450,1.856293,1.788227,1.705503,1.608466,1.497550,1.373239,1.236006,1.086110,0.923229,0.745389,0.545438,nan,nan,nan,nan,nan,0.491888
18060.000000,1.973583,1.965952,1.943068,1.905001,1.851856,1.783815,1.701137,1.604170,1.493357,1.369180,1.232117,1.082420,0.919755,0.742122,0.542258,nan,nan,nan,nan,nan,0.490601
18120.000000,1.969131,1.961501,1.938617,1.900554,1.847422,1.779405,1.696774,1.599876,1.489164,1.365122,1.228225,1.078727,0.916273,0.738843,0.539060,nan,nan,nan,nan,nan,0.489319
18180.000000,1.964681,1.957050,1.934168,1.896109,1.842990,1.774998,1.692413,1.595585,1.484972,1.361064,1.224332,1.075030,0.912784,0.735551,0.535846,nan,nan,nan,nan,nan,0.488043
18240.000000,1.960233,1.952601,1.929721,1.891665,1.838560,1.770594,1.688053,1.591297,1.480782,1.357008,1.220439,1.071329,0.909291,0.732247,0.532618,nan,nan,nan,nan,nan,0.486773
18300.000000,1.955785,1.948154,1.925275,1.887224,1.834133,1.766193,1.683697,1.587012,1.476595,1.352954,1.216547,1.067626,0.905795,0.728936,0.529374,nan,nan,nan,nan,nan,0.485507
18360.000000,1.951340,1.943709,1.920831,1.882786,1.829709,1.761795,1.679344,1.582730,1.472412,1.348900,1.212656,1.063922,0.902296,0.725620,0.526106,nan,nan,nan,nan,nan,0.484247
18420.000000,1.946896,1.939265,1.916389,1.878349,1.825286,1.757400,1.674995,1.578453,1.468233,1.344850,1.208769,1.060220,0.898792,0.722301,0.522830,nan,nan,nan,nan,nan,0.482993
18480.000000,1.942453,1.934822,1.911950,1.873916,1.820866,1.753010,1.670650,1.574179,1.464058,1.340804,1.204884,1.056520,0.895289,0.718980,0.519548,nan,nan,nan,nan,nan,0.481743
18540.000000,1.938013,1.930382,1.907512,1.869485,1.816450,1.748623,1.666310,1.569909,1.459890,1.336764,1.201001,1.052824,0.891787,0.715651,0.516262,nan,nan,nan,nan,nan,0.480498
18600.000000,1.933574,1.925944,1.903077,1.865057,1.812037,1.744241,1.661975,1.565645,1.455727,1.332729,1.197124,1.049132,0.888289,0.712324,0.512969,nan,nan,nan,nan,nan,0.479258
18660.000000,1.929137,1.921507,1.898644,1.860632,1.807628,1.739864,1.657646,1.561387,1.451568,1.328701,1.193253,1.045442,0.884796,0.709000,0.509660,nan,nan,nan,nan,nan,0.478023
18720.000000,1.924702,1.917073,1.894214,1.856210,1.803224,1.735490,1.653323,1.557136,1.447416,1.324681,1.189390,1.041759,0.881307,0.705680,0.506354,nan,nan,nan,nan,nan,0.476792
18780.000000,1.920269,1.912641,1.889787,1.851792,1.798823,1.731120,1.649005,1.552892,1.443272,1.320667,1.185535,1.038084,0.877822,0.702367,0.503052,nan,nan,nan,nan,nan,0.475567
18840.000000,1.915838,1.908212,1.885362,1.847377,1.794427,1.726757,1.644695,1.548655,1.439136,1.316660,1.181689,1.034418,0.874346,0.699055,0.499755,nan,nan,nan,nan,nan,0.474345
18900.000000,1.911410,1.903784,1.880940,1.842966,1.790036,1.722399,1.640390,1.544426,1.435009,1.312663,1.177851,1.030763,0.870879,0.695751,0.496455,nan,nan,nan,nan,nan,0.473128
18960.000000,1.906984,1.899360,1.876520,1.838558,1.785649,1.718047,1.636091,1.540206,1.430891,1.308677,1.174022,1.027118,0.867424,0.692458,0.493153,nan,nan,nan,nan,nan,0.471915
19020.000000,1.902560,1.894938,1.872104,1.834155,1.781268,1.713701,1.631800,1.535995,1.426784,1.304701,1.170206,1.023482,0.863982,0.689178,0.489864,nan,nan,nan,nan,nan,0.470707
19080.000000,1.898139,1.890518,1.867691,1.829756,1.776892,1.709363,1.627517,1.531791,1.422688,1.300738,1.166402,1.019860,0.860550,0.685912,0.486588,nan,nan,nan,nan,nan,0.469502
19140.000000,1.893721,1.886102,1.863281,1.825361,1.772522,1.705031,1.623243,1.527597,1.418602,1.296787,1.162612,1.016252,0.857132,0.682656,0.483327,nan,nan,nan,nan,nan,0.468301
19200.000000,1.889305,1.881689,1.858875,1.820972,1.768157,1.700707,1.618977,1.523413,1.414526,1.292850,1.158837,1.012660,0.853731,0.679415,0.480065,nan,nan,nan,nan,nan,0.467103
19260.000000,1.884893,1.877279,1.854473,1.816585,1.763799,1.696390,1.614721,1.519241,1.410464,1.288924,1.155078,1.009085,0.850347,0.676192,0.476817,nan,nan,nan,nan,nan,0.465910
19320.000000,1.880483,1.872872,1.850075,1.812204,1.759447,1.692081,1.610475,1.515080,1.406414,1.285014,1.151332,1.005528,0.846983,0.672990,0.473590,nan,nan,nan,nan,nan,0.464719
19380.000000,1.876077,1.868469,1.845681,1.807827,1.755102,1.687781,1.606239,1.510931,1.402379,1.281119,1.147603,1.001987,0.843638,0.669810,0.470387,nan,nan,nan,nan,nan,0.463533
19440.000000,1.871674,1.864069,1.841291,1.803457,1.750762,1.683490,1.602014,1.506795,1.398358,1.277240,1.143893,0.998465,0.840311,0.666649,0.467209,nan,nan,nan,nan,nan,0.462349
19500.000000,1.867275,1.859673,1.836906,1.799091,1.746429,1.679206,1.597799,1.502672,1.394352,1.273379,1.140202,0.994965,0.837008,0.663509,0.464058,nan,nan,nan,nan,nan,0.461168
19560.000000,1.862879,1.855281,1.832526,1.794732,1.742103,1.674931,1.593596,1.498563,1.390363,1.269536,1.136532,0.991487,0.833728,0.660395,0.460936,nan,nan,nan,nan,nan,0.459990
19620.000000,1.858487,1.850893,1.828150,1.790379,1.737786,1.670665,1.589402,1.494467,1.386390,1.265713,1.132883,0.988032,0.830475,0.657309,nan,nan,nan,nan,nan,nan,0.458815
19680.000000,1.854099,1.846509,1.823779,1.786032,1.733476,1.666409,1.585221,1.490384,1.382432,1.261907,1.129256,0.984602,0.827248,0.654253,nan,nan,nan,nan,nan,nan,0.457643
19740.000000,1.849715,1.842130,1.819414,1.781692,1.729175,1.662164,1.581053,1.486317,1.378492,1.258121,1.125649,0.981196,0.824048,0.651227,nan,nan,nan,nan,nan,nan,0.456473
19800.000000,1.845336,1.837755,1.815054,1.777358,1.724882,1.657930,1.576898,1.482265,1.374570,1.254356,1.122066,0.977814,0.820874,0.648226,nan,nan,nan,nan,nan,nan,0.455305
19860.000000,1.840961,1.833385,1.810699,1.773031,1.720597,1.653705,1.572754,1.478227,1.370663,1.250608,1.118501,0.974454,0.817722,0.645248,nan,nan,nan,nan,nan,nan,0.454140
19920.000000,1.836590,1.829019,1.806349,1.768709,1.716319,1.649488,1.568620,1.474199,1.366767,1.246871,1.114950,0.971106,0.814584,0.642283,nan,nan,nan,nan,nan,nan,0.452978
19980.000000,1.832224,1.824659,1.802005,1.764394,1.712047,1.645279,1.564494,1.470181,1.362883,1.243148,1.111411,0.967772,0.811459,0.639332,nan,nan,nan,nan,nan,nan,0.451819
20040.000000,1.827863,1.820303,1.797666,1.760085,1.707783,1.641078,1.560378,1.466173,1.359010,1.239436,1.107886,0.964452,0.808348,0.636395,nan,nan,nan,nan,nan,nan,0.450662
20100.000000,1.823507,1.815952,1.793332,1.755781,1.703526,1.636885,1.556270,1.462176,1.355149,1.235737,1.104374,0.961145,0.805250,0.633466,nan,nan,nan,nan,nan,nan,0.449508
20160.000000,1.819155,1.811606,1.789004,1.751484,1.699276,1.632700,1.552173,1.458189,1.351300,1.232050,1.100873,0.957849,0.802162,0.630549,nan,nan,nan,nan,nan,nan,0.448357
20220.000000,1.814809,1.807266,1.784681,1.747194,1.695033,1.628524,1.548085,1.454213,1.347460,1.228374,1.097385,0.954567,0.799090,0.627645,nan,nan,nan,nan,nan,nan,0.447209
20280.000000,1.810467,1.802930,1.780365,1.742909,1.690797,1.624356,1.544006,1.450246,1.343632,1.224711,1.093911,0.951300,0.796032,0.624757,nan,nan,nan,nan,nan,nan,0.446063
20340.000000,1.806131,1.798600,1.776054,1.738632,1.686569,1.620197,1.539936,1.446290,1.339816,1.221061,1.090451,0.948047,0.792989,0.621884,nan,nan,nan,nan,nan,nan,0.444921
20400.000000,1.801800,1.794275,1.771749,1.734361,1.682349,1.616045,1.535875,1.442345,1.336012,1.217425,1.087005,0.944810,0.789961,0.619026,nan,nan,nan,nan,nan,nan,0.443781
20460.000000,1.797475,1.789956,1.767449,1.730096,1.678136,1.611902,1.531824,1.438411,1.332221,1.213801,1.083574,0.941587,0.786949,0.616177,nan,nan,nan,nan,nan,nan,0.442644
20520.000000,1.793154,1.785643,1.763156,1.725839,1.673930,1.607767,1.527783,1.434489,1.328442,1.210192,1.080157,0.938378,0.783948,0.613343,nan,nan,nan,nan,nan,nan,0.441510
20580.000000,1.788840,1.781335,1.758870,1.721588,1.669731,1.603642,1.523753,1.430578,1.324676,1.206596,1.076754,0.935183,0.780962,0.610525,nan,nan,nan,nan,nan,nan,0.440378
20640.000000,1.784531,1.777033,1.754589,1.717345,1.665541,1.599525,1.519733,1.426678,1.320923,1.203014,1.073363,0.932003,0.777994,0.607723,nan,nan,nan,nan,nan,nan,0.439249
20700.000000,1.780228,1.772737,1.750315,1.713107,1.661358,1.595418,1.515723,1.422790,1.317182,1.199444,1.069988,0.928839,0.775041,0.604939,nan,nan,nan,nan,nan,nan,0.438123
20760.000000,1.775930,1.768447,1.746047,1.708877,1.657184,1.591320,1.511724,1.418914,1.313454,1.195888,1.066628,0.925691,0.772105,0.602172,nan,nan,nan,nan,nan,nan,0.436999
20820.000000,1.771639,1.764163,1.741785,1.704653,1.653018,1.587231,1.507736,1.415050,1.309737,1.192346,1.063283,0.922559,0.769186,0.599414,nan,nan,nan,nan,nan,nan,0.435878
20880.000000,1.767353,1.759885,1.737531,1.700438,1.648860,1.583152,1.503758,1.411198,1.306034,1.188818,1.059954,0.919444,0.766281,0.596674,nan,nan,nan,nan,nan,nan,0.434759
20940.000000,1.763074,1.755613,1.733283,1.696229,1.644711,1.579083,1.499791,1.407356,1.302344,1.185306,1.056641,0.916344,0.763392,0.593952,nan,nan,nan,nan,nan,nan,0.433643
21000.000000,1.758801,1.751348,1.729042,1.692029,1.640570,1.575023,1.495835,1.403526,1.298668,1.181808,1.053343,0.913259,0.760521,0.591248,nan,nan,nan,nan,nan,nan,0.432529
21060.000000,1.754534,1.747089,1.724807,1.687835,1.636438,1.570973,1.491889,1.399709,1.295006,1.178325,1.050060,0.910190,0.757668,0.588563,nan,nan,nan,nan,nan,nan,0.431418
21120.000000,1.750273,1.742837,1.720579,1.683650,1.632315,1.566933,1.487954,1.395904,1.291357,1.174857,1.046792,0.907139,0.754832,0.585897,nan,nan,nan,nan,nan,nan,0.430309
21180.000000,1.746019,1.738591,1.716358,1.679472,1.628200,1.562903,1.484030,1.392112,1.287722,1.171404,1.043540,0.904105,0.752015,0.583244,nan,nan,nan,nan,nan,nan,0.429203
21240.000000,1.741771,1.734352,1.712144,1.675303,1.624095,1.558883,1.480117,1.388332,1.284101,1.167964,1.040305,0.901089,0.749216,0.580608,nan,nan,nan,nan,nan,nan,0.428099
21300.000000,1.737531,1.730120,1.707938,1.671141,1.619998,1.554872,1.476215,1.384566,1.280495,1.164540,1.037086,0.898091,0.746432,0.577992,nan,nan,nan,nan,nan,nan,0.426997
21360.000000,1.733296,1.725895,1.703739,1.666988,1.615911,1.550871,1.472326,1.380812,1.276902,1.161131,1.033885,0.895110,0.743667,0.575397,nan,nan,nan,nan,nan,nan,0.425898
21420.000000,1.729069,1.721676,1.699547,1.662843,1.611832,1.546881,1.468448,1.377072,1.273323,1.157738,1.030700,0.892145,0.740921,0.572821,nan,nan,nan,nan,nan,nan,0.424800
21480.000000,1.724848,1.717465,1.695363,1.658706,1.607763,1.542901,1.464582,1.373345,1.269757,1.154361,1.027532,0.889198,0.738194,0.570267,nan,nan,nan,nan,nan,nan,0.423705
21540.000000,1.720635,1.713261,1.691187,1.654577,1.603704,1.538931,1.460727,1.369631,1.266207,1.151000,1.024382,0.886269,0.735487,0.567730,nan,nan,nan,nan,nan,nan,0.422612
21600.000000,1.716429,1.709064,1.687018,1.650457,1.599654,1.534972,1.456885,1.365929,1.262672,1.147656,1.021247,0.883359,0.732800,0.565209,nan,nan,nan,nan,nan,nan,0.421521
21660.000000,1.712229,1.704874,1.682857,1.646346,1.595613,1.531025,1.453055,1.362241,1.259152,1.144328,1.018130,0.880469,0.730134,0.562712,nan,nan,nan,nan,nan,nan,0.420432
21720.000000,1.708037,1.700692,1.678705,1.642243,1.591582,1.527088,1.449239,1.358568,1.255648,1.141019,1.015033,0.877601,0.727487,0.560240,nan,nan,nan,nan,nan,nan,0.419345
21780.000000,1.703853,1.696518,1.674560,1.638149,1.587560,1.523163,1.445435,1.354908,1.252160,1.137725,1.011955,0.874752,0.724862,0.557791,nan,nan,nan,nan,nan,nan,0.418261
21840.000000,1.699676,1.692351,1.670423,1.634065,1.583549,1.519249,1.441643,1.351263,1.248688,1.134448,1.008895,0.871923,0.722257,0.555364,nan,nan,nan,nan,nan,nan,0.417178
21900.000000,1.695506,1.688192,1.666295,1.629989,1.579547,1.515346,1.437864,1.347631,1.245230,1.131186,1.005852,0.869110,0.719672,0.552959,nan,nan,nan,nan,nan,nan,0.416097
21960.000000,1.691345,1.684040,1.662175,1.625922,1.575555,1.511454,1.434095,1.344012,1.241787,1.127941,1.002826,0.866314,0.717107,0.550569,nan,nan,nan,nan,nan,nan,0.415018
22020.000000,1.687191,1.679897,1.658063,1.621864,1.571573,1.507573,1.430338,1.340407,1.238358,1.124711,0.999817,0.863536,0.714559,0.548195,nan,nan,nan,nan,nan,nan,0.413941
22080.000000,1.683044,1.675761,1.653959,1.617815,1.567601,1.503703,1.426593,1.336814,1.234941,1.121496,0.996823,0.860775,0.712028,0.545839,nan,nan,nan,nan,nan,nan,0.412866
22140.000000,1.678906,1.671634,1.649864,1.613774,1.563638,1.499842,1.422860,1.333234,1.231538,1.118295,0.993843,0.858029,0.709513,0.543500,nan,nan,nan,nan,nan,nan,0.411793
22200.000000,1.674775,1.667514,1.645777,1.609743,1.559685,1.495993,1.419137,1.329666,1.228148,1.115107,0.990876,0.855298,0.707011,0.541177,nan,nan,nan,nan,nan,nan,0.410722
22260.000000,1.670653,1.663403,1.641698,1.605721,1.555741,1.492154,1.415426,1.326110,1.224770,1.111933,0.987924,0.852581,0.704522,0.538869,nan,nan,nan,nan,nan,nan,0.409653
22320.000000,1.666538,1.659300,1.637628,1.601707,1.551807,1.488324,1.411726,1.322565,1.221405,1.108772,0.984985,0.849877,0.702048,0.536574,nan,nan,nan,nan,nan,nan,0.408586
22380.000000,1.662432,1.655205,1.633567,1.597703,1.547883,1.484505,1.408036,1.319032,1.218052,1.105623,0.982058,0.847187,0.699586,0.534293,nan,nan,nan,nan,nan,nan,0.407522
22440.000000,1.658334,1.651118,1.629514,1.593706,1.543967,1.480695,1.404357,1.315508,1.214710,1.102484,0.979143,0.844506,0.697136,0.532015,nan,nan,nan,nan,nan,nan,0.406460
22500.000000,1.654244,1.647039,1.625469,1.589718,1.540061,1.476894,1.400688,1.311995,1.211379,1.099357,0.976240,0.841836,0.694697,0.529747,nan,nan,nan,nan,nan,nan,0.405400
22560.000000,1.650162,1.642968,1.621433,1.585740,1.536164,1.473103,1.397029,1.308492,1.208058,1.096240,0.973347,0.839177,0.692269,0.527490,nan,nan,nan,nan,nan,nan,0.404343
22620.000000,1.646089,1.638906,1.617405,1.581769,1.532276,1.469321,1.393380,1.305000,1.204748,1.093134,0.970465,0.836528,0.689849,0.525241,nan,nan,nan,nan,nan,nan,0.403288
22680.000000,1.642024,1.634852,1.613386,1.577808,1.528398,1.465549,1.389740,1.301517,1.201448,1.090037,0.967592,0.833888,0.687436,0.522999,nan,nan,nan,nan,nan,nan,0.402235
22740.000000,1.637967,1.630807,1.609375,1.573855,1.524528,1.461785,1.386110,1.298043,1.198157,1.086950,0.964727,0.831256,0.685029,0.520764,nan,nan,nan,nan,nan,nan,0.401185
22800.000000,1.633918,1.626770,1.605373,1.569911,1.520666,1.458031,1.382489,1.294579,1.194874,1.083871,0.961869,0.828632,0.682629,0.518535,nan,nan,nan,nan,nan,nan,0.400138
22860.000000,1.629878,1.622741,1.601379,1.565976,1.516814,1.454286,1.378877,1.291124,1.191600,1.080801,0.959019,0.826015,0.680235,0.516308,nan,nan,nan,nan,nan,nan,0.399093
22920.000000,1.625846,1.618721,1.597394,1.562049,1.512970,1.450549,1.375272,1.287677,1.188333,1.077739,0.956177,0.823404,0.677846,0.514079,nan,nan,nan,nan,nan,nan,0.398051
22980.000000,1.621823,1.614709,1.593417,1.558130,1.509135,1.446820,1.371675,1.284238,1.185075,1.074684,0.953341,0.820797,0.675461,0.511852,nan,nan,nan,nan,nan,nan,0.397011
23040.000000,1.617808,1.610705,1.589449,1.554220,1.505308,1.443100,1.368087,1.280807,1.181824,1.071635,0.950511,0.818195,0.673080,0.509627,nan,nan,nan,nan,nan,nan,0.395974
23100.000000,1.613801,1.606710,1.585489,1.550318,1.501489,1.439389,1.364507,1.277384,1.178580,1.068592,0.947687,0.815596,0.670702,0.507402,nan,nan,nan,nan,nan,nan,0.394941
23160.000000,1.609803,1.602723,1.581537,1.546425,1.497679,1.435685,1.360934,1.273968,1.175342,1.065554,0.944867,0.813001,0.668324,0.505177,nan,nan,nan,nan,nan,nan,0.393910
23220.000000,1.605813,1.598745,1.577594,1.542539,1.493875,1.431989,1.357368,1.270559,1.172111,1.062522,0.942052,0.810409,0.665944,0.502950,nan,nan,nan,nan,nan,nan,0.392882
23280.000000,1.601831,1.594774,1.573659,1.538662,1.490080,1.428300,1.353810,1.267155,1.168886,1.059494,0.939240,0.807819,0.663565,0.500721,nan,nan,nan,nan,nan,nan,0.391857
23340.000000,1.597858,1.590813,1.569732,1.534793,1.486292,1.424620,1.350259,1.263758,1.165666,1.056471,0.936429,0.805231,0.661186,0.498482,nan,nan,nan,nan,nan,nan,0.390835
23400.000000,1.593893,1.586859,1.565813,1.530932,1.482512,1.420946,1.346715,1.260366,1.162452,1.053452,0.933621,0.802643,0.658805,0.496236,nan,nan,nan,nan,nan,nan,0.389816
23460.000000,1.589936,1.582914,1.561902,1.527079,1.478740,1.417280,1.343177,1.256981,1.159242,1.050437,0.930816,0.800056,0.656423,0.493987,nan,nan,nan,nan,nan,nan,0.388800
23520.000000,1.585988,1.578977,1.558000,1.523234,1.474976,1.413621,1.339647,1.253602,1.156037,1.047426,0.928014,0.797469,0.654042,0.491734,nan,nan,nan,nan,nan,nan,0.387788
23580.000000,1.582048,1.575048,1.554106,1.519397,1.471219,1.409969,1.336123,1.250229,1.152838,1.044421,0.925215,0.794884,0.651661,0.489480,nan,nan,nan,nan,nan,nan,0.386779
23640.000000,1.578116,1.571127,1.550219,1.515568,1.467471,1.406324,1.332607,1.246863,1.149644,1.041420,0.922421,0.792302,0.649278,0.487225,nan,nan,nan,nan,nan,nan,0.385772
23700.000000,1.574192,1.567215,1.546342,1.511747,1.463730,1.402687,1.329098,1.243505,1.146457,1.038425,0.919632,0.789724,0.646896,0.484970,nan,nan,nan,nan,nan,nan,0.384769
23760.000000,1.570277,1.563311,1.542472,1.507934,1.459997,1.399058,1.325597,1.240153,1.143277,1.035434,0.916847,0.787149,0.644517,0.482708,nan,nan,nan,nan,nan,nan,0.383769
23820.000000,1.566370,1.559415,1.538610,1.504130,1.456273,1.395437,1.322104,1.236809,1.140103,1.032450,0.914069,0.784579,0.642141,0.480445,nan,nan,nan,nan,nan,nan,0.382772
23880.000000,1.562471,1.555527,1.534757,1.500334,1.452557,1.391824,1.318617,1.233473,1.136937,1.029472,0.911293,0.782014,0.639769,0.478183,nan,nan,nan,nan,nan,nan,0.381778
23940.000000,1.558580,1.551648,1.530911,1.496546,1.448849,1.388219,1.315138,1.230144,1.133778,1.026502,0.908525,0.779454,0.637401,0.475925,nan,nan,nan,nan,nan,nan,0.380787
24000.000000,1.554698,1.547776,1.527074,1.492766,1.445149,1.384622,1.311668,1.226823,1.130627,1.023538,0.905762,0.776898,0.635039,0.473671,nan,nan,nan,nan,nan,nan,0.379799
24060.000000,1.550823,1.543913,1.523245,1.488994,1.441457,1.381034,1.308205,1.223509,1.127483,1.020582,0.903007,0.774348,0.632680,0.471422,nan,nan,nan,nan,nan,nan,0.378813
24120.000000,1.546957,1.540059,1.519424,1.485231,1.437774,1.377454,1.304752,1.220204,1.124348,1.017634,0.900260,0.771805,0.630326,0.469177,nan,nan,nan,nan,nan,nan,0.377831
24180.000000,1.543099,1.536212,1.515611,1.481476,1.434100,1.373883,1.301306,1.216907,1.121221,1.014695,0.897520,0.769270,0.627978,0.466928,nan,nan,nan,nan,nan,nan,0.376851
24240.000000,1.539250,1.532374,1.511807,1.477730,1.430434,1.370320,1.297870,1.213619,1.118101,1.011764,0.894789,0.766743,0.625638,0.464686,nan,nan,nan,nan,nan,nan,0.375874
24300.000000,1.535408,1.528544,1.508012,1.473992,1.426777,1.366766,1.294443,1.210339,1.114991,1.008840,0.892067,0.764224,0.623306,0.462452,nan,nan,nan,nan,nan,nan,0.374900
24360.000000,1.531575,1.524722,1.504224,1.470262,1.423128,1.363221,1.291024,1.207070,1.111890,1.005926,0.889353,0.761714,0.620983,0.460225,nan,nan,nan,nan,nan,nan,0.373928
24420.000000,1.527751,1.520909,1.500445,1.466541,1.419489,1.359686,1.287615,1.203809,1.108798,1.003021,0.886647,0.759214,0.618669,0.458008,nan,nan,nan,nan,nan,nan,0.372959
24480.000000,1.523934,1.517104,1.496675,1.462828,1.415858,1.356159,1.284216,1.200558,1.105717,1.000126,0.883951,0.756721,0.616365,0.455801,nan,nan,nan,nan,nan,nan,0.371992
24540.000000,1.520126,1.513307,1.492913,1.459124,1.412235,1.352642,1.280825,1.197317,1.102645,0.997241,0.881266,0.754239,0.614068,0.453601,nan,nan,nan,nan,nan,nan,0.371028
24600.000000,1.516326,1.509519,1.489160,1.455429,1.408621,1.349134,1.277445,1.194086,1.099584,0.994367,0.878592,0.751767,0.611782,0.451405,nan,nan,nan,nan,nan,nan,0.370067
24660.000000,1.512535,1.505739,1.485415,1.451742,1.405016,1.345634,1.274075,1.190866,1.096533,0.991504,0.875928,0.749307,0.609507,0.449220,nan,nan,nan,nan,nan,nan,0.369107
24720.000000,1.508752,1.501968,1.481679,1.448065,1.401421,1.342144,1.270714,1.187656,1.093494,0.988652,0.873277,0.746860,0.607245,0.447049,nan,nan,nan,nan,nan,nan,0.368150
24780.000000,1.504977,1.498205,1.477951,1.444396,1.397835,1.338664,1.267362,1.184456,1.090465,0.985811,0.870637,0.744424,0.604997,0.444891,nan,nan,nan,nan,nan,nan,0.367196
24840.000000,1.501211,1.494451,1.474233,1.440737,1.394258,1.335194,1.264021,1.181266,1.087447,0.982983,0.868010,0.742002,0.602761,0.442748,nan,nan,nan,nan,nan,nan,0.366243
24900.000000,1.497453,1.490705,1.470523,1.437086,1.390691,1.331734,1.260691,1.178087,1.084440,0.980165,0.865395,0.739593,0.600540,0.440620,nan,nan,nan,nan,nan,nan,0.365293
24960.000000,1.493704,1.486968,1.466822,1.433445,1.387134,1.328284,1.257371,1.174919,1.081445,0.977360,0.862791,0.737195,0.598330,0.438502,nan,nan,nan,nan,nan,nan,0.364344
25020.000000,1.489964,1.483240,1.463129,1.429813,1.383586,1.324844,1.254062,1.171764,1.078462,0.974567,0.860202,0.734811,0.596135,0.436395,nan,nan,nan,nan,nan,nan,0.363398
25080.000000,1.486232,1.479520,1.459446,1.426191,1.380048,1.321414,1.250764,1.168619,1.075492,0.971788,0.857626,0.732443,0.593955,0.434305,nan,nan,nan,nan,nan,nan,0.362454
25140.000000,1.482509,1.475809,1.455772,1.422577,1.376520,1.317996,1.247478,1.165487,1.072534,0.969023,0.855065,0.730090,0.591792,0.432233,nan,nan,nan,nan,nan,nan,0.361511
25200.000000,1.478794,1.472107,1.452106,1.418973,1.373002,1.314587,1.244203,1.162367,1.069590,0.966271,0.852519,0.727753,0.589646,0.430180,nan,nan,nan,nan,nan,nan,0.360571
25260.000000,1.475088,1.468413,1.448450,1.415379,1.369493,1.311189,1.240937,1.159257,1.066656,0.963530,0.849983,0.725426,0.587510,0.428138,nan,nan,nan,nan,nan,nan,0.359632
25320.000000,1.471391,1.464729,1.444802,1.411792,1.365993,1.307798,1.237680,1.156155,1.063729,0.960795,0.847454,0.723105,0.585379,0.426098,nan,nan,nan,nan,nan,nan,0.358696
25380.000000,1.467703,1.461052,1.441163,1.408215,1.362502,1.304416,1.234431,1.153061,1.060810,0.958068,0.844931,0.720789,0.583253,0.424059,nan,nan,nan,nan,nan,nan,0.357762
25440.000000,1.464023,1.457385,1.437533,1.404646,1.359019,1.301043,1.231191,1.149976,1.057899,0.955349,0.842415,0.718480,0.581129,0.422015,nan,nan,nan,nan,nan,nan,0.356830
25500.000000,1.460352,1.453727,1.433911,1.401086,1.355544,1.297679,1.227959,1.146898,1.054996,0.952637,0.839905,0.716175,0.579011,0.419976,nan,nan,nan,nan,nan,nan,0.355901
25560.000000,1.456690,1.450077,1.430298,1.397535,1.352079,1.294323,1.224736,1.143830,1.052100,0.949932,0.837403,0.713879,0.576900,0.417943,nan,nan,nan,nan,nan,nan,0.354973
25620.000000,1.453036,1.446435,1.426694,1.393992,1.348622,1.290976,1.221522,1.140769,1.049213,0.947236,0.834910,0.711591,0.574796,0.415917,nan,nan,nan,nan,nan,nan,0.354048
25680.000000,1.449391,1.442803,1.423099,1.390459,1.345175,1.287638,1.218316,1.137717,1.046335,0.944549,0.832425,0.709311,0.572701,0.413899,nan,nan,nan,nan,nan,nan,0.353126
25740.000000,1.445755,1.439179,1.419512,1.386934,1.341736,1.284309,1.215119,1.134674,1.043467,0.941871,0.829950,0.707040,0.570615,0.411889,nan,nan,nan,nan,nan,nan,0.352205
25800.000000,1.442128,1.435564,1.415935,1.383418,1.338307,1.280989,1.211931,1.131641,1.040608,0.939203,0.827485,0.704780,0.568538,0.409889,nan,nan,nan,nan,nan,nan,0.351287
25860.000000,1.438509,1.431958,1.412366,1.379911,1.334886,1.277678,1.208753,1.128618,1.037759,0.936545,0.825029,0.702529,0.566472,0.407889,nan,nan,nan,nan,nan,nan,0.350371
25920.000000,1.434900,1.428361,1.408806,1.376414,1.331475,1.274376,1.205585,1.125605,1.034921,0.933898,0.822585,0.700289,0.564413,0.405897,nan,nan,nan,nan,nan,nan,0.349457
25980.000000,1.431299,1.424772,1.405255,1.372925,1.328072,1.271084,1.202427,1.122602,1.032093,0.931261,0.820151,0.698058,0.562364,0.403918,nan,nan,nan,nan,nan,nan,0.348545
26040.000000,1.427706,1.421193,1.401713,1.369446,1.324679,1.267802,1.199279,1.119609,1.029276,0.928635,0.817728,0.695839,0.560328,0.401952,nan,nan,nan,nan,nan,nan,0.347635
26100.000000,1.424123,1.417622,1.398180,1.365976,1.321296,1.264530,1.196141,1.116628,1.026469,0.926021,0.815315,0.693631,0.558305,0.399999,nan,nan,nan,nan,nan,nan,0.346728
26160.000000,1.420548,1.414060,1.394656,1.362514,1.317922,1.261268,1.193013,1.113657,1.023675,0.923418,0.812915,0.691437,0.556295,0.398061,nan,nan,nan,nan,nan,nan,0.345822
26220.000000,1.416982,1.410507,1.391141,1.359062,1.314558,1.258016,1.189897,1.110697,1.020891,0.920826,0.810528,0.689256,0.554300,0.396138,nan,nan,nan,nan,nan,nan,0.344918
26280.000000,1.413426,1.406963,1.387636,1.355620,1.311203,1.254774,1.186791,1.107748,1.018119,0.918247,0.808153,0.687088,0.552319,0.394229,nan,nan,nan,nan,nan,nan,0.344016
26340.000000,1.409878,1.403428,1.384139,1.352186,1.307859,1.251543,1.183696,1.104811,1.015359,0.915680,0.805792,0.684935,0.550353,0.392327,nan,nan,nan,nan,nan,nan,0.343116
26400.000000,1.406339,1.399902,1.380652,1.348763,1.304524,1.248322,1.180612,1.101886,1.012610,0.913127,0.803446,0.682797,0.548401,0.390442,nan,nan,nan,nan,nan,nan,0.342217
26460.000000,1.402809,1.396385,1.377174,1.345349,1.301200,1.245112,1.177539,1.098972,1.009875,0.910588,0.801113,0.680674,0.546463,0.388577,nan,nan,nan,nan,nan,nan,0.341321
26520.000000,1.399288,1.392877,1.373705,1.341944,1.297886,1.241912,1.174478,1.096070,1.007153,0.908062,0.798795,0.678565,0.544543,0.386731,nan,nan,nan,nan,nan,nan,0.340425
26580.000000,1.395776,1.389378,1.370246,1.338550,1.294582,1.238724,1.171428,1.093180,1.004444,0.905550,0.796493,0.676472,0.542641,0.384905,nan,nan,nan,nan,nan,nan,0.339532
26640.000000,1.392273,1.385889,1.366796,1.335165,1.291288,1.235546,1.168390,1.090303,1.001748,0.903053,0.794205,0.674396,0.540757,0.383100,nan,nan,nan,nan,nan,nan,0.338640
26700.000000,1.388780,1.382409,1.363355,1.331790,1.288005,1.232380,1.165364,1.087439,0.999067,0.900571,0.791932,0.672336,0.538892,0.381318,nan,nan,nan,nan,nan,nan,0.337750
26760.000000,1.385295,1.378938,1.359924,1.328426,1.284733,1.229225,1.162349,1.084588,0.996399,0.898103,0.789676,0.670295,0.537046,0.379558,nan,nan,nan,nan,nan,nan,0.336861
26820.000000,1.381820,1.375476,1.356502,1.325071,1.281471,1.226082,1.159347,1.081750,0.993746,0.895652,0.787436,0.668271,0.535221,0.377812,nan,nan,nan,nan,nan,nan,0.335974
26880.000000,1.378354,1.372024,1.353090,1.321727,1.278221,1.222950,1.156357,1.078926,0.991108,0.893215,0.785214,0.666267,0.533416,0.376089,nan,nan,nan,nan,nan,nan,0.335088
26940.000000,1.374898,1.368581,1.349688,1.318392,1.274981,1.219830,1.153380,1.076116,0.988484,0.890794,0.783009,0.664281,0.531632,0.374391,nan,nan,nan,nan,nan,nan,0.334203
27000.000000,1.371450,1.365147,1.346296,1.315068,1.271752,1.216721,1.150416,1.073319,0.985876,0.888390,0.780822,0.662315,0.529867,0.372719,nan,nan,nan,nan,nan,nan,0.333320
27060.000000,1.368013,1.361724,1.342913,1.311755,1.268534,1.213624,1.147465,1.070537,0.983283,0.886002,0.778653,0.660369,0.528124,0.371073,nan,nan,nan,nan,nan,nan,0.332438
27120.000000,1.364584,1.358309,1.339541,1.308452,1.265327,1.210539,1.144526,1.067768,0.980703,0.883629,0.776500,0.658440,0.526400,0.369451,nan,nan,nan,nan,nan,nan,0.331557
27180.000000,1.361166,1.354905,1.336178,1.305159,1.262130,1.207465,1.141600,1.065012,0.978137,0.881272,0.774363,0.656528,0.524696,0.367851,nan,nan,nan,nan,nan,nan,0.330677
27240.000000,1.357756,1.351510,1.332825,1.301876,1.258945,1.204402,1.138685,1.062268,0.975585,0.878929,0.772242,0.654632,0.523009,0.366272,nan,nan,nan,nan,nan,nan,0.329799
27300.000000,1.354357,1.348125,1.329482,1.298603,1.255770,1.201350,1.135783,1.059538,0.973046,0.876599,0.770136,0.652751,0.521340,0.364713,nan,nan,nan,nan,nan,nan,0.328922
27360.000000,1.350967,1.344749,1.326149,1.295341,1.252606,1.198310,1.132891,1.056819,0.970520,0.874284,0.768044,0.650885,0.519687,0.363173,nan,nan,nan,nan,nan,nan,0.328046
27420.000000,1.347587,1.341383,1.322826,1.292088,1.249452,1.195280,1.130012,1.054112,0.968006,0.871981,0.765965,0.649033,0.518049,0.361647,nan,nan,nan,nan,nan,nan,0.327172
27480.000000,1.344216,1.338027,1.319512,1.288846,1.246308,1.192261,1.127143,1.051416,0.965503,0.869690,0.763898,0.647195,0.516425,0.360130,nan,nan,nan,nan,nan,nan,0.326300
27540.000000,1.340855,1.334680,1.316209,1.285614,1.243175,1.189253,1.124285,1.048732,0.963013,0.867411,0.761843,0.645369,0.514814,0.358627,nan,nan,nan,nan,nan,nan,0.325428
27600.000000,1.337504,1.331344,1.312915,1.282392,1.240052,1.186254,1.121437,1.046057,0.960533,0.865144,0.759799,0.643555,0.513216,0.357138,nan,nan,nan,nan,nan,nan,0.324559
27660.000000,1.334163,1.328016,1.309631,1.279179,1.236938,1.183267,1.118600,1.043393,0.958064,0.862887,0.757766,0.641752,0.511629,0.355662,nan,nan,nan,nan,nan,nan,0.323691
27720.000000,1.330831,1.324699,1.306357,1.275977,1.233835,1.180289,1.115773,1.040740,0.955605,0.860640,0.755744,0.639960,0.510050,0.354196,nan,nan,nan,nan,nan,nan,0.322825
27780.000000,1.327509,1.321392,1.303092,1.272784,1.230741,1.177320,1.112956,1.038096,0.953156,0.858403,0.753731,0.638176,0.508480,0.352740,nan,nan,nan,nan,nan,nan,0.321960
27840.000000,1.324196,1.318094,1.299838,1.269601,1.227657,1.174362,1.110148,1.035462,0.950716,0.856176,0.751727,0.636401,0.506918,0.351293,nan,nan,nan,nan,nan,nan,0.321098
27900.000000,1.320894,1.314806,1.296593,1.266427,1.224582,1.171413,1.107350,1.032837,0.948285,0.853956,0.749731,0.634635,0.505363,0.349852,nan,nan,nan,nan,nan,nan,0.320237
27960.000000,1.317601,1.311527,1.293357,1.263263,1.221517,1.168473,1.104561,1.030220,0.945863,0.851744,0.747743,0.632875,0.503816,0.348418,nan,nan,nan,nan,nan,nan,0.319378
28020.000000,1.314317,1.308258,1.290131,1.260109,1.218461,1.165543,1.101780,1.027612,0.943449,0.849540,0.745762,0.631122,0.502274,0.346989,nan,nan,nan,nan,nan,nan,0.318521
28080.000000,1.311044,1.304999,1.286915,1.256964,1.215414,1.162621,1.099009,1.025013,0.941042,0.847343,0.743787,0.629373,0.500736,0.345563,nan,nan,nan,nan,nan,nan,0.317666
28140.000000,1.307780,1.301749,1.283708,1.253828,1.212377,1.159708,1.096245,1.022421,0.938643,0.845152,0.741819,0.627629,0.499203,0.344139,nan,nan,nan,nan,nan,nan,0.316813
28200.000000,1.304525,1.298509,1.280511,1.250702,1.209348,1.156804,1.093489,1.019837,0.936251,0.842968,0.739855,0.625889,0.497672,0.342715,nan,nan,nan,nan,nan,nan,0.315963
28260.000000,1.301281,1.295279,1.277323,1.247585,1.206328,1.153908,1.090741,1.017260,0.933865,0.840789,0.737896,0.624152,0.496144,0.341282,nan,nan,nan,nan,nan,nan,0.315115
28320.000000,1.298045,1.292058,1.274144,1.244477,1.203317,1.151020,1.088001,1.014690,0.931485,0.838615,0.735941,0.622419,0.494616,0.339848,nan,nan,nan,nan,nan,nan,0.314269
28380.000000,1.294820,1.288846,1.270975,1.241377,1.200315,1.148141,1.085268,1.012126,0.929111,0.836446,0.733990,0.620687,0.493089,0.338410,nan,nan,nan,nan,nan,nan,0.313425
28440.000000,1.291603,1.285644,1.267815,1.238287,1.197321,1.145269,1.082542,1.009569,0.926741,0.834281,0.732041,0.618956,0.491562,0.336969,nan,nan,nan,nan,nan,nan,0.312584
28500.000000,1.288396,1.282451,1.264664,1.235205,1.194335,1.142405,1.079823,1.007018,0.924376,0.832120,0.730093,0.617226,0.490033,0.335522,nan,nan,nan,nan,nan,nan,0.311745
28560.000000,1.285199,1.279268,1.261522,1.232132,1.191357,1.139548,1.077110,1.004472,0.922016,0.829961,0.728147,0.615496,0.488501,0.334069,nan,nan,nan,nan,nan,nan,0.310909
28620.000000,1.282011,1.276094,1.258389,1.229068,1.188387,1.136698,1.074404,1.001931,0.919659,0.827805,0.726202,0.613765,0.486963,0.332609,nan,nan,nan,nan,nan,nan,0.310075
28680.000000,1.278832,1.272928,1.255265,1.226012,1.185425,1.133856,1.071703,0.999395,0.917306,0.825652,0.724257,0.612032,0.485422,0.331139,nan,nan,nan,nan,nan,nan,0.309244
28740.000000,1.275662,1.269772,1.252150,1.222964,1.182471,1.131020,1.069009,0.996864,0.914956,0.823500,0.722312,0.610297,0.483875,0.329660,nan,nan,nan,nan,nan,nan,0.308416
28800.000000,1.272501,1.266625,1.249043,1.219925,1.179524,1.128191,1.066320,0.994337,0.912609,0.821349,0.720367,0.608559,0.482323,0.328169,nan,nan,nan,nan,nan,nan,0.307591
28860.000000,1.269350,1.263488,1.245945,1.216894,1.176585,1.125368,1.063636,0.991814,0.910265,0.819198,0.718419,0.606817,0.480763,0.326666,nan,nan,nan,nan,nan,nan,0.306768
28920.000000,1.266208,1.260358,1.242856,1.213871,1.173652,1.122551,1.060958,0.989295,0.907922,0.817048,0.716470,0.605072,0.479197,0.325149,nan,nan,nan,nan,nan,nan,0.305949
28980.000000,1.263074,1.257238,1.239775,1.210855,1.170728,1.119741,1.058284,0.986779,0.905582,0.814898,0.714521,0.603321,0.477625,0.323609,nan,nan,nan,nan,nan,nan,0.305132
29040.000000,1.259950,1.254127,1.236703,1.207848,1.167810,1.116937,1.055617,0.984267,0.903245,0.812750,0.712571,0.601568,0.476048,0.322056,nan,nan,nan,nan,nan,nan,0.304319
29100.000000,1.256834,1.251024,1.233639,1.204848,1.164900,1.114140,1.052955,0.981760,0.900912,0.810603,0.710621,0.599814,0.474467,0.320494,nan,nan,nan,nan,nan,nan,0.303508
29160.000000,1.253727,1.247930,1.230584,1.201857,1.161998,1.111349,1.050299,0.979258,0.898582,0.808459,0.708672,0.598059,0.472884,0.318925,nan,nan,nan,nan,nan,nan,0.302700
29220.000000,1.250629,1.244845,1.227537,1.198874,1.159103,1.108565,1.047649,0.976762,0.896257,0.806317,0.706725,0.596304,0.471298,0.317350,nan,nan,nan,nan,nan,nan,0.301895
29280.000000,1.247539,1.241768,1.224499,1.195899,1.156216,1.105789,1.045006,0.974270,0.893936,0.804180,0.704780,0.594549,0.469710,0.315770,nan,nan,nan,nan,nan,nan,0.301093
29340.000000,1.244459,1.238700,1.221469,1.192932,1.153336,1.103019,1.042369,0.971785,0.891620,0.802046,0.702837,0.592796,0.468120,0.314187,nan,nan,nan,nan,nan,nan,0.300293
29400.000000,1.241386,1.235640,1.218448,1.189973,1.150465,1.100257,1.039738,0.969305,0.889309,0.799916,0.700897,0.591046,0.466531,0.312601,nan,nan,nan,nan,nan,nan,0.299496
29460.000000,1.238323,1.232589,1.215435,1.187022,1.147601,1.097503,1.037115,0.966832,0.887003,0.797791,0.698961,0.589299,0.464943,0.311016,nan,nan,nan,nan,nan,nan,0.298702
29520.000000,1.235268,1.229547,1.212430,1.184080,1.144745,1.094756,1.034499,0.964366,0.884703,0.795672,0.697030,0.587555,0.463359,0.309431,nan,nan,nan,nan,nan,nan,0.297911
29580.000000,1.232221,1.226513,1.209434,1.181146,1.141897,1.092017,1.031891,0.961906,0.882409,0.793559,0.695103,0.585816,0.461779,0.307830,nan,nan,nan,nan,nan,nan,0.297122
29640.000000,1.229184,1.223488,1.206446,1.178220,1.139058,1.089286,1.029289,0.959454,0.880122,0.791452,0.693183,0.584083,0.460203,0.306232,nan,nan,nan,nan,nan,nan,0.296335
29700.000000,1.226154,1.220471,1.203467,1.175303,1.136226,1.086562,1.026695,0.957009,0.877843,0.789351,0.691269,0.582353,0.458633,0.304639,nan,nan,nan,nan,nan,nan,0.295551
29760.000000,1.223133,1.217462,1.200496,1.172394,1.133403,1.083847,1.024109,0.954572,0.875571,0.787258,0.689362,0.580630,0.457070,0.303052,nan,nan,nan,nan,nan,nan,0.294769
29820.000000,1.220121,1.214462,1.197534,1.169493,1.130589,1.081140,1.021531,0.952144,0.873307,0.785172,0.687463,0.578915,0.455515,0.301472,nan,nan,nan,nan,nan,nan,0.293990
29880.000000,1.217117,1.211471,1.194580,1.166601,1.127782,1.078442,1.018962,0.949723,0.871051,0.783094,0.685572,0.577209,0.453968,0.299901,nan,nan,nan,nan,nan,nan,0.293213
29940.000000,1.214122,1.208488,1.191635,1.163717,1.124984,1.075753,1.016401,0.947312,0.868804,0.781025,0.683690,0.575511,0.452427,0.298340,nan,nan,nan,nan,nan,nan,0.292438
30000.000000,1.211135,1.205514,1.188698,1.160842,1.122195,1.073072,1.013849,0.944909,0.866566,0.778965,0.681817,0.573823,0.450896,0.296791,nan,nan,nan,nan,nan,nan,0.291665
30060.000000,1.208156,1.202548,1.185770,1.157976,1.119414,1.070400,1.011307,0.942515,0.864338,0.776915,0.679954,0.572146,0.449376,0.295255,nan,nan,nan,nan,nan,nan,0.290894
30120.000000,1.205186,1.199590,1.182850,1.155118,1.116642,1.067737,1.008773,0.940130,0.862119,0.774875,0.678101,0.570480,0.447869,0.293733,nan,nan,nan,nan,nan,nan,0.290125
30180.000000,1.202225,1.196641,1.179939,1.152270,1.113879,1.065083,1.006250,0.937755,0.859911,0.772845,0.676259,0.568826,0.446374,0.292227,nan,nan,nan,nan,nan,nan,0.289358
30240.000000,1.199272,1.193701,1.177037,1.149430,1.111126,1.062439,1.003736,0.935391,0.857713,0.770827,0.674429,0.567184,0.444894,0.290737,nan,nan,nan,nan,nan,nan,0.288593
30300.000000,1.196327,1.190769,1.174143,1.146599,1.108381,1.059805,1.001232,0.933036,0.855526,0.768820,0.672610,0.565556,0.443429,0.289266,nan,nan,nan,nan,nan,nan,0.287829
30360.000000,1.193392,1.187846,1.171258,1.143777,1.105646,1.057180,0.998738,0.930693,0.853351,0.766826,0.670805,0.563941,0.441980,0.287814,nan,nan,nan,nan,nan,nan,0.287068
30420.000000,1.190464,1.184931,1.168382,1.140964,1.102920,1.054565,0.996254,0.928360,0.851186,0.764843,0.669013,0.562339,0.440547,0.286384,nan,nan,nan,nan,nan,nan,0.286308
30480.000000,1.187546,1.182026,1.165514,1.138160,1.100204,1.051960,0.993782,0.926039,0.849034,0.762874,0.667236,0.560754,0.439132,nan,nan,nan,nan,nan,nan,nan,0.285549
30540.000000,1.184635,1.179128,1.162656,1.135365,1.097498,1.049365,0.991320,0.923730,0.846894,0.760919,0.665473,0.559184,0.437735,nan,nan,nan,nan,nan,nan,nan,0.284792
30600.000000,1.181734,1.176240,1.159807,1.132580,1.094801,1.046780,0.988869,0.921432,0.844767,0.758977,0.663725,0.557631,0.436356,nan,nan,nan,nan,nan,nan,nan,0.284036
30660.000000,1.178841,1.173360,1.156966,1.129804,1.092114,1.044205,0.986429,0.919146,0.842652,0.757048,0.661991,0.556094,0.434993,nan,nan,nan,nan,nan,nan,nan,0.283282
30720.000000,1.175957,1.170489,1.154134,1.127037,1.089436,1.041640,0.983998,0.916870,0.840547,0.755130,0.660269,0.554569,0.433644,nan,nan,nan,nan,nan,nan,nan,0.282529
30780.000000,1.173082,1.167627,1.151311,1.124279,1.086767,1.039084,0.981578,0.914605,0.838454,0.753223,0.658559,0.553058,0.432309,nan,nan,nan,nan,nan,nan,nan,0.281778
30840.000000,1.170215,1.164773,1.148497,1.121530,1.084108,1.036538,0.979167,0.912349,0.836371,0.751326,0.656860,0.551558,0.430988,nan,nan,nan,nan,nan,nan,nan,0.281028
30900.000000,1.167357,1.161929,1.145692,1.118789,1.081458,1.034001,0.976766,0.910103,0.834297,0.749440,0.655172,0.550069,0.429678,nan,nan,nan,nan,nan,nan,nan,0.280280
30960.000000,1.164508,1.159093,1.142896,1.116058,1.078816,1.031473,0.974374,0.907866,0.832234,0.747564,0.653495,0.548591,0.428381,nan,nan,nan,nan,nan,nan,nan,0.279533
31020.000000,1.161668,1.156266,1.140108,1.113336,1.076184,1.028954,0.971991,0.905639,0.830180,0.745698,0.651827,0.547124,0.427094,nan,nan,nan,nan,nan,nan,nan,0.278788
31080.000000,1.158836,1.153447,1.137329,1.110622,1.073560,1.026444,0.969617,0.903421,0.828135,0.743840,0.650167,0.545666,0.425818,nan,nan,nan,nan,nan,nan,nan,0.278045
31140.000000,1.156013,1.150637,1.134559,1.107917,1.070946,1.023943,0.967252,0.901212,0.826099,0.741992,0.648517,0.544217,0.424551,nan,nan,nan,nan,nan,nan,nan,0.277303
31200.000000,1.153199,1.147836,1.131797,1.105221,1.068340,1.021451,0.964895,0.899011,0.824071,0.740152,0.646875,0.542777,0.423292,nan,nan,nan,nan,nan,nan,nan,0.276563
31260.000000,1.150393,1.145044,1.129044,1.102534,1.065742,1.018967,0.962546,0.896818,0.822052,0.738320,0.645241,0.541345,0.422042,nan,nan,nan,nan,nan,nan,nan,0.275824
31320.000000,1.147596,1.142260,1.126300,1.099855,1.063153,1.016491,0.960206,0.894634,0.820040,0.736496,0.643614,0.539919,0.420800,nan,nan,nan,nan,nan,nan,nan,0.275088
31380.000000,1.144808,1.139485,1.123564,1.097184,1.060572,1.014024,0.957874,0.892458,0.818036,0.734680,0.641995,0.538500,0.419564,nan,nan,nan,nan,nan,nan,nan,0.274353
31440.000000,1.142029,1.136719,1.120837,1.094522,1.058000,1.011565,0.955550,0.890289,0.816040,0.732870,0.640383,0.537087,0.418334,nan,nan,nan,nan,nan,nan,nan,0.273620
31500.000000,1.139258,1.133961,1.118119,1.091869,1.055436,1.009114,0.953234,0.888127,0.814051,0.731067,0.638776,0.535680,0.417110,nan,nan,nan,nan,nan,nan,nan,0.272889
31560.000000,1.136496,1.131212,1.115409,1.089224,1.052880,1.006670,0.950925,0.885972,0.812068,0.729270,0.637176,0.534278,0.415889,nan,nan,nan,nan,nan,nan,nan,0.272160
31620.000000,1.133742,1.128472,1.112707,1.086587,1.050333,1.004235,0.948623,0.883825,0.810092,0.727480,0.635581,0.532881,0.414670,nan,nan,nan,nan,nan,nan,nan,0.271433
31680.000000,1.130997,1.125740,1.110014,1.083958,1.047793,1.001807,0.946329,0.881684,0.808122,0.725695,0.633991,0.531488,0.413455,nan,nan,nan,nan,nan,nan,nan,0.270707
31740.000000,1.128261,1.123016,1.107330,1.081338,1.045261,0.999387,0.944042,0.879549,0.806158,0.723915,0.632405,0.530099,0.412243,nan,nan,nan,nan,nan,nan,nan,0.269984
31800.000000,1.125533,1.120301,1.104653,1.078726,1.042737,0.996974,0.941761,0.877421,0.804200,0.722140,0.630824,0.528713,0.411033,nan,nan,nan,nan,nan,nan,nan,0.269263
31860.000000,1.122813,1.117595,1.101985,1.076121,1.040220,0.994568,0.939488,0.875299,0.802246,0.720370,0.629246,0.527330,0.409824,nan,nan,nan,nan,nan,nan,nan,0.268544
31920.000000,1.120102,1.114897,1.099325,1.073525,1.037711,0.992169,0.937221,0.873182,0.800297,0.718604,0.627671,0.525949,0.408616,nan,nan,nan,nan,nan,nan,nan,0.267828
31980.000000,1.117400,1.112207,1.096674,1.070936,1.035210,0.989777,0.934960,0.871072,0.798354,0.716841,0.626099,0.524569,0.407408,nan,nan,nan,nan,nan,nan,nan,0.267113
32040.000000,1.114706,1.109525,1.094030,1.068356,1.032715,0.987392,0.932705,0.868966,0.796414,0.715082,0.624530,0.523190,0.406199,nan,nan,nan,nan,nan,nan,nan,0.266401
32100.000000,1.112020,1.106852,1.091395,1.065782,1.030229,0.985014,0.930456,0.866866,0.794479,0.713326,0.622962,0.521812,0.404989,nan,nan,nan,nan,nan,nan,nan,0.265691
32160.000000,1.109342,1.104187,1.088767,1.063217,1.027749,0.982642,0.928213,0.864770,0.792548,0.711572,0.621396,0.520435,0.403777,nan,nan,nan,nan,nan,nan,nan,0.264983
32220.000000,1.106673,1.101530,1.086147,1.060659,1.025276,0.980277,0.925975,0.862680,0.790620,0.709821,0.619831,0.519056,0.402563,nan,nan,nan,nan,nan,nan,nan,0.264278
32280.000000,1.104012,1.098881,1.083536,1.058108,1.022810,0.977918,0.923743,0.860593,0.788696,0.708072,0.618267,0.517677,0.401346,nan,nan,nan,nan,nan,nan,nan,0.263575
32340.000000,1.101359,1.096241,1.080932,1.055565,1.020351,0.975565,0.921517,0.858511,0.786775,0.706325,0.616702,0.516297,0.400125,nan,nan,nan,nan,nan,nan,nan,0.262875
32400.000000,1.098714,1.093608,1.078336,1.053029,1.017899,0.973217,0.919295,0.856433,0.784856,0.704579,0.615137,0.514914,0.398900,nan,nan,nan,nan,nan,nan,nan,0.262177
32460.000000,1.096077,1.090983,1.075747,1.050501,1.015453,0.970876,0.917078,0.854359,0.782940,0.702835,0.613572,0.513528,0.397669,nan,nan,nan,nan,nan,nan,nan,0.261481
32520.000000,1.093448,1.088366,1.073166,1.047979,1.013014,0.968541,0.914866,0.852288,0.781027,0.701091,0.612007,0.512140,0.396434,nan,nan,nan,nan,nan,nan,nan,0.260789
32580.000000,1.090827,1.085758,1.070593,1.045465,1.010582,0.966211,0.912659,0.850222,0.779117,0.699350,0.610442,0.510750,0.395193,nan,nan,nan,nan,nan,nan,nan,0.260098
32640.000000,1.088214,1.083156,1.068028,1.042958,1.008156,0.963888,0.910457,0.848160,0.777210,0.697611,0.608878,0.509360,0.393948,nan,nan,nan,nan,nan,nan,nan,0.259411
32700.000000,1.085609,1.080563,1.065469,1.040458,1.005736,0.961570,0.908261,0.846103,0.775307,0.695873,0.607314,0.507969,0.392701,nan,nan,nan,nan,nan,nan,nan,0.258725
32760.000000,1.083012,1.077977,1.062919,1.037966,1.003324,0.959259,0.906070,0.844050,0.773407,0.694139,0.605752,0.506578,0.391452,nan,nan,nan,nan,nan,nan,nan,0.258043
32820.000000,1.080422,1.075399,1.060376,1.035480,1.000918,0.956953,0.903885,0.842001,0.771511,0.692407,0.604192,0.505188,0.390201,nan,nan,nan,nan,nan,nan,nan,0.257362
32880.000000,1.077840,1.072829,1.057840,1.033002,0.998519,0.954654,0.901705,0.839958,0.769619,0.690678,0.602634,0.503798,0.388950,nan,nan,nan,nan,nan,nan,nan,0.256685
32940.000000,1.075266,1.070267,1.055312,1.030531,0.996126,0.952361,0.899530,0.837920,0.767731,0.688953,0.601078,0.502410,0.387699,nan,nan,nan,nan,nan,nan,nan,0.256009
33000.000000,1.072699,1.067712,1.052792,1.028067,0.993741,0.950074,0.897362,0.835886,0.765848,0.687231,0.599525,0.501024,0.386449,nan,nan,nan,nan,nan,nan,nan,0.255336
33060.000000,1.070140,1.065164,1.050278,1.025610,0.991362,0.947794,0.895199,0.833858,0.763970,0.685514,0.597976,0.499640,0.385199,nan,nan,nan,nan,nan,nan,nan,0.254666
33120.000000,1.067589,1.062624,1.047773,1.023161,0.988990,0.945520,0.893042,0.831835,0.762095,0.683800,0.596429,0.498258,0.383951,nan,nan,nan,nan,nan,nan,nan,0.253998
33180.000000,1.065045,1.060092,1.045274,1.020719,0.986625,0.943253,0.890891,0.829818,0.760226,0.682091,0.594887,0.496880,0.382706,nan,nan,nan,nan,nan,nan,nan,0.253332
33240.000000,1.062509,1.057567,1.042783,1.018283,0.984267,0.940992,0.888747,0.827806,0.758362,0.680386,0.593348,0.495505,0.381463,nan,nan,nan,nan,nan,nan,nan,0.252668
33300.000000,1.059980,1.055049,1.040299,1.015856,0.981917,0.938739,0.886608,0.825801,0.756503,0.678686,0.591813,0.494133,0.380222,nan,nan,nan,nan,nan,nan,nan,0.252006
33360.000000,1.057459,1.052540,1.037823,1.013435,0.979573,0.936491,0.884477,0.823801,0.754651,0.676991,0.590283,0.492765,0.378982,nan,nan,nan,nan,nan,nan,nan,0.251347
33420.000000,1.054945,1.050037,1.035354,1.011022,0.977236,0.934251,0.882352,0.821808,0.752804,0.675302,0.588758,0.491401,0.377747,nan,nan,nan,nan,nan,nan,nan,0.250690
33480.000000,1.052439,1.047542,1.032893,1.008615,0.974906,0.932018,0.880233,0.819821,0.750963,0.673618,0.587238,0.490043,0.376517,nan,nan,nan,nan,nan,nan,nan,0.250035
33540.000000,1.049940,1.045054,1.030439,1.006217,0.972584,0.929792,0.878122,0.817841,0.749129,0.671941,0.585725,0.488691,0.375292,nan,nan,nan,nan,nan,nan,nan,0.249382
33600.000000,1.047449,1.042574,1.027992,1.003825,0.970268,0.927572,0.876017,0.815868,0.747301,0.670270,0.584217,0.487345,0.374074,nan,nan,nan,nan,nan,nan,nan,0.248731
33660.000000,1.044965,1.040101,1.025552,1.001441,0.967960,0.925360,0.873920,0.813901,0.745480,0.668606,0.582717,0.486005,0.372862,nan,nan,nan,nan,nan,nan,nan,0.248082
33720.000000,1.042488,1.037636,1.023120,0.999064,0.965659,0.923156,0.871829,0.811942,0.743666,0.666948,0.581223,0.484672,0.371658,nan,nan,nan,nan,nan,nan,nan,0.247435
33780.000000,1.040019,1.035178,1.020696,0.996694,0.963366,0.920958,0.869746,0.809989,0.741859,0.665298,0.579736,0.483347,0.370462,nan,nan,nan,nan,nan,nan,nan,0.246790
33840.000000,1.037557,1.032727,1.018278,0.994332,0.961080,0.918768,0.867670,0.808044,0.740059,0.663655,0.578257,0.482029,0.369274,nan,nan,nan,nan,nan,nan,nan,0.246146
33900.000000,1.035103,1.030284,1.015869,0.991977,0.958801,0.916585,0.865602,0.806107,0.738267,0.662020,0.576785,0.480720,0.368095,nan,nan,nan,nan,nan,nan,nan,0.245505
33960.000000,1.032655,1.027848,1.013466,0.989630,0.956530,0.914410,0.863541,0.804177,0.736483,0.660393,0.575322,0.479419,0.366925,nan,nan,nan,nan,nan,nan,nan,0.244865
34020.000000,1.030216,1.025419,1.011071,0.987290,0.954266,0.912243,0.861488,0.802256,0.734707,0.658774,0.573868,0.478128,0.365766,nan,nan,nan,nan,nan,nan,nan,0.244227
34080.000000,1.027783,1.022998,1.008683,0.984958,0.952010,0.910083,0.859443,0.800342,0.732939,0.657163,0.572422,0.476845,0.364614,nan,nan,nan,nan,nan,nan,nan,0.243591
34140.000000,1.025358,1.020584,1.006303,0.982633,0.949762,0.907931,0.857406,0.798436,0.731179,0.655561,0.570985,0.475571,0.363472,nan,nan,nan,nan,nan,nan,nan,0.242956
34200.000000,1.022941,1.018178,1.003930,0.980316,0.947521,0.905786,0.855377,0.796539,0.729428,0.653968,0.569557,0.474307,0.362341,nan,nan,nan,nan,nan,nan,nan,0.242323
34260.000000,1.020531,1.015779,1.001565,0.978006,0.945288,0.903650,0.853355,0.794649,0.727685,0.652382,0.568136,0.473051,0.361221,nan,nan,nan,nan,nan,nan,nan,0.241692
34320.000000,1.018128,1.013388,0.999207,0.975703,0.943062,0.901520,0.851340,0.792766,0.725948,0.650803,0.566723,0.471802,0.360106,nan,nan,nan,nan,nan,nan,nan,0.241062
34380.000000,1.015732,1.011003,0.996856,0.973408,0.940843,0.899398,0.849333,0.790890,0.724217,0.649230,0.565316,0.470560,0.358999,nan,nan,nan,nan,nan,nan,nan,0.240434
34440.000000,1.013344,1.008626,0.994513,0.971120,0.938631,0.897282,0.847332,0.789020,0.722493,0.647664,0.563915,0.469324,0.357897,nan,nan,nan,nan,nan,nan,nan,0.239808
34500.000000,1.010963,1.006257,0.992177,0.968839,0.936427,0.895174,0.845338,0.787157,0.720776,0.646104,0.562520,0.468093,0.356802,nan,nan,nan,nan,nan,nan,nan,0.239183
34560.000000,1.008590,1.003894,0.989848,0.966565,0.934229,0.893072,0.843350,0.785300,0.719065,0.644551,0.561132,0.466869,0.355713,nan,nan,nan,nan,nan,nan,nan,0.238560
34620.000000,1.006223,1.001539,0.987526,0.964299,0.932039,0.890978,0.841369,0.783450,0.717360,0.643004,0.559749,0.465651,0.354630,nan,nan,nan,nan,nan,nan,nan,0.237939
34680.000000,1.003865,0.999192,0.985212,0.962040,0.929855,0.888890,0.839395,0.781607,0.715662,0.641463,0.558373,0.464439,0.353553,nan,nan,nan,nan,nan,nan,nan,0.237320
34740.000000,1.001513,0.996851,0.982905,0.959787,0.927679,0.886808,0.837428,0.779770,0.713971,0.639928,0.557002,0.463233,0.352482,nan,nan,nan,nan,nan,nan,nan,0.236702
34800.000000,0.999168,0.994518,0.980605,0.957542,0.925509,0.884734,0.835468,0.777940,0.712285,0.638399,0.555638,0.462032,0.351417,nan,nan,nan,nan,nan,nan,nan,0.236086
34860.000000,0.996831,0.992192,0.978312,0.955304,0.923347,0.882667,0.833514,0.776116,0.710606,0.636876,0.554279,0.460837,0.350357,nan,nan,nan,nan,nan,nan,nan,0.235472
34920.000000,0.994501,0.989873,0.976026,0.953073,0.921192,0.880606,0.831566,0.774299,0.708933,0.635359,0.552926,0.459648,0.349303,nan,nan,nan,nan,nan,nan,nan,0.234860
34980.000000,0.992179,0.987561,0.973748,0.950849,0.919043,0.878552,0.829625,0.772488,0.707266,0.633848,0.551579,0.458464,0.348250,nan,nan,nan,nan,nan,nan,nan,0.234249
35040.000000,0.989863,0.985257,0.971476,0.948632,0.916901,0.876505,0.827691,0.770683,0.705605,0.632342,0.550237,0.457285,0.347203,nan,nan,nan,nan,nan,nan,nan,0.233640
35100.000000,0.987555,0.982960,0.969212,0.946422,0.914765,0.874464,0.825763,0.768884,0.703950,0.630843,0.548900,0.456110,0.346161,nan,nan,nan,nan,nan,nan,nan,0.233033
35160.000000,0.985254,0.980670,0.966955,0.944219,0.912637,0.872430,0.823842,0.767092,0.702301,0.629349,0.547570,0.454941,0.345124,nan,nan,nan,nan,nan,nan,nan,0.232428
35220.000000,0.982960,0.978386,0.964704,0.942023,0.910516,0.870403,0.821927,0.765306,0.700658,0.627861,0.546244,0.453776,0.344092,nan,nan,nan,nan,nan,nan,nan,0.231824
35280.000000,0.980673,0.976111,0.962461,0.939834,0.908401,0.868382,0.820019,0.763526,0.699021,0.626378,0.544923,0.452617,0.343064,nan,nan,nan,nan,nan,nan,nan,0.231223
35340.000000,0.978393,0.973842,0.960225,0.937652,0.906293,0.866368,0.818116,0.761752,0.697390,0.624901,0.543607,0.451462,0.342042,nan,nan,nan,nan,nan,nan,nan,0.230623
35400.000000,0.976120,0.971580,0.957996,0.935477,0.904192,0.864361,0.816221,0.759984,0.695764,0.623430,0.542296,0.450313,0.341024,nan,nan,nan,nan,nan,nan,nan,0.230024
35460.000000,0.973855,0.969325,0.955774,0.933308,0.902097,0.862360,0.814331,0.758222,0.694144,0.621963,0.540990,0.449168,0.340011,nan,nan,nan,nan,nan,nan,nan,0.229428
35520.000000,0.971596,0.967078,0.953559,0.931147,0.900010,0.860365,0.812448,0.756466,0.692530,0.620501,0.539690,0.448027,0.339002,nan,nan,nan,nan,nan,nan,nan,0.228833
35580.000000,0.969345,0.964837,0.951350,0.928992,0.897929,0.858377,0.810570,0.754716,0.690921,0.619045,0.538394,0.446892,0.337998,nan,nan,nan,nan,nan,nan,nan,0.228240
35640.000000,0.967100,0.962603,0.949149,0.926844,0.895854,0.856395,0.808699,0.752972,0.689318,0.617594,0.537103,0.445761,0.336997,nan,nan,nan,nan,nan,nan,nan,0.227649
35700.000000,0.964863,0.960377,0.946955,0.924702,0.893786,0.854420,0.806834,0.751234,0.687720,0.616148,0.535817,0.444634,0.336001,nan,nan,nan,nan,nan,nan,nan,0.227060
35760.000000,0.962632,0.958157,0.944767,0.922568,0.891725,0.852451,0.804976,0.749501,0.686127,0.614707,0.534535,0.443512,0.335009,nan,nan,nan,nan,nan,nan,nan,0.226473
35820.000000,0.960409,0.955944,0.942587,0.920440,0.889670,0.850488,0.803123,0.747774,0.684540,0.613271,0.533258,0.442394,0.334021,nan,nan,nan,nan,nan,nan,nan,0.225887
35880.000000,0.958192,0.953738,0.940413,0.918319,0.887622,0.848532,0.801276,0.746053,0.682958,0.611840,0.531986,0.441280,0.333037,nan,nan,nan,nan,nan,nan,nan,0.225303
35940.000000,0.955982,0.951539,0.938246,0.916204,0.885580,0.846582,0.799435,0.744338,0.681382,0.610414,0.530719,0.440170,0.332054,nan,nan,nan,nan,nan,nan,nan,0.224721
36000.000000,0.953780,0.949347,0.936085,0.914096,0.883544,0.844638,0.797601,0.742628,0.679810,0.608993,0.529455,0.439064,0.331074,nan,nan,nan,nan,nan,nan,nan,0.224141
36060.000000,0.951584,0.947162,0.933932,0.911995,0.881516,0.842700,0.795772,0.740923,0.678244,0.607577,0.528197,0.437963,0.330097,nan,nan,nan,nan,nan,nan,nan,0.223562
36120.000000,0.949395,0.944983,0.931785,0.909900,0.879493,0.840769,0.793949,0.739224,0.676684,0.606166,0.526943,0.436866,0.329124,nan,nan,nan,nan,nan,nan,nan,0.222985
36180.000000,0.947212,0.942812,0.929645,0.907812,0.877477,0.838844,0.792132,0.737531,0.675128,0.604760,0.525693,0.435772,0.328155,nan,nan,nan,nan,nan,nan,nan,0.222411
36240.000000,0.945037,0.940647,0.927512,0.905731,0.875468,0.836925,0.790321,0.735844,0.673578,0.603359,0.524449,0.434682,0.327191,nan,nan,nan,nan,nan,nan,nan,0.221837
36300.000000,0.942868,0.938489,0.925385,0.903656,0.873465,0.835012,0.788516,0.734162,0.672034,0.601963,0.523209,0.433597,0.326231,nan,nan,nan,nan,nan,nan,nan,0.221266
36360.000000,0.940707,0.936338,0.923265,0.901588,0.871468,0.833106,0.786717,0.732486,0.670494,0.600572,0.521973,0.432516,0.325274,nan,nan,nan,nan,nan,nan,nan,0.220697
36420.000000,0.938552,0.934193,0.921152,0.899526,0.869478,0.831205,0.784924,0.730815,0.668961,0.599186,0.520743,0.431439,0.324322,nan,nan,nan,nan,nan,nan,nan,0.220129
36480.000000,0.936403,0.932055,0.919046,0.897471,0.867494,0.829311,0.783136,0.729150,0.667432,0.597805,0.519516,0.430367,0.323374,nan,nan,nan,nan,nan,nan,nan,0.219563
36540.000000,0.934262,0.929924,0.916946,0.895423,0.865516,0.827423,0.781354,0.727491,0.665909,0.596429,0.518294,0.429299,0.322430,nan,nan,nan,nan,nan,nan,nan,0.218999
36600.000000,0.932127,0.927800,0.914852,0.893381,0.863545,0.825541,0.779579,0.725837,0.664391,0.595058,0.517077,0.428235,0.321491,nan,nan,nan,nan,nan,nan,nan,0.218436
36660.000000,0.929999,0.925682,0.912765,0.891345,0.861580,0.823665,0.777809,0.724189,0.662878,0.593692,0.515864,0.427176,0.320555,nan,nan,nan,nan,nan,nan,nan,0.217875
36720.000000,0.927877,0.923571,0.910685,0.889316,0.859621,0.821795,0.776045,0.722546,0.661371,0.592331,0.514656,0.426121,0.319624,nan,nan,nan,nan,nan,nan,nan,0.217316
36780.000000,0.925762,0.921466,0.908611,0.887293,0.857669,0.819932,0.774287,0.720909,0.659869,0.590974,0.513452,0.425070,0.318697,nan,nan,nan,nan,nan,nan,nan,0.216759
36840.000000,0.923654,0.919368,0.906544,0.885277,0.855723,0.818074,0.772534,0.719278,0.658372,0.589623,0.512253,0.424024,0.317774,nan,nan,nan,nan,nan,nan,nan,0.216204
36900.000000,0.921553,0.917277,0.904483,0.883267,0.853783,0.816222,0.770788,0.717652,0.656880,0.588276,0.511059,0.422982,0.316855,nan,nan,nan,nan,nan,nan,nan,0.215650
36960.000000,0.919458,0.915193,0.902429,0.881263,0.851849,0.814377,0.769047,0.716032,0.655394,0.586934,0.509869,0.421945,0.315940,nan,nan,nan,nan,nan,nan,nan,0.215098
37020.000000,0.917369,0.913114,0.900382,0.879266,0.849922,0.812538,0.767312,0.714417,0.653913,0.585597,0.508684,0.420911,0.315025,nan,nan,nan,nan,nan,nan,nan,0.214547
37080.000000,0.915287,0.911043,0.898341,0.877276,0.848000,0.810704,0.765583,0.712808,0.652437,0.584265,0.507504,0.419883,0.314115,nan,nan,nan,nan,nan,nan,nan,0.213999
37140.000000,0.913212,0.908978,0.896306,0.875291,0.846085,0.808876,0.763859,0.711204,0.650966,0.582938,0.506328,0.418858,0.313210,nan,nan,nan,nan,nan,nan,nan,0.213452
37200.000000,0.911143,0.906919,0.894278,0.873313,0.844177,0.807054,0.762142,0.709606,0.649501,0.581615,0.505157,0.417838,0.312308,nan,nan,nan,nan,nan,nan,nan,0.212907
37260.000000,0.909081,0.904867,0.892256,0.871341,0.842274,0.805239,0.760430,0.708013,0.648040,0.580298,0.503991,0.416822,0.311411,nan,nan,nan,nan,nan,nan,nan,0.212363
37320.000000,0.907025,0.902821,0.890240,0.869376,0.840377,0.803429,0.758724,0.706426,0.646584,0.578986,0.502829,0.415810,0.310517,nan,nan,nan,nan,nan,nan,nan,0.211822
37380.000000,0.904976,0.900782,0.888231,0.867417,0.838487,0.801625,0.757023,0.704844,0.645134,0.577678,0.501671,0.414802,0.309629,nan,nan,nan,nan,nan,nan,nan,0.211282
37440.000000,0.902933,0.898750,0.886229,0.865464,0.836603,0.799827,0.755328,0.703267,0.643689,0.576375,0.500518,0.413798,0.308744,nan,nan,nan,nan,nan,nan,nan,0.210743
37500.000000,0.900897,0.896723,0.884232,0.863517,0.834725,0.798035,0.753639,0.701696,0.642249,0.575077,0.499370,0.412798,0.307864,nan,nan,nan,nan,nan,nan,nan,0.210207
37560.000000,0.898867,0.894703,0.882242,0.861577,0.832852,0.796249,0.751956,0.700131,0.640814,0.573784,0.498227,0.411803,0.306987,nan,nan,nan,nan,nan,nan,nan,0.209672
37620.000000,0.896843,0.892690,0.880259,0.859642,0.830986,0.794468,0.750278,0.698571,0.639384,0.572496,0.497087,0.410812,0.306115,nan,nan,nan,nan,nan,nan,nan,0.209138
37680.000000,0.894826,0.890683,0.878281,0.857714,0.829126,0.792694,0.748606,0.697016,0.637959,0.571213,0.495953,0.409825,0.305248,nan,nan,nan,nan,nan,nan,nan,0.208607
37740.000000,0.892816,0.888682,0.876310,0.855792,0.827272,0.790925,0.746939,0.695466,0.636540,0.569934,0.494823,0.408843,0.304384,nan,nan,nan,nan,nan,nan,nan,0.208077
37800.000000,0.890811,0.886688,0.874346,0.853877,0.825424,0.789163,0.745278,0.693922,0.635125,0.568661,0.493697,0.407865,0.303525,nan,nan,nan,nan,nan,nan,nan,0.207549
37860.000000,0.888813,0.884700,0.872387,0.851967,0.823583,0.787406,0.743623,0.692384,0.633716,0.567392,0.492576,0.406892,0.302671,nan,nan,nan,nan,nan,nan,nan,0.207022
37920.000000,0.886821,0.882718,0.870435,0.850064,0.821747,0.785655,0.741974,0.690851,0.632313,0.566129,0.491460,0.405925,0.301824,nan,nan,nan,nan,nan,nan,nan,0.206497
37980.000000,0.884836,0.880742,0.868489,0.848167,0.819917,0.783910,0.740331,0.689324,0.630915,0.564872,0.490350,0.404962,0.300981,nan,nan,nan,nan,nan,nan,nan,0.205974
38040.000000,0.882857,0.878773,0.866549,0.846276,0.818094,0.782171,0.738693,0.687802,0.629523,0.563620,0.489245,0.404006,0.300145,nan,nan,nan,nan,nan,nan,nan,0.205452
38100.000000,0.880884,0.876810,0.864616,0.844391,0.816276,0.780439,0.737062,0.686286,0.628136,0.562373,0.488145,0.403054,0.299312,nan,nan,nan,nan,nan,nan,nan,0.204932
38160.000000,0.878917,0.874853,0.862688,0.842512,0.814464,0.778711,0.735436,0.684775,0.626754,0.561131,0.487050,0.402106,0.298482,nan,nan,nan,nan,nan,nan,nan,0.204413
38220.000000,0.876957,0.872903,0.860767,0.840640,0.812659,0.776990,0.733815,0.683270,0.625378,0.559894,0.485959,0.401164,0.297656,nan,nan,nan,nan,nan,nan,nan,0.203896
38280.000000,0.875003,0.870959,0.858852,0.838773,0.810859,0.775275,0.732200,0.681771,0.624006,0.558662,0.484874,0.400226,0.296835,nan,nan,nan,nan,nan,nan,nan,0.203381
38340.000000,0.873055,0.869021,0.856944,0.836913,0.809065,0.773565,0.730591,0.680276,0.622640,0.557434,0.483792,0.399292,0.296019,nan,nan,nan,nan,nan,nan,nan,0.202867
38400.000000,0.871114,0.867089,0.855041,0.835059,0.807277,0.771861,0.728987,0.678787,0.621279,0.556211,0.482715,0.398362,0.295206,nan,nan,nan,nan,nan,nan,nan,0.202355
38460.000000,0.869178,0.865163,0.853144,0.833210,0.805495,0.770163,0.727389,0.677302,0.619922,0.554992,0.481643,0.397437,0.294397,nan,nan,nan,nan,nan,nan,nan,0.201844
38520.000000,0.867249,0.863244,0.851254,0.831368,0.803718,0.768470,0.725795,0.675823,0.618570,0.553778,0.480574,0.396514,0.293592,nan,nan,nan,nan,nan,nan,nan,0.201336
38580.000000,0.865326,0.861330,0.849369,0.829531,0.801948,0.766782,0.724207,0.674349,0.617223,0.552568,0.479509,0.395596,0.292790,nan,nan,nan,nan,nan,nan,nan,0.200828
38640.000000,0.863409,0.859423,0.847491,0.827700,0.800183,0.765100,0.722624,0.672880,0.615880,0.551362,0.478448,0.394680,0.291990,nan,nan,nan,nan,nan,nan,nan,0.200323
38700.000000,0.861498,0.857522,0.845618,0.825875,0.798423,0.763424,0.721047,0.671415,0.614542,0.550160,0.477391,0.393767,0.291194,nan,nan,nan,nan,nan,nan,nan,0.199819
38760.000000,0.859593,0.855627,0.843752,0.824056,0.796670,0.761753,0.719474,0.669955,0.613207,0.548962,0.476337,0.392857,0.290400,nan,nan,nan,nan,nan,nan,nan,0.199316
38820.000000,0.857694,0.853738,0.841891,0.822243,0.794922,0.760087,0.717906,0.668500,0.611878,0.547768,0.475286,0.391950,0.289609,nan,nan,nan,nan,nan,nan,nan,0.198816
38880.000000,0.855802,0.851854,0.840037,0.820436,0.793179,0.758426,0.716343,0.667049,0.610552,0.546578,0.474239,0.391045,0.288819,nan,nan,nan,nan,nan,nan,nan,0.198317
38940.000000,0.853915,0.849977,0.838188,0.818634,0.791442,0.756771,0.714785,0.665603,0.609230,0.545391,0.473194,0.390143,0.288032,nan,nan,nan,nan,nan,nan,nan,0.197819
39000.000000,0.852035,0.848106,0.836345,0.816838,0.789710,0.755121,0.713232,0.664161,0.607913,0.544207,0.472153,0.389244,0.287246,nan,nan,nan,nan,nan,nan,nan,0.197324
39060.000000,0.850160,0.846241,0.834508,0.815048,0.787984,0.753476,0.711683,0.662724,0.606599,0.543027,0.471114,0.388346,0.286461,nan,nan,nan,nan,nan,nan,nan,0.196830
39120.000000,0.848291,0.844382,0.832677,0.813263,0.786263,0.751836,0.710140,0.661291,0.605288,0.541850,0.470079,0.387451,0.285678,nan,nan,nan,nan,nan,nan,nan,0.196338
39180.000000,0.846428,0.842528,0.830852,0.811484,0.784548,0.750201,0.708600,0.659862,0.603982,0.540677,0.469045,0.386557,0.284895,nan,nan,nan,nan,nan,nan,nan,0.195847
39240.000000,0.844572,0.840681,0.829032,0.809710,0.782838,0.748571,0.707066,0.658437,0.602679,0.539506,0.468014,0.385665,0.284114,nan,nan,nan,nan,nan,nan,nan,0.195359
39300.000000,0.842721,0.838839,0.827218,0.807942,0.781133,0.746946,0.705536,0.657016,0.601379,0.538338,0.466985,0.384775,0.283332,nan,nan,nan,nan,nan,nan,nan,0.194872
39360.000000,0.840876,0.837004,0.825410,0.806180,0.779433,0.745326,0.704010,0.655599,0.600083,0.537173,0.465957,0.383886,0.282550,nan,nan,nan,nan,nan,nan,nan,0.194386
39420.000000,0.839036,0.835174,0.823607,0.804422,0.777739,0.743710,0.702489,0.654186,0.598790,0.536011,0.464932,0.382998,0.281765,nan,nan,nan,nan,nan,nan,nan,0.193903
39480.000000,0.837203,0.833349,0.821811,0.802671,0.776049,0.742100,0.700972,0.652777,0.597500,0.534852,0.463909,0.382111,0.280980,nan,nan,nan,nan,nan,nan,nan,0.193421
39540.000000,0.835375,0.831531,0.820019,0.800925,0.774365,0.740494,0.699459,0.651371,0.596214,0.533694,0.462887,0.381225,0.280194,nan,nan,nan,nan,nan,nan,nan,0.192941
39600.000000,0.833553,0.829718,0.818233,0.799184,0.772686,0.738892,0.697951,0.649969,0.594930,0.532540,0.461867,0.380340,0.279407,nan,nan,nan,nan,nan,nan,nan,0.192463
39660.000000,0.831737,0.827911,0.816453,0.797448,0.771011,0.737295,0.696446,0.648571,0.593650,0.531387,0.460848,0.379455,0.278618,nan,nan,nan,nan,nan,nan,nan,0.191987
39720.000000,0.829927,0.826109,0.814678,0.795717,0.769342,0.735703,0.694945,0.647176,0.592371,0.530235,0.459829,0.378569,0.277827,nan,nan,nan,nan,nan,nan,nan,0.191512
39780.000000,0.828122,0.824313,0.812909,0.793992,0.767677,0.734115,0.693448,0.645783,0.591095,0.529086,0.458812,0.377682,0.277033,nan,nan,nan,nan,nan,nan,nan,0.191039
39840.000000,0.826323,0.822523,0.811145,0.792272,0.766017,0.732531,0.691955,0.644395,0.589822,0.527938,0.457795,0.376796,0.276238,nan,nan,nan,nan,nan,nan,nan,0.190568
39900.000000,0.824529,0.820738,0.809387,0.790557,0.764362,0.730952,0.690466,0.643009,0.588551,0.526792,0.456780,0.375910,0.275441,nan,nan,nan,nan,nan,nan,nan,0.190099
39960.000000,0.822741,0.818959,0.807634,0.788847,0.762712,0.729377,0.688981,0.641627,0.587284,0.525648,0.455766,0.375023,0.274644,nan,nan,nan,nan,nan,nan,nan,0.189632
40020.000000,0.820958,0.817185,0.805886,0.787142,0.761067,0.727807,0.687500,0.640248,0.586019,0.524506,0.454753,0.374137,0.273846,nan,nan,nan,nan,nan,nan,nan,0.189167
40080.000000,0.819181,0.815417,0.804144,0.785443,0.759426,0.726241,0.686023,0.638873,0.584758,0.523367,0.453743,0.373252,0.273047,nan,nan,nan,nan,nan,nan,nan,0.188703
40140.000000,0.817410,0.813654,0.802407,0.783748,0.757791,0.724679,0.684550,0.637502,0.583499,0.522231,0.452735,0.372369,0.272250,nan,nan,nan,nan,nan,nan,nan,0.188241
40200.000000,0.815644,0.811896,0.800675,0.782059,0.756160,0.723123,0.683082,0.636134,0.582245,0.521097,0.451729,0.371487,0.271452,nan,nan,nan,nan,nan,nan,nan,0.187781
40260.000000,0.813883,0.810144,0.798949,0.780375,0.754535,0.721570,0.681618,0.634771,0.580993,0.519967,0.450725,0.370607,0.270657,nan,nan,nan,nan,nan,nan,nan,0.187323
40320.000000,0.812128,0.808398,0.797228,0.778696,0.752914,0.720023,0.680158,0.633411,0.579746,0.518840,0.449724,0.369729,0.269862,nan,nan,nan,nan,nan,nan,nan,0.186866
40380.000000,0.810378,0.806657,0.795512,0.777022,0.751298,0.718481,0.678703,0.632056,0.578502,0.517716,0.448727,0.368854,0.269070,nan,nan,nan,nan,nan,nan,nan,0.186411
40440.000000,0.808634,0.804921,0.793801,0.775354,0.749688,0.716943,0.677252,0.630705,0.577262,0.516595,0.447732,0.367982,0.268278,nan,nan,nan,nan,nan,nan,nan,0.185957
40500.000000,0.806895,0.803190,0.792096,0.773690,0.748082,0.715410,0.675806,0.629358,0.576026,0.515479,0.446741,0.367113,0.267486,nan,nan,nan,nan,nan,nan,nan,0.185506
40560.000000,0.805162,0.801465,0.790396,0.772032,0.746481,0.713881,0.674365,0.628016,0.574794,0.514366,0.445753,0.366247,0.266697,nan,nan,nan,nan,nan,nan,nan,0.185055
40620.000000,0.803433,0.799745,0.788702,0.770379,0.744886,0.712358,0.672928,0.626678,0.573566,0.513257,0.444768,0.365385,0.265912,nan,nan,nan,nan,nan,nan,nan,0.184607
40680.000000,0.801710,0.798031,0.787012,0.768731,0.743295,0.710840,0.671496,0.625345,0.572343,0.512153,0.443788,0.364527,0.265131,nan,nan,nan,nan,nan,nan,nan,0.184160
40740.000000,0.799993,0.796322,0.785328,0.767088,0.741710,0.709327,0.670069,0.624016,0.571124,0.511053,0.442812,0.363673,0.264354,nan,nan,nan,nan,nan,nan,nan,0.183714
40800.000000,0.798280,0.794618,0.783650,0.765451,0.740130,0.707818,0.668647,0.622692,0.569910,0.509957,0.441840,0.362824,0.263582,nan,nan,nan,nan,nan,nan,nan,0.183270
40860.000000,0.796573,0.792919,0.781976,0.763819,0.738555,0.706315,0.667229,0.621373,0.568700,0.508866,0.440873,0.361979,0.262816,nan,nan,nan,nan,nan,nan,nan,0.182827
40920.000000,0.794872,0.791226,0.780308,0.762192,0.736985,0.704817,0.665817,0.620059,0.567495,0.507780,0.439911,0.361139,0.262055,nan,nan,nan,nan,nan,nan,nan,0.182386
40980.000000,0.793175,0.789537,0.778645,0.760570,0.735420,0.703324,0.664410,0.618750,0.566295,0.506699,0.438953,0.360305,0.261301,nan,nan,nan,nan,nan,nan,nan,0.181946
41040.000000,0.791484,0.787855,0.776987,0.758953,0.733860,0.701836,0.663007,0.617446,0.565101,0.505623,0.438001,0.359476,0.260553,nan,nan,nan,nan,nan,nan,nan,0.181508
41100.000000,0.789798,0.786177,0.775334,0.757342,0.732306,0.700353,0.661610,0.616148,0.563911,0.504552,0.437055,0.358651,0.259812,nan,nan,nan,nan,nan,nan,nan,0.181071
41160.000000,0.788117,0.784505,0.773687,0.755736,0.730757,0.698876,0.660219,0.614855,0.562727,0.503487,0.436114,0.357833,0.259078,nan,nan,nan,nan,nan,nan,nan,0.180635
41220.000000,0.786442,0.782838,0.772045,0.754135,0.729213,0.697404,0.658832,0.613567,0.561549,0.502427,0.435179,0.357021,0.258352,nan,nan,nan,nan,nan,nan,nan,0.180201
41280.000000,0.784772,0.781176,0.770408,0.752539,0.727675,0.695937,0.657451,0.612284,0.560376,0.501373,0.434250,0.356216,0.257635,nan,nan,nan,nan,nan,nan,nan,0.179768
41340.000000,0.783107,0.779519,0.768777,0.750949,0.726141,0.694476,0.656076,0.611007,0.559209,0.500325,0.433328,0.355418,0.256926,nan,nan,nan,nan,nan,nan,nan,0.179336
41400.000000,0.781447,0.777868,0.767150,0.749364,0.724614,0.693020,0.654706,0.609736,0.558047,0.499283,0.432412,0.354627,0.256225,nan,nan,nan,nan,nan,nan,nan,0.178905
41460.000000,0.779793,0.776222,0.765529,0.747784,0.723091,0.691570,0.653341,0.608470,0.556891,0.498246,0.431501,0.353842,0.255532,nan,nan,nan,nan,nan,nan,nan,0.178476
41520.000000,0.778144,0.774581,0.763913,0.746210,0.721574,0.690124,0.651981,0.607209,0.555740,0.497214,0.430595,0.353061,0.254842,nan,nan,nan,nan,nan,nan,nan,0.178048
41580.000000,0.776500,0.772945,0.762303,0.744640,0.720061,0.688683,0.650626,0.605953,0.554593,0.496186,0.429693,0.352284,0.254154,nan,nan,nan,nan,nan,nan,nan,0.177621
41640.000000,0.774861,0.771315,0.760697,0.743076,0.718553,0.687247,0.649276,0.604701,0.553450,0.495162,0.428795,0.351512,0.253471,nan,nan,nan,nan,nan,nan,nan,0.177195
41700.000000,0.773227,0.769689,0.759097,0.741517,0.717051,0.685816,0.647930,0.603453,0.552312,0.494142,0.427902,0.350744,0.252792,nan,nan,nan,nan,nan,nan,nan,0.176771
41760.000000,0.771599,0.768069,0.757502,0.739962,0.715553,0.684390,0.646589,0.602211,0.551178,0.493127,0.427012,0.349981,0.252118,nan,nan,nan,nan,nan,nan,nan,0.176348
41820.000000,0.769975,0.766454,0.755911,0.738413,0.714060,0.682969,0.645253,0.600972,0.550049,0.492116,0.426127,0.349221,0.251448,nan,nan,nan,nan,nan,nan,nan,0.175927
41880.000000,0.768357,0.764844,0.754326,0.736869,0.712572,0.681553,0.643921,0.599738,0.548924,0.491110,0.425246,0.348465,0.250782,nan,nan,nan,nan,nan,nan,nan,0.175507
41940.000000,0.766744,0.763240,0.752746,0.735330,0.711089,0.680141,0.642594,0.598509,0.547803,0.490107,0.424368,0.347713,0.250121,nan,nan,nan,nan,nan,nan,nan,0.175088
42000.000000,0.765136,0.761640,0.751171,0.733795,0.709611,0.678734,0.641272,0.597283,0.546687,0.489109,0.423494,0.346966,0.249465,nan,nan,nan,nan,nan,nan,nan,0.174670
42060.000000,0.763533,0.760045,0.749602,0.732266,0.708138,0.677332,0.639954,0.596063,0.545575,0.488114,0.422625,0.346222,0.248812,nan,nan,nan,nan,nan,nan,nan,0.174254
42120.000000,0.761936,0.758456,0.748037,0.730742,0.706670,0.675934,0.638641,0.594847,0.544467,0.487124,0.421759,0.345482,0.248163,nan,nan,nan,nan,nan,nan,nan,0.173839
42180.000000,0.760343,0.756872,0.746477,0.729222,0.705206,0.674541,0.637333,0.593635,0.543363,0.486137,0.420896,0.344745,0.247519,nan,nan,nan,nan,nan,nan,nan,0.173425
42240.000000,0.758756,0.755292,0.744922,0.727708,0.703748,0.673153,0.636029,0.592427,0.542263,0.485155,0.420038,0.344012,0.246878,nan,nan,nan,nan,nan,nan,nan,0.173013
42300.000000,0.757173,0.753718,0.743372,0.726198,0.702294,0.671770,0.634729,0.591224,0.541168,0.484176,0.419183,0.343283,0.246241,nan,nan,nan,nan,nan,nan,nan,0.172602
42360.000000,0.755596,0.752149,0.741827,0.724694,0.700845,0.670391,0.633434,0.590025,0.540076,0.483202,0.418332,0.342558,0.245608,nan,nan,nan,nan,nan,nan,nan,0.172193
42420.000000,0.754023,0.750584,0.740287,0.723194,0.699400,0.669016,0.632143,0.588830,0.538989,0.482231,0.417485,0.341836,0.244978,nan,nan,nan,nan,nan,nan,nan,0.171785
42480.000000,0.752456,0.749025,0.738752,0.721699,0.697961,0.667647,0.630857,0.587639,0.537905,0.481264,0.416641,0.341116,0.244352,nan,nan,nan,nan,nan,nan,nan,0.171378
42540.000000,0.750894,0.747471,0.737222,0.720209,0.696526,0.666282,0.629575,0.586453,0.536826,0.480300,0.415801,0.340400,0.243730,nan,nan,nan,nan,nan,nan,nan,0.170972
42600.000000,0.749336,0.745922,0.735697,0.718724,0.695096,0.664921,0.628297,0.585271,0.535750,0.479341,0.414964,0.339687,0.243111,nan,nan,nan,nan,nan,nan,nan,0.170568
42660.000000,0.747784,0.744377,0.734177,0.717243,0.693670,0.663565,0.627024,0.584092,0.534678,0.478384,0.414130,0.338977,0.242495,nan,nan,nan,nan,nan,nan,nan,0.170165
42720.000000,0.746236,0.742838,0.732662,0.715768,0.692249,0.662213,0.625755,0.582918,0.533610,0.477432,0.413300,0.338271,0.241882,nan,nan,nan,nan,nan,nan,nan,0.169764
42780.000000,0.744694,0.741303,0.731151,0.714297,0.690833,0.660866,0.624490,0.581748,0.532546,0.476483,0.412474,0.337568,0.241273,nan,nan,nan,nan,nan,nan,nan,0.169364
42840.000000,0.743156,0.739774,0.729646,0.712831,0.689421,0.659523,0.623230,0.580582,0.531485,0.475538,0.411650,0.336867,0.240667,nan,nan,nan,nan,nan,nan,nan,0.168965
42900.000000,0.741624,0.738249,0.728145,0.711369,0.688014,0.658185,0.621973,0.579420,0.530429,0.474596,0.410830,0.336170,0.240064,nan,nan,nan,nan,nan,nan,nan,0.168567
42960.000000,0.740096,0.736729,0.726649,0.709913,0.686612,0.656851,0.620721,0.578262,0.529375,0.473658,0.410013,0.335476,0.239463,nan,nan,nan,nan,nan,nan,nan,0.168171
43020.000000,0.738573,0.735214,0.725158,0.708461,0.685214,0.655522,0.619474,0.577108,0.528326,0.472723,0.409199,0.334785,0.238862,nan,nan,nan,nan,nan,nan,nan,0.167776
43080.000000,0.737055,0.733704,0.723671,0.707013,0.683821,0.654196,0.618230,0.575958,0.527280,0.471791,0.408389,0.334096,0.238263,nan,nan,nan,nan,nan,nan,nan,0.167383
43140.000000,0.735542,0.732199,0.722190,0.705571,0.682432,0.652875,0.616990,0.574812,0.526238,0.470863,0.407581,0.333411,0.237668,nan,nan,nan,nan,nan,nan,nan,0.166991
43200.000000,0.734033,0.730698,0.720713,0.704133,0.681048,0.651559,0.615755,0.573670,0.525200,0.469938,0.406777,0.332728,0.237075,nan,nan,nan,nan,nan,nan,nan,0.166600
43260.000000,0.732530,0.729203,0.719241,0.702699,0.679668,0.650247,0.614524,0.572531,0.524165,0.469016,0.405975,0.332048,0.236485,nan,nan,nan,nan,nan,nan,nan,0.166211
43320.000000,0.731031,0.727712,0.717773,0.701271,0.678293,0.648939,0.613297,0.571397,0.523135,0.468098,0.405178,0.331372,0.235899,nan,nan,nan,nan,nan,nan,nan,0.165823
43380.000000,0.729537,0.726226,0.716311,0.699847,0.676922,0.647636,0.612074,0.570267,0.522108,0.467184,0.404384,0.330700,0.235317,nan,nan,nan,nan,nan,nan,nan,0.165436
43440.000000,0.728048,0.724745,0.714853,0.698427,0.675556,0.646337,0.610855,0.569141,0.521085,0.466274,0.403593,0.330031,0.234739,nan,nan,nan,nan,nan,nan,nan,0.165050
43500.000000,0.726564,0.723268,0.713400,0.697013,0.674194,0.645042,0.609641,0.568019,0.520066,0.465367,0.402806,0.329365,0.234165,nan,nan,nan,nan,nan,nan,nan,0.164666
43560.000000,0.725084,0.721796,0.711951,0.695603,0.672837,0.643752,0.608431,0.566900,0.519050,0.464464,0.402022,0.328702,0.233594,nan,nan,nan,nan,nan,nan,nan,0.164283
43620.000000,0.723609,0.720329,0.710507,0.694197,0.671484,0.642466,0.607225,0.565786,0.518039,0.463564,0.401242,0.328043,0.233026,nan,nan,nan,nan,nan,nan,nan,0.163902
43680.000000,0.722139,0.718867,0.709068,0.692796,0.670136,0.641184,0.606023,0.564676,0.517031,0.462667,0.400465,0.327387,0.232462,nan,nan,nan,nan,nan,nan,nan,0.163521
43740.000000,0.720674,0.717409,0.707633,0.691399,0.668792,0.639907,0.604825,0.563570,0.516026,0.461775,0.399691,0.326734,0.231901,nan,nan,nan,nan,nan,nan,nan,0.163142
43800.000000,0.719213,0.715956,0.706203,0.690008,0.667453,0.638634,0.603632,0.562467,0.515026,0.460885,0.398920,0.326084,0.231343,nan,nan,nan,nan,nan,nan,nan,0.162765
43860.000000,0.717757,0.714508,0.704778,0.688620,0.666118,0.637365,0.602442,0.561368,0.514029,0.459999,0.398152,0.325437,0.230788,nan,nan,nan,nan,nan,nan,nan,0.162388
43920.000000,0.716306,0.713064,0.703357,0.687237,0.664787,0.636100,0.601256,0.560273,0.513035,0.459116,0.397386,0.324792,0.230235,nan,nan,nan,nan,nan,nan,nan,0.162013
43980.000000,0.714859,0.711625,0.701941,0.685859,0.663461,0.634840,0.600074,0.559182,0.512045,0.458236,0.396624,0.324150,0.229686,nan,nan,nan,nan,nan,nan,nan,0.161639
44040.000000,0.713417,0.710190,0.700529,0.684485,0.662139,0.633583,0.598896,0.558094,0.511058,0.457359,0.395865,0.323511,0.229138,nan,nan,nan,nan,nan,nan,nan,0.161267
44100.000000,0.711979,0.708760,0.699122,0.683115,0.660821,0.632331,0.597722,0.557010,0.510074,0.456486,0.395108,0.322874,0.228594,nan,nan,nan,nan,nan,nan,nan,0.160896
44160.000000,0.710547,0.707335,0.697719,0.681750,0.659508,0.631083,0.596552,0.555930,0.509094,0.455615,0.394354,0.322240,0.228051,nan,nan,nan,nan,nan,nan,nan,0.160526
44220.000000,0.709118,0.705914,0.696321,0.680389,0.658198,0.629839,0.595385,0.554853,0.508118,0.454747,0.393603,0.321609,0.227511,nan,nan,nan,nan,nan,nan,nan,0.160157
44280.000000,0.707695,0.704498,0.694928,0.679033,0.656893,0.628598,0.594223,0.553780,0.507144,0.453883,0.392854,0.320979,0.226973,nan,nan,nan,nan,nan,nan,nan,0.159790
44340.000000,0.706276,0.703087,0.693538,0.677681,0.655592,0.627362,0.593064,0.552710,0.506174,0.453021,0.392108,0.320351,0.226437,nan,nan,nan,nan,nan,nan,nan,0.159424
44400.000000,0.704861,0.701680,0.692154,0.676333,0.654296,0.626130,0.591909,0.551644,0.505207,0.452162,0.391365,0.319725,0.225902,nan,nan,nan,nan,nan,nan,nan,0.159059
44460.000000,0.703451,0.700277,0.690773,0.674990,0.653003,0.624902,0.590757,0.550581,0.504242,0.451306,0.390624,0.319102,0.225370,nan,nan,nan,nan,nan,nan,nan,0.158696
44520.000000,0.702045,0.698879,0.689398,0.673651,0.651715,0.623678,0.589609,0.549521,0.503281,0.450452,0.389885,0.318480,0.224839,nan,nan,nan,nan,nan,nan,nan,0.158334
44580.000000,0.700644,0.697485,0.688026,0.672316,0.650431,0.622457,0.588465,0.548465,0.502323,0.449602,0.389148,0.317860,0.224309,nan,nan,nan,nan,nan,nan,nan,0.157973
44640.000000,0.699248,0.696096,0.686659,0.670985,0.649150,0.621240,0.587325,0.547412,0.501369,0.448754,0.388414,0.317242,0.223781,nan,nan,nan,nan,nan,nan,nan,0.157614
44700.000000,0.697856,0.694711,0.685296,0.669659,0.647874,0.620028,0.586188,0.546362,0.500416,0.447908,0.387682,0.316626,0.223254,nan,nan,nan,nan,nan,nan,nan,0.157255
44760.000000,0.696468,0.693331,0.683938,0.668337,0.646602,0.618819,0.585054,0.545316,0.499467,0.447065,0.386952,0.316011,0.222727,nan,nan,nan,nan,nan,nan,nan,0.156899
44820.000000,0.695085,0.691955,0.682584,0.667019,0.645334,0.617614,0.583924,0.544272,0.498521,0.446224,0.386224,0.315398,0.222198,nan,nan,nan,nan,nan,nan,nan,0.156543
44880.000000,0.693706,0.690584,0.681234,0.665705,0.644070,0.616412,0.582798,0.543232,0.497577,0.445386,0.385499,0.314787,0.221671,nan,nan,nan,nan,nan,nan,nan,0.156189
44940.000000,0.692331,0.689216,0.679888,0.664395,0.642810,0.615215,0.581675,0.542195,0.496637,0.444551,0.384775,0.314177,0.221144,nan,nan,nan,nan,nan,nan,nan,0.155836
45000.000000,0.690961,0.687854,0.678547,0.663090,0.641554,0.614021,0.580555,0.541161,0.495699,0.443717,0.384053,0.313568,0.220618,nan,nan,nan,nan,nan,nan,nan,0.155485
45060.000000,0.689596,0.686495,0.677210,0.661788,0.640301,0.612830,0.579439,0.540131,0.494764,0.442886,0.383333,0.312961,0.220093,nan,nan,nan,nan,nan,nan,nan,0.155135
45120.000000,0.688234,0.685141,0.675877,0.660491,0.639053,0.611644,0.578327,0.539103,0.493832,0.442058,0.382615,0.312357,0.219569,nan,nan,nan,nan,nan,nan,nan,0.154786
45180.000000,0.686877,0.683791,0.674549,0.659198,0.637809,0.610461,0.577218,0.538079,0.492902,0.441232,0.381900,0.311754,0.219048,nan,nan,nan,nan,nan,nan,nan,0.154438
45240.000000,0.685525,0.682445,0.673225,0.657909,0.636568,0.609282,0.576112,0.537058,0.491976,0.440409,0.381187,0.311153,0.218528,nan,nan,nan,nan,nan,nan,nan,0.154092
45300.000000,0.684176,0.681104,0.671905,0.656624,0.635332,0.608107,0.575010,0.536040,0.491052,0.439589,0.380477,0.310554,0.218010,nan,nan,nan,nan,nan,nan,nan,0.153747
45360.000000,0.682832,0.679767,0.670589,0.655343,0.634099,0.606936,0.573912,0.535026,0.490132,0.438771,0.379768,0.309957,0.217493,nan,nan,nan,nan,nan,nan,nan,0.153403
45420.000000,0.681492,0.678434,0.669277,0.654066,0.632871,0.605768,0.572817,0.534015,0.489214,0.437956,0.379062,0.309362,0.216978,nan,nan,nan,nan,nan,nan,nan,0.153061
45480.000000,0.680156,0.677106,0.667969,0.652794,0.631646,0.604604,0.571725,0.533007,0.488300,0.437144,0.378359,0.308770,0.216465,nan,nan,nan,nan,nan,nan,nan,0.152719
45540.000000,0.678825,0.675781,0.666666,0.651525,0.630425,0.603444,0.570637,0.532002,0.487388,0.436334,0.377657,0.308179,0.215953,nan,nan,nan,nan,nan,nan,nan,0.152379
45600.000000,0.677498,0.674461,0.665367,0.650260,0.629208,0.602287,0.569553,0.531000,0.486479,0.435527,0.376958,0.307590,0.215443,nan,nan,nan,nan,nan,nan,nan,0.152041
45660.000000,0.676175,0.673145,0.664071,0.649000,0.627995,0.601134,0.568472,0.530002,0.485573,0.434722,0.376261,0.307003,0.214935,nan,nan,nan,nan,nan,nan,nan,0.151703
45720.000000,0.674856,0.671833,0.662780,0.647743,0.626786,0.599985,0.567394,0.529006,0.484670,0.433920,0.375567,0.306418,0.214428,nan,nan,nan,nan,nan,nan,nan,0.151367
45780.000000,0.673541,0.670525,0.661493,0.646490,0.625580,0.598839,0.566320,0.528014,0.483770,0.433120,0.374874,0.305834,0.213923,nan,nan,nan,nan,nan,nan,nan,0.151032
45840.000000,0.672231,0.669222,0.660210,0.645241,0.624379,0.597697,0.565249,0.527025,0.482872,0.432323,0.374184,0.305253,0.213419,nan,nan,nan,nan,nan,nan,nan,0.150699
45900.000000,0.670924,0.667922,0.658931,0.643996,0.623181,0.596558,0.564181,0.526039,0.481978,0.431528,0.373496,0.304674,0.212917,nan,nan,nan,nan,nan,nan,nan,0.150366
45960.000000,0.669622,0.666627,0.657657,0.642755,0.621987,0.595423,0.563117,0.525057,0.481086,0.430736,0.372811,0.304096,0.212417,nan,nan,nan,nan,nan,nan,nan,0.150035
46020.000000,0.668324,0.665336,0.656386,0.641518,0.620797,0.594292,0.562056,0.524077,0.480197,0.429946,0.372127,0.303521,0.211919,nan,nan,nan,nan,nan,nan,nan,0.149705
46080.000000,0.667030,0.664048,0.655119,0.640285,0.619610,0.593164,0.560999,0.523100,0.479311,0.429159,0.371445,0.302947,0.211422,nan,nan,nan,nan,nan,nan,nan,0.149376
46140.000000,0.665740,0.662765,0.653856,0.639056,0.618427,0.592040,0.559944,0.522127,0.478428,0.428374,0.370766,0.302376,0.210926,nan,nan,nan,nan,nan,nan,nan,0.149049
46200.000000,0.664454,0.661486,0.652597,0.637830,0.617248,0.590919,0.558894,0.521156,0.477548,0.427592,0.370089,0.301806,0.210432,nan,nan,nan,nan,nan,nan,nan,0.148723
46260.000000,0.663172,0.660211,0.651342,0.636609,0.616073,0.589802,0.557846,0.520189,0.476670,0.426813,0.369414,0.301238,0.209940,nan,nan,nan,nan,nan,nan,nan,0.148397
46320.000000,0.661895,0.658940,0.650091,0.635391,0.614901,0.588689,0.556802,0.519225,0.475795,0.426035,0.368741,0.300671,0.209449,nan,nan,nan,nan,nan,nan,nan,0.148074
46380.000000,0.660621,0.657673,0.648844,0.634177,0.613733,0.587578,0.555761,0.518264,0.474923,0.425261,0.368070,0.300106,0.208960,nan,nan,nan,nan,nan,nan,nan,0.147751
46440.000000,0.659351,0.656410,0.647601,0.632967,0.612569,0.586472,0.554723,0.517305,0.474054,0.424489,0.367401,0.299543,0.208472,nan,nan,nan,nan,nan,nan,nan,0.147429
46500.000000,0.658085,0.655151,0.646362,0.631761,0.611408,0.585369,0.553689,0.516350,0.473187,0.423719,0.366735,0.298982,0.207986,nan,nan,nan,nan,nan,nan,nan,0.147109
46560.000000,0.656824,0.653896,0.645127,0.630559,0.610251,0.584269,0.552658,0.515398,0.472323,0.422951,0.366070,0.298422,0.207500,nan,nan,nan,nan,nan,nan,nan,0.146790
46620.000000,0.655566,0.652645,0.643896,0.629360,0.609098,0.583173,0.551630,0.514449,0.471462,0.422187,0.365408,0.297864,0.207013,nan,nan,nan,nan,nan,nan,nan,0.146472
46680.000000,0.654312,0.651397,0.642668,0.628165,0.607948,0.582080,0.550605,0.513502,0.470604,0.421424,0.364748,0.297308,0.206527,nan,nan,nan,nan,nan,nan,nan,0.146156
46740.000000,0.653062,0.650154,0.641444,0.626974,0.606802,0.580991,0.549584,0.512559,0.469748,0.420664,0.364090,0.296754,0.206042,nan,nan,nan,nan,nan,nan,nan,0.145840
46800.000000,0.651816,0.648914,0.640224,0.625786,0.605659,0.579905,0.548566,0.511619,0.468895,0.419906,0.363434,0.296202,0.205559,nan,nan,nan,nan,nan,nan,nan,0.145526
46860.000000,0.650574,0.647679,0.639008,0.624603,0.604520,0.578822,0.547550,0.510681,0.468044,0.419151,0.362780,0.295651,0.205077,nan,nan,nan,nan,nan,nan,nan,0.145213
46920.000000,0.649336,0.646447,0.637796,0.623423,0.603384,0.577743,0.546538,0.509747,0.467196,0.418397,0.362128,0.295101,0.204595,nan,nan,nan,nan,nan,nan,nan,0.144901
46980.000000,0.648101,0.645219,0.636588,0.622246,0.602252,0.576667,0.545529,0.508815,0.466350,0.417646,0.361477,0.294553,0.204113,nan,nan,nan,nan,nan,nan,nan,0.144590
47040.000000,0.646871,0.643995,0.635383,0.621073,0.601123,0.575594,0.544523,0.507885,0.465507,0.416896,0.360828,0.294005,0.203632,nan,nan,nan,nan,nan,nan,nan,0.144280
47100.000000,0.645644,0.642775,0.634182,0.619904,0.599998,0.574524,0.543520,0.506959,0.464666,0.416149,0.360180,0.293459,0.203151,nan,nan,nan,nan,nan,nan,nan,0.143972
47160.000000,0.644421,0.641559,0.632985,0.618739,0.598876,0.573458,0.542520,0.506035,0.463827,0.415404,0.359534,0.292914,0.202672,nan,nan,nan,nan,nan,nan,nan,0.143665
47220.000000,0.643202,0.640346,0.631791,0.617577,0.597758,0.572395,0.541523,0.505114,0.462991,0.414661,0.358890,0.292371,0.202193,nan,nan,nan,nan,nan,nan,nan,0.143359
47280.000000,0.641987,0.639137,0.630602,0.616418,0.596643,0.571335,0.540529,0.504195,0.462158,0.413920,0.358248,0.291829,0.201715,nan,nan,nan,nan,nan,nan,nan,0.143054
47340.000000,0.640776,0.637932,0.629416,0.615264,0.595532,0.570278,0.539538,0.503280,0.461327,0.413181,0.357608,0.291289,0.201238,nan,nan,nan,nan,nan,nan,nan,0.142750
47400.000000,0.639568,0.636731,0.628233,0.614113,0.594424,0.569225,0.538550,0.502367,0.460498,0.412444,0.356970,0.290750,0.200763,nan,nan,nan,nan,nan,nan,nan,0.142448
47460.000000,0.638364,0.635533,0.627054,0.612965,0.593319,0.568175,0.537565,0.501457,0.459672,0.411710,0.356333,0.290213,0.200289,nan,nan,nan,nan,nan,nan,nan,0.142146
47520.000000,0.637164,0.634339,0.625879,0.611821,0.592218,0.567128,0.536583,0.500550,0.458849,0.410979,0.355699,0.289678,0.199817,nan,nan,nan,nan,nan,nan,nan,0.141846
47580.000000,0.635967,0.633149,0.624708,0.610681,0.591121,0.566084,0.535604,0.499646,0.458028,0.410249,0.355067,0.289145,0.199347,nan,nan,nan,nan,nan,nan,nan,0.141547
47640.000000,0.634775,0.631963,0.623540,0.609544,0.590027,0.565044,0.534628,0.498745,0.457210,0.409522,0.354438,0.288614,0.198878,nan,nan,nan,nan,nan,nan,nan,0.141249
47700.000000,0.633586,0.630780,0.622376,0.608410,0.588936,0.564007,0.533656,0.497846,0.456395,0.408798,0.353810,0.288085,0.198412,nan,nan,nan,nan,nan,nan,nan,0.140952
47760.000000,0.632400,0.629601,0.621216,0.607281,0.587848,0.562973,0.532686,0.496951,0.455582,0.408076,0.353185,0.287558,0.197947,nan,nan,nan,nan,nan,nan,nan,0.140657
47820.000000,0.631219,0.628426,0.620059,0.606154,0.586765,0.561943,0.531720,0.496058,0.454773,0.407356,0.352562,0.287033,0.197485,nan,nan,nan,nan,nan,nan,nan,0.140362
47880.000000,0.630041,0.627254,0.618905,0.605032,0.585684,0.560916,0.530757,0.495169,0.453965,0.406640,0.351941,0.286510,0.197026,nan,nan,nan,nan,nan,nan,nan,0.140068
47940.000000,0.628867,0.626086,0.617756,0.603912,0.584607,0.559892,0.529797,0.494282,0.453161,0.405925,0.351323,0.285990,0.196569,nan,nan,nan,nan,nan,nan,nan,0.139776
48000.000000,0.627696,0.624921,0.616610,0.602797,0.583533,0.558872,0.528840,0.493398,0.452359,0.405214,0.350708,0.285472,0.196114,nan,nan,nan,nan,nan,nan,nan,0.139484
48060.000000,0.626529,0.623760,0.615467,0.601685,0.582463,0.557854,0.527886,0.492518,0.451561,0.404505,0.350095,0.284957,0.195663,nan,nan,nan,nan,nan,nan,nan,0.139194
48120.000000,0.625366,0.622603,0.614328,0.600576,0.581397,0.556841,0.526935,0.491640,0.450765,0.403798,0.349484,0.284445,0.195214,nan,nan,nan,nan,nan,nan,nan,0.138904
48180.000000,0.624206,0.621449,0.613193,0.599471,0.580333,0.555830,0.525988,0.490766,0.449972,0.403095,0.348876,0.283935,0.194769,nan,nan,nan,nan,nan,nan,nan,0.138616
48240.000000,0.623050,0.620299,0.612061,0.598369,0.579273,0.554823,0.525044,0.489894,0.449182,0.402394,0.348271,0.283427,0.194327,nan,nan,nan,nan,nan,nan,nan,0.138329
48300.000000,0.621897,0.619153,0.610933,0.597271,0.578217,0.553819,0.524103,0.489026,0.448395,0.401696,0.347668,0.282922,0.193888,nan,nan,nan,nan,nan,nan,nan,0.138043
48360.000000,0.620748,0.618010,0.609808,0.596177,0.577164,0.552818,0.523165,0.488161,0.447611,0.401001,0.347068,0.282419,0.193447,nan,nan,nan,nan,nan,nan,nan,0.137757
48420.000000,0.619603,0.616871,0.608687,0.595085,0.576114,0.551821,0.522231,0.487298,0.446830,0.400309,0.346471,0.281920,0.193011,nan,nan,nan,nan,nan,nan,nan,0.137473
48480.000000,0.618461,0.615735,0.607569,0.593998,0.575068,0.550827,0.521300,0.486439,0.446052,0.399620,0.345877,0.281423,0.192578,nan,nan,nan,nan,nan,nan,nan,0.137190
48540.000000,0.617323,0.614603,0.606455,0.592913,0.574025,0.549837,0.520372,0.485584,0.445277,0.398933,0.345286,0.280929,0.192149,nan,nan,nan,nan,nan,nan,nan,0.136907
48600.000000,0.616188,0.613474,0.605345,0.591833,0.572985,0.548849,0.519447,0.484731,0.444505,0.398250,0.344698,0.280439,0.191724,nan,nan,nan,nan,nan,nan,nan,0.136626
48660.000000,0.615057,0.612349,0.604238,0.590755,0.571949,0.547866,0.518525,0.483882,0.443736,0.397570,0.344113,0.279952,0.191303,nan,nan,nan,nan,nan,nan,nan,0.136345
48720.000000,0.613929,0.611227,0.603134,0.589682,0.570917,0.546885,0.517607,0.483035,0.442971,0.396893,0.343531,0.279468,0.190887,nan,nan,nan,nan,nan,nan,nan,0.136066
48780.000000,0.612805,0.610109,0.602034,0.588611,0.569888,0.545908,0.516692,0.482192,0.442208,0.396219,0.342952,0.278988,0.190475,nan,nan,nan,nan,nan,nan,nan,0.135787
48840.000000,0.611684,0.608995,0.600937,0.587544,0.568862,0.544934,0.515781,0.481352,0.441449,0.395548,0.342376,0.278510,0.190067,nan,nan,nan,nan,nan,nan,nan,0.135510
48900.000000,0.610567,0.607883,0.599844,0.586481,0.567839,0.543963,0.514872,0.480515,0.440692,0.394880,0.341803,0.278036,0.189663,nan,nan,nan,nan,nan,nan,nan,0.135233
48960.000000,0.609453,0.606776,0.598754,0.585421,0.566820,0.542996,0.513967,0.479682,0.439939,0.394214,0.341233,0.277564,0.189262,nan,nan,nan,nan,nan,nan,nan,0.134958
49020.000000,0.608343,0.605672,0.597668,0.584364,0.565804,0.542032,0.513064,0.478851,0.439188,0.393552,0.340665,0.277094,0.188864,nan,nan,nan,nan,nan,nan,nan,0.134683
49080.000000,0.607237,0.604571,0.596585,0.583311,0.564792,0.541071,0.512165,0.478023,0.438440,0.392892,0.340100,0.276627,0.188469,nan,nan,nan,nan,nan,nan,nan,0.134409
49140.000000,0.606133,0.603474,0.595506,0.582261,0.563782,0.540113,0.511269,0.477197,0.437695,0.392234,0.339537,0.276163,0.188077,nan,nan,nan,nan,nan,nan,nan,0.134136
49200.000000,0.605034,0.602380,0.594430,0.581214,0.562776,0.539158,0.510376,0.476375,0.436952,0.391579,0.338976,0.275701,0.187688,nan,nan,nan,nan,nan,nan,nan,0.133864
49260.000000,0.603937,0.601290,0.593357,0.580171,0.561773,0.538206,0.509485,0.475556,0.436212,0.390926,0.338418,0.275241,0.187300,nan,nan,nan,nan,nan,nan,nan,0.133593
49320.000000,0.602845,0.600203,0.592288,0.579131,0.560774,0.537258,0.508598,0.474739,0.435475,0.390276,0.337861,0.274782,0.186915,nan,nan,nan,nan,nan,nan,nan,0.133324
49380.000000,0.601755,0.599119,0.591222,0.578094,0.559777,0.536312,0.507713,0.473925,0.434739,0.389628,0.337307,0.274326,0.186532,nan,nan,nan,nan,nan,nan,nan,0.133055
49440.000000,0.600669,0.598039,0.590159,0.577060,0.558784,0.535370,0.506831,0.473113,0.434007,0.388982,0.336755,0.273872,0.186150,nan,nan,nan,nan,nan,nan,nan,0.132787
49500.000000,0.599587,0.596962,0.589100,0.576030,0.557793,0.534430,0.505952,0.472304,0.433276,0.388338,0.336204,0.273418,0.185770,nan,nan,nan,nan,nan,nan,nan,0.132520
49560.000000,0.598507,0.595889,0.588044,0.575003,0.556806,0.533493,0.505076,0.471497,0.432548,0.387696,0.335656,0.272967,0.185391,nan,nan,nan,nan,nan,nan,nan,0.132253
49620.000000,0.597432,0.594819,0.586992,0.573979,0.555822,0.532559,0.504203,0.470693,0.431822,0.387056,0.335109,0.272517,0.185013,nan,nan,nan,nan,nan,nan,nan,0.131988
49680.000000,0.596359,0.593752,0.585942,0.572958,0.554841,0.531628,0.503332,0.469892,0.431099,0.386418,0.334563,0.272068,0.184636,nan,nan,nan,nan,nan,nan,nan,0.131724
49740.000000,0.595290,0.592689,0.584896,0.571941,0.553863,0.530700,0.502463,0.469093,0.430377,0.385782,0.334019,0.271620,0.184259,nan,nan,nan,nan,nan,nan,nan,0.131461
49800.000000,0.594224,0.591629,0.583853,0.570926,0.552888,0.529775,0.501598,0.468296,0.429658,0.385148,0.333476,0.271173,0.183882,nan,nan,nan,nan,nan,nan,nan,0.131199
49860.000000,0.593162,0.590572,0.582814,0.569915,0.551916,0.528853,0.500735,0.467501,0.428940,0.384515,0.332935,0.270726,0.183506,nan,nan,nan,nan,nan,nan,nan,0.130938
49920.000000,0.592102,0.589519,0.581777,0.568907,0.550947,0.527933,0.499874,0.466709,0.428224,0.383884,0.332394,0.270281,0.183130,nan,nan,nan,nan,nan,nan,nan,0.130678
49980.000000,0.591047,0.588468,0.580744,0.567902,0.549981,0.527016,0.499016,0.465919,0.427510,0.383254,0.331855,0.269836,0.182753,nan,nan,nan,nan,nan,nan,nan,0.130419
50040.000000,0.589994,0.587421,0.579714,0.566900,0.549017,0.526101,0.498160,0.465131,0.426798,0.382625,0.331317,0.269392,0.182376,nan,nan,nan,nan,nan,nan,nan,0.130161
50100.000000,0.588945,0.586378,0.578687,0.565901,0.548057,0.525190,0.497307,0.464345,0.426088,0.381998,0.330780,0.268948,0.181997,nan,nan,nan,nan,nan,nan,nan,0.129904
50160.000000,0.587898,0.585337,0.577664,0.564905,0.547099,0.524280,0.496456,0.463561,0.425380,0.381373,0.330243,0.268504,0.181618,nan,nan,nan,nan,nan,nan,nan,0.129649
50220.000000,0.586856,0.584300,0.576643,0.563912,0.546144,0.523374,0.495607,0.462779,0.424673,0.380748,0.329708,0.268060,0.181238,nan,nan,nan,nan,nan,nan,nan,0.129394
50280.000000,0.585816,0.583266,0.575626,0.562922,0.545192,0.522470,0.494760,0.461999,0.423967,0.380125,0.329173,0.267617,0.180856,nan,nan,nan,nan,nan,nan,nan,0.129140
50340.000000,0.584780,0.582235,0.574611,0.561935,0.544243,0.521568,0.493916,0.461221,0.423263,0.379503,0.328638,0.267173,0.180473,nan,nan,nan,nan,nan,nan,nan,0.128887
50400.000000,0.583746,0.581207,0.573600,0.560951,0.543296,0.520669,0.493074,0.460444,0.422561,0.378881,0.328104,0.266729,0.180088,nan,nan,nan,nan,nan,nan,nan,0.128635
50460.000000,0.582716,0.580183,0.572592,0.559970,0.542353,0.519773,0.492234,0.459670,0.421860,0.378261,0.327570,0.266284,0.179700,nan,nan,nan,nan,nan,nan,nan,0.128385
50520.000000,0.581689,0.579161,0.571586,0.558991,0.541411,0.518879,0.491396,0.458897,0.421160,0.377641,0.327037,0.265839,0.179310,nan,nan,nan,nan,nan,nan,nan,0.128135
50580.000000,0.580665,0.578143,0.570584,0.558016,0.540473,0.517987,0.490561,0.458126,0.420461,0.377022,0.326503,0.265393,0.178917,nan,nan,nan,nan,nan,nan,nan,0.127887
50640.000000,0.579645,0.577127,0.569585,0.557043,0.539537,0.517097,0.489727,0.457356,0.419764,0.376404,0.325970,0.264946,0.178515,nan,nan,nan,nan,nan,nan,nan,0.127639
50700.000000,0.578627,0.576115,0.568589,0.556073,0.538604,0.516210,0.488895,0.456589,0.419068,0.375787,0.325437,0.264499,0.178112,nan,nan,nan,nan,nan,nan,nan,0.127393
50760.000000,0.577613,0.575106,0.567595,0.555106,0.537673,0.515326,0.488066,0.455823,0.418374,0.375170,0.324904,0.264051,0.177707,nan,nan,nan,nan,nan,nan,nan,0.127148
50820.000000,0.576601,0.574100,0.566605,0.554142,0.536745,0.514444,0.487239,0.455059,0.417681,0.374555,0.324372,0.263603,0.177300,nan,nan,nan,nan,nan,nan,nan,0.126903
50880.000000,0.575593,0.573097,0.565618,0.553181,0.535820,0.513564,0.486414,0.454297,0.416989,0.373941,0.323841,0.263155,0.176892,nan,nan,nan,nan,nan,nan,nan,0.126660
50940.000000,0.574588,0.572097,0.564633,0.552222,0.534897,0.512687,0.485591,0.453537,0.416299,0.373328,0.323310,0.262708,0.176483,nan,nan,nan,nan,nan,nan,nan,0.126418
51000.000000,0.573585,0.571100,0.563652,0.551267,0.533978,0.511812,0.484770,0.452779,0.415611,0.372717,0.322780,0.262261,0.176074,nan,nan,nan,nan,nan,nan,nan,0.126177
51060.000000,0.572586,0.570106,0.562674,0.550314,0.533060,0.510940,0.483952,0.452022,0.414925,0.372107,0.322252,0.261815,0.175664,nan,nan,nan,nan,nan,nan,nan,0.125937
51120.000000,0.571590,0.569115,0.561698,0.549364,0.532146,0.510070,0.483136,0.451268,0.414240,0.371498,0.321724,0.261369,0.175254,nan,nan,nan,nan,nan,nan,nan,0.125697
51180.000000,0.570596,0.568126,0.560725,0.548417,0.531234,0.509203,0.482322,0.450516,0.413557,0.370891,0.321198,0.260924,0.174845,nan,nan,nan,nan,nan,nan,nan,0.125459
51240.000000,0.569606,0.567141,0.559756,0.547473,0.530325,0.508339,0.481511,0.449767,0.412876,0.370285,0.320673,0.260481,0.174436,nan,nan,nan,nan,nan,nan,nan,0.125222
51300.000000,0.568619,0.566159,0.558789,0.546531,0.529419,0.507477,0.480702,0.449019,0.412197,0.369682,0.320150,0.260038,0.174028,nan,nan,nan,nan,nan,nan,nan,0.124985
51360.000000,0.567634,0.565180,0.557825,0.545593,0.528515,0.506617,0.479896,0.448273,0.411520,0.369080,0.319628,0.259597,0.173621,nan,nan,nan,nan,nan,nan,nan,0.124750
51420.000000,0.566653,0.564204,0.556864,0.544657,0.527614,0.505760,0.479092,0.447530,0.410845,0.368480,0.319108,0.259158,0.173215,nan,nan,nan,nan,nan,nan,nan,0.124516
51480.000000,0.565674,0.563230,0.555905,0.543724,0.526716,0.504906,0.478290,0.446789,0.410173,0.367882,0.318590,0.258720,0.172812,nan,nan,nan,nan,nan,nan,nan,0.124282
51540.000000,0.564699,0.562260,0.554950,0.542793,0.525820,0.504055,0.477491,0.446051,0.409502,0.367286,0.318074,0.258284,0.172410,nan,nan,nan,nan,nan,nan,nan,0.124049
51600.000000,0.563726,0.561292,0.553998,0.541866,0.524927,0.503206,0.476694,0.445315,0.408834,0.366692,0.317559,0.257850,0.172011,nan,nan,nan,nan,nan,nan,nan,0.123817
51660.000000,0.562757,0.560327,0.553048,0.540942,0.524037,0.502359,0.475900,0.444581,0.408168,0.366100,0.317047,0.257418,0.171614,nan,nan,nan,nan,nan,nan,nan,0.123586
51720.000000,0.561790,0.559366,0.552101,0.540020,0.523150,0.501516,0.475109,0.443850,0.407504,0.365511,0.316537,0.256988,0.171220,nan,nan,nan,nan,nan,nan,nan,0.123356
51780.000000,0.560826,0.558407,0.551158,0.539101,0.522266,0.500675,0.474320,0.443121,0.406843,0.364924,0.316030,0.256561,0.170830,nan,nan,nan,nan,nan,nan,nan,0.123127
51840.000000,0.559865,0.557451,0.550217,0.538185,0.521384,0.499836,0.473533,0.442395,0.406185,0.364339,0.315524,0.256136,0.170442,nan,nan,nan,nan,nan,nan,nan,0.122898
51900.000000,0.558907,0.556498,0.549279,0.537271,0.520505,0.499001,0.472750,0.441671,0.405529,0.363757,0.315022,0.255714,0.170059,nan,nan,nan,nan,nan,nan,nan,0.122671
51960.000000,0.557951,0.555547,0.548343,0.536361,0.519629,0.498168,0.471969,0.440950,0.404875,0.363178,0.314521,0.255295,0.169679,nan,nan,nan,nan,nan,nan,nan,0.122444
52020.000000,0.556999,0.554600,0.547411,0.535453,0.518755,0.497338,0.471191,0.440232,0.404224,0.362601,0.314024,0.254879,0.169304,nan,nan,nan,nan,nan,nan,nan,0.122218
52080.000000,0.556049,0.553655,0.546481,0.534548,0.517885,0.496510,0.470415,0.439517,0.403576,0.362027,0.313529,0.254465,0.168934,nan,nan,nan,nan,nan,nan,nan,0.121992
52140.000000,0.555103,0.552714,0.545555,0.533647,0.517017,0.495686,0.469643,0.438804,0.402931,0.361455,0.313038,0.254056,0.168568,nan,nan,nan,nan,nan,nan,nan,0.121768
52200.000000,0.554159,0.551775,0.544631,0.532747,0.516152,0.494864,0.468873,0.438094,0.402288,0.360887,0.312549,0.253649,0.168208,nan,nan,nan,nan,nan,nan,nan,0.121544
52260.000000,0.553218,0.550839,0.543710,0.531851,0.515290,0.494045,0.468106,0.437387,0.401649,0.360321,0.312063,0.253245,0.167851,nan,nan,nan,nan,nan,nan,nan,0.121321
52320.000000,0.552280,0.549906,0.542791,0.530957,0.514430,0.493229,0.467341,0.436682,0.401011,0.359758,0.311579,0.252844,0.167498,nan,nan,nan,nan,nan,nan,nan,0.121098
52380.000000,0.551344,0.548975,0.541876,0.530067,0.513574,0.492415,0.466579,0.435980,0.400376,0.359196,0.311098,0.252445,0.167146,nan,nan,nan,nan,nan,nan,nan,0.120877
52440.000000,0.550412,0.548048,0.540963,0.529179,0.512720,0.491604,0.465820,0.435280,0.399743,0.358637,0.310618,0.252048,0.166792,nan,nan,nan,nan,nan,nan,nan,0.120656
52500.000000,0.549482,0.547123,0.540053,0.528293,0.511868,0.490796,0.465063,0.434583,0.399112,0.358081,0.310141,0.251654,0.166441,nan,nan,nan,nan,nan,nan,nan,0.120436
52560.000000,0.548555,0.546201,0.539146,0.527411,0.511019,0.489990,0.464308,0.433888,0.398484,0.357526,0.309666,0.251261,0.166093,nan,nan,nan,nan,nan,nan,nan,0.120216
52620.000000,0.547631,0.545282,0.538242,0.526531,0.510173,0.489186,0.463556,0.433195,0.397858,0.356973,0.309193,0.250871,0.165747,nan,nan,nan,nan,nan,nan,nan,0.119998
52680.000000,0.546710,0.544366,0.537340,0.525653,0.509330,0.488385,0.462807,0.432504,0.397234,0.356423,0.308722,0.250482,0.165404,nan,nan,nan,nan,nan,nan,nan,0.119780
52740.000000,0.545791,0.543452,0.536442,0.524779,0.508489,0.487587,0.462059,0.431816,0.396612,0.355874,0.308252,0.250094,0.165064,nan,nan,nan,nan,nan,nan,nan,0.119563
52800.000000,0.544876,0.542541,0.535545,0.523907,0.507650,0.486791,0.461314,0.431130,0.395993,0.355328,0.307785,0.249708,0.164725,nan,nan,nan,nan,nan,nan,nan,0.119346
52860.000000,0.543963,0.541633,0.534652,0.523038,0.506815,0.485998,0.460572,0.430446,0.395375,0.354783,0.307319,0.249324,0.164389,nan,nan,nan,nan,nan,nan,nan,0.119131
52920.000000,0.543052,0.540728,0.533761,0.522171,0.505981,0.485207,0.459832,0.429765,0.394760,0.354240,0.306855,0.248942,0.164054,nan,nan,nan,nan,nan,nan,nan,0.118916
52980.000000,0.542145,0.539825,0.532873,0.521307,0.505151,0.484419,0.459094,0.429086,0.394146,0.353699,0.306393,0.248561,0.163722,nan,nan,nan,nan,nan,nan,nan,0.118702
53040.000000,0.541240,0.538926,0.531988,0.520446,0.504323,0.483633,0.458358,0.428408,0.393535,0.353161,0.305933,0.248182,0.163391,nan,nan,nan,nan,nan,nan,nan,0.118489
53100.000000,0.540338,0.538028,0.531105,0.519587,0.503497,0.482849,0.457625,0.427733,0.392925,0.352623,0.305473,0.247805,0.163062,nan,nan,nan,nan,nan,nan,nan,0.118276
53160.000000,0.539439,0.537134,0.530225,0.518731,0.502674,0.482068,0.456894,0.427060,0.392318,0.352088,0.305016,0.247428,0.162734,nan,nan,nan,nan,nan,nan,nan,0.118065
53220.000000,0.538543,0.536242,0.529348,0.517878,0.501854,0.481289,0.456166,0.426390,0.391712,0.351554,0.304560,0.247054,0.162407,nan,nan,nan,nan,nan,nan,nan,0.117854
53280.000000,0.537649,0.535353,0.528473,0.517027,0.501035,0.480513,0.455439,0.425721,0.391108,0.351022,0.304105,0.246680,0.162082,nan,nan,nan,nan,nan,nan,nan,0.117644
53340.000000,0.536758,0.534467,0.527601,0.516179,0.500220,0.479738,0.454715,0.425054,0.390507,0.350492,0.303652,0.246308,0.161758,nan,nan,nan,nan,nan,nan,nan,0.117434
53400.000000,0.535869,0.533583,0.526732,0.515333,0.499407,0.478967,0.453993,0.424389,0.389906,0.349963,0.303201,0.245937,0.161436,nan,nan,nan,nan,nan,nan,nan,0.117226
53460.000000,0.534983,0.532702,0.525865,0.514490,0.498596,0.478197,0.453273,0.423727,0.389308,0.349436,0.302750,0.245567,0.161114,nan,nan,nan,nan,nan,nan,nan,0.117018
53520.000000,0.534100,0.531824,0.525001,0.513649,0.497788,0.477430,0.452555,0.423066,0.388712,0.348910,0.302301,0.245198,0.160792,nan,nan,nan,nan,nan,nan,nan,0.116811
53580.000000,0.533220,0.530948,0.524139,0.512811,0.496982,0.476665,0.451839,0.422407,0.388117,0.348386,0.301853,0.244830,0.160472,nan,nan,nan,nan,nan,nan,nan,0.116605
53640.000000,0.532342,0.530075,0.523280,0.511975,0.496178,0.475902,0.451125,0.421750,0.387524,0.347863,0.301407,0.244463,0.160152,nan,nan,nan,nan,nan,nan,nan,0.116399
53700.000000,0.531467,0.529205,0.522424,0.511142,0.495377,0.475142,0.450414,0.421095,0.386932,0.347342,0.300962,0.244097,0.159833,nan,nan,nan,nan,nan,nan,nan,0.116195
53760.000000,0.530594,0.528337,0.521570,0.510311,0.494579,0.474384,0.449704,0.420442,0.386343,0.346822,0.300517,0.243732,0.159513,nan,nan,nan,nan,nan,nan,nan,0.115991
53820.000000,0.529724,0.527471,0.520719,0.509483,0.493782,0.473628,0.448997,0.419790,0.385754,0.346304,0.300074,0.243368,0.159195,nan,nan,nan,nan,nan,nan,nan,0.115788
53880.000000,0.528857,0.526609,0.519870,0.508657,0.492988,0.472874,0.448291,0.419141,0.385168,0.345786,0.299632,0.243004,0.158876,nan,nan,nan,nan,nan,nan,nan,0.115585
53940.000000,0.527992,0.525749,0.519024,0.507833,0.492196,0.472123,0.447588,0.418493,0.384583,0.345270,0.299191,0.242641,0.158557,nan,nan,nan,nan,nan,nan,nan,0.115384
54000.000000,0.527130,0.524891,0.518180,0.507013,0.491407,0.471373,0.446887,0.417847,0.383999,0.344756,0.298751,0.242279,0.158238,nan,nan,nan,nan,nan,nan,nan,0.115183
54060.000000,0.526270,0.524036,0.517339,0.506194,0.490620,0.470626,0.446187,0.417203,0.383417,0.344242,0.298312,0.241917,0.157919,nan,nan,nan,nan,nan,nan,nan,0.114983
54120.000000,0.525413,0.523184,0.516500,0.505378,0.489835,0.469881,0.445489,0.416560,0.382837,0.343730,0.297873,0.241555,0.157599,nan,nan,nan,nan,nan,nan,nan,0.114784
54180.000000,0.524559,0.522334,0.515664,0.504564,0.489052,0.469138,0.444794,0.415919,0.382257,0.343219,0.297436,0.241194,0.157278,nan,nan,nan,nan,nan,nan,nan,0.114586
54240.000000,0.523707,0.521486,0.514830,0.503753,0.488272,0.468397,0.444100,0.415280,0.381680,0.342709,0.296999,0.240833,0.156958,nan,nan,nan,nan,nan,nan,nan,0.114388
54300.000000,0.522858,0.520641,0.513998,0.502944,0.487494,0.467658,0.443408,0.414643,0.381103,0.342200,0.296563,0.240473,0.156637,nan,nan,nan,nan,nan,nan,nan,0.114191
54360.000000,0.522011,0.519799,0.513170,0.502137,0.486718,0.466921,0.442718,0.414007,0.380529,0.341692,0.296129,0.240114,0.156317,nan,nan,nan,nan,nan,nan,nan,0.113995
54420.000000,0.521166,0.518959,0.512343,0.501333,0.485945,0.466186,0.442030,0.413373,0.379956,0.341186,0.295695,0.239756,0.155997,nan,nan,nan,nan,nan,nan,nan,0.113800
54480.000000,0.520324,0.518122,0.511519,0.500531,0.485173,0.465454,0.441344,0.412741,0.379384,0.340682,0.295263,0.239398,0.155677,nan,nan,nan,nan,nan,nan,nan,0.113605
54540.000000,0.519485,0.517287,0.510698,0.499731,0.484404,0.464724,0.440660,0.412111,0.378814,0.340178,0.294831,0.239041,0.155358,nan,nan,nan,nan,nan,nan,nan,0.113412
54600.000000,0.518648,0.516454,0.509878,0.498934,0.483638,0.463995,0.439978,0.411483,0.378246,0.339676,0.294401,0.238686,0.155039,nan,nan,nan,nan,nan,nan,nan,0.113219
54660.000000,0.517814,0.515624,0.509062,0.498139,0.482873,0.463269,0.439299,0.410856,0.377679,0.339176,0.293972,0.238331,0.154722,nan,nan,nan,nan,nan,nan,nan,0.113026
54720.000000,0.516982,0.514797,0.508247,0.497347,0.482111,0.462545,0.438621,0.410231,0.377114,0.338677,0.293545,0.237977,0.154401,nan,nan,nan,nan,nan,nan,nan,0.112835
54780.000000,0.516152,0.513972,0.507435,0.496556,0.481351,0.461823,0.437945,0.409608,0.376551,0.338179,0.293119,0.237625,0.154078,nan,nan,nan,nan,nan,nan,nan,0.112644
54840.000000,0.515325,0.513149,0.506626,0.495769,0.480593,0.461104,0.437271,0.408987,0.375989,0.337684,0.292694,0.237274,0.153756,nan,nan,nan,nan,nan,nan,nan,0.112454
54900.000000,0.514500,0.512329,0.505819,0.494983,0.479838,0.460386,0.436599,0.408368,0.375429,0.337189,0.292270,0.236924,0.153436,nan,nan,nan,nan,nan,nan,nan,0.112265
54960.000000,0.513678,0.511511,0.505014,0.494200,0.479084,0.459671,0.435929,0.407751,0.374871,0.336697,0.291849,0.236576,0.153117,nan,nan,nan,nan,nan,nan,nan,0.112076
55020.000000,0.512858,0.510695,0.504212,0.493419,0.478333,0.458958,0.435261,0.407135,0.374315,0.336206,0.291428,0.236229,0.152800,nan,nan,nan,nan,nan,nan,nan,0.111888
55080.000000,0.512041,0.509882,0.503412,0.492641,0.477585,0.458247,0.434596,0.406522,0.373761,0.335717,0.291010,0.235884,0.152486,nan,nan,nan,nan,nan,nan,nan,0.111701
55140.000000,0.511226,0.509072,0.502614,0.491864,0.476838,0.457538,0.433932,0.405911,0.373208,0.335229,0.290593,0.235540,0.152173,nan,nan,nan,nan,nan,nan,nan,0.111514
55200.000000,0.510413,0.508264,0.501819,0.491090,0.476094,0.456831,0.433270,0.405301,0.372658,0.334744,0.290177,0.235198,0.151863,nan,nan,nan,nan,nan,nan,nan,0.111328
55260.000000,0.509603,0.507458,0.501026,0.490319,0.475352,0.456127,0.432611,0.404694,0.372109,0.334260,0.289764,0.234857,0.151555,nan,nan,nan,nan,nan,nan,nan,0.111143
55320.000000,0.508796,0.506654,0.500235,0.489550,0.474612,0.455425,0.431954,0.404088,0.371562,0.333778,0.289352,0.234518,0.151250,nan,nan,nan,nan,nan,nan,nan,0.110958
55380.000000,0.507990,0.505853,0.499447,0.488783,0.473875,0.454725,0.431299,0.403485,0.371017,0.333298,0.288942,0.234181,0.150948,nan,nan,nan,nan,nan,nan,nan,0.110775
55440.000000,0.507187,0.505054,0.498661,0.488018,0.473140,0.454027,0.430645,0.402884,0.370475,0.332819,0.288534,0.233846,0.150648,nan,nan,nan,nan,nan,nan,nan,0.110591
55500.000000,0.506386,0.504258,0.497878,0.487256,0.472407,0.453331,0.429995,0.402285,0.369934,0.332343,0.288128,0.233513,0.150352,nan,nan,nan,nan,nan,nan,nan,0.110409
55560.000000,0.505588,0.503464,0.497096,0.486496,0.471676,0.452638,0.429346,0.401688,0.369395,0.331869,0.287724,0.233182,0.150059,nan,nan,nan,nan,nan,nan,nan,0.110227
55620.000000,0.504792,0.502672,0.496318,0.485738,0.470948,0.451947,0.428699,0.401093,0.368858,0.331397,0.287322,0.232853,0.149770,nan,nan,nan,nan,nan,nan,nan,0.110045
55680.000000,0.503999,0.501883,0.495541,0.484983,0.470222,0.451258,0.428055,0.400500,0.368324,0.330926,0.286922,0.232526,0.149484,nan,nan,nan,nan,nan,nan,nan,0.109864
55740.000000,0.503207,0.501096,0.494767,0.484230,0.469498,0.450571,0.427413,0.399909,0.367791,0.330458,0.286524,0.232202,0.149202,nan,nan,nan,nan,nan,nan,nan,0.109684
55800.000000,0.502418,0.500311,0.493995,0.483479,0.468776,0.449886,0.426772,0.399320,0.367261,0.329992,0.286128,0.231880,0.148923,nan,nan,nan,nan,nan,nan,nan,0.109505
55860.000000,0.501632,0.499529,0.493225,0.482730,0.468057,0.449204,0.426135,0.398734,0.366732,0.329528,0.285734,0.231561,0.148649,nan,nan,nan,nan,nan,nan,nan,0.109326
55920.000000,0.500848,0.498749,0.492458,0.481984,0.467340,0.448524,0.425499,0.398149,0.366206,0.329066,0.285342,0.231243,0.148377,nan,nan,nan,nan,nan,nan,nan,0.109147
55980.000000,0.500066,0.497971,0.491693,0.481240,0.466625,0.447846,0.424865,0.397567,0.365681,0.328606,0.284952,0.230927,0.148108,nan,nan,nan,nan,nan,nan,nan,0.108969
56040.000000,0.499286,0.497196,0.490930,0.480498,0.465912,0.447170,0.424233,0.396986,0.365158,0.328147,0.284563,0.230613,0.147841,nan,nan,nan,nan,nan,nan,nan,0.108792
56100.000000,0.498509,0.496423,0.490170,0.479759,0.465202,0.446496,0.423603,0.396408,0.364638,0.327690,0.284176,0.230300,0.147577,nan,nan,nan,nan,nan,nan,nan,0.108616
56160.000000,0.497734,0.495652,0.489412,0.479021,0.464493,0.445824,0.422976,0.395831,0.364119,0.327235,0.283791,0.229989,0.147316,nan,nan,nan,nan,nan,nan,nan,0.108440
56220.000000,0.496961,0.494884,0.488656,0.478286,0.463787,0.445154,0.422350,0.395256,0.363601,0.326782,0.283407,0.229680,0.147056,nan,nan,nan,nan,nan,nan,nan,0.108264
56280.000000,0.496191,0.494117,0.487902,0.477553,0.463083,0.444487,0.421726,0.394683,0.363086,0.326330,0.283025,0.229373,0.146799,nan,nan,nan,nan,nan,nan,nan,0.108090
56340.000000,0.495422,0.493353,0.487151,0.476823,0.462381,0.443821,0.421104,0.394112,0.362572,0.325880,0.282644,0.229066,0.146544,nan,nan,nan,nan,nan,nan,nan,0.107916
56400.000000,0.494656,0.492592,0.486401,0.476094,0.461681,0.443158,0.420484,0.393543,0.362060,0.325431,0.282265,0.228762,0.146290,nan,nan,nan,nan,nan,nan,nan,0.107742
56460.000000,0.493893,0.491832,0.485654,0.475368,0.460983,0.442496,0.419866,0.392975,0.361550,0.324984,0.281887,0.228458,0.146039,nan,nan,nan,nan,nan,nan,nan,0.107569
56520.000000,0.493132,0.491075,0.484910,0.474644,0.460288,0.441837,0.419250,0.392409,0.361041,0.324539,0.281511,0.228156,0.145789,nan,nan,nan,nan,nan,nan,nan,0.107397
56580.000000,0.492372,0.490320,0.484167,0.473922,0.459594,0.441179,0.418636,0.391846,0.360534,0.324095,0.281136,0.227856,0.145541,nan,nan,nan,nan,nan,nan,nan,0.107225
56640.000000,0.491616,0.489567,0.483427,0.473202,0.458903,0.440524,0.418024,0.391283,0.360028,0.323652,0.280762,0.227556,0.145294,nan,nan,nan,nan,nan,nan,nan,0.107054
56700.000000,0.490861,0.488817,0.482689,0.472484,0.458213,0.439870,0.417413,0.390723,0.359524,0.323211,0.280390,0.227258,0.145049,nan,nan,nan,nan,nan,nan,nan,0.106884
56760.000000,0.490109,0.488069,0.481953,0.471769,0.457526,0.439219,0.416805,0.390164,0.359022,0.322772,0.280019,0.226961,0.144805,nan,nan,nan,nan,nan,nan,nan,0.106714
56820.000000,0.489358,0.487323,0.481219,0.471055,0.456840,0.438569,0.416198,0.389607,0.358521,0.322333,0.279649,0.226665,0.144562,nan,nan,nan,nan,nan,nan,nan,0.106545
56880.000000,0.488610,0.486579,0.480487,0.470344,0.456157,0.437921,0.415593,0.389052,0.358022,0.321896,0.279280,0.226369,0.144320,nan,nan,nan,nan,nan,nan,nan,0.106376
56940.000000,0.487865,0.485837,0.479758,0.469634,0.455476,0.437276,0.414990,0.388498,0.357524,0.321461,0.278912,0.226075,0.144079,nan,nan,nan,nan,nan,nan,nan,0.106209
57000.000000,0.487121,0.485098,0.479030,0.468927,0.454797,0.436632,0.414388,0.387946,0.357028,0.321026,0.278546,0.225782,0.143838,nan,nan,nan,nan,nan,nan,nan,0.106041
57060.000000,0.486380,0.484360,0.478305,0.468222,0.454119,0.435990,0.413789,0.387395,0.356533,0.320593,0.278180,0.225490,0.143599,nan,nan,nan,nan,nan,nan,nan,0.105875
57120.000000,0.485640,0.483625,0.477582,0.467519,0.453444,0.435349,0.413191,0.386846,0.356039,0.320161,0.277816,0.225198,0.143360,nan,nan,nan,nan,nan,nan,nan,0.105709
57180.000000,0.484903,0.482892,0.476861,0.466818,0.452770,0.434711,0.412594,0.386299,0.355547,0.319730,0.277453,0.224907,0.143121,nan,nan,nan,nan,nan,nan,nan,0.105543
57240.000000,0.484169,0.482161,0.476142,0.466119,0.452099,0.434075,0.412000,0.385753,0.355056,0.319301,0.277090,0.224617,0.142883,nan,nan,nan,nan,nan,nan,nan,0.105378
57300.000000,0.483436,0.481433,0.475426,0.465422,0.451430,0.433440,0.411407,0.385209,0.354567,0.318872,0.276728,0.224328,0.142645,nan,nan,nan,nan,nan,nan,nan,0.105214
57360.000000,0.482705,0.480706,0.474711,0.464727,0.450762,0.432807,0.410816,0.384666,0.354079,0.318445,0.276368,0.224039,0.142407,nan,nan,nan,nan,nan,nan,nan,0.105051
57420.000000,0.481977,0.479982,0.473998,0.464034,0.450096,0.432176,0.410226,0.384125,0.353592,0.318019,0.276008,0.223750,0.142169,nan,nan,nan,nan,nan,nan,nan,0.104888
57480.000000,0.481251,0.479259,0.473288,0.463343,0.449433,0.431547,0.409638,0.383585,0.353106,0.317593,0.275649,0.223463,0.141931,nan,nan,nan,nan,nan,nan,nan,0.104725
57540.000000,0.480527,0.478539,0.472580,0.462655,0.448771,0.430919,0.409052,0.383046,0.352622,0.317169,0.275290,0.223175,0.141693,nan,nan,nan,nan,nan,nan,nan,0.104564
57600.000000,0.479804,0.477821,0.471873,0.461968,0.448111,0.430293,0.408467,0.382509,0.352139,0.316746,0.274933,0.222888,0.141455,nan,nan,nan,nan,nan,nan,nan,0.104403
57660.000000,0.479085,0.477105,0.471169,0.461283,0.447453,0.429669,0.407884,0.381973,0.351657,0.316323,0.274576,0.222601,0.141215,nan,nan,nan,nan,nan,nan,nan,0.104242
57720.000000,0.478367,0.476391,0.470467,0.460600,0.446797,0.429047,0.407302,0.381439,0.351176,0.315902,0.274219,0.222315,0.140970,nan,nan,nan,nan,nan,nan,nan,0.104083
57780.000000,0.477651,0.475679,0.469766,0.459919,0.446142,0.428426,0.406722,0.380906,0.350696,0.315481,0.273863,0.222028,0.140722,nan,nan,nan,nan,nan,nan,nan,0.103924
57840.000000,0.476937,0.474969,0.469068,0.459240,0.445490,0.427807,0.406144,0.380374,0.350218,0.315061,0.273508,0.221742,0.140474,nan,nan,nan,nan,nan,nan,nan,0.103765
57900.000000,0.476226,0.474262,0.468372,0.458562,0.444839,0.427190,0.405567,0.379844,0.349740,0.314642,0.273153,0.221456,0.140225,nan,nan,nan,nan,nan,nan,nan,0.103607
57960.000000,0.475516,0.473556,0.467678,0.457887,0.444190,0.426575,0.404991,0.379315,0.349264,0.314224,0.272799,0.221170,0.139976,nan,nan,nan,nan,nan,nan,nan,0.103450
58020.000000,0.474809,0.472852,0.466985,0.457214,0.443543,0.425961,0.404417,0.378788,0.348789,0.313807,0.272446,0.220885,0.139727,nan,nan,nan,nan,nan,nan,nan,0.103293
58080.000000,0.474103,0.472151,0.466295,0.456542,0.442897,0.425349,0.403845,0.378262,0.348315,0.313391,0.272094,0.220601,0.139478,nan,nan,nan,nan,nan,nan,nan,0.103137
58140.000000,0.473400,0.471451,0.465607,0.455873,0.442254,0.424738,0.403274,0.377737,0.347843,0.312977,0.271742,0.220317,0.139229,nan,nan,nan,nan,nan,nan,nan,0.102982
58200.000000,0.472698,0.470753,0.464921,0.455205,0.441613,0.424129,0.402705,0.377214,0.347371,0.312563,0.271392,0.220034,0.138980,nan,nan,nan,nan,nan,nan,nan,0.102827
58260.000000,0.471999,0.470058,0.464236,0.454540,0.440973,0.423522,0.402138,0.376692,0.346902,0.312151,0.271042,0.219752,0.138733,nan,nan,nan,nan,nan,nan,nan,0.102673
58320.000000,0.471302,0.469364,0.463554,0.453876,0.440335,0.422917,0.401572,0.376172,0.346433,0.311739,0.270694,0.219471,0.138486,nan,nan,nan,nan,nan,nan,nan,0.102519
58380.000000,0.470606,0.468673,0.462873,0.453214,0.439699,0.422314,0.401008,0.375653,0.345966,0.311329,0.270346,0.219190,0.138240,nan,nan,nan,nan,nan,nan,nan,0.102366
58440.000000,0.469913,0.467983,0.462195,0.452554,0.439065,0.421712,0.400445,0.375136,0.345500,0.310920,0.270000,0.218911,0.137995,nan,nan,nan,nan,nan,nan,nan,0.102214
58500.000000,0.469222,0.467295,0.461519,0.451896,0.438432,0.421112,0.399884,0.374621,0.345036,0.310513,0.269655,0.218632,0.137752,nan,nan,nan,nan,nan,nan,nan,0.102062
58560.000000,0.468532,0.466610,0.460844,0.451240,0.437802,0.420514,0.399325,0.374107,0.344573,0.310107,0.269311,0.218355,0.137510,nan,nan,nan,nan,nan,nan,nan,0.101911
58620.000000,0.467845,0.465926,0.460172,0.450586,0.437173,0.419918,0.398768,0.373594,0.344111,0.309702,0.268969,0.218080,0.137270,nan,nan,nan,nan,nan,nan,nan,0.101760
58680.000000,0.467159,0.465244,0.459501,0.449934,0.436546,0.419323,0.398212,0.373083,0.343652,0.309299,0.268628,0.217805,0.137032,nan,nan,nan,nan,nan,nan,nan,0.101610
58740.000000,0.466476,0.464565,0.458832,0.449284,0.435921,0.418730,0.397658,0.372574,0.343193,0.308897,0.268288,0.217532,0.136796,nan,nan,nan,nan,nan,nan,nan,0.101460
58800.000000,0.465795,0.463887,0.458165,0.448635,0.435298,0.418139,0.397105,0.372067,0.342736,0.308497,0.267949,0.217259,0.136563,nan,nan,nan,nan,nan,nan,nan,0.101311
58860.000000,0.465115,0.463211,0.457501,0.447989,0.434677,0.417550,0.396555,0.371561,0.342281,0.308098,0.267612,0.216989,0.136332,nan,nan,nan,nan,nan,nan,nan,0.101162
58920.000000,0.464437,0.462537,0.456838,0.447344,0.434057,0.416963,0.396006,0.371057,0.341828,0.307701,0.267277,0.216720,0.136104,nan,nan,nan,nan,nan,nan,nan,0.101014
58980.000000,0.463762,0.461865,0.456177,0.446701,0.433440,0.416377,0.395459,0.370554,0.341376,0.307305,0.266943,0.216453,0.135878,nan,nan,nan,nan,nan,nan,nan,0.100866
59040.000000,0.463088,0.461195,0.455518,0.446060,0.432824,0.415793,0.394913,0.370053,0.340925,0.306911,0.266611,0.216187,0.135656,nan,nan,nan,nan,nan,nan,nan,0.100719
59100.000000,0.462416,0.460527,0.454861,0.445421,0.432210,0.415211,0.394370,0.369554,0.340477,0.306518,0.266281,0.215923,0.135437,nan,nan,nan,nan,nan,nan,nan,0.100573
59160.000000,0.461747,0.459861,0.454205,0.444784,0.431598,0.414631,0.393828,0.369057,0.340030,0.306128,0.265952,0.215662,0.135222,nan,nan,nan,nan,nan,nan,nan,0.100426
59220.000000,0.461079,0.459197,0.453552,0.444149,0.430988,0.414053,0.393288,0.368562,0.339585,0.305739,0.265625,0.215402,0.135010,nan,nan,nan,nan,nan,nan,nan,0.100281
59280.000000,0.460413,0.458534,0.452901,0.443516,0.430380,0.413476,0.392750,0.368068,0.339141,0.305352,0.265300,0.215144,0.134802,nan,nan,nan,nan,nan,nan,nan,0.100136
59340.000000,0.459749,0.457874,0.452251,0.442884,0.429774,0.412902,0.392213,0.367576,0.338700,0.304966,0.264976,0.214889,0.134598,nan,nan,nan,nan,nan,nan,nan,0.099991
59400.000000,0.459087,0.457216,0.451604,0.442255,0.429169,0.412329,0.391679,0.367086,0.338260,0.304583,0.264655,0.214636,0.134399,nan,nan,nan,nan,nan,nan,nan,0.099847
59460.000000,0.458426,0.456559,0.450958,0.441627,0.428566,0.411758,0.391146,0.366598,0.337822,0.304201,0.264336,0.214384,0.134203,nan,nan,nan,nan,nan,nan,nan,0.099703
59520.000000,0.457768,0.455904,0.450314,0.441001,0.427966,0.411189,0.390615,0.366111,0.337385,0.303821,0.264018,0.214135,0.134010,nan,nan,nan,nan,nan,nan,nan,0.099559
59580.000000,0.457112,0.455252,0.449672,0.440377,0.427367,0.410621,0.390086,0.365626,0.336951,0.303442,0.263701,0.213887,0.133821,nan,nan,nan,nan,nan,nan,nan,0.099417
59640.000000,0.456457,0.454601,0.449032,0.439755,0.426769,0.410056,0.389558,0.365143,0.336518,0.303065,0.263386,0.213641,0.133634,nan,nan,nan,nan,nan,nan,nan,0.099274
59700.000000,0.455805,0.453952,0.448394,0.439135,0.426174,0.409492,0.389032,0.364661,0.336086,0.302689,0.263073,0.213396,0.133450,nan,nan,nan,nan,nan,nan,nan,0.099132
59760.000000,0.455154,0.453305,0.447758,0.438517,0.425580,0.408930,0.388508,0.364181,0.335656,0.302315,0.262761,0.213153,0.133269,nan,nan,nan,nan,nan,nan,nan,0.098991
59820.000000,0.454505,0.452659,0.447123,0.437900,0.424989,0.408369,0.387985,0.363702,0.335227,0.301943,0.262451,0.212911,0.133089,nan,nan,nan,nan,nan,nan,nan,0.098850
59880.000000,0.453858,0.452016,0.446491,0.437285,0.424399,0.407811,0.387465,0.363225,0.334800,0.301571,0.262141,0.212671,0.132912,nan,nan,nan,nan,nan,nan,nan,0.098709
59940.000000,0.453213,0.451375,0.445860,0.436672,0.423810,0.407254,0.386945,0.362750,0.334374,0.301201,0.261833,0.212432,0.132736,nan,nan,nan,nan,nan,nan,nan,0.098569
60000.000000,0.452570,0.450735,0.445231,0.436061,0.423224,0.406698,0.386427,0.362276,0.333950,0.300832,0.261526,0.212194,0.132563,nan,nan,nan,nan,nan,nan,nan,0.098430
60060.000000,0.451928,0.450097,0.444604,0.435452,0.422639,0.406144,0.385911,0.361803,0.333527,0.300465,0.261220,0.211957,0.132390,nan,nan,nan,nan,nan,nan,nan,0.098291
60120.000000,0.451289,0.449461,0.443979,0.434844,0.422055,0.405592,0.385396,0.361332,0.333105,0.300098,0.260916,0.211721,0.132219,nan,nan,nan,nan,nan,nan,nan,0.098152
60180.000000,0.450651,0.448827,0.443355,0.434238,0.421474,0.405042,0.384883,0.360862,0.332685,0.299733,0.260612,0.211485,0.132049,nan,nan,nan,nan,nan,nan,nan,0.098014
60240.000000,0.450015,0.448195,0.442733,0.433634,0.420894,0.404493,0.384371,0.360394,0.332265,0.299369,0.260309,0.211251,0.131880,nan,nan,nan,nan,nan,nan,nan,0.097877
60300.000000,0.449381,0.447564,0.442113,0.433031,0.420316,0.403945,0.383861,0.359927,0.331847,0.299006,0.260007,0.211017,0.131712,nan,nan,nan,nan,nan,nan,nan,0.097740
60360.000000,0.448749,0.446936,0.441495,0.432431,0.419739,0.403400,0.383352,0.359461,0.331430,0.298644,0.259706,0.210784,0.131544,nan,nan,nan,nan,nan,nan,nan,0.097603
60420.000000,0.448119,0.446309,0.440879,0.431832,0.419165,0.402855,0.382845,0.358996,0.331015,0.298283,0.259406,0.210552,0.131376,nan,nan,nan,nan,nan,nan,nan,0.097467
60480.000000,0.447490,0.445684,0.440264,0.431235,0.418591,0.402313,0.382339,0.358533,0.330600,0.297923,0.259106,0.210320,0.131209,nan,nan,nan,nan,nan,nan,nan,0.097332
60540.000000,0.446863,0.445060,0.439652,0.430639,0.418020,0.401771,0.381834,0.358071,0.330187,0.297563,0.258807,0.210089,0.131041,nan,nan,nan,nan,nan,nan,nan,0.097197
60600.000000,0.446238,0.444439,0.439040,0.430045,0.417450,0.401232,0.381331,0.357610,0.329774,0.297205,0.258509,0.209857,0.130873,nan,nan,nan,nan,nan,nan,nan,0.097062
60660.000000,0.445615,0.443819,0.438431,0.429453,0.416881,0.400693,0.380829,0.357151,0.329363,0.296847,0.258211,0.209627,0.130705,nan,nan,nan,nan,nan,nan,nan,0.096928
60720.000000,0.444994,0.443201,0.437823,0.428862,0.416314,0.400157,0.380329,0.356692,0.328952,0.296490,0.257914,0.209396,0.130536,nan,nan,nan,nan,nan,nan,nan,0.096795
60780.000000,0.444374,0.442585,0.437218,0.428273,0.415749,0.399621,0.379829,0.356235,0.328542,0.296134,0.257617,0.209165,0.130366,nan,nan,nan,nan,nan,nan,nan,0.096662
60840.000000,0.443756,0.441971,0.436613,0.427686,0.415185,0.399087,0.379331,0.355779,0.328134,0.295778,0.257321,0.208935,0.130195,nan,nan,nan,nan,nan,nan,nan,0.096529
60900.000000,0.443140,0.441358,0.436011,0.427101,0.414623,0.398555,0.378835,0.355324,0.327726,0.295424,0.257025,0.208704,0.130023,nan,nan,nan,nan,nan,nan,nan,0.096397
60960.000000,0.442526,0.440747,0.435410,0.426517,0.414062,0.398024,0.378339,0.354870,0.327319,0.295069,0.256729,0.208473,0.129850,nan,nan,nan,nan,nan,nan,nan,0.096266
61020.000000,0.441913,0.440138,0.434811,0.425934,0.413503,0.397494,0.377845,0.354417,0.326913,0.294715,0.256434,0.208242,0.129674,nan,nan,nan,nan,nan,nan,nan,0.096135
61080.000000,0.441303,0.439530,0.434214,0.425353,0.412945,0.396965,0.377352,0.353965,0.326507,0.294362,0.256138,0.208011,0.129498,nan,nan,nan,nan,nan,nan,nan,0.096005
61140.000000,0.440693,0.438925,0.433618,0.424774,0.412389,0.396438,0.376860,0.353513,0.326102,0.294009,0.255843,0.207780,0.129319,nan,nan,nan,nan,nan,nan,nan,0.095875
61200.000000,0.440086,0.438321,0.433024,0.424196,0.411834,0.395912,0.376369,0.353063,0.325698,0.293657,0.255548,0.207548,0.129138,nan,nan,nan,nan,nan,nan,nan,0.095746
61260.000000,0.439480,0.437718,0.432431,0.423620,0.411281,0.395388,0.375879,0.352614,0.325295,0.293305,0.255252,0.207315,0.128954,nan,nan,nan,nan,nan,nan,nan,0.095617
61320.000000,0.438876,0.437117,0.431840,0.423046,0.410729,0.394865,0.375390,0.352166,0.324892,0.292953,0.254957,0.207082,0.128767,nan,nan,nan,nan,nan,nan,nan,0.095489
61380.000000,0.438274,0.436518,0.431251,0.422473,0.410179,0.394343,0.374903,0.351718,0.324490,0.292602,0.254661,0.206847,0.128577,nan,nan,nan,nan,nan,nan,nan,0.095361
61440.000000,0.437674,0.435921,0.430663,0.421901,0.409629,0.393822,0.374416,0.351271,0.324088,0.292250,0.254366,0.206613,0.128385,nan,nan,nan,nan,nan,nan,nan,0.095234
61500.000000,0.437075,0.435325,0.430077,0.421331,0.409082,0.393302,0.373931,0.350825,0.323687,0.291900,0.254070,0.206377,0.128190,nan,nan,nan,nan,nan,nan,nan,0.095108
61560.000000,0.436477,0.434731,0.429493,0.420763,0.408535,0.392784,0.373447,0.350380,0.323287,0.291549,0.253775,0.206141,0.127993,nan,nan,nan,nan,nan,nan,nan,0.094982
61620.000000,0.435882,0.434139,0.428910,0.420196,0.407991,0.392267,0.372963,0.349936,0.322887,0.291199,0.253479,0.205905,0.127793,nan,nan,nan,nan,nan,nan,nan,0.094856
61680.000000,0.435288,0.433548,0.428329,0.419631,0.407447,0.391752,0.372481,0.349493,0.322488,0.290849,0.253184,0.205669,0.127592,nan,nan,nan,nan,nan,nan,nan,0.094731
61740.000000,0.434695,0.432959,0.427749,0.419067,0.406905,0.391237,0.372000,0.349051,0.322090,0.290500,0.252888,0.205432,0.127389,nan,nan,nan,nan,nan,nan,nan,0.094607
61800.000000,0.434105,0.432372,0.427171,0.418504,0.406364,0.390724,0.371520,0.348609,0.321693,0.290152,0.252593,0.205195,0.127184,nan,nan,nan,nan,nan,nan,nan,0.094483
61860.000000,0.433516,0.431786,0.426595,0.417944,0.405825,0.390213,0.371042,0.348169,0.321296,0.289803,0.252299,0.204958,0.126978,nan,nan,nan,nan,nan,nan,nan,0.094360
61920.000000,0.432928,0.431201,0.426020,0.417384,0.405287,0.389702,0.370564,0.347730,0.320900,0.289456,0.252004,0.204721,0.126771,nan,nan,nan,nan,nan,nan,nan,0.094237
61980.000000,0.432343,0.430619,0.425447,0.416826,0.404751,0.389193,0.370088,0.347292,0.320505,0.289109,0.251710,0.204484,0.126563,nan,nan,nan,nan,nan,nan,nan,0.094114
62040.000000,0.431758,0.430038,0.424875,0.416270,0.404216,0.388685,0.369613,0.346854,0.320111,0.288763,0.251417,0.204247,0.126354,nan,nan,nan,nan,nan,nan,nan,0.093993
62100.000000,0.431176,0.429458,0.424305,0.415715,0.403682,0.388178,0.369139,0.346418,0.319717,0.288417,0.251123,0.204010,0.126144,nan,nan,nan,nan,nan,nan,nan,0.093871
62160.000000,0.430595,0.428880,0.423736,0.415162,0.403150,0.387673,0.368666,0.345983,0.319325,0.288073,0.250831,0.203773,0.125927,nan,nan,nan,nan,nan,nan,nan,0.093750
62220.000000,0.430015,0.428304,0.423169,0.414610,0.402620,0.387169,0.368194,0.345549,0.318934,0.287729,0.250539,0.203537,0.125707,nan,nan,nan,nan,nan,nan,nan,0.093630
62280.000000,0.429437,0.427729,0.422603,0.414060,0.402090,0.386667,0.367724,0.345116,0.318543,0.287385,0.250247,0.203301,0.125487,nan,nan,nan,nan,nan,nan,nan,0.093510
62340.000000,0.428861,0.427156,0.422039,0.413511,0.401562,0.386166,0.367255,0.344684,0.318154,0.287043,0.249957,0.203066,0.125268,nan,nan,nan,nan,nan,nan,nan,0.093390
62400.000000,0.428287,0.426584,0.421477,0.412963,0.401036,0.385666,0.366787,0.344253,0.317765,0.286701,0.249666,0.202831,0.125048,nan,nan,nan,nan,nan,nan,nan,0.093271
62460.000000,0.427713,0.426014,0.420916,0.412417,0.400511,0.385167,0.366320,0.343824,0.317378,0.286361,0.249377,0.202597,0.124829,nan,nan,nan,nan,nan,nan,nan,0.093153
62520.000000,0.427142,0.425446,0.420356,0.411873,0.399987,0.384670,0.365855,0.343395,0.316991,0.286021,0.249089,0.202363,0.124610,nan,nan,nan,nan,nan,nan,nan,0.093034
62580.000000,0.426572,0.424879,0.419798,0.411330,0.399465,0.384174,0.365391,0.342968,0.316606,0.285682,0.248801,0.202131,0.124393,nan,nan,nan,nan,nan,nan,nan,0.092917
62640.000000,0.426003,0.424313,0.419242,0.410788,0.398944,0.383680,0.364928,0.342542,0.316221,0.285345,0.248514,0.201899,0.124176,nan,nan,nan,nan,nan,nan,nan,0.092799
62700.000000,0.425437,0.423750,0.418687,0.410248,0.398425,0.383186,0.364467,0.342117,0.315838,0.285008,0.248228,0.201668,0.123961,nan,nan,nan,nan,nan,nan,nan,0.092682
62760.000000,0.424871,0.423187,0.418134,0.409710,0.397907,0.382695,0.364006,0.341694,0.315456,0.284672,0.247944,0.201438,0.123748,nan,nan,nan,nan,nan,nan,nan,0.092566
62820.000000,0.424307,0.422626,0.417582,0.409173,0.397390,0.382204,0.363548,0.341272,0.315075,0.284337,0.247660,0.201209,0.123536,nan,nan,nan,nan,nan,nan,nan,0.092450
62880.000000,0.423745,0.422067,0.417031,0.408637,0.396875,0.381715,0.363090,0.340850,0.314696,0.284004,0.247377,0.200981,0.123326,nan,nan,nan,nan,nan,nan,nan,0.092334
62940.000000,0.423184,0.421509,0.416483,0.408103,0.396362,0.381228,0.362634,0.340431,0.314317,0.283671,0.247096,0.200754,0.123118,nan,nan,nan,nan,nan,nan,nan,0.092219
63000.000000,0.422625,0.420953,0.415935,0.407571,0.395850,0.380742,0.362179,0.340012,0.313940,0.283340,0.246815,0.200529,0.122912,nan,nan,nan,nan,nan,nan,nan,0.092104
63060.000000,0.422067,0.420398,0.415389,0.407040,0.395339,0.380257,0.361725,0.339595,0.313564,0.283010,0.246536,0.200304,0.122707,nan,nan,nan,nan,nan,nan,nan,0.091989
63120.000000,0.421511,0.419845,0.414845,0.406510,0.394829,0.379773,0.361273,0.339178,0.313189,0.282680,0.246256,0.200079,0.122500,nan,nan,nan,nan,nan,nan,nan,0.091875
63180.000000,0.420956,0.419293,0.414302,0.405981,0.394321,0.379291,0.360821,0.338763,0.312814,0.282351,0.245977,0.199854,0.122293,nan,nan,nan,nan,nan,nan,nan,0.091762
63240.000000,0.420403,0.418743,0.413761,0.405454,0.393814,0.378810,0.360371,0.338348,0.312440,0.282022,0.245699,0.199629,0.122084,nan,nan,nan,nan,nan,nan,nan,0.091649
63300.000000,0.419852,0.418194,0.413220,0.404929,0.393309,0.378330,0.359922,0.337935,0.312067,0.281694,0.245420,0.199404,0.121874,nan,nan,nan,nan,nan,nan,nan,0.091536
63360.000000,0.419301,0.417647,0.412682,0.404405,0.392805,0.377851,0.359474,0.337522,0.311695,0.281367,0.245143,0.199180,0.121664,nan,nan,nan,nan,nan,nan,nan,0.091423
63420.000000,0.418753,0.417101,0.412145,0.403882,0.392302,0.377373,0.359027,0.337111,0.311324,0.281041,0.244865,0.198956,0.121454,nan,nan,nan,nan,nan,nan,nan,0.091312
63480.000000,0.418205,0.416557,0.411609,0.403361,0.391800,0.376897,0.358581,0.336700,0.310953,0.280715,0.244589,0.198731,0.121243,nan,nan,nan,nan,nan,nan,nan,0.091200
63540.000000,0.417660,0.416014,0.411075,0.402841,0.391300,0.376422,0.358136,0.336290,0.310584,0.280390,0.244313,0.198507,0.121033,nan,nan,nan,nan,nan,nan,nan,0.091089
63600.000000,0.417115,0.415472,0.410542,0.402322,0.390801,0.375948,0.357692,0.335882,0.310215,0.280065,0.244037,0.198284,0.120822,nan,nan,nan,nan,nan,nan,nan,0.090978
63660.000000,0.416572,0.414932,0.410010,0.401805,0.390304,0.375476,0.357250,0.335475,0.309847,0.279742,0.243763,0.198061,0.120612,nan,nan,nan,nan,nan,nan,nan,0.090868
63720.000000,0.416031,0.414394,0.409480,0.401289,0.389807,0.375004,0.356809,0.335068,0.309481,0.279419,0.243489,0.197839,0.120403,nan,nan,nan,nan,nan,nan,nan,0.090758
63780.000000,0.415491,0.413857,0.408952,0.400774,0.389313,0.374534,0.356369,0.334663,0.309115,0.279098,0.243216,0.197617,0.120195,nan,nan,nan,nan,nan,nan,nan,0.090649
63840.000000,0.414952,0.413321,0.408425,0.400261,0.388819,0.374066,0.355930,0.334259,0.308750,0.278777,0.242943,0.197396,0.119987,nan,nan,nan,nan,nan,nan,nan,0.090540
63900.000000,0.414415,0.412787,0.407899,0.399750,0.388327,0.373598,0.355492,0.333856,0.308387,0.278457,0.242672,0.197176,0.119781,nan,nan,nan,nan,nan,nan,nan,0.090431
63960.000000,0.413880,0.412254,0.407375,0.399239,0.387836,0.373132,0.355056,0.333454,0.308024,0.278139,0.242401,0.196957,0.119577,nan,nan,nan,nan,nan,nan,nan,0.090322
64020.000000,0.413345,0.411723,0.406852,0.398730,0.387346,0.372667,0.354621,0.333054,0.307663,0.277821,0.242132,0.196739,0.119374,nan,nan,nan,nan,nan,nan,nan,0.090215
64080.000000,0.412813,0.411193,0.406330,0.398223,0.386858,0.372204,0.354187,0.332654,0.307303,0.277504,0.241863,0.196522,0.119173,nan,nan,nan,nan,nan,nan,nan,0.090107
64140.000000,0.412281,0.410664,0.405810,0.397717,0.386371,0.371741,0.353754,0.332256,0.306943,0.277189,0.241596,0.196307,0.118974,nan,nan,nan,nan,nan,nan,nan,0.090000
64200.000000,0.411751,0.410137,0.405291,0.397212,0.385886,0.371280,0.353322,0.331859,0.306585,0.276874,0.241330,0.196092,0.118777,nan,nan,nan,nan,nan,nan,nan,0.089893
64260.000000,0.411223,0.409611,0.404774,0.396708,0.385402,0.370821,0.352892,0.331463,0.306229,0.276561,0.241065,0.195879,0.118582,nan,nan,nan,nan,nan,nan,nan,0.089786
64320.000000,0.410696,0.409087,0.404258,0.396206,0.384919,0.370362,0.352463,0.331068,0.305873,0.276249,0.240801,0.195666,0.118391,nan,nan,nan,nan,nan,nan,nan,0.089680
64380.000000,0.410170,0.408564,0.403743,0.395706,0.384437,0.369905,0.352036,0.330675,0.305519,0.275938,0.240538,0.195456,0.118202,nan,nan,nan,nan,nan,nan,nan,0.089574
64440.000000,0.409646,0.408043,0.403230,0.395206,0.383957,0.369450,0.351610,0.330283,0.305166,0.275628,0.240277,0.195247,0.118016,nan,nan,nan,nan,nan,nan,nan,0.089469
64500.000000,0.409123,0.407522,0.402719,0.394709,0.383479,0.368995,0.351185,0.329892,0.304814,0.275320,0.240017,0.195039,0.117834,nan,nan,nan,nan,nan,nan,nan,0.089364
64560.000000,0.408601,0.407004,0.402208,0.394212,0.383001,0.368542,0.350761,0.329503,0.304464,0.275013,0.239758,0.194833,0.117655,nan,nan,nan,nan,nan,nan,nan,0.089259
64620.000000,0.408081,0.406486,0.401699,0.393717,0.382525,0.368091,0.350339,0.329115,0.304114,0.274707,0.239501,0.194628,0.117480,nan,nan,nan,nan,nan,nan,nan,0.089154
64680.000000,0.407563,0.405971,0.401192,0.393223,0.382051,0.367640,0.349918,0.328728,0.303767,0.274403,0.239245,0.194426,0.117308,nan,nan,nan,nan,nan,nan,nan,0.089050
64740.000000,0.407045,0.405456,0.400685,0.392731,0.381577,0.367192,0.349498,0.328343,0.303420,0.274100,0.238991,0.194225,0.117141,nan,nan,nan,nan,nan,nan,nan,0.088946
64800.000000,0.406529,0.404943,0.400181,0.392240,0.381106,0.366744,0.349080,0.327959,0.303075,0.273799,0.238738,0.194026,0.116978,nan,nan,nan,nan,nan,nan,nan,0.088842
64860.000000,0.406015,0.404431,0.399677,0.391750,0.380635,0.366298,0.348663,0.327576,0.302731,0.273499,0.238486,0.193828,0.116818,nan,nan,nan,nan,nan,nan,nan,0.088739
64920.000000,0.405502,0.403921,0.399175,0.391262,0.380166,0.365853,0.348248,0.327195,0.302389,0.273200,0.238236,0.193632,0.116660,nan,nan,nan,nan,nan,nan,nan,0.088636
64980.000000,0.404990,0.403412,0.398674,0.390775,0.379698,0.365409,0.347833,0.326815,0.302047,0.272902,0.237987,0.193437,0.116505,nan,nan,nan,nan,nan,nan,nan,0.088533
65040.000000,0.404480,0.402904,0.398175,0.390289,0.379231,0.364967,0.347420,0.326435,0.301707,0.272605,0.237739,0.193243,0.116352,nan,nan,nan,nan,nan,nan,nan,0.088431
65100.000000,0.403971,0.402398,0.397677,0.389805,0.378766,0.364526,0.347008,0.326057,0.301367,0.272309,0.237491,0.193050,0.116200,nan,nan,nan,nan,nan,nan,nan,0.088329
65160.000000,0.403463,0.401893,0.397180,0.389322,0.378302,0.364086,0.346597,0.325681,0.301029,0.272015,0.237245,0.192858,0.116051,nan,nan,nan,nan,nan,nan,nan,0.088227
65220.000000,0.402957,0.401389,0.396685,0.388840,0.377839,0.363647,0.346188,0.325305,0.300692,0.271721,0.237000,0.192667,0.115904,nan,nan,nan,nan,nan,nan,nan,0.088126
65280.000000,0.402452,0.400887,0.396191,0.388360,0.377378,0.363210,0.345779,0.324930,0.300356,0.271428,0.236756,0.192477,0.115758,nan,nan,nan,nan,nan,nan,nan,0.088025
65340.000000,0.401948,0.400386,0.395699,0.387881,0.376918,0.362774,0.345372,0.324557,0.300021,0.271136,0.236512,0.192287,0.115613,nan,nan,nan,nan,nan,nan,nan,0.087924
65400.000000,0.401446,0.399887,0.395207,0.387403,0.376459,0.362339,0.344966,0.324184,0.299687,0.270845,0.236270,0.192099,0.115470,nan,nan,nan,nan,nan,nan,nan,0.087824
65460.000000,0.400945,0.399389,0.394717,0.386927,0.376001,0.361905,0.344561,0.323813,0.299354,0.270555,0.236028,0.191912,0.115329,nan,nan,nan,nan,nan,nan,nan,0.087724
65520.000000,0.400445,0.398892,0.394229,0.386452,0.375544,0.361472,0.344157,0.323442,0.299021,0.270266,0.235787,0.191725,0.115189,nan,nan,nan,nan,nan,nan,nan,0.087624
65580.000000,0.399947,0.398397,0.393741,0.385978,0.375089,0.361041,0.343754,0.323073,0.298690,0.269978,0.235546,0.191539,0.115050,nan,nan,nan,nan,nan,nan,nan,0.087525
65640.000000,0.399450,0.397902,0.393255,0.385505,0.374635,0.360610,0.343352,0.322705,0.298360,0.269690,0.235307,0.191354,0.114912,nan,nan,nan,nan,nan,nan,nan,0.087426
65700.000000,0.398955,0.397410,0.392770,0.385034,0.374183,0.360181,0.342952,0.322338,0.298031,0.269404,0.235068,0.191169,0.114774,nan,nan,nan,nan,nan,nan,nan,0.087327
65760.000000,0.398461,0.396918,0.392287,0.384564,0.373731,0.359753,0.342552,0.321971,0.297702,0.269118,0.234830,0.190985,0.114638,nan,nan,nan,nan,nan,nan,nan,0.087229
65820.000000,0.397968,0.396428,0.391805,0.384095,0.373281,0.359327,0.342154,0.321606,0.297375,0.268833,0.234593,0.190802,0.114503,nan,nan,nan,nan,nan,nan,nan,0.087131
65880.000000,0.397476,0.395939,0.391324,0.383627,0.372832,0.358901,0.341757,0.321242,0.297048,0.268549,0.234357,0.190619,0.114368,nan,nan,nan,nan,nan,nan,nan,0.087033
65940.000000,0.396986,0.395451,0.390844,0.383161,0.372384,0.358476,0.341360,0.320878,0.296723,0.268266,0.234121,0.190437,0.114234,nan,nan,nan,nan,nan,nan,nan,0.086936
66000.000000,0.396497,0.394965,0.390366,0.382696,0.371937,0.358053,0.340965,0.320516,0.296398,0.267983,0.233885,0.190255,0.114100,nan,nan,nan,nan,nan,nan,nan,0.086839
66060.000000,0.396009,0.394480,0.389889,0.382232,0.371491,0.357631,0.340571,0.320155,0.296074,0.267701,0.233650,0.190074,0.113966,nan,nan,nan,nan,nan,nan,nan,0.086742
66120.000000,0.395523,0.393996,0.389413,0.381769,0.371047,0.357209,0.340178,0.319794,0.295750,0.267420,0.233416,0.189893,0.113833,nan,nan,nan,nan,nan,nan,nan,0.086646
66180.000000,0.395038,0.393514,0.388939,0.381308,0.370604,0.356789,0.339785,0.319435,0.295428,0.267139,0.233183,0.189712,0.113698,nan,nan,nan,nan,nan,nan,nan,0.086550
66240.000000,0.394554,0.393033,0.388466,0.380848,0.370162,0.356370,0.339394,0.319076,0.295106,0.266859,0.232950,0.189532,0.113559,nan,nan,nan,nan,nan,nan,nan,0.086454
66300.000000,0.394072,0.392553,0.387994,0.380389,0.369721,0.355952,0.339004,0.318718,0.294786,0.266580,0.232717,0.189352,0.113420,nan,nan,nan,nan,nan,nan,nan,0.086359
66360.000000,0.393591,0.392075,0.387523,0.379931,0.369281,0.355536,0.338615,0.318361,0.294465,0.266302,0.232485,0.189172,0.113281,nan,nan,nan,nan,nan,nan,nan,0.086264
66420.000000,0.393111,0.391597,0.387053,0.379474,0.368842,0.355120,0.338227,0.318005,0.294146,0.266024,0.232253,0.188993,0.113141,nan,nan,nan,nan,nan,nan,nan,0.086169
66480.000000,0.392632,0.391121,0.386585,0.379019,0.368405,0.354705,0.337839,0.317650,0.293827,0.265746,0.232022,0.188814,0.113001,nan,nan,nan,nan,nan,nan,nan,0.086075
66540.000000,0.392155,0.390646,0.386118,0.378565,0.367968,0.354291,0.337453,0.317296,0.293509,0.265469,0.231791,0.188635,0.112860,nan,nan,nan,nan,nan,nan,nan,0.085981
66600.000000,0.391679,0.390173,0.385652,0.378112,0.367533,0.353879,0.337068,0.316942,0.293192,0.265193,0.231560,0.188456,0.112719,nan,nan,nan,nan,nan,nan,nan,0.085887
66660.000000,0.391204,0.389701,0.385188,0.377660,0.367099,0.353467,0.336683,0.316589,0.292876,0.264917,0.231330,0.188278,0.112577,nan,nan,nan,nan,nan,nan,nan,0.085794
66720.000000,0.390730,0.389230,0.384724,0.377209,0.366666,0.353056,0.336300,0.316238,0.292560,0.264642,0.231101,0.188099,0.112436,nan,nan,nan,nan,nan,nan,nan,0.085701
66780.000000,0.390258,0.388760,0.384262,0.376760,0.366234,0.352647,0.335917,0.315887,0.292245,0.264368,0.230872,0.187922,0.112295,nan,nan,nan,nan,nan,nan,nan,0.085608
66840.000000,0.389787,0.388291,0.383801,0.376311,0.365803,0.352239,0.335536,0.315537,0.291931,0.264094,0.230643,0.187745,0.112154,nan,nan,nan,nan,nan,nan,nan,0.085516
66900.000000,0.389317,0.387824,0.383341,0.375864,0.365374,0.351831,0.335155,0.315188,0.291618,0.263821,0.230415,0.187568,0.112014,nan,nan,nan,nan,nan,nan,nan,0.085424
66960.000000,0.388848,0.387358,0.382883,0.375418,0.364945,0.351425,0.334776,0.314839,0.291305,0.263549,0.230188,0.187391,0.111874,nan,nan,nan,nan,nan,nan,nan,0.085333
67020.000000,0.388381,0.386893,0.382426,0.374974,0.364518,0.351020,0.334397,0.314492,0.290994,0.263277,0.229961,0.187215,0.111734,nan,nan,nan,nan,nan,nan,nan,0.085241
67080.000000,0.387915,0.386429,0.381969,0.374530,0.364091,0.350615,0.334020,0.314146,0.290683,0.263006,0.229735,0.187040,0.111595,nan,nan,nan,nan,nan,nan,nan,0.085150
67140.000000,0.387450,0.385967,0.381515,0.374087,0.363666,0.350212,0.333643,0.313800,0.290372,0.262736,0.229510,0.186865,0.111456,nan,nan,nan,nan,nan,nan,nan,0.085060
67200.000000,0.386986,0.385505,0.381061,0.373646,0.363242,0.349810,0.333267,0.313455,0.290063,0.262467,0.229285,0.186690,0.111317,nan,nan,nan,nan,nan,nan,nan,0.084970
67260.000000,0.386523,0.385045,0.380608,0.373206,0.362819,0.349409,0.332893,0.313112,0.289754,0.262198,0.229060,0.186516,0.111178,nan,nan,nan,nan,nan,nan,nan,0.084880
67320.000000,0.386062,0.384587,0.380157,0.372767,0.362397,0.349009,0.332519,0.312769,0.289447,0.261929,0.228836,0.186342,0.111040,nan,nan,nan,nan,nan,nan,nan,0.084790
67380.000000,0.385602,0.384129,0.379707,0.372329,0.361976,0.348610,0.332146,0.312427,0.289140,0.261662,0.228613,0.186169,0.110902,nan,nan,nan,nan,nan,nan,nan,0.084700
67440.000000,0.385143,0.383673,0.379258,0.371892,0.361557,0.348212,0.331774,0.312085,0.288833,0.261395,0.228390,0.185996,0.110765,nan,nan,nan,nan,nan,nan,nan,0.084611
67500.000000,0.384685,0.383217,0.378810,0.371457,0.361138,0.347815,0.331404,0.311745,0.288528,0.261129,0.228168,0.185823,0.110628,nan,nan,nan,nan,nan,nan,nan,0.084523
67560.000000,0.384229,0.382763,0.378363,0.371022,0.360721,0.347419,0.331034,0.311406,0.288223,0.260863,0.227946,0.185651,0.110491,nan,nan,nan,nan,nan,nan,nan,0.084434
67620.000000,0.383773,0.382310,0.377917,0.370589,0.360304,0.347024,0.330665,0.311067,0.287919,0.260598,0.227725,0.185479,0.110354,nan,nan,nan,nan,nan,nan,nan,0.084346
67680.000000,0.383319,0.381859,0.377473,0.370157,0.359889,0.346630,0.330297,0.310729,0.287616,0.260334,0.227504,0.185308,0.110218,nan,nan,nan,nan,nan,nan,nan,0.084258
67740.000000,0.382866,0.381408,0.377030,0.369725,0.359474,0.346237,0.329930,0.310392,0.287313,0.260070,0.227284,0.185137,0.110082,nan,nan,nan,nan,nan,nan,nan,0.084171
67800.000000,0.382414,0.380959,0.376588,0.369295,0.359061,0.345845,0.329563,0.310056,0.287012,0.259807,0.227064,0.184967,0.109946,nan,nan,nan,nan,nan,nan,nan,0.084084
67860.000000,0.381964,0.380510,0.376147,0.368867,0.358649,0.345454,0.329198,0.309721,0.286711,0.259545,0.226845,0.184797,0.109810,nan,nan,nan,nan,nan,nan,nan,0.083997
67920.000000,0.381514,0.380063,0.375707,0.368439,0.358238,0.345064,0.328834,0.309387,0.286410,0.259283,0.226627,0.184627,0.109675,nan,nan,nan,nan,nan,nan,nan,0.083910
67980.000000,0.381066,0.379618,0.375268,0.368012,0.357828,0.344675,0.328471,0.309053,0.286111,0.259022,0.226409,0.184458,0.109540,nan,nan,nan,nan,nan,nan,nan,0.083824
68040.000000,0.380619,0.379173,0.374831,0.367586,0.357419,0.344287,0.328108,0.308720,0.285812,0.258762,0.226191,0.184289,0.109406,nan,nan,nan,nan,nan,nan,nan,0.083738
68100.000000,0.380173,0.378729,0.374394,0.367162,0.357011,0.343900,0.327746,0.308389,0.285514,0.258502,0.225974,0.184120,0.109272,nan,nan,nan,nan,nan,nan,nan,0.083652
68160.000000,0.379728,0.378287,0.373959,0.366738,0.356604,0.343515,0.327386,0.308058,0.285217,0.258243,0.225758,0.183952,0.109138,nan,nan,nan,nan,nan,nan,nan,0.083567
68220.000000,0.379284,0.377845,0.373525,0.366316,0.356198,0.343130,0.327026,0.307727,0.284921,0.257984,0.225542,0.183785,0.109004,nan,nan,nan,nan,nan,nan,nan,0.083482
68280.000000,0.378842,0.377405,0.373092,0.365895,0.355793,0.342746,0.326667,0.307398,0.284625,0.257726,0.225327,0.183618,0.108871,nan,nan,nan,nan,nan,nan,nan,0.083397
68340.000000,0.378400,0.376966,0.372660,0.365475,0.355389,0.342362,0.326309,0.307069,0.284330,0.257469,0.225112,0.183451,0.108738,nan,nan,nan,nan,nan,nan,nan,0.083312
68400.000000,0.377960,0.376528,0.372229,0.365056,0.354986,0.341980,0.325952,0.306742,0.284035,0.257213,0.224898,0.183284,0.108605,nan,nan,nan,nan,nan,nan,nan,0.083228
68460.000000,0.377521,0.376092,0.371799,0.364638,0.354584,0.341599,0.325596,0.306415,0.283742,0.256957,0.224684,0.183118,0.108472,nan,nan,nan,nan,nan,nan,nan,0.083144
68520.000000,0.377083,0.375656,0.371371,0.364221,0.354184,0.341219,0.325241,0.306089,0.283449,0.256701,0.224471,0.182953,0.108340,nan,nan,nan,nan,nan,nan,nan,0.083061
68580.000000,0.376646,0.375221,0.370943,0.363805,0.353784,0.340840,0.324887,0.305763,0.283157,0.256446,0.224258,0.182787,0.108208,nan,nan,nan,nan,nan,nan,nan,0.082977
68640.000000,0.376210,0.374788,0.370517,0.363390,0.353385,0.340462,0.324533,0.305439,0.282865,0.256192,0.224045,0.182623,0.108077,nan,nan,nan,nan,nan,nan,nan,0.082894
68700.000000,0.375776,0.374356,0.370091,0.362976,0.352988,0.340085,0.324181,0.305115,0.282575,0.255939,0.223834,0.182458,0.107945,nan,nan,nan,nan,nan,nan,nan,0.082811
68760.000000,0.375342,0.373924,0.369667,0.362563,0.352591,0.339708,0.323829,0.304792,0.282285,0.255686,0.223622,0.182294,0.107814,nan,nan,nan,nan,nan,nan,nan,0.082729
68820.000000,0.374910,0.373494,0.369244,0.362152,0.352195,0.339333,0.323478,0.304470,0.281995,0.255434,0.223412,0.182130,0.107683,nan,nan,nan,nan,nan,nan,nan,0.082647
68880.000000,0.374478,0.373065,0.368822,0.361741,0.351800,0.338958,0.323128,0.304149,0.281707,0.255182,0.223201,0.181967,0.107553,nan,nan,nan,nan,nan,nan,nan,0.082565
68940.000000,0.374048,0.372637,0.368401,0.361331,0.351407,0.338585,0.322779,0.303829,0.281419,0.254931,0.222992,0.181804,0.107423,nan,nan,nan,nan,nan,nan,nan,0.082483
69000.000000,0.373619,0.372210,0.367981,0.360923,0.351014,0.338212,0.322431,0.303509,0.281132,0.254680,0.222782,0.181642,0.107293,nan,nan,nan,nan,nan,nan,nan,0.082402
69060.000000,0.373191,0.371785,0.367562,0.360515,0.350622,0.337841,0.322084,0.303190,0.280845,0.254431,0.222574,0.181480,0.107163,nan,nan,nan,nan,nan,nan,nan,0.082321
69120.000000,0.372764,0.371360,0.367144,0.360109,0.350232,0.337470,0.321737,0.302872,0.280560,0.254181,0.222365,0.181318,0.107034,nan,nan,nan,nan,nan,nan,nan,0.082240
69180.000000,0.372338,0.370936,0.366727,0.359703,0.349842,0.337100,0.321392,0.302555,0.280275,0.253933,0.222158,0.181156,0.106904,nan,nan,nan,nan,nan,nan,nan,0.082159
69240.000000,0.371913,0.370514,0.366312,0.359299,0.349453,0.336732,0.321047,0.302238,0.279990,0.253685,0.221950,0.180995,0.106776,nan,nan,nan,nan,nan,nan,nan,0.082079
69300.000000,0.371490,0.370093,0.365897,0.358896,0.349065,0.336364,0.320703,0.301922,0.279707,0.253437,0.221744,0.180835,0.106647,nan,nan,nan,nan,nan,nan,nan,0.081999
69360.000000,0.371067,0.369672,0.365483,0.358493,0.348678,0.335997,0.320360,0.301607,0.279424,0.253190,0.221537,0.180675,0.106519,nan,nan,nan,nan,nan,nan,nan,0.081919
69420.000000,0.370645,0.369253,0.365071,0.358092,0.348293,0.335631,0.320018,0.301293,0.279141,0.252944,0.221331,0.180515,0.106391,nan,nan,nan,nan,nan,nan,nan,0.081840
69480.000000,0.370225,0.368835,0.364659,0.357692,0.347908,0.335265,0.319677,0.300980,0.278860,0.252698,0.221126,0.180355,0.106263,nan,nan,nan,nan,nan,nan,nan,0.081761
69540.000000,0.369806,0.368417,0.364249,0.357292,0.347524,0.334901,0.319336,0.300667,0.278579,0.252453,0.220921,0.180196,0.106136,nan,nan,nan,nan,nan,nan,nan,0.081682
69600.000000,0.369387,0.368001,0.363839,0.356894,0.347141,0.334538,0.318997,0.300355,0.278298,0.252209,0.220717,0.180037,0.106008,nan,nan,nan,nan,nan,nan,nan,0.081603
69660.000000,0.368970,0.367586,0.363431,0.356496,0.346759,0.334175,0.318658,0.300044,0.278019,0.251965,0.220513,0.179879,0.105881,nan,nan,nan,nan,nan,nan,nan,0.081525
69720.000000,0.368554,0.367172,0.363024,0.356100,0.346378,0.333814,0.318320,0.299733,0.277740,0.251722,0.220310,0.179721,0.105755,nan,nan,nan,nan,nan,nan,nan,0.081447
69780.000000,0.368138,0.366759,0.362617,0.355705,0.345998,0.333453,0.317983,0.299424,0.277462,0.251479,0.220107,0.179563,0.105628,nan,nan,nan,nan,nan,nan,nan,0.081369
69840.000000,0.367724,0.366347,0.362212,0.355310,0.345619,0.333094,0.317646,0.299115,0.277184,0.251237,0.219904,0.179405,0.105502,nan,nan,nan,nan,nan,nan,nan,0.081292
69900.000000,0.367311,0.365936,0.361808,0.354917,0.345240,0.332735,0.317311,0.298807,0.276907,0.250995,0.219702,0.179248,0.105376,nan,nan,nan,nan,nan,nan,nan,0.081214
69960.000000,0.366899,0.365527,0.361404,0.354525,0.344863,0.332377,0.316976,0.298499,0.276631,0.250754,0.219501,0.179091,0.105251,nan,nan,nan,nan,nan,nan,nan,0.081137
70020.000000,0.366488,0.365118,0.361002,0.354133,0.344487,0.332020,0.316642,0.298193,0.276356,0.250513,0.219300,0.178935,0.105125,nan,nan,nan,nan,nan,nan,nan,0.081061
70080.000000,0.366078,0.364710,0.360601,0.353743,0.344111,0.331663,0.316309,0.297887,0.276081,0.250273,0.219099,0.178779,0.105000,nan,nan,nan,nan,nan,nan,nan,0.080984
70140.000000,0.365669,0.364303,0.360201,0.353353,0.343737,0.331308,0.315977,0.297582,0.275806,0.250034,0.218899,0.178623,0.104875,nan,nan,nan,nan,nan,nan,nan,0.080908
70200.000000,0.365261,0.363897,0.359801,0.352965,0.343363,0.330954,0.315646,0.297277,0.275533,0.249795,0.218700,0.178468,0.104751,nan,nan,nan,nan,nan,nan,nan,0.080832
70260.000000,0.364854,0.363493,0.359403,0.352577,0.342991,0.330600,0.315315,0.296974,0.275260,0.249557,0.218501,0.178313,0.104627,nan,nan,nan,nan,nan,nan,nan,0.080756
70320.000000,0.364448,0.363089,0.359006,0.352191,0.342619,0.330247,0.314986,0.296671,0.274988,0.249319,0.218302,0.178158,0.104502,nan,nan,nan,nan,nan,nan,nan,0.080681
70380.000000,0.364043,0.362686,0.358609,0.351805,0.342248,0.329896,0.314657,0.296368,0.274716,0.249082,0.218104,0.178004,0.104379,nan,nan,nan,nan,nan,nan,nan,0.080606
70440.000000,0.363640,0.362284,0.358214,0.351420,0.341879,0.329545,0.314329,0.296067,0.274445,0.248846,0.217906,0.177850,0.104255,nan,nan,nan,nan,nan,nan,nan,0.080531
70500.000000,0.363237,0.361884,0.357820,0.351037,0.341510,0.329194,0.314001,0.295766,0.274175,0.248610,0.217709,0.177696,0.104132,nan,nan,nan,nan,nan,nan,nan,0.080456
70560.000000,0.362835,0.361484,0.357426,0.350654,0.341142,0.328845,0.313675,0.295466,0.273905,0.248374,0.217512,0.177543,0.104009,nan,nan,nan,nan,nan,nan,nan,0.080382
70620.000000,0.362434,0.361085,0.357034,0.350272,0.340775,0.328497,0.313349,0.295167,0.273636,0.248140,0.217316,0.177390,0.103886,nan,nan,nan,nan,nan,nan,nan,0.080307
70680.000000,0.362034,0.360687,0.356643,0.349891,0.340408,0.328149,0.313024,0.294868,0.273368,0.247905,0.217120,0.177238,0.103764,nan,nan,nan,nan,nan,nan,nan,0.080233
70740.000000,0.361635,0.360291,0.356252,0.349511,0.340043,0.327803,0.312700,0.294570,0.273100,0.247671,0.216924,0.177086,0.103641,nan,nan,nan,nan,nan,nan,nan,0.080160
70800.000000,0.361237,0.359895,0.355863,0.349132,0.339679,0.327457,0.312376,0.294273,0.272833,0.247438,0.216729,0.176934,0.103519,nan,nan,nan,nan,nan,nan,nan,0.080086
70860.000000,0.360840,0.359500,0.355474,0.348754,0.339315,0.327112,0.312054,0.293977,0.272567,0.247206,0.216535,0.176782,0.103398,nan,nan,nan,nan,nan,nan,nan,0.080013
70920.000000,0.360444,0.359106,0.355087,0.348377,0.338953,0.326768,0.311732,0.293681,0.272301,0.246973,0.216340,0.176631,0.103276,nan,nan,nan,nan,nan,nan,nan,0.079940
70980.000000,0.360050,0.358713,0.354700,0.348001,0.338591,0.326424,0.311411,0.293386,0.272035,0.246742,0.216147,0.176480,0.103155,nan,nan,nan,nan,nan,nan,nan,0.079867
71040.000000,0.359656,0.358322,0.354315,0.347626,0.338230,0.326082,0.311091,0.293092,0.271771,0.246511,0.215954,0.176330,0.103034,nan,nan,nan,nan,nan,nan,nan,0.079795
71100.000000,0.359263,0.357931,0.353930,0.347252,0.337870,0.325740,0.310771,0.292798,0.271507,0.246280,0.215761,0.176180,0.102913,nan,nan,nan,nan,nan,nan,nan,0.079723
71160.000000,0.358871,0.357541,0.353546,0.346878,0.337511,0.325399,0.310452,0.292505,0.271244,0.246050,0.215568,0.176030,0.102792,nan,nan,nan,nan,nan,nan,nan,0.079651
71220.000000,0.358480,0.357152,0.353164,0.346506,0.337153,0.325059,0.310135,0.292213,0.270981,0.245821,0.215377,0.175881,0.102672,nan,nan,nan,nan,nan,nan,nan,0.079579
71280.000000,0.358090,0.356764,0.352782,0.346134,0.336796,0.324720,0.309817,0.291922,0.270719,0.245592,0.215185,0.175732,0.102552,nan,nan,nan,nan,nan,nan,nan,0.079508
71340.000000,0.357700,0.356377,0.352401,0.345764,0.336439,0.324382,0.309501,0.291631,0.270457,0.245364,0.214994,0.175583,0.102432,nan,nan,nan,nan,nan,nan,nan,0.079436
71400.000000,0.357312,0.355991,0.352021,0.345394,0.336084,0.324044,0.309185,0.291341,0.270197,0.245136,0.214804,0.175434,0.102313,nan,nan,nan,nan,nan,nan,nan,0.079365
71460.000000,0.356925,0.355606,0.351642,0.345025,0.335729,0.323708,0.308870,0.291051,0.269936,0.244909,0.214613,0.175286,0.102194,nan,nan,nan,nan,nan,nan,nan,0.079295
71520.000000,0.356539,0.355221,0.351264,0.344657,0.335375,0.323372,0.308556,0.290763,0.269677,0.244682,0.214424,0.175139,0.102075,nan,nan,nan,nan,nan,nan,nan,0.079224
71580.000000,0.356154,0.354838,0.350887,0.344290,0.335022,0.323037,0.308243,0.290475,0.269418,0.244456,0.214234,0.174991,0.101956,nan,nan,nan,nan,nan,nan,nan,0.079154
71640.000000,0.355769,0.354456,0.350510,0.343924,0.334670,0.322703,0.307930,0.290187,0.269159,0.244230,0.214046,0.174844,0.101837,nan,nan,nan,nan,nan,nan,nan,0.079084
71700.000000,0.355386,0.354074,0.350135,0.343559,0.334319,0.322369,0.307618,0.289901,0.268901,0.244005,0.213857,0.174697,0.101719,nan,nan,nan,nan,nan,nan,nan,0.079014
71760.000000,0.355003,0.353694,0.349761,0.343194,0.333968,0.322036,0.307307,0.289615,0.268644,0.243780,0.213669,0.174551,0.101601,nan,nan,nan,nan,nan,nan,nan,0.078944
71820.000000,0.354622,0.353314,0.349387,0.342831,0.333619,0.321705,0.306997,0.289329,0.268388,0.243556,0.213482,0.174405,0.101483,nan,nan,nan,nan,nan,nan,nan,0.078875
71880.000000,0.354241,0.352936,0.349015,0.342468,0.333270,0.321374,0.306687,0.289045,0.268132,0.243332,0.213295,0.174259,0.101365,nan,nan,nan,nan,nan,nan,nan,0.078806
71940.000000,0.353862,0.352558,0.348643,0.342106,0.332922,0.321043,0.306378,0.288761,0.267876,0.243109,0.213108,0.174114,0.101248,nan,nan,nan,nan,nan,nan,nan,0.078737
72000.000000,0.353483,0.352181,0.348272,0.341746,0.332575,0.320714,0.306070,0.288477,0.267622,0.242886,0.212922,0.173968,0.101131,nan,nan,nan,nan,nan,nan,nan,0.078668
72060.000000,0.353105,0.351806,0.347903,0.341386,0.332229,0.320385,0.305763,0.288195,0.267367,0.242664,0.212736,0.173824,0.101014,nan,nan,nan,nan,nan,nan,nan,0.078600
72120.000000,0.352728,0.351431,0.347534,0.341027,0.331884,0.320057,0.305456,0.287913,0.267114,0.242443,0.212550,0.173679,0.100897,nan,nan,nan,nan,nan,nan,nan,0.078531
72180.000000,0.352352,0.351057,0.347166,0.340668,0.331539,0.319730,0.305150,0.287631,0.266861,0.242222,0.212365,0.173535,0.100781,nan,nan,nan,nan,nan,nan,nan,0.078463
72240.000000,0.351977,0.350684,0.346798,0.340311,0.331195,0.319404,0.304845,0.287351,0.266608,0.242001,0.212181,0.173391,0.100664,nan,nan,nan,nan,nan,nan,nan,0.078396
72300.000000,0.351603,0.350312,0.346432,0.339955,0.330853,0.319078,0.304540,0.287071,0.266356,0.241781,0.211997,0.173248,0.100548,nan,nan,nan,nan,nan,nan,nan,0.078328
72360.000000,0.351230,0.349940,0.346067,0.339599,0.330511,0.318754,0.304236,0.286792,0.266105,0.241561,0.211813,0.173104,0.100433,nan,nan,nan,nan,nan,nan,nan,0.078261
72420.000000,0.350857,0.349570,0.345702,0.339244,0.330169,0.318430,0.303933,0.286513,0.265855,0.241342,0.211629,0.172961,0.100317,nan,nan,nan,nan,nan,nan,nan,0.078194
72480.000000,0.350486,0.349200,0.345339,0.338890,0.329829,0.318106,0.303631,0.286235,0.265604,0.241124,0.211446,0.172819,0.100202,nan,nan,nan,nan,nan,nan,nan,0.078127
72540.000000,0.350115,0.348832,0.344976,0.338537,0.329489,0.317784,0.303329,0.285957,0.265355,0.240906,0.211264,0.172677,0.100087,nan,nan,nan,nan,nan,nan,nan,0.078060
72600.000000,0.349746,0.348464,0.344614,0.338185,0.329151,0.317462,0.303028,0.285681,0.265106,0.240688,0.211082,0.172535,0.099972,nan,nan,nan,nan,nan,nan,nan,0.077994
72660.000000,0.349377,0.348097,0.344253,0.337834,0.328813,0.317141,0.302728,0.285405,0.264858,0.240471,0.210900,0.172393,0.099857,nan,nan,nan,nan,nan,nan,nan,0.077927
72720.000000,0.349009,0.347731,0.343893,0.337483,0.328475,0.316821,0.302429,0.285129,0.264610,0.240255,0.210719,0.172252,0.099743,nan,nan,nan,nan,nan,nan,nan,0.077861
72780.000000,0.348642,0.347366,0.343534,0.337134,0.328139,0.316502,0.302130,0.284855,0.264363,0.240039,0.210538,0.172111,0.099629,nan,nan,nan,nan,nan,nan,nan,0.077796
72840.000000,0.348276,0.347002,0.343175,0.336785,0.327804,0.316183,0.301832,0.284580,0.264116,0.239823,0.210357,0.171970,0.099515,nan,nan,nan,nan,nan,nan,nan,0.077730
72900.000000,0.347911,0.346639,0.342818,0.336437,0.327469,0.315865,0.301534,0.284307,0.263870,0.239608,0.210177,0.171830,0.099401,nan,nan,nan,nan,nan,nan,nan,0.077665
72960.000000,0.347547,0.346277,0.342461,0.336090,0.327135,0.315548,0.301238,0.284034,0.263624,0.239393,0.209998,0.171690,0.099288,nan,nan,nan,nan,nan,nan,nan,0.077599
73020.000000,0.347183,0.345915,0.342105,0.335743,0.326802,0.315232,0.300942,0.283762,0.263379,0.239179,0.209818,0.171550,0.099174,nan,nan,nan,nan,nan,nan,nan,0.077535
73080.000000,0.346821,0.345554,0.341750,0.335398,0.326469,0.314916,0.300646,0.283490,0.263135,0.238965,0.209639,0.171410,0.099055,nan,nan,nan,nan,nan,nan,nan,0.077470
73140.000000,0.346459,0.345195,0.341396,0.335053,0.326138,0.314602,0.300352,0.283219,0.262891,0.238752,0.209461,0.171271,0.098932,nan,nan,nan,nan,nan,nan,nan,0.077405
73200.000000,0.346098,0.344836,0.341043,0.334709,0.325807,0.314287,0.300058,0.282949,0.262648,0.238540,0.209283,0.171132,0.098808,nan,nan,nan,nan,nan,nan,nan,0.077341
73260.000000,0.345738,0.344478,0.340691,0.334366,0.325477,0.313974,0.299764,0.282679,0.262405,0.238327,0.209105,0.170994,0.098685,nan,nan,nan,nan,nan,nan,nan,0.077277
73320.000000,0.345379,0.344121,0.340339,0.334024,0.325148,0.313661,0.299472,0.282410,0.262163,0.238116,0.208928,0.170855,0.098562,nan,nan,nan,nan,nan,nan,nan,0.077213
73380.000000,0.345021,0.343764,0.339988,0.333683,0.324819,0.313350,0.299180,0.282142,0.261922,0.237904,0.208751,0.170718,0.098439,nan,nan,nan,nan,nan,nan,nan,0.077149
73440.000000,0.344664,0.343409,0.339638,0.333342,0.324492,0.313038,0.298889,0.281874,0.261680,0.237694,0.208574,0.170580,0.098317,nan,nan,nan,nan,nan,nan,nan,0.077086
73500.000000,0.344307,0.343054,0.339289,0.333002,0.324165,0.312728,0.298598,0.281607,0.261440,0.237483,0.208398,0.170442,0.098195,nan,nan,nan,nan,nan,nan,nan,0.077023
73560.000000,0.343952,0.342700,0.338941,0.332663,0.323839,0.312418,0.298308,0.281340,0.261200,0.237274,0.208222,0.170305,0.098073,nan,nan,nan,nan,nan,nan,nan,0.076960
73620.000000,0.343597,0.342347,0.338594,0.332325,0.323514,0.312109,0.298019,0.281074,0.260961,0.237064,0.208047,0.170169,0.097951,nan,nan,nan,nan,nan,nan,nan,0.076897
73680.000000,0.343243,0.341995,0.338247,0.331988,0.323189,0.311801,0.297731,0.280809,0.260722,0.236855,0.207872,0.170032,0.097829,nan,nan,nan,nan,nan,nan,nan,0.076834
73740.000000,0.342890,0.341644,0.337902,0.331651,0.322865,0.311493,0.297443,0.280544,0.260483,0.236647,0.207698,0.169896,0.097708,nan,nan,nan,nan,nan,nan,nan,0.076772
73800.000000,0.342537,0.341293,0.337557,0.331315,0.322542,0.311187,0.297156,0.280280,0.260246,0.236439,0.207523,0.169760,0.097586,nan,nan,nan,nan,nan,nan,nan,0.076709
73860.000000,0.342186,0.340944,0.337212,0.330980,0.322220,0.310881,0.296869,0.280016,0.260008,0.236232,0.207349,0.169625,0.097465,nan,nan,nan,nan,nan,nan,nan,0.076647
73920.000000,0.341835,0.340595,0.336869,0.330646,0.321898,0.310575,0.296583,0.279753,0.259772,0.236025,0.207176,0.169489,0.097344,nan,nan,nan,nan,nan,nan,nan,0.076586
73980.000000,0.341486,0.340247,0.336527,0.330313,0.321578,0.310270,0.296298,0.279491,0.259536,0.235818,0.207003,0.169354,0.097224,nan,nan,nan,nan,nan,nan,nan,0.076524
74040.000000,0.341137,0.339900,0.336185,0.329980,0.321258,0.309967,0.296014,0.279229,0.259300,0.235612,0.206830,0.169219,0.097103,nan,nan,nan,nan,nan,nan,nan,0.076463
74100.000000,0.340788,0.339554,0.335844,0.329648,0.320938,0.309663,0.295730,0.278968,0.259065,0.235406,0.206658,0.169085,0.096983,nan,nan,nan,nan,nan,nan,nan,0.076401
74160.000000,0.340441,0.339208,0.335504,0.329317,0.320620,0.309361,0.295447,0.278708,0.258830,0.235201,0.206486,0.168951,0.096863,nan,nan,nan,nan,nan,nan,nan,0.076340
74220.000000,0.340095,0.338864,0.335165,0.328987,0.320302,0.309059,0.295164,0.278448,0.258596,0.234996,0.206314,0.168817,0.096743,nan,nan,nan,nan,nan,nan,nan,0.076279
74280.000000,0.339749,0.338520,0.334826,0.328658,0.319985,0.308758,0.294882,0.278188,0.258363,0.234792,0.206143,0.168683,0.096623,nan,nan,nan,nan,nan,nan,nan,0.076219
74340.000000,0.339404,0.338177,0.334489,0.328329,0.319669,0.308457,0.294601,0.277929,0.258130,0.234588,0.205972,0.168550,0.096504,nan,nan,nan,nan,nan,nan,nan,0.076158
74400.000000,0.339060,0.337834,0.334152,0.328001,0.319353,0.308158,0.294320,0.277671,0.257897,0.234385,0.205801,0.168417,0.096384,nan,nan,nan,nan,nan,nan,nan,0.076098
74460.000000,0.338717,0.337493,0.333816,0.327674,0.319038,0.307859,0.294040,0.277414,0.257665,0.234182,0.205631,0.168284,0.096265,nan,nan,nan,nan,nan,nan,nan,0.076038
74520.000000,0.338375,0.337152,0.333481,0.327347,0.318724,0.307560,0.293761,0.277157,0.257434,0.233980,0.205461,0.168152,0.096146,nan,nan,nan,nan,nan,nan,nan,0.075978
74580.000000,0.338033,0.336813,0.333146,0.327022,0.318411,0.307262,0.293483,0.276900,0.257203,0.233778,0.205292,0.168020,0.096028,nan,nan,nan,nan,nan,nan,nan,0.075918
74640.000000,0.337692,0.336473,0.332812,0.326697,0.318098,0.306966,0.293204,0.276644,0.256973,0.233576,0.205123,0.167888,0.095909,nan,nan,nan,nan,nan,nan,nan,0.075859
74700.000000,0.337352,0.336135,0.332479,0.326373,0.317786,0.306669,0.292927,0.276389,0.256743,0.233375,0.204954,0.167756,0.095791,nan,nan,nan,nan,nan,nan,nan,0.075800
74760.000000,0.337013,0.335798,0.332147,0.326049,0.317475,0.306374,0.292650,0.276134,0.256514,0.233174,0.204786,0.167625,0.095673,nan,nan,nan,nan,nan,nan,nan,0.075741
74820.000000,0.336675,0.335461,0.331816,0.325727,0.317165,0.306079,0.292374,0.275880,0.256285,0.232974,0.204618,0.167494,0.095555,nan,nan,nan,nan,nan,nan,nan,0.075682
74880.000000,0.336337,0.335125,0.331485,0.325405,0.316855,0.305784,0.292099,0.275627,0.256056,0.232774,0.204450,0.167363,0.095437,nan,nan,nan,nan,nan,nan,nan,0.075623
74940.000000,0.336000,0.334790,0.331156,0.325084,0.316546,0.305491,0.291824,0.275374,0.255829,0.232575,0.204283,0.167233,0.095319,nan,nan,nan,nan,nan,nan,nan,0.075564
75000.000000,0.335664,0.334456,0.330827,0.324763,0.316238,0.305198,0.291550,0.275122,0.255601,0.232376,0.204116,0.167103,0.095202,nan,nan,nan,nan,nan,nan,nan,0.075506
75060.000000,0.335329,0.334122,0.330498,0.324444,0.315930,0.304906,0.291276,0.274870,0.255374,0.232177,0.203950,0.166973,0.095085,nan,nan,nan,nan,nan,nan,nan,0.075448
75120.000000,0.334994,0.333790,0.330171,0.324125,0.315623,0.304614,0.291003,0.274618,0.255148,0.231979,0.203784,0.166843,0.094968,nan,nan,nan,nan,nan,nan,nan,0.075390
75180.000000,0.334661,0.333458,0.329844,0.323807,0.315317,0.304323,0.290731,0.274368,0.254922,0.231782,0.203618,0.166714,0.094851,nan,nan,nan,nan,nan,nan,nan,0.075332
75240.000000,0.334328,0.333127,0.329518,0.323489,0.315012,0.304033,0.290459,0.274118,0.254697,0.231585,0.203453,0.166584,0.094735,nan,nan,nan,nan,nan,nan,nan,0.075274
75300.000000,0.333996,0.332796,0.329193,0.323173,0.314707,0.303744,0.290188,0.273868,0.254472,0.231388,0.203287,0.166456,0.094618,nan,nan,nan,nan,nan,nan,nan,0.075217
75360.000000,0.333664,0.332467,0.328868,0.322857,0.314403,0.303455,0.289917,0.273619,0.254248,0.231192,0.203123,0.166327,0.094502,nan,nan,nan,nan,nan,nan,nan,0.075160
75420.000000,0.333334,0.332138,0.328545,0.322541,0.314100,0.303166,0.289647,0.273371,0.254024,0.230996,0.202958,0.166199,0.094386,nan,nan,nan,nan,nan,nan,nan,0.075103
75480.000000,0.333004,0.331810,0.328222,0.322227,0.313797,0.302879,0.289378,0.273123,0.253801,0.230800,0.202794,0.166071,0.094270,nan,nan,nan,nan,nan,nan,nan,0.075046
75540.000000,0.332675,0.331482,0.327899,0.321913,0.313495,0.302592,0.289109,0.272875,0.253578,0.230605,0.202631,0.165943,0.094154,nan,nan,nan,nan,nan,nan,nan,0.074989
75600.000000,0.332347,0.331156,0.327578,0.321600,0.313194,0.302306,0.288841,0.272629,0.253355,0.230411,0.202467,0.165815,0.094039,nan,nan,nan,nan,nan,nan,nan,0.074933
75660.000000,0.332019,0.330830,0.327257,0.321288,0.312893,0.302020,0.288574,0.272383,0.253134,0.230216,0.202304,0.165688,0.093924,nan,nan,nan,nan,nan,nan,nan,0.074876
75720.000000,0.331692,0.330505,0.326937,0.320976,0.312593,0.301735,0.288307,0.272137,0.252912,0.230023,0.202142,0.165561,0.093808,nan,nan,nan,nan,nan,nan,nan,0.074820
75780.000000,0.331366,0.330180,0.326618,0.320665,0.312294,0.301451,0.288041,0.271892,0.252691,0.229829,0.201980,0.165434,0.093694,nan,nan,nan,nan,nan,nan,nan,0.074764
75840.000000,0.331041,0.329857,0.326299,0.320355,0.311996,0.301167,0.287775,0.271647,0.252471,0.229636,0.201818,0.165308,0.093579,nan,nan,nan,nan,nan,nan,nan,0.074708
75900.000000,0.330716,0.329534,0.325981,0.320046,0.311698,0.300884,0.287510,0.271403,0.252251,0.229444,0.201656,0.165182,0.093464,nan,nan,nan,nan,nan,nan,nan,0.074653
75960.000000,0.330393,0.329212,0.325664,0.319737,0.311401,0.300602,0.287246,0.271160,0.252032,0.229252,0.201495,0.165056,0.093350,nan,nan,nan,nan,nan,nan,nan,0.074597
76020.000000,0.330070,0.328891,0.325348,0.319429,0.311104,0.300320,0.286982,0.270917,0.251813,0.229060,0.201334,0.164930,0.093236,nan,nan,nan,nan,nan,nan,nan,0.074542
76080.000000,0.329747,0.328570,0.325032,0.319122,0.310808,0.300039,0.286718,0.270674,0.251594,0.228869,0.201173,0.164805,0.093122,nan,nan,nan,nan,nan,nan,nan,0.074487
76140.000000,0.329426,0.328250,0.324718,0.318815,0.310513,0.299758,0.286456,0.270432,0.251376,0.228678,0.201013,0.164680,0.093008,nan,nan,nan,nan,nan,nan,nan,0.074432
76200.000000,0.329105,0.327931,0.324403,0.318509,0.310219,0.299479,0.286194,0.270191,0.251159,0.228487,0.200853,0.164555,0.092894,nan,nan,nan,nan,nan,nan,nan,0.074377
76260.000000,0.328785,0.327613,0.324090,0.318204,0.309925,0.299199,0.285932,0.269950,0.250942,0.228297,0.200694,0.164430,0.092781,nan,nan,nan,nan,nan,nan,nan,0.074323
76320.000000,0.328466,0.327295,0.323777,0.317899,0.309632,0.298921,0.285671,0.269710,0.250725,0.228108,0.200535,0.164306,0.092667,nan,nan,nan,nan,nan,nan,nan,0.074268
76380.000000,0.328147,0.326978,0.323465,0.317595,0.309339,0.298643,0.285411,0.269470,0.250509,0.227919,0.200376,0.164182,0.092554,nan,nan,nan,nan,nan,nan,nan,0.074214
76440.000000,0.327829,0.326662,0.323154,0.317292,0.309048,0.298365,0.285151,0.269231,0.250294,0.227730,0.200217,0.164058,0.092441,nan,nan,nan,nan,nan,nan,nan,0.074160
76500.000000,0.327512,0.326346,0.322843,0.316990,0.308756,0.298089,0.284892,0.268992,0.250078,0.227541,0.200059,0.163934,0.092329,nan,nan,nan,nan,nan,nan,nan,0.074106
76560.000000,0.327196,0.326031,0.322533,0.316688,0.308466,0.297813,0.284633,0.268754,0.249864,0.227353,0.199901,0.163811,0.092216,nan,nan,nan,nan,nan,nan,nan,0.074052
76620.000000,0.326880,0.325717,0.322224,0.316387,0.308176,0.297537,0.284375,0.268517,0.249650,0.227166,0.199744,0.163688,0.092104,nan,nan,nan,nan,nan,nan,nan,0.073999
76680.000000,0.326565,0.325404,0.321916,0.316087,0.307887,0.297262,0.284118,0.268280,0.249436,0.226979,0.199586,0.163565,0.091992,nan,nan,nan,nan,nan,nan,nan,0.073945
76740.000000,0.326251,0.325091,0.321608,0.315787,0.307598,0.296988,0.283861,0.268043,0.249223,0.226792,0.199429,0.163442,0.091880,nan,nan,nan,nan,nan,nan,nan,0.073892
76800.000000,0.325937,0.324780,0.321301,0.315488,0.307311,0.296715,0.283604,0.267807,0.249010,0.226605,0.199273,0.163320,0.091768,nan,nan,nan,nan,nan,nan,nan,0.073839
76860.000000,0.325624,0.324468,0.320995,0.315189,0.307023,0.296442,0.283349,0.267571,0.248797,0.226419,0.199117,0.163198,0.091656,nan,nan,nan,nan,nan,nan,nan,0.073786
76920.000000,0.325312,0.324158,0.320689,0.314892,0.306737,0.296169,0.283093,0.267336,0.248586,0.226234,0.198961,0.163076,0.091544,nan,nan,nan,nan,nan,nan,nan,0.073733
76980.000000,0.325001,0.323848,0.320384,0.314595,0.306451,0.295897,0.282839,0.267102,0.248374,0.226049,0.198805,0.162954,0.091433,nan,nan,nan,nan,nan,nan,nan,0.073681
77040.000000,0.324690,0.323539,0.320080,0.314298,0.306166,0.295626,0.282585,0.266868,0.248163,0.225864,0.198650,0.162833,0.091322,nan,nan,nan,nan,nan,nan,nan,0.073628
77100.000000,0.324380,0.323231,0.319776,0.314003,0.305881,0.295356,0.282331,0.266634,0.247953,0.225679,0.198495,0.162712,0.091211,nan,nan,nan,nan,nan,nan,nan,0.073576
77160.000000,0.324071,0.322923,0.319473,0.313708,0.305597,0.295086,0.282078,0.266401,0.247743,0.225495,0.198340,0.162591,0.091100,nan,nan,nan,nan,nan,nan,nan,0.073524
77220.000000,0.323762,0.322616,0.319171,0.313413,0.305314,0.294816,0.281826,0.266169,0.247533,0.225312,0.198186,0.162470,0.090990,nan,nan,nan,nan,nan,nan,nan,0.073472
77280.000000,0.323455,0.322310,0.318869,0.313120,0.305031,0.294548,0.281574,0.265937,0.247324,0.225128,0.198032,0.162349,0.090879,nan,nan,nan,nan,nan,nan,nan,0.073420
77340.000000,0.323147,0.322004,0.318568,0.312827,0.304749,0.294279,0.281323,0.265706,0.247115,0.224946,0.197879,0.162229,0.090769,nan,nan,nan,nan,nan,nan,nan,0.073369
77400.000000,0.322841,0.321699,0.318268,0.312534,0.304467,0.294012,0.281072,0.265475,0.246907,0.224763,0.197725,0.162109,0.090659,nan,nan,nan,nan,nan,nan,nan,0.073317
77460.000000,0.322535,0.321395,0.317969,0.312243,0.304186,0.293745,0.280822,0.265244,0.246699,0.224581,0.197572,0.161988,0.090547,nan,nan,nan,nan,nan,nan,nan,0.073266
77520.000000,0.322230,0.321091,0.317670,0.311951,0.303906,0.293478,0.280572,0.265014,0.246491,0.224399,0.197419,0.161868,0.090432,nan,nan,nan,nan,nan,nan,nan,0.073215
77580.000000,0.321926,0.320788,0.317372,0.311661,0.303626,0.293212,0.280323,0.264784,0.246284,0.224216,0.197265,0.161746,0.090313,nan,nan,nan,nan,nan,nan,nan,0.073164
77640.000000,0.321622,0.320486,0.317074,0.311371,0.303347,0.292947,0.280074,0.264554,0.246076,0.224034,0.197111,0.161625,0.090193,nan,nan,nan,nan,nan,nan,nan,0.073113
77700.000000,0.321319,0.320185,0.316777,0.311082,0.303069,0.292682,0.279825,0.264325,0.245869,0.223852,0.196958,0.161503,0.090070,nan,nan,nan,nan,nan,nan,nan,0.073063
77760.000000,0.321016,0.319884,0.316481,0.310793,0.302791,0.292417,0.279577,0.264096,0.245662,0.223671,0.196804,0.161380,0.089945,nan,nan,nan,nan,nan,nan,nan,0.073012
77820.000000,0.320715,0.319584,0.316185,0.310505,0.302513,0.292153,0.279329,0.263868,0.245456,0.223489,0.196650,0.161258,0.089819,nan,nan,nan,nan,nan,nan,nan,0.072962
77880.000000,0.320414,0.319284,0.315890,0.310218,0.302236,0.291890,0.279082,0.263640,0.245250,0.223308,0.196497,0.161136,0.089692,nan,nan,nan,nan,nan,nan,nan,0.072912
77940.000000,0.320113,0.318985,0.315596,0.309931,0.301960,0.291627,0.278836,0.263412,0.245044,0.223127,0.196344,0.161014,0.089564,nan,nan,nan,nan,nan,nan,nan,0.072862
78000.000000,0.319814,0.318687,0.315302,0.309645,0.301684,0.291365,0.278590,0.263185,0.244839,0.222946,0.196191,0.160892,0.089437,nan,nan,nan,nan,nan,nan,nan,0.072812
78060.000000,0.319515,0.318390,0.315009,0.309360,0.301409,0.291103,0.278344,0.262959,0.244634,0.222766,0.196038,0.160770,0.089309,nan,nan,nan,nan,nan,nan,nan,0.072763
78120.000000,0.319216,0.318093,0.314717,0.309075,0.301135,0.290842,0.278099,0.262733,0.244430,0.222586,0.195886,0.160648,0.089182,nan,nan,nan,nan,nan,nan,nan,0.072713
78180.000000,0.318919,0.317797,0.314425,0.308790,0.300861,0.290581,0.277855,0.262507,0.244226,0.222407,0.195734,0.160527,0.089056,nan,nan,nan,nan,nan,nan,nan,0.072664
78240.000000,0.318621,0.317501,0.314134,0.308507,0.300588,0.290322,0.277611,0.262282,0.244022,0.222228,0.195583,0.160407,0.088931,nan,nan,nan,nan,nan,nan,nan,0.072615
78300.000000,0.318325,0.317206,0.313844,0.308224,0.300315,0.290062,0.277367,0.262058,0.243819,0.222049,0.195432,0.160287,0.088808,nan,nan,nan,nan,nan,nan,nan,0.072566
78360.000000,0.318029,0.316912,0.313554,0.307942,0.300044,0.289803,0.277125,0.261834,0.243617,0.221871,0.195282,0.160167,0.088687,nan,nan,nan,nan,nan,nan,nan,0.072517
78420.000000,0.317734,0.316618,0.313265,0.307660,0.299772,0.289545,0.276883,0.261610,0.243415,0.221694,0.195132,0.160049,0.088568,nan,nan,nan,nan,nan,nan,nan,0.072469
78480.000000,0.317440,0.316325,0.312977,0.307379,0.299502,0.289288,0.276641,0.261388,0.243214,0.221518,0.194983,0.159931,0.088453,nan,nan,nan,nan,nan,nan,nan,0.072420
78540.000000,0.317146,0.316033,0.312689,0.307099,0.299232,0.289031,0.276400,0.261166,0.243014,0.221342,0.194835,0.159814,0.088341,nan,nan,nan,nan,nan,nan,nan,0.072372
78600.000000,0.316853,0.315742,0.312402,0.306819,0.298962,0.288775,0.276160,0.260944,0.242814,0.221166,0.194688,0.159698,0.088232,nan,nan,nan,nan,nan,nan,nan,0.072323
78660.000000,0.316561,0.315451,0.312115,0.306540,0.298694,0.288520,0.275921,0.260724,0.242615,0.220992,0.194541,0.159584,0.088128,nan,nan,nan,nan,nan,nan,nan,0.072275
78720.000000,0.316269,0.315160,0.311829,0.306261,0.298425,0.288265,0.275682,0.260504,0.242417,0.220818,0.194395,0.159470,0.088028,nan,nan,nan,nan,nan,nan,nan,0.072227
78780.000000,0.315978,0.314871,0.311544,0.305984,0.298158,0.288011,0.275444,0.260285,0.242219,0.220645,0.194251,0.159358,0.087932,nan,nan,nan,nan,nan,nan,nan,0.072179
78840.000000,0.315687,0.314582,0.311260,0.305707,0.297891,0.287757,0.275207,0.260066,0.242023,0.220474,0.194107,0.159247,0.087842,nan,nan,nan,nan,nan,nan,nan,0.072131
78900.000000,0.315397,0.314293,0.310976,0.305430,0.297625,0.287504,0.274970,0.259849,0.241827,0.220302,0.193964,0.159137,0.087758,nan,nan,nan,nan,nan,nan,nan,0.072083
78960.000000,0.315108,0.314005,0.310693,0.305154,0.297360,0.287252,0.274734,0.259632,0.241632,0.220132,0.193823,0.159029,0.087680,nan,nan,nan,nan,nan,nan,nan,0.072036
79020.000000,0.314819,0.313718,0.310410,0.304879,0.297095,0.287001,0.274499,0.259416,0.241438,0.219963,0.193682,0.158923,0.087608,nan,nan,nan,nan,nan,nan,nan,0.071988
79080.000000,0.314531,0.313432,0.310128,0.304605,0.296832,0.286751,0.274265,0.259200,0.241244,0.219795,0.193543,0.158818,0.087542,nan,nan,nan,nan,nan,nan,nan,0.071940
79140.000000,0.314244,0.313146,0.309847,0.304331,0.296568,0.286501,0.274031,0.258986,0.241052,0.219628,0.193405,0.158715,0.087484,nan,nan,nan,nan,nan,nan,nan,0.071893
79200.000000,0.313957,0.312861,0.309566,0.304058,0.296306,0.286252,0.273798,0.258772,0.240861,0.219462,0.193269,0.158614,0.087433,nan,nan,nan,nan,nan,nan,nan,0.071846
79260.000000,0.313671,0.312577,0.309286,0.303786,0.296044,0.286003,0.273566,0.258560,0.240670,0.219297,0.193133,0.158514,0.087387,nan,nan,nan,nan,nan,nan,nan,0.071798
79320.000000,0.313386,0.312293,0.309007,0.303514,0.295783,0.285755,0.273335,0.258347,0.240480,0.219132,0.192997,0.158414,0.087340,nan,nan,nan,nan,nan,nan,nan,0.071751
79380.000000,0.313101,0.312010,0.308729,0.303243,0.295522,0.285508,0.273104,0.258135,0.240290,0.218967,0.192862,0.158314,0.087294,nan,nan,nan,nan,nan,nan,nan,0.071704
79440.000000,0.312817,0.311727,0.308450,0.302972,0.295262,0.285261,0.272873,0.257924,0.240100,0.218803,0.192727,0.158215,0.087247,nan,nan,nan,nan,nan,nan,nan,0.071657
79500.000000,0.312534,0.311445,0.308173,0.302702,0.295002,0.285015,0.272643,0.257713,0.239911,0.218639,0.192592,0.158115,0.087201,nan,nan,nan,nan,nan,nan,nan,0.071611
79560.000000,0.312251,0.311164,0.307896,0.302433,0.294743,0.284769,0.272413,0.257502,0.239723,0.218476,0.192458,0.158016,0.087155,nan,nan,nan,nan,nan,nan,nan,0.071564
79620.000000,0.311969,0.310883,0.307620,0.302164,0.294485,0.284524,0.272184,0.257292,0.239534,0.218313,0.192324,0.157917,0.087108,nan,nan,nan,nan,nan,nan,nan,0.071518
79680.000000,0.311687,0.310603,0.307344,0.301896,0.294227,0.284279,0.271956,0.257082,0.239347,0.218150,0.192190,0.157818,0.087063,nan,nan,nan,nan,nan,nan,nan,0.071471
79740.000000,0.311407,0.310324,0.307070,0.301629,0.293970,0.284035,0.271728,0.256873,0.239159,0.217988,0.192057,0.157720,0.087017,nan,nan,nan,nan,nan,nan,nan,0.071425
79800.000000,0.311126,0.310045,0.306795,0.301362,0.293713,0.283792,0.271500,0.256664,0.238972,0.217825,0.191923,0.157621,0.086971,nan,nan,nan,nan,nan,nan,nan,0.071379
79860.000000,0.310847,0.309767,0.306521,0.301095,0.293457,0.283549,0.271273,0.256456,0.238785,0.217664,0.191790,0.157523,0.086925,nan,nan,nan,nan,nan,nan,nan,0.071333
79920.000000,0.310568,0.309489,0.306248,0.300829,0.293201,0.283306,0.271046,0.256248,0.238599,0.217502,0.191657,0.157425,0.086880,nan,nan,nan,nan,nan,nan,nan,0.071287
79980.000000,0.310289,0.309212,0.305976,0.300564,0.292946,0.283064,0.270820,0.256040,0.238413,0.217341,0.191525,0.157328,0.086834,nan,nan,nan,nan,nan,nan,nan,0.071242
80040.000000,0.310012,0.308936,0.305704,0.300300,0.292692,0.282823,0.270595,0.255834,0.238228,0.217180,0.191393,0.157230,0.086789,nan,nan,nan,nan,nan,nan,nan,0.071196
80100.000000,0.309734,0.308660,0.305433,0.300036,0.292438,0.282582,0.270369,0.255627,0.238043,0.217020,0.191261,0.157133,0.086744,nan,nan,nan,nan,nan,nan,nan,0.071151
80160.000000,0.309458,0.308385,0.305162,0.299772,0.292185,0.282342,0.270145,0.255421,0.237858,0.216860,0.191129,0.157035,0.086699,nan,nan,nan,nan,nan,nan,nan,0.071106
80220.000000,0.309182,0.308111,0.304892,0.299509,0.291932,0.282102,0.269921,0.255215,0.237674,0.216700,0.190998,0.156938,0.086654,nan,nan,nan,nan,nan,nan,nan,0.071061
80280.000000,0.308907,0.307837,0.304622,0.299247,0.291680,0.281862,0.269697,0.255010,0.237490,0.216540,0.190867,0.156842,0.086609,nan,nan,nan,nan,nan,nan,nan,0.071016
80340.000000,0.308632,0.307564,0.304353,0.298985,0.291428,0.281624,0.269474,0.254805,0.237306,0.216381,0.190736,0.156745,0.086564,nan,nan,nan,nan,nan,nan,nan,0.070971
80400.000000,0.308358,0.307291,0.304085,0.298724,0.291177,0.281385,0.269251,0.254601,0.237123,0.216222,0.190605,0.156648,0.086520,nan,nan,nan,nan,nan,nan,nan,0.070926
80460.000000,0.308084,0.307019,0.303817,0.298464,0.290926,0.281147,0.269029,0.254397,0.236940,0.216064,0.190475,0.156552,0.086475,nan,nan,nan,nan,nan,nan,nan,0.070882
80520.000000,0.307811,0.306748,0.303550,0.298204,0.290676,0.280910,0.268807,0.254193,0.236758,0.215906,0.190345,0.156456,0.086431,nan,nan,nan,nan,nan,nan,nan,0.070837
80580.000000,0.307539,0.306477,0.303284,0.297944,0.290427,0.280674,0.268586,0.253990,0.236576,0.215748,0.190215,0.156360,0.086387,nan,nan,nan,nan,nan,nan,nan,0.070793
80640.000000,0.307268,0.306207,0.303018,0.297686,0.290178,0.280437,0.268365,0.253788,0.236394,0.215591,0.190085,0.156265,0.086342,nan,nan,nan,nan,nan,nan,nan,0.070749
80700.000000,0.306996,0.305937,0.302752,0.297427,0.289930,0.280202,0.268145,0.253586,0.236213,0.215433,0.189956,0.156169,0.086298,nan,nan,nan,nan,nan,nan,nan,0.070705
80760.000000,0.306726,0.305668,0.302488,0.297170,0.289682,0.279966,0.267925,0.253384,0.236032,0.215277,0.189827,0.156074,0.086254,nan,nan,nan,nan,nan,nan,nan,0.070661
80820.000000,0.306456,0.305399,0.302223,0.296912,0.289435,0.279732,0.267705,0.253182,0.235852,0.215120,0.189698,0.155979,0.086211,nan,nan,nan,nan,nan,nan,nan,0.070617
80880.000000,0.306187,0.305132,0.301960,0.296656,0.289188,0.279497,0.267487,0.252982,0.235672,0.214964,0.189570,0.155884,0.086167,nan,nan,nan,nan,nan,nan,nan,0.070574
80940.000000,0.305918,0.304864,0.301697,0.296400,0.288942,0.279264,0.267268,0.252781,0.235492,0.214808,0.189441,0.155789,0.086123,nan,nan,nan,nan,nan,nan,nan,0.070530
81000.000000,0.305650,0.304598,0.301434,0.296144,0.288696,0.279031,0.267050,0.252581,0.235313,0.214652,0.189313,0.155695,0.086080,nan,nan,nan,nan,nan,nan,nan,0.070487
81060.000000,0.305383,0.304331,0.301172,0.295889,0.288451,0.278798,0.266832,0.252381,0.235133,0.214497,0.189185,0.155599,0.086031,nan,nan,nan,nan,nan,nan,nan,0.070444
81120.000000,0.305116,0.304066,0.300911,0.295635,0.288206,0.278565,0.266615,0.252181,0.234953,0.214340,0.189055,0.155501,0.085971,nan,nan,nan,nan,nan,nan,nan,0.070401
81180.000000,0.304849,0.303801,0.300650,0.295381,0.287961,0.278333,0.266397,0.251981,0.234773,0.214183,0.188924,0.155402,0.085901,nan,nan,nan,nan,nan,nan,nan,0.070358
81240.000000,0.304584,0.303537,0.300390,0.295127,0.287717,0.278101,0.266180,0.251780,0.234593,0.214025,0.188792,0.155300,0.085823,nan,nan,nan,nan,nan,nan,nan,0.070315
81300.000000,0.304318,0.303273,0.300130,0.294874,0.287473,0.277869,0.265962,0.251580,0.234412,0.213867,0.188660,0.155197,0.085736,nan,nan,nan,nan,nan,nan,nan,0.070273
81360.000000,0.304054,0.303009,0.299871,0.294622,0.287230,0.277637,0.265745,0.251380,0.234231,0.213708,0.188526,0.155092,0.085641,nan,nan,nan,nan,nan,nan,nan,0.070231
81420.000000,0.303790,0.302747,0.299612,0.294369,0.286987,0.277406,0.265528,0.251180,0.234050,0.213549,0.188392,0.154987,0.085540,nan,nan,nan,nan,nan,nan,nan,0.070189
81480.000000,0.303526,0.302484,0.299354,0.294118,0.286745,0.277175,0.265311,0.250980,0.233869,0.213390,0.188257,0.154880,0.085433,nan,nan,nan,nan,nan,nan,nan,0.070147
81540.000000,0.303263,0.302223,0.299096,0.293867,0.286502,0.276945,0.265095,0.250780,0.233688,0.213230,0.188122,0.154772,0.085321,nan,nan,nan,nan,nan,nan,nan,0.070105
81600.000000,0.303001,0.301962,0.298839,0.293616,0.286261,0.276714,0.264879,0.250580,0.233507,0.213070,0.187986,0.154663,0.085204,nan,nan,nan,nan,nan,nan,nan,0.070064
81660.000000,0.302739,0.301701,0.298582,0.293366,0.286019,0.276485,0.264663,0.250380,0.233326,0.212910,0.187851,0.154554,0.085083,nan,nan,nan,nan,nan,nan,nan,0.070022
81720.000000,0.302478,0.301441,0.298326,0.293116,0.285779,0.276255,0.264447,0.250181,0.233145,0.212751,0.187715,0.154444,0.084960,nan,nan,nan,nan,nan,nan,nan,0.069981
81780.000000,0.302217,0.301182,0.298070,0.292867,0.285538,0.276026,0.264232,0.249981,0.232965,0.212591,0.187579,0.154334,0.084809,nan,nan,nan,nan,nan,nan,nan,0.069940
81840.000000,0.301957,0.300923,0.297815,0.292618,0.285298,0.275798,0.264017,0.249783,0.232785,0.212432,0.187443,0.154224,0.084645,nan,nan,nan,nan,nan,nan,nan,0.069899
81900.000000,0.301697,0.300664,0.297561,0.292370,0.285059,0.275569,0.263802,0.249584,0.232604,0.212272,0.187307,0.154114,0.084481,nan,nan,nan,nan,nan,nan,nan,0.069858
81960.000000,0.301438,0.300407,0.297307,0.292122,0.284820,0.275342,0.263588,0.249386,0.232425,0.212113,0.187171,0.154004,0.084316,nan,nan,nan,nan,nan,nan,nan,0.069818
82020.000000,0.301179,0.300149,0.297053,0.291875,0.284582,0.275115,0.263375,0.249189,0.232245,0.211955,0.187036,0.153894,0.084153,nan,nan,nan,nan,nan,nan,nan,0.069777
82080.000000,0.300921,0.299893,0.296800,0.291628,0.284344,0.274888,0.263162,0.248991,0.232067,0.211797,0.186901,0.153785,0.083992,nan,nan,nan,nan,nan,nan,nan,0.069737
82140.000000,0.300664,0.299636,0.296548,0.291382,0.284106,0.274662,0.262949,0.248795,0.231888,0.211639,0.186767,0.153677,0.083835,nan,nan,nan,nan,nan,nan,nan,0.069697
82200.000000,0.300407,0.299381,0.296296,0.291136,0.283869,0.274436,0.262737,0.248599,0.231711,0.211482,0.186633,0.153569,0.083682,nan,nan,nan,nan,nan,nan,nan,0.069656
82260.000000,0.300150,0.299125,0.296045,0.290891,0.283633,0.274211,0.262525,0.248403,0.231533,0.211326,0.186501,0.153463,0.083534,nan,nan,nan,nan,nan,nan,nan,0.069616
82320.000000,0.299895,0.298871,0.295794,0.290647,0.283397,0.273986,0.262315,0.248208,0.231357,0.211170,0.186369,0.153357,0.083393,nan,nan,nan,nan,nan,nan,nan,0.069576
82380.000000,0.299639,0.298617,0.295543,0.290403,0.283162,0.273763,0.262104,0.248014,0.231181,0.211015,0.186238,0.153253,0.083260,nan,nan,nan,nan,nan,nan,nan,0.069536
82440.000000,0.299384,0.298363,0.295294,0.290159,0.282928,0.273539,0.261895,0.247821,0.231006,0.210862,0.186108,0.153151,0.083136,nan,nan,nan,nan,nan,nan,nan,0.069497
82500.000000,0.299130,0.298110,0.295045,0.289917,0.282694,0.273317,0.261686,0.247628,0.230832,0.210709,0.185979,0.153050,0.083022,nan,nan,nan,nan,nan,nan,nan,0.069457
82560.000000,0.298876,0.297858,0.294796,0.289674,0.282460,0.273095,0.261478,0.247436,0.230659,0.210557,0.185852,0.152951,0.082919,nan,nan,nan,nan,nan,nan,nan,0.069417
82620.000000,0.298623,0.297606,0.294548,0.289433,0.282228,0.272873,0.261270,0.247245,0.230487,0.210406,0.185726,0.152854,0.082828,nan,nan,nan,nan,nan,nan,nan,0.069377
82680.000000,0.298371,0.297354,0.294300,0.289192,0.281996,0.272653,0.261064,0.247055,0.230315,0.210256,0.185601,0.152759,0.082750,nan,nan,nan,nan,nan,nan,nan,0.069338
82740.000000,0.298118,0.297104,0.294053,0.288951,0.281764,0.272433,0.260858,0.246865,0.230145,0.210108,0.185478,0.152666,0.082687,nan,nan,nan,nan,nan,nan,nan,0.069298
82800.000000,0.297867,0.296853,0.293807,0.288711,0.281533,0.272214,0.260653,0.246677,0.229976,0.209961,0.185357,0.152576,0.082639,nan,nan,nan,nan,nan,nan,nan,0.069259
82860.000000,0.297616,0.296604,0.293561,0.288472,0.281303,0.271995,0.260448,0.246489,0.229808,0.209815,0.185237,0.152487,0.082599,nan,nan,nan,nan,nan,nan,nan,0.069219
82920.000000,0.297365,0.296354,0.293316,0.288233,0.281073,0.271777,0.260244,0.246302,0.229640,0.209669,0.185116,0.152398,0.082559,nan,nan,nan,nan,nan,nan,nan,0.069180
82980.000000,0.297115,0.296106,0.293071,0.287995,0.280844,0.271559,0.260041,0.246115,0.229472,0.209523,0.184997,0.152310,0.082519,nan,nan,nan,nan,nan,nan,nan,0.069141
83040.000000,0.296866,0.295858,0.292827,0.287757,0.280615,0.271342,0.259837,0.245928,0.229304,0.209378,0.184877,0.152222,0.082479,nan,nan,nan,nan,nan,nan,nan,0.069101
83100.000000,0.296617,0.295610,0.292583,0.287520,0.280387,0.271125,0.259635,0.245742,0.229137,0.209233,0.184757,0.152133,0.082440,nan,nan,nan,nan,nan,nan,nan,0.069062
83160.000000,0.296368,0.295363,0.292340,0.287283,0.280159,0.270909,0.259432,0.245556,0.228971,0.209088,0.184638,0.152045,0.082400,nan,nan,nan,nan,nan,nan,nan,0.069023
83220.000000,0.296121,0.295116,0.292097,0.287047,0.279932,0.270693,0.259230,0.245371,0.228804,0.208944,0.184519,0.151957,0.082361,nan,nan,nan,nan,nan,nan,nan,0.068984
83280.000000,0.295873,0.294870,0.291855,0.286811,0.279705,0.270478,0.259029,0.245186,0.228638,0.208800,0.184401,0.151870,0.082321,nan,nan,nan,nan,nan,nan,nan,0.068946
83340.000000,0.295626,0.294625,0.291613,0.286576,0.279479,0.270263,0.258828,0.245001,0.228473,0.208656,0.184282,0.151782,0.082282,nan,nan,nan,nan,nan,nan,nan,0.068907
83400.000000,0.295380,0.294380,0.291372,0.286341,0.279253,0.270048,0.258627,0.244817,0.228307,0.208512,0.184164,0.151695,0.082243,nan,nan,nan,nan,nan,nan,nan,0.068868
83460.000000,0.295134,0.294135,0.291132,0.286107,0.279027,0.269834,0.258427,0.244633,0.228142,0.208369,0.184046,0.151608,0.082204,nan,nan,nan,nan,nan,nan,nan,0.068830
83520.000000,0.294889,0.293891,0.290891,0.285873,0.278803,0.269621,0.258227,0.244449,0.227978,0.208226,0.183928,0.151521,0.082165,nan,nan,nan,nan,nan,nan,nan,0.068792
83580.000000,0.294644,0.293648,0.290652,0.285640,0.278578,0.269407,0.258028,0.244266,0.227813,0.208083,0.183810,0.151434,0.082126,nan,nan,nan,nan,nan,nan,nan,0.068753
83640.000000,0.294400,0.293405,0.290413,0.285407,0.278354,0.269195,0.257829,0.244083,0.227649,0.207941,0.183693,0.151347,0.082087,nan,nan,nan,nan,nan,nan,nan,0.068715
83700.000000,0.294157,0.293162,0.290174,0.285174,0.278131,0.268982,0.257630,0.243901,0.227485,0.207799,0.183576,0.151261,0.082049,nan,nan,nan,nan,nan,nan,nan,0.068677
83760.000000,0.293913,0.292921,0.289936,0.284943,0.277907,0.268771,0.257432,0.243719,0.227322,0.207657,0.183459,0.151174,0.082010,nan,nan,nan,nan,nan,nan,nan,0.068639
83820.000000,0.293671,0.292679,0.289698,0.284711,0.277685,0.268559,0.257234,0.243537,0.227159,0.207515,0.183342,0.151088,0.081972,nan,nan,nan,nan,nan,nan,nan,0.068602
83880.000000,0.293429,0.292438,0.289461,0.284480,0.277463,0.268348,0.257037,0.243356,0.226996,0.207374,0.183226,0.151002,0.081933,nan,nan,nan,nan,nan,nan,nan,0.068564
83940.000000,0.293187,0.292198,0.289225,0.284250,0.277241,0.268138,0.256840,0.243175,0.226834,0.207233,0.183110,0.150916,0.081895,nan,nan,nan,nan,nan,nan,nan,0.068526
84000.000000,0.292946,0.291958,0.288988,0.284020,0.277020,0.267928,0.256643,0.242994,0.226672,0.207092,0.182994,0.150830,0.081857,nan,nan,nan,nan,nan,nan,nan,0.068489
84060.000000,0.292705,0.291719,0.288753,0.283791,0.276799,0.267718,0.256447,0.242814,0.226510,0.206951,0.182878,0.150745,0.081819,nan,nan,nan,nan,nan,nan,nan,0.068452
84120.000000,0.292465,0.291480,0.288518,0.283562,0.276579,0.267509,0.256251,0.242634,0.226349,0.206811,0.182762,0.150659,0.081781,nan,nan,nan,nan,nan,nan,nan,0.068414
84180.000000,0.292226,0.291241,0.288283,0.283333,0.276359,0.267300,0.256056,0.242455,0.226187,0.206671,0.182647,0.150574,0.081743,nan,nan,nan,nan,nan,nan,nan,0.068377
84240.000000,0.291987,0.291004,0.288049,0.283105,0.276140,0.267092,0.255861,0.242276,0.226027,0.206532,0.182532,0.150489,0.081705,nan,nan,nan,nan,nan,nan,nan,0.068340
84300.000000,0.291748,0.290766,0.287815,0.282878,0.275921,0.266884,0.255667,0.242097,0.225866,0.206392,0.182417,0.150404,0.081667,nan,nan,nan,nan,nan,nan,nan,0.068303
84360.000000,0.291510,0.290529,0.287582,0.282651,0.275702,0.266676,0.255472,0.241918,0.225706,0.206253,0.182302,0.150319,0.081629,nan,nan,nan,nan,nan,nan,nan,0.068266
84420.000000,0.291272,0.290293,0.287349,0.282424,0.275484,0.266469,0.255279,0.241740,0.225546,0.206114,0.182188,0.150235,0.081592,nan,nan,nan,nan,nan,nan,nan,0.068230
84480.000000,0.291035,0.290057,0.287117,0.282198,0.275267,0.266262,0.255085,0.241563,0.225387,0.205976,0.182073,0.150150,0.081554,nan,nan,nan,nan,nan,nan,nan,0.068193
84540.000000,0.290799,0.289822,0.286886,0.281973,0.275049,0.266056,0.254892,0.241385,0.225227,0.205837,0.181959,0.150066,0.081517,nan,nan,nan,nan,nan,nan,nan,0.068157
84600.000000,0.290562,0.289587,0.286654,0.281747,0.274833,0.265850,0.254700,0.241208,0.225069,0.205699,0.181845,0.149982,0.081479,nan,nan,nan,nan,nan,nan,nan,0.068120
84660.000000,0.290327,0.289352,0.286424,0.281523,0.274617,0.265645,0.254507,0.241031,0.224910,0.205561,0.181731,0.149896,0.081434,nan,nan,nan,nan,nan,nan,nan,0.068084
84720.000000,0.290092,0.289119,0.286193,0.281298,0.274400,0.265439,0.254315,0.240854,0.224750,0.205422,0.181616,0.149809,0.081374,nan,nan,nan,nan,nan,nan,nan,0.068048
84780.000000,0.289857,0.288885,0.285963,0.281074,0.274185,0.265234,0.254123,0.240677,0.224590,0.205282,0.181499,0.149720,0.081299,nan,nan,nan,nan,nan,nan,nan,0.068012
84840.000000,0.289623,0.288652,0.285734,0.280851,0.273969,0.265029,0.253930,0.240500,0.224430,0.205142,0.181382,0.149629,0.081212,nan,nan,nan,nan,nan,nan,nan,0.067976
84900.000000,0.289389,0.288420,0.285505,0.280628,0.273754,0.264824,0.253738,0.240322,0.224270,0.205001,0.181263,0.149537,0.081112,nan,nan,nan,nan,nan,nan,nan,0.067941
84960.000000,0.289156,0.288188,0.285276,0.280405,0.273539,0.264620,0.253546,0.240145,0.224110,0.204860,0.181144,0.149443,0.081002,nan,nan,nan,nan,nan,nan,nan,0.067905
85020.000000,0.288923,0.287956,0.285048,0.280182,0.273325,0.264415,0.253354,0.239968,0.223949,0.204718,0.181024,0.149348,0.080882,nan,nan,nan,nan,nan,nan,nan,0.067870
85080.000000,0.288691,0.287725,0.284820,0.279960,0.273111,0.264211,0.253162,0.239790,0.223788,0.204576,0.180904,0.149252,0.080754,nan,nan,nan,nan,nan,nan,nan,0.067835
85140.000000,0.288459,0.287494,0.284593,0.279739,0.272897,0.264008,0.252970,0.239613,0.223627,0.204434,0.180783,0.149155,0.080618,nan,nan,nan,nan,nan,nan,nan,0.067800
85200.000000,0.288228,0.287264,0.284366,0.279517,0.272683,0.263804,0.252779,0.239436,0.223466,0.204292,0.180662,0.149057,0.080476,nan,nan,nan,nan,nan,nan,nan,0.067765
85260.000000,0.287997,0.287034,0.284140,0.279296,0.272470,0.263601,0.252588,0.239259,0.223306,0.204150,0.180540,0.148959,0.080328,nan,nan,nan,nan,nan,nan,nan,0.067730
85320.000000,0.287767,0.286805,0.283914,0.279076,0.272258,0.263398,0.252397,0.239082,0.223145,0.204007,0.180419,0.148860,0.080176,nan,nan,nan,nan,nan,nan,nan,0.067696
85380.000000,0.287537,0.286576,0.283688,0.278856,0.272045,0.263196,0.252206,0.238905,0.222984,0.203865,0.180297,0.148761,0.080021,nan,nan,nan,nan,nan,nan,nan,0.067661
85440.000000,0.287307,0.286348,0.283463,0.278636,0.271833,0.262993,0.252016,0.238729,0.222824,0.203723,0.180175,0.148662,0.079864,nan,nan,nan,nan,nan,nan,nan,0.067627
85500.000000,0.287078,0.286120,0.283239,0.278417,0.271622,0.262792,0.251826,0.238553,0.222664,0.203581,0.180054,0.148562,0.079706,nan,nan,nan,nan,nan,nan,nan,0.067593
85560.000000,0.286849,0.285892,0.283014,0.278198,0.271411,0.262590,0.251636,0.238377,0.222504,0.203439,0.179932,0.148463,0.079548,nan,nan,nan,nan,nan,nan,nan,0.067559
85620.000000,0.286621,0.285665,0.282791,0.277980,0.271200,0.262389,0.251447,0.238202,0.222345,0.203298,0.179811,0.148364,0.079391,nan,nan,nan,nan,nan,nan,nan,0.067525
85680.000000,0.286394,0.285439,0.282567,0.277762,0.270990,0.262189,0.251258,0.238027,0.222186,0.203157,0.179690,0.148266,0.079237,nan,nan,nan,nan,nan,nan,nan,0.067491
85740.000000,0.286166,0.285212,0.282344,0.277545,0.270780,0.261988,0.251070,0.237852,0.222027,0.203016,0.179570,0.148168,0.079086,nan,nan,nan,nan,nan,nan,nan,0.067457
85800.000000,0.285940,0.284987,0.282122,0.277328,0.270570,0.261789,0.250882,0.237678,0.221869,0.202876,0.179450,0.148072,0.078939,nan,nan,nan,nan,nan,nan,nan,0.067423
85860.000000,0.285713,0.284761,0.281900,0.277111,0.270361,0.261590,0.250695,0.237504,0.221712,0.202737,0.179331,0.147976,0.078798,nan,nan,nan,nan,nan,nan,nan,0.067389
85920.000000,0.285487,0.284537,0.281679,0.276895,0.270153,0.261391,0.250508,0.237332,0.221555,0.202598,0.179213,0.147881,0.078663,nan,nan,nan,nan,nan,nan,nan,0.067356
85980.000000,0.285262,0.284312,0.281458,0.276680,0.269945,0.261193,0.250322,0.237159,0.221398,0.202460,0.179096,0.147787,0.078537,nan,nan,nan,nan,nan,nan,nan,0.067322
86040.000000,0.285037,0.284088,0.281237,0.276465,0.269738,0.260995,0.250136,0.236987,0.221243,0.202323,0.178980,0.147695,0.078419,nan,nan,nan,nan,nan,nan,nan,0.067289
86100.000000,0.284812,0.283865,0.281017,0.276250,0.269531,0.260798,0.249951,0.236816,0.221088,0.202187,0.178865,0.147604,0.078311,nan,nan,nan,nan,nan,nan,nan,0.067255
86160.000000,0.284588,0.283642,0.280797,0.276036,0.269324,0.260601,0.249766,0.236646,0.220934,0.202051,0.178751,0.147515,0.078214,nan,nan,nan,nan,nan,nan,nan,0.067222
86220.000000,0.284365,0.283419,0.280578,0.275822,0.269118,0.260405,0.249582,0.236476,0.220781,0.201917,0.178638,0.147428,0.078129,nan,nan,nan,nan,nan,nan,nan,0.067188
86280.000000,0.284141,0.283197,0.280359,0.275609,0.268913,0.260210,0.249399,0.236307,0.220628,0.201784,0.178527,0.147343,0.078057,nan,nan,nan,nan,nan,nan,nan,0.067155
86340.000000,0.283919,0.282976,0.280141,0.275397,0.268708,0.260015,0.249217,0.236139,0.220477,0.201651,0.178417,0.147260,0.077999,nan,nan,nan,nan,nan,nan,nan,0.067122
86400.000000,0.283696,0.282755,0.279923,0.275184,0.268504,0.259821,0.249035,0.235972,0.220327,0.201521,0.178309,0.147180,0.077957,nan,nan,nan,nan,nan,nan,nan,0.067088
86460.000000,0.283475,0.282534,0.279706,0.274973,0.268300,0.259628,0.248854,0.235805,0.220177,0.201390,0.178201,0.147100,0.077923,nan,nan,nan,nan,nan,nan,nan,0.067055
86520.000000,0.283253,0.282314,0.279489,0.274762,0.268097,0.259435,0.248673,0.235639,0.220028,0.201260,0.178094,0.147021,0.077888,nan,nan,nan,nan,nan,nan,nan,0.067022
86580.000000,0.283032,0.282094,0.279273,0.274551,0.267894,0.259242,0.248492,0.235473,0.219879,0.201131,0.177987,0.146942,0.077854,nan,nan,nan,nan,nan,nan,nan,0.066989
86640.000000,0.282812,0.281874,0.279057,0.274341,0.267692,0.259049,0.248312,0.235308,0.219730,0.201001,0.177880,0.146863,0.077820,nan,nan,nan,nan,nan,nan,nan,0.066955
86700.000000,0.282592,0.281656,0.278841,0.274131,0.267490,0.258857,0.248132,0.235142,0.219581,0.200872,0.177774,0.146784,0.077786,nan,nan,nan,nan,nan,nan,nan,0.066923
86760.000000,0.282372,0.281437,0.278626,0.273921,0.267288,0.258666,0.247953,0.234977,0.219433,0.200743,0.177667,0.146706,0.077752,nan,nan,nan,nan,nan,nan,nan,0.066890
86820.000000,0.282153,0.281219,0.278411,0.273712,0.267087,0.258474,0.247774,0.234813,0.219285,0.200615,0.177561,0.146627,0.077718,nan,nan,nan,nan,nan,nan,nan,0.066857
86880.000000,0.281934,0.281001,0.278197,0.273503,0.266886,0.258283,0.247595,0.234648,0.219137,0.200486,0.177455,0.146549,0.077684,nan,nan,nan,nan,nan,nan,nan,0.066824
86940.000000,0.281716,0.280784,0.277983,0.273295,0.266685,0.258093,0.247417,0.234484,0.218990,0.200358,0.177349,0.146471,0.077650,nan,nan,nan,nan,nan,nan,nan,0.066791
87000.000000,0.281498,0.280568,0.277770,0.273087,0.266485,0.257903,0.247239,0.234320,0.218843,0.200230,0.177244,0.146393,0.077617,nan,nan,nan,nan,nan,nan,nan,0.066759
87060.000000,0.281281,0.280351,0.277557,0.272880,0.266286,0.257713,0.247061,0.234157,0.218696,0.200102,0.177138,0.146315,0.077583,nan,nan,nan,nan,nan,nan,nan,0.066727
87120.000000,0.281064,0.280135,0.277345,0.272673,0.266086,0.257524,0.246884,0.233994,0.218549,0.199975,0.177033,0.146237,0.077549,nan,nan,nan,nan,nan,nan,nan,0.066694
87180.000000,0.280847,0.279920,0.277132,0.272466,0.265887,0.257335,0.246707,0.233831,0.218403,0.199848,0.176928,0.146159,0.077516,nan,nan,nan,nan,nan,nan,nan,0.066662
87240.000000,0.280631,0.279705,0.276921,0.272260,0.265689,0.257146,0.246530,0.233669,0.218257,0.199721,0.176823,0.146082,0.077483,nan,nan,nan,nan,nan,nan,nan,0.066630
87300.000000,0.280416,0.279491,0.276710,0.272055,0.265491,0.256958,0.246354,0.233507,0.218111,0.199594,0.176719,0.146004,0.077449,nan,nan,nan,nan,nan,nan,nan,0.066598
87360.000000,0.280200,0.279276,0.276499,0.271849,0.265293,0.256770,0.246178,0.233345,0.217966,0.199467,0.176614,0.145927,0.077416,nan,nan,nan,nan,nan,nan,nan,0.066566
87420.000000,0.279986,0.279063,0.276288,0.271644,0.265096,0.256582,0.246002,0.233183,0.217821,0.199341,0.176510,0.145850,0.077383,nan,nan,nan,nan,nan,nan,nan,0.066534
87480.000000,0.279771,0.278850,0.276078,0.271440,0.264899,0.256395,0.245827,0.233022,0.217676,0.199215,0.176406,0.145773,0.077350,nan,nan,nan,nan,nan,nan,nan,0.066502
87540.000000,0.279557,0.278637,0.275869,0.271236,0.264703,0.256208,0.245652,0.232861,0.217531,0.199089,0.176302,0.145696,0.077317,nan,nan,nan,nan,nan,nan,nan,0.066470
87600.000000,0.279344,0.278424,0.275660,0.271032,0.264506,0.256022,0.245477,0.232701,0.217387,0.198964,0.176198,0.145619,0.077284,nan,nan,nan,nan,nan,nan,nan,0.066439
87660.000000,0.279131,0.278212,0.275451,0.270829,0.264311,0.255836,0.245303,0.232540,0.217243,0.198838,0.176095,0.145543,0.077251,nan,nan,nan,nan,nan,nan,nan,0.066407
87720.000000,0.278918,0.278001,0.275243,0.270626,0.264115,0.255650,0.245129,0.232380,0.217099,0.198713,0.175992,0.145466,0.077218,nan,nan,nan,nan,nan,nan,nan,0.066376
87780.000000,0.278706,0.277790,0.275035,0.270423,0.263920,0.255465,0.244956,0.232221,0.216956,0.198588,0.175888,0.145390,0.077185,nan,nan,nan,nan,nan,nan,nan,0.066344
87840.000000,0.278494,0.277579,0.274827,0.270221,0.263726,0.255280,0.244782,0.232061,0.216812,0.198464,0.175786,0.145314,0.077153,nan,nan,nan,nan,nan,nan,nan,0.066313
87900.000000,0.278283,0.277369,0.274620,0.270020,0.263532,0.255095,0.244610,0.231902,0.216669,0.198339,0.175683,0.145238,0.077120,nan,nan,nan,nan,nan,nan,nan,0.066282
87960.000000,0.278072,0.277159,0.274414,0.269818,0.263338,0.254911,0.244437,0.231743,0.216527,0.198215,0.175580,0.145162,0.077088,nan,nan,nan,nan,nan,nan,nan,0.066250
88020.000000,0.277861,0.276949,0.274208,0.269617,0.263144,0.254727,0.244265,0.231585,0.216384,0.198091,0.175478,0.145086,0.077055,nan,nan,nan,nan,nan,nan,nan,0.066219
88080.000000,0.277651,0.276740,0.274002,0.269417,0.262951,0.254544,0.244093,0.231427,0.216242,0.197967,0.175376,0.145010,0.077023,nan,nan,nan,nan,nan,nan,nan,0.066189
88140.000000,0.277442,0.276532,0.273796,0.269217,0.262759,0.254361,0.243921,0.231269,0.216100,0.197844,0.175274,0.144935,0.076991,nan,nan,nan,nan,nan,nan,nan,0.066158
88200.000000,0.277232,0.276324,0.273591,0.269017,0.262566,0.254178,0.243750,0.231111,0.215958,0.197720,0.175172,0.144859,0.076958,nan,nan,nan,nan,nan,nan,nan,0.066127
88260.000000,0.277023,0.276116,0.273387,0.268818,0.262374,0.253995,0.243579,0.230954,0.215817,0.197597,0.175069,0.144783,0.076918,nan,nan,nan,nan,nan,nan,nan,0.066096
88320.000000,0.276815,0.275908,0.273182,0.268619,0.262183,0.253813,0.243408,0.230796,0.215675,0.197473,0.174966,0.144705,0.076863,nan,nan,nan,nan,nan,nan,nan,0.066066
88380.000000,0.276607,0.275701,0.272979,0.268420,0.261991,0.253630,0.243237,0.230638,0.215532,0.197348,0.174862,0.144625,0.076794,nan,nan,nan,nan,nan,nan,nan,0.066035
88440.000000,0.276399,0.275495,0.272775,0.268222,0.261800,0.253448,0.243066,0.230480,0.215389,0.197222,0.174756,0.144543,0.076712,nan,nan,nan,nan,nan,nan,nan,0.066005
88500.000000,0.276192,0.275289,0.272572,0.268023,0.261609,0.253266,0.242895,0.230322,0.215246,0.197096,0.174650,0.144460,0.076619,nan,nan,nan,nan,nan,nan,nan,0.065975
88560.000000,0.275985,0.275083,0.272369,0.267826,0.261418,0.253084,0.242724,0.230164,0.215103,0.196970,0.174543,0.144375,0.076514,nan,nan,nan,nan,nan,nan,nan,0.065945
88620.000000,0.275779,0.274877,0.272167,0.267628,0.261227,0.252903,0.242553,0.230006,0.214959,0.196843,0.174435,0.144289,0.076400,nan,nan,nan,nan,nan,nan,nan,0.065915
88680.000000,0.275573,0.274672,0.271965,0.267431,0.261037,0.252721,0.242382,0.229848,0.214816,0.196716,0.174327,0.144202,0.076278,nan,nan,nan,nan,nan,nan,nan,0.065885
88740.000000,0.275367,0.274468,0.271763,0.267234,0.260847,0.252540,0.242211,0.229690,0.214672,0.196589,0.174218,0.144114,0.076148,nan,nan,nan,nan,nan,nan,nan,0.065856
88800.000000,0.275162,0.274263,0.271561,0.267038,0.260657,0.252359,0.242041,0.229532,0.214528,0.196461,0.174109,0.144026,0.076011,nan,nan,nan,nan,nan,nan,nan,0.065826
88860.000000,0.274957,0.274060,0.271361,0.266842,0.260468,0.252178,0.241871,0.229374,0.214384,0.196334,0.173999,0.143937,0.075870,nan,nan,nan,nan,nan,nan,nan,0.065797
88920.000000,0.274753,0.273856,0.271160,0.266646,0.260279,0.251998,0.241701,0.229216,0.214241,0.196206,0.173890,0.143847,0.075724,nan,nan,nan,nan,nan,nan,nan,0.065768
88980.000000,0.274549,0.273653,0.270960,0.266450,0.260090,0.251817,0.241531,0.229058,0.214097,0.196078,0.173780,0.143757,0.075575,nan,nan,nan,nan,nan,nan,nan,0.065738
89040.000000,0.274345,0.273450,0.270760,0.266255,0.259902,0.251638,0.241361,0.228901,0.213954,0.195951,0.173670,0.143667,0.075424,nan,nan,nan,nan,nan,nan,nan,0.065709
89100.000000,0.274142,0.273248,0.270560,0.266061,0.259714,0.251458,0.241192,0.228744,0.213811,0.195824,0.173561,0.143577,0.075272,nan,nan,nan,nan,nan,nan,nan,0.065680
89160.000000,0.273939,0.273046,0.270361,0.265866,0.259526,0.251279,0.241023,0.228587,0.213668,0.195696,0.173452,0.143487,0.075120,nan,nan,nan,nan,nan,nan,nan,0.065651
89220.000000,0.273736,0.272844,0.270163,0.265672,0.259338,0.251100,0.240854,0.228430,0.213525,0.195570,0.173342,0.143398,0.074970,nan,nan,nan,nan,nan,nan,nan,0.065623
89280.000000,0.273534,0.272643,0.269964,0.265479,0.259151,0.250921,0.240686,0.228274,0.213383,0.195443,0.173234,0.143309,0.074821,nan,nan,nan,nan,nan,nan,nan,0.065594
89340.000000,0.273332,0.272442,0.269766,0.265285,0.258965,0.250743,0.240518,0.228118,0.213241,0.195317,0.173125,0.143220,0.074676,nan,nan,nan,nan,nan,nan,nan,0.065565
89400.000000,0.273131,0.272242,0.269569,0.265093,0.258779,0.250565,0.240351,0.227963,0.213099,0.195191,0.173018,0.143132,0.074536,nan,nan,nan,nan,nan,nan,nan,0.065537
89460.000000,0.272930,0.272042,0.269371,0.264900,0.258593,0.250388,0.240183,0.227808,0.212959,0.195066,0.172911,0.143045,0.074401,nan,nan,nan,nan,nan,nan,nan,0.065508
89520.000000,0.272729,0.271842,0.269175,0.264708,0.258407,0.250211,0.240017,0.227653,0.212818,0.194942,0.172804,0.142960,0.074272,nan,nan,nan,nan,nan,nan,nan,0.065480
89580.000000,0.272529,0.271643,0.268978,0.264516,0.258222,0.250034,0.239851,0.227499,0.212678,0.194818,0.172699,0.142875,0.074151,nan,nan,nan,nan,nan,nan,nan,0.065451
89640.000000,0.272329,0.271444,0.268782,0.264325,0.258038,0.249858,0.239685,0.227346,0.212539,0.194695,0.172594,0.142791,0.074039,nan,nan,nan,nan,nan,nan,nan,0.065423
89700.000000,0.272129,0.271245,0.268586,0.264134,0.257853,0.249683,0.239520,0.227193,0.212401,0.194573,0.172490,0.142709,0.073937,nan,nan,nan,nan,nan,nan,nan,0.065394
89760.000000,0.271930,0.271047,0.268391,0.263944,0.257670,0.249508,0.239355,0.227041,0.212263,0.194452,0.172388,0.142629,0.073845,nan,nan,nan,nan,nan,nan,nan,0.065366
89820.000000,0.271732,0.270849,0.268196,0.263754,0.257487,0.249333,0.239191,0.226890,0.212126,0.194331,0.172287,0.142550,0.073766,nan,nan,nan,nan,nan,nan,nan,0.065338
89880.000000,0.271533,0.270652,0.268002,0.263564,0.257304,0.249159,0.239028,0.226739,0.211990,0.194212,0.172187,0.142473,0.073699,nan,nan,nan,nan,nan,nan,nan,0.065309
89940.000000,0.271335,0.270455,0.267808,0.263375,0.257122,0.248986,0.238865,0.226589,0.211854,0.194093,0.172088,0.142399,0.073647,nan,nan,nan,nan,nan,nan,nan,0.065281
90000.000000,0.271138,0.270258,0.267614,0.263186,0.256940,0.248813,0.238703,0.226439,0.211720,0.193976,0.171991,0.142326,0.073609,nan,nan,nan,nan,nan,nan,nan,0.065253
90060.000000,0.270940,0.270062,0.267421,0.262998,0.256758,0.248640,0.238542,0.226291,0.211586,0.193860,0.171895,0.142255,0.073580,nan,nan,nan,nan,nan,nan,nan,0.065224
90120.000000,0.270744,0.269866,0.267228,0.262810,0.256577,0.248468,0.238380,0.226142,0.211452,0.193743,0.171798,0.142184,0.073550,nan,nan,nan,nan,nan,nan,nan,0.065196
90180.000000,0.270547,0.269671,0.267036,0.262623,0.256397,0.248297,0.238219,0.225994,0.211319,0.193627,0.171702,0.142113,0.073521,nan,nan,nan,nan,nan,nan,nan,0.065168
90240.000000,0.270351,0.269476,0.266843,0.262435,0.256216,0.248125,0.238059,0.225846,0.211186,0.193511,0.171607,0.142042,0.073492,nan,nan,nan,nan,nan,nan,nan,0.065140
90300.000000,0.270155,0.269281,0.266652,0.262249,0.256037,0.247954,0.237898,0.225698,0.211053,0.193395,0.171511,0.141971,0.073462,nan,nan,nan,nan,nan,nan,nan,0.065112
90360.000000,0.269960,0.269087,0.266460,0.262062,0.255857,0.247783,0.237738,0.225551,0.210921,0.193280,0.171415,0.141900,0.073433,nan,nan,nan,nan,nan,nan,nan,0.065084
90420.000000,0.269765,0.268893,0.266269,0.261876,0.255678,0.247613,0.237578,0.225404,0.210788,0.193165,0.171320,0.141830,0.073404,nan,nan,nan,nan,nan,nan,nan,0.065056
90480.000000,0.269570,0.268699,0.266079,0.261690,0.255499,0.247442,0.237419,0.225257,0.210656,0.193049,0.171225,0.141759,0.073375,nan,nan,nan,nan,nan,nan,nan,0.065028
90540.000000,0.269376,0.268506,0.265888,0.261505,0.255320,0.247273,0.237260,0.225110,0.210524,0.192935,0.171130,0.141689,0.073346,nan,nan,nan,nan,nan,nan,nan,0.065001
90600.000000,0.269182,0.268313,0.265698,0.261320,0.255142,0.247103,0.237101,0.224964,0.210392,0.192820,0.171035,0.141619,0.073317,nan,nan,nan,nan,nan,nan,nan,0.064973
90660.000000,0.268989,0.268120,0.265509,0.261135,0.254964,0.246934,0.236942,0.224818,0.210261,0.192705,0.170941,0.141549,0.073288,nan,nan,nan,nan,nan,nan,nan,0.064945
90720.000000,0.268796,0.267928,0.265320,0.260951,0.254786,0.246765,0.236784,0.224672,0.210130,0.192591,0.170846,0.141479,0.073259,nan,nan,nan,nan,nan,nan,nan,0.064918
90780.000000,0.268603,0.267737,0.265131,0.260767,0.254609,0.246596,0.236626,0.224527,0.209999,0.192477,0.170752,0.141409,0.073230,nan,nan,nan,nan,nan,nan,nan,0.064890
90840.000000,0.268411,0.267545,0.264942,0.260583,0.254432,0.246428,0.236468,0.224382,0.209868,0.192363,0.170658,0.141339,0.073202,nan,nan,nan,nan,nan,nan,nan,0.064863
90900.000000,0.268219,0.267354,0.264754,0.260400,0.254256,0.246260,0.236311,0.224237,0.209738,0.192250,0.170564,0.141269,0.073173,nan,nan,nan,nan,nan,nan,nan,0.064836
90960.000000,0.268027,0.267164,0.264566,0.260217,0.254079,0.246092,0.236154,0.224092,0.209608,0.192136,0.170470,0.141200,0.073144,nan,nan,nan,nan,nan,nan,nan,0.064808
91020.000000,0.267836,0.266973,0.264379,0.260034,0.253903,0.245925,0.235997,0.223948,0.209478,0.192023,0.170376,0.141131,0.073116,nan,nan,nan,nan,nan,nan,nan,0.064781
91080.000000,0.267645,0.266783,0.264192,0.259852,0.253728,0.245758,0.235840,0.223803,0.209348,0.191910,0.170283,0.141061,0.073087,nan,nan,nan,nan,nan,nan,nan,0.064754
91140.000000,0.267455,0.266594,0.264005,0.259670,0.253553,0.245591,0.235684,0.223660,0.209218,0.191797,0.170189,0.140992,0.073059,nan,nan,nan,nan,nan,nan,nan,0.064727
91200.000000,0.267264,0.266405,0.263819,0.259489,0.253378,0.245425,0.235528,0.223516,0.209089,0.191684,0.170096,0.140923,0.073031,nan,nan,nan,nan,nan,nan,nan,0.064700
91260.000000,0.267075,0.266216,0.263633,0.259307,0.253203,0.245259,0.235372,0.223373,0.208960,0.191572,0.170003,0.140854,0.073003,nan,nan,nan,nan,nan,nan,nan,0.064673
91320.000000,0.266885,0.266027,0.263447,0.259126,0.253029,0.245093,0.235217,0.223229,0.208831,0.191459,0.169910,0.140785,0.072974,nan,nan,nan,nan,nan,nan,nan,0.064647
91380.000000,0.266696,0.265839,0.263262,0.258946,0.252855,0.244928,0.235062,0.223087,0.208703,0.191347,0.169817,0.140717,0.072946,nan,nan,nan,nan,nan,nan,nan,0.064620
91440.000000,0.266508,0.265651,0.263077,0.258766,0.252681,0.244763,0.234907,0.222944,0.208574,0.191236,0.169725,0.140648,0.072918,nan,nan,nan,nan,nan,nan,nan,0.064593
91500.000000,0.266319,0.265464,0.262893,0.258586,0.252508,0.244598,0.234753,0.222802,0.208446,0.191124,0.169632,0.140580,0.072890,nan,nan,nan,nan,nan,nan,nan,0.064567
91560.000000,0.266131,0.265277,0.262708,0.258406,0.252335,0.244433,0.234598,0.222660,0.208318,0.191012,0.169540,0.140511,0.072862,nan,nan,nan,nan,nan,nan,nan,0.064540
91620.000000,0.265944,0.265090,0.262525,0.258227,0.252162,0.244269,0.234444,0.222518,0.208191,0.190901,0.169448,0.140443,0.072834,nan,nan,nan,nan,nan,nan,nan,0.064514
91680.000000,0.265756,0.264904,0.262341,0.258048,0.251990,0.244105,0.234291,0.222376,0.208063,0.190790,0.169356,0.140375,0.072806,nan,nan,nan,nan,nan,nan,nan,0.064487
91740.000000,0.265569,0.264718,0.262158,0.257870,0.251818,0.243942,0.234137,0.222235,0.207936,0.190679,0.169265,0.140307,0.072779,nan,nan,nan,nan,nan,nan,nan,0.064461
91800.000000,0.265383,0.264532,0.261975,0.257692,0.251647,0.243778,0.233984,0.222094,0.207809,0.190568,0.169173,0.140239,0.072751,nan,nan,nan,nan,nan,nan,nan,0.064435
91860.000000,0.265197,0.264347,0.261793,0.257514,0.251475,0.243615,0.233831,0.221953,0.207682,0.190458,0.169081,0.140171,0.072723,nan,nan,nan,nan,nan,nan,nan,0.064409
91920.000000,0.265011,0.264162,0.261610,0.257336,0.251304,0.243452,0.233679,0.221813,0.207556,0.190348,0.168990,0.140104,0.072696,nan,nan,nan,nan,nan,nan,nan,0.064382
91980.000000,0.264825,0.263978,0.261429,0.257159,0.251133,0.243290,0.233526,0.221672,0.207429,0.190237,0.168899,0.140036,0.072668,nan,nan,nan,nan,nan,nan,nan,0.064356
92040.000000,0.264640,0.263793,0.261247,0.256982,0.250963,0.243128,0.233374,0.221532,0.207303,0.190128,0.168808,0.139969,0.072641,nan,nan,nan,nan,nan,nan,nan,0.064330
92100.000000,0.264455,0.263609,0.261066,0.256806,0.250793,0.242966,0.233223,0.221393,0.207178,0.190018,0.168717,0.139901,0.072613,nan,nan,nan,nan,nan,nan,nan,0.064305
92160.000000,0.264271,0.263426,0.260885,0.256630,0.250623,0.242805,0.233071,0.221253,0.207052,0.189908,0.168627,0.139834,0.072586,nan,nan,nan,nan,nan,nan,nan,0.064279
92220.000000,0.264087,0.263243,0.260705,0.256454,0.250454,0.242643,0.232920,0.221114,0.206927,0.189799,0.168536,0.139767,0.072559,nan,nan,nan,nan,nan,nan,nan,0.064253
92280.000000,0.263903,0.263060,0.260525,0.256278,0.250285,0.242483,0.232769,0.220975,0.206801,0.189690,0.168446,0.139700,0.072532,nan,nan,nan,nan,nan,nan,nan,0.064227
92340.000000,0.263719,0.262877,0.260345,0.256103,0.250116,0.242322,0.232619,0.220836,0.206676,0.189581,0.168356,0.139633,0.072504,nan,nan,nan,nan,nan,nan,nan,0.064202
92400.000000,0.263536,0.262695,0.260166,0.255928,0.249947,0.242162,0.232468,0.220698,0.206552,0.189472,0.168266,0.139566,0.072477,nan,nan,nan,nan,nan,nan,nan,0.064176
92460.000000,0.263354,0.262513,0.259986,0.255754,0.249779,0.242002,0.232318,0.220559,0.206427,0.189363,0.168176,0.139500,0.072450,nan,nan,nan,nan,nan,nan,nan,0.064151
92520.000000,0.263171,0.262332,0.259808,0.255579,0.249611,0.241842,0.232169,0.220421,0.206303,0.189255,0.168086,0.139433,0.072423,nan,nan,nan,nan,nan,nan,nan,0.064125
92580.000000,0.262989,0.262151,0.259629,0.255406,0.249444,0.241682,0.232019,0.220284,0.206179,0.189147,0.167996,0.139367,0.072396,nan,nan,nan,nan,nan,nan,nan,0.064100
92640.000000,0.262808,0.261970,0.259451,0.255232,0.249277,0.241523,0.231870,0.220146,0.206055,0.189039,0.167907,0.139300,0.072370,nan,nan,nan,nan,nan,nan,nan,0.064075
92700.000000,0.262626,0.261790,0.259273,0.255059,0.249110,0.241364,0.231721,0.220009,0.205931,0.188931,0.167818,0.139234,0.072343,nan,nan,nan,nan,nan,nan,nan,0.064049
92760.000000,0.262445,0.261609,0.259096,0.254886,0.248943,0.241206,0.231572,0.219872,0.205808,0.188823,0.167728,0.139168,0.072316,nan,nan,nan,nan,nan,nan,nan,0.064024
92820.000000,0.262264,0.261430,0.258919,0.254713,0.248777,0.241048,0.231424,0.219735,0.205685,0.188716,0.167640,0.139102,0.072289,nan,nan,nan,nan,nan,nan,nan,0.063999
92880.000000,0.262084,0.261250,0.258742,0.254541,0.248611,0.240890,0.231275,0.219598,0.205562,0.188609,0.167551,0.139036,0.072263,nan,nan,nan,nan,nan,nan,nan,0.063974
92940.000000,0.261904,0.261071,0.258566,0.254369,0.248445,0.240732,0.231128,0.219462,0.205439,0.188502,0.167462,0.138970,0.072236,nan,nan,nan,nan,nan,nan,nan,0.063949
93000.000000,0.261724,0.260892,0.258390,0.254197,0.248280,0.240575,0.230980,0.219326,0.205316,0.188395,0.167373,0.138904,0.072210,nan,nan,nan,nan,nan,nan,nan,0.063924
93060.000000,0.261545,0.260714,0.258214,0.254026,0.248114,0.240417,0.230833,0.219190,0.205194,0.188288,0.167285,0.138839,0.072183,nan,nan,nan,nan,nan,nan,nan,0.063899
93120.000000,0.261366,0.260536,0.258038,0.253855,0.247950,0.240261,0.230686,0.219055,0.205072,0.188181,0.167197,0.138773,0.072157,nan,nan,nan,nan,nan,nan,nan,0.063875
93180.000000,0.261187,0.260358,0.257863,0.253684,0.247785,0.240104,0.230539,0.218919,0.204950,0.188075,0.167109,0.138708,0.072130,nan,nan,nan,nan,nan,nan,nan,0.063850
93240.000000,0.261009,0.260180,0.257688,0.253514,0.247621,0.239948,0.230392,0.218784,0.204828,0.187969,0.167021,0.138643,0.072104,nan,nan,nan,nan,nan,nan,nan,0.063825
93300.000000,0.260831,0.260003,0.257514,0.253344,0.247457,0.239792,0.230246,0.218650,0.204707,0.187863,0.166933,0.138577,0.072078,nan,nan,nan,nan,nan,nan,nan,0.063801
93360.000000,0.260653,0.259826,0.257340,0.253174,0.247293,0.239636,0.230100,0.218515,0.204586,0.187757,0.166845,0.138512,0.072052,nan,nan,nan,nan,nan,nan,nan,0.063776
93420.000000,0.260476,0.259650,0.257166,0.253005,0.247130,0.239481,0.229954,0.218381,0.204465,0.187652,0.166758,0.138447,0.072026,nan,nan,nan,nan,nan,nan,nan,0.063752
93480.000000,0.260299,0.259474,0.256992,0.252836,0.246967,0.239326,0.229808,0.218246,0.204344,0.187546,0.166671,0.138383,0.072000,nan,nan,nan,nan,nan,nan,nan,0.063727
93540.000000,0.260122,0.259298,0.256819,0.252667,0.246804,0.239171,0.229663,0.218113,0.204223,0.187441,0.166583,0.138318,0.071974,nan,nan,nan,nan,nan,nan,nan,0.063703
93600.000000,0.259946,0.259122,0.256646,0.252498,0.246642,0.239016,0.229518,0.217979,0.204103,0.187336,0.166496,0.138253,0.071948,nan,nan,nan,nan,nan,nan,nan,0.063679
93660.000000,0.259770,0.258947,0.256474,0.252330,0.246480,0.238862,0.229373,0.217846,0.203983,0.187231,0.166409,0.138189,0.071922,nan,nan,nan,nan,nan,nan,nan,0.063654
93720.000000,0.259594,0.258772,0.256302,0.252162,0.246318,0.238708,0.229229,0.217712,0.203863,0.187126,0.166323,0.138124,0.071896,nan,nan,nan,nan,nan,nan,nan,0.063630
93780.000000,0.259418,0.258598,0.256130,0.251995,0.246157,0.238554,0.229085,0.217579,0.203743,0.187022,0.166236,0.138060,0.071870,nan,nan,nan,nan,nan,nan,nan,0.063606
93840.000000,0.259243,0.258424,0.255958,0.251827,0.245995,0.238401,0.228941,0.217447,0.203623,0.186917,0.166150,0.137996,0.071844,nan,nan,nan,nan,nan,nan,nan,0.063582
93900.000000,0.259069,0.258250,0.255787,0.251660,0.245834,0.238247,0.228797,0.217314,0.203504,0.186813,0.166063,0.137932,0.071819,nan,nan,nan,nan,nan,nan,nan,0.063558
93960.000000,0.258894,0.258076,0.255616,0.251494,0.245674,0.238095,0.228654,0.217182,0.203385,0.186709,0.165977,0.137868,0.071793,nan,nan,nan,nan,nan,nan,nan,0.063534
94020.000000,0.258720,0.257903,0.255445,0.251327,0.245513,0.237942,0.228511,0.217050,0.203266,0.186605,0.165891,0.137804,0.071768,nan,nan,nan,nan,nan,nan,nan,0.063511
94080.000000,0.258546,0.257730,0.255275,0.251161,0.245353,0.237790,0.228368,0.216918,0.203147,0.186502,0.165805,0.137740,0.071742,nan,nan,nan,nan,nan,nan,nan,0.063487
94140.000000,0.258373,0.257557,0.255105,0.250995,0.245194,0.237638,0.228225,0.216787,0.203028,0.186398,0.165719,0.137676,0.071717,nan,nan,nan,nan,nan,nan,nan,0.063463
94200.000000,0.258200,0.257385,0.254935,0.250830,0.245034,0.237486,0.228082,0.216655,0.202910,0.186295,0.165634,0.137613,0.071691,nan,nan,nan,nan,nan,nan,nan,0.063439
94260.000000,0.258027,0.257213,0.254765,0.250665,0.244875,0.237334,0.227940,0.216524,0.202792,0.186192,0.165548,0.137549,0.071666,nan,nan,nan,nan,nan,nan,nan,0.063416
94320.000000,0.257854,0.257041,0.254596,0.250500,0.244716,0.237183,0.227798,0.216394,0.202674,0.186089,0.165463,0.137486,0.071641,nan,nan,nan,nan,nan,nan,nan,0.063392
94380.000000,0.257682,0.256870,0.254428,0.250335,0.244557,0.237032,0.227657,0.216263,0.202556,0.185986,0.165378,0.137422,0.071615,nan,nan,nan,nan,nan,nan,nan,0.063369
94440.000000,0.257510,0.256699,0.254259,0.250171,0.244399,0.236881,0.227515,0.216133,0.202439,0.185883,0.165293,0.137359,0.071590,nan,nan,nan,nan,nan,nan,nan,0.063345
94500.000000,0.257338,0.256528,0.254091,0.250007,0.244241,0.236731,0.227374,0.216002,0.202321,0.185781,0.165208,0.137296,0.071565,nan,nan,nan,nan,nan,nan,nan,0.063322
94560.000000,0.257167,0.256358,0.253923,0.249843,0.244083,0.236581,0.227233,0.215872,0.202204,0.185679,0.165123,0.137233,0.071540,nan,nan,nan,nan,nan,nan,nan,0.063299
94620.000000,0.256996,0.256188,0.253755,0.249680,0.243926,0.236431,0.227093,0.215743,0.202087,0.185577,0.165038,0.137170,0.071515,nan,nan,nan,nan,nan,nan,nan,0.063276
94680.000000,0.256826,0.256018,0.253588,0.249517,0.243769,0.236281,0.226952,0.215613,0.201971,0.185475,0.164954,0.137107,0.071490,nan,nan,nan,nan,nan,nan,nan,0.063252
94740.000000,0.256655,0.255848,0.253421,0.249354,0.243612,0.236132,0.226812,0.215484,0.201854,0.185373,0.164870,0.137045,0.071465,nan,nan,nan,nan,nan,nan,nan,0.063229
94800.000000,0.256485,0.255679,0.253254,0.249192,0.243455,0.235983,0.226672,0.215355,0.201738,0.185271,0.164785,0.136982,0.071440,nan,nan,nan,nan,nan,nan,nan,0.063206
94860.000000,0.256315,0.255510,0.253088,0.249030,0.243299,0.235834,0.226532,0.215226,0.201622,0.185170,0.164701,0.136920,0.071415,nan,nan,nan,nan,nan,nan,nan,0.063183
94920.000000,0.256146,0.255342,0.252922,0.248868,0.243143,0.235685,0.226393,0.215098,0.201506,0.185069,0.164617,0.136857,0.071391,nan,nan,nan,nan,nan,nan,nan,0.063160
94980.000000,0.255977,0.255173,0.252756,0.248706,0.242987,0.235537,0.226254,0.214969,0.201390,0.184968,0.164533,0.136795,0.071366,nan,nan,nan,nan,nan,nan,nan,0.063138
95040.000000,0.255808,0.255005,0.252591,0.248545,0.242831,0.235389,0.226115,0.214841,0.201275,0.184867,0.164450,0.136733,0.071341,nan,nan,nan,nan,nan,nan,nan,0.063115
95100.000000,0.255640,0.254838,0.252425,0.248384,0.242676,0.235241,0.225976,0.214713,0.201159,0.184766,0.164366,0.136671,0.071317,nan,nan,nan,nan,nan,nan,nan,0.063092
95160.000000,0.255471,0.254670,0.252261,0.248223,0.242521,0.235093,0.225838,0.214586,0.201044,0.184666,0.164283,0.136609,0.071292,nan,nan,nan,nan,nan,nan,nan,0.063069
95220.000000,0.255304,0.254503,0.252096,0.248062,0.242366,0.234946,0.225699,0.214458,0.200929,0.184565,0.164200,0.136547,0.071268,nan,nan,nan,nan,nan,nan,nan,0.063047
95280.000000,0.255136,0.254336,0.251932,0.247902,0.242212,0.234799,0.225561,0.214331,0.200814,0.184465,0.164117,0.136485,0.071243,nan,nan,nan,nan,nan,nan,nan,0.063024
95340.000000,0.254969,0.254170,0.251768,0.247742,0.242058,0.234652,0.225424,0.214204,0.200700,0.184365,0.164034,0.136423,0.071219,nan,nan,nan,nan,nan,nan,nan,0.063001
95400.000000,0.254802,0.254004,0.251604,0.247583,0.241904,0.234506,0.225286,0.214077,0.200586,0.184265,0.163951,0.136362,0.071194,nan,nan,nan,nan,nan,nan,nan,0.062979
95460.000000,0.254635,0.253838,0.251441,0.247423,0.241750,0.234359,0.225149,0.213950,0.200471,0.184165,0.163867,0.136299,0.071162,nan,nan,nan,nan,nan,nan,nan,0.062957
95520.000000,0.254469,0.253672,0.251277,0.247264,0.241597,0.234213,0.225011,0.213823,0.200356,0.184064,0.163783,0.136235,0.071116,nan,nan,nan,nan,nan,nan,nan,0.062934
95580.000000,0.254302,0.253507,0.251115,0.247105,0.241444,0.234067,0.224874,0.213696,0.200241,0.183963,0.163698,0.136169,0.071055,nan,nan,nan,nan,nan,nan,nan,0.062912
95640.000000,0.254137,0.253342,0.250952,0.246947,0.241290,0.233921,0.224736,0.213569,0.200125,0.183861,0.163611,0.136101,0.070983,nan,nan,nan,nan,nan,nan,nan,0.062890
95700.000000,0.253971,0.253177,0.250789,0.246788,0.241137,0.233775,0.224599,0.213441,0.200010,0.183758,0.163524,0.136032,0.070898,nan,nan,nan,nan,nan,nan,nan,0.062868
95760.000000,0.253806,0.253013,0.250627,0.246630,0.240984,0.233629,0.224461,0.213313,0.199893,0.183655,0.163437,0.135962,0.070804,nan,nan,nan,nan,nan,nan,nan,0.062846
95820.000000,0.253641,0.252849,0.250465,0.246472,0.240832,0.233483,0.224324,0.213186,0.199777,0.183552,0.163348,0.135890,0.070700,nan,nan,nan,nan,nan,nan,nan,0.062824
95880.000000,0.253476,0.252685,0.250304,0.246314,0.240679,0.233337,0.224186,0.213058,0.199661,0.183449,0.163259,0.135817,0.070587,nan,nan,nan,nan,nan,nan,nan,0.062803
95940.000000,0.253312,0.252521,0.250143,0.246156,0.240527,0.233191,0.224049,0.212930,0.199544,0.183345,0.163170,0.135744,0.070468,nan,nan,nan,nan,nan,nan,nan,0.062781
96000.000000,0.253148,0.252358,0.249981,0.245999,0.240375,0.233046,0.223911,0.212802,0.199427,0.183241,0.163080,0.135670,0.070342,nan,nan,nan,nan,nan,nan,nan,0.062760
96060.000000,0.252984,0.252195,0.249821,0.245842,0.240223,0.232901,0.223774,0.212675,0.199311,0.183137,0.162990,0.135595,0.070211,nan,nan,nan,nan,nan,nan,nan,0.062738
96120.000000,0.252821,0.252032,0.249660,0.245685,0.240071,0.232756,0.223637,0.212547,0.199194,0.183032,0.162900,0.135520,0.070076,nan,nan,nan,nan,nan,nan,nan,0.062717
96180.000000,0.252657,0.251870,0.249500,0.245529,0.239919,0.232611,0.223500,0.212420,0.199077,0.182928,0.162810,0.135445,0.069938,nan,nan,nan,nan,nan,nan,nan,0.062695
96240.000000,0.252494,0.251707,0.249340,0.245372,0.239768,0.232466,0.223363,0.212292,0.198961,0.182824,0.162719,0.135369,0.069798,nan,nan,nan,nan,nan,nan,nan,0.062674
96300.000000,0.252332,0.251545,0.249180,0.245216,0.239617,0.232322,0.223227,0.212165,0.198845,0.182720,0.162629,0.135293,0.069657,nan,nan,nan,nan,nan,nan,nan,0.062653
96360.000000,0.252169,0.251384,0.249021,0.245060,0.239466,0.232177,0.223091,0.212038,0.198728,0.182616,0.162539,0.135218,0.069517,nan,nan,nan,nan,nan,nan,nan,0.062632
96420.000000,0.252007,0.251222,0.248861,0.244905,0.239316,0.232033,0.222954,0.211911,0.198612,0.182512,0.162449,0.135143,0.069377,nan,nan,nan,nan,nan,nan,nan,0.062611
96480.000000,0.251845,0.251061,0.248702,0.244749,0.239166,0.231890,0.222819,0.211785,0.198497,0.182409,0.162359,0.135068,0.069240,nan,nan,nan,nan,nan,nan,nan,0.062590
96540.000000,0.251684,0.250900,0.248544,0.244594,0.239016,0.231746,0.222683,0.211659,0.198381,0.182306,0.162270,0.134993,0.069105,nan,nan,nan,nan,nan,nan,nan,0.062569
96600.000000,0.251522,0.250740,0.248385,0.244440,0.238866,0.231603,0.222548,0.211533,0.198266,0.182203,0.162181,0.134920,0.068976,nan,nan,nan,nan,nan,nan,nan,0.062548
96660.000000,0.251361,0.250579,0.248227,0.244285,0.238717,0.231460,0.222413,0.211408,0.198152,0.182101,0.162093,0.134847,0.068851,nan,nan,nan,nan,nan,nan,nan,0.062527
96720.000000,0.251201,0.250419,0.248069,0.244131,0.238568,0.231318,0.222279,0.211282,0.198037,0.181999,0.162005,0.134775,0.068733,nan,nan,nan,nan,nan,nan,nan,0.062506
96780.000000,0.251040,0.250260,0.247912,0.243977,0.238419,0.231176,0.222145,0.211158,0.197924,0.181898,0.161918,0.134704,0.068622,nan,nan,nan,nan,nan,nan,nan,0.062485
96840.000000,0.250880,0.250100,0.247755,0.243824,0.238271,0.231034,0.222011,0.211034,0.197811,0.181797,0.161832,0.134634,0.068520,nan,nan,nan,nan,nan,nan,nan,0.062464
96900.000000,0.250720,0.249941,0.247598,0.243670,0.238123,0.230892,0.221878,0.210910,0.197698,0.181698,0.161747,0.134566,0.068427,nan,nan,nan,nan,nan,nan,nan,0.062444
96960.000000,0.250560,0.249782,0.247441,0.243517,0.237975,0.230751,0.221745,0.210787,0.197586,0.181599,0.161663,0.134499,0.068345,nan,nan,nan,nan,nan,nan,nan,0.062423
97020.000000,0.250401,0.249623,0.247285,0.243365,0.237827,0.230611,0.221612,0.210664,0.197475,0.181500,0.161580,0.134433,0.068274,nan,nan,nan,nan,nan,nan,nan,0.062402
97080.000000,0.250242,0.249465,0.247129,0.243212,0.237680,0.230471,0.221480,0.210542,0.197364,0.181403,0.161498,0.134370,0.068216,nan,nan,nan,nan,nan,nan,nan,0.062381
97140.000000,0.250083,0.249307,0.246973,0.243061,0.237534,0.230331,0.221349,0.210421,0.197254,0.181306,0.161417,0.134308,0.068172,nan,nan,nan,nan,nan,nan,nan,0.062360
97200.000000,0.249924,0.249149,0.246817,0.242909,0.237388,0.230191,0.221218,0.210300,0.197145,0.181211,0.161337,0.134248,0.068142,nan,nan,nan,nan,nan,nan,nan,0.062340
97260.000000,0.249766,0.248992,0.246662,0.242758,0.237242,0.230053,0.221088,0.210179,0.197036,0.181116,0.161258,0.134190,0.068120,nan,nan,nan,nan,nan,nan,nan,0.062319
97320.000000,0.249608,0.248834,0.246507,0.242607,0.237096,0.229914,0.220957,0.210059,0.196928,0.181021,0.161180,0.134131,0.068097,nan,nan,nan,nan,nan,nan,nan,0.062298
97380.000000,0.249450,0.248678,0.246353,0.242456,0.236951,0.229775,0.220827,0.209939,0.196820,0.180927,0.161101,0.134073,0.068075,nan,nan,nan,nan,nan,nan,nan,0.062277
97440.000000,0.249293,0.248521,0.246198,0.242305,0.236806,0.229637,0.220698,0.209819,0.196712,0.180832,0.161023,0.134015,0.068053,nan,nan,nan,nan,nan,nan,nan,0.062257
97500.000000,0.249136,0.248364,0.246044,0.242155,0.236661,0.229499,0.220568,0.209700,0.196604,0.180738,0.160945,0.133957,0.068031,nan,nan,nan,nan,nan,nan,nan,0.062236
97560.000000,0.248979,0.248208,0.245890,0.242005,0.236516,0.229361,0.220439,0.209580,0.196496,0.180644,0.160866,0.133898,0.068009,nan,nan,nan,nan,nan,nan,nan,0.062216
97620.000000,0.248822,0.248052,0.245737,0.241855,0.236372,0.229224,0.220310,0.209461,0.196389,0.180550,0.160788,0.133840,0.067988,nan,nan,nan,nan,nan,nan,nan,0.062195
97680.000000,0.248666,0.247897,0.245583,0.241706,0.236227,0.229086,0.220181,0.209342,0.196281,0.180456,0.160710,0.133782,0.067966,nan,nan,nan,nan,nan,nan,nan,0.062175
97740.000000,0.248510,0.247742,0.245430,0.241557,0.236083,0.228949,0.220052,0.209223,0.196174,0.180362,0.160633,0.133725,0.067944,nan,nan,nan,nan,nan,nan,nan,0.062154
97800.000000,0.248354,0.247587,0.245278,0.241408,0.235940,0.228813,0.219923,0.209105,0.196067,0.180268,0.160555,0.133667,0.067922,nan,nan,nan,nan,nan,nan,nan,0.062134
97860.000000,0.248199,0.247432,0.245125,0.241259,0.235796,0.228676,0.219795,0.208987,0.195960,0.180175,0.160477,0.133609,0.067900,nan,nan,nan,nan,nan,nan,nan,0.062113
97920.000000,0.248043,0.247277,0.244973,0.241110,0.235653,0.228540,0.219667,0.208868,0.195853,0.180082,0.160400,0.133552,0.067879,nan,nan,nan,nan,nan,nan,nan,0.062093
97980.000000,0.247888,0.247123,0.244821,0.240962,0.235510,0.228403,0.219539,0.208750,0.195747,0.179989,0.160323,0.133494,0.067857,nan,nan,nan,nan,nan,nan,nan,0.062073
98040.000000,0.247734,0.246969,0.244669,0.240814,0.235368,0.228268,0.219412,0.208633,0.195641,0.179896,0.160246,0.133437,0.067836,nan,nan,nan,nan,nan,nan,nan,0.062053
98100.000000,0.247579,0.246815,0.244518,0.240667,0.235225,0.228132,0.219284,0.208515,0.195535,0.179803,0.160169,0.133379,0.067814,nan,nan,nan,nan,nan,nan,nan,0.062033
98160.000000,0.247425,0.246662,0.244367,0.240519,0.235083,0.227996,0.219157,0.208398,0.195429,0.179710,0.160092,0.133322,0.067793,nan,nan,nan,nan,nan,nan,nan,0.062013
98220.000000,0.247271,0.246509,0.244216,0.240372,0.234941,0.227861,0.219030,0.208280,0.195323,0.179618,0.160015,0.133265,0.067771,nan,nan,nan,nan,nan,nan,nan,0.061993
98280.000000,0.247117,0.246356,0.244065,0.240225,0.234799,0.227726,0.218903,0.208163,0.195217,0.179526,0.159938,0.133208,0.067750,nan,nan,nan,nan,nan,nan,nan,0.061973
98340.000000,0.246964,0.246203,0.243915,0.240078,0.234658,0.227591,0.218777,0.208047,0.195112,0.179433,0.159862,0.133151,0.067728,nan,nan,nan,nan,nan,nan,nan,0.061953
98400.000000,0.246811,0.246051,0.243765,0.239932,0.234517,0.227457,0.218650,0.207930,0.195007,0.179341,0.159785,0.133094,0.067707,nan,nan,nan,nan,nan,nan,nan,0.061933
98460.000000,0.246658,0.245899,0.243615,0.239786,0.234376,0.227323,0.218524,0.207814,0.194901,0.179249,0.159709,0.133037,0.067686,nan,nan,nan,nan,nan,nan,nan,0.061913
98520.000000,0.246505,0.245747,0.243465,0.239640,0.234235,0.227189,0.218398,0.207697,0.194797,0.179158,0.159633,0.132981,0.067664,nan,nan,nan,nan,nan,nan,nan,0.061893
98580.000000,0.246353,0.245595,0.243316,0.239494,0.234095,0.227055,0.218273,0.207581,0.194692,0.179066,0.159556,0.132924,0.067643,nan,nan,nan,nan,nan,nan,nan,0.061873
98640.000000,0.246201,0.245444,0.243167,0.239349,0.233954,0.226921,0.218147,0.207465,0.194587,0.178975,0.159480,0.132867,0.067622,nan,nan,nan,nan,nan,nan,nan,0.061854
98700.000000,0.246049,0.245293,0.243018,0.239204,0.233814,0.226788,0.218022,0.207350,0.194483,0.178883,0.159405,0.132811,0.067601,nan,nan,nan,nan,nan,nan,nan,0.061834
98760.000000,0.245898,0.245142,0.242869,0.239059,0.233675,0.226655,0.217897,0.207234,0.194379,0.178792,0.159329,0.132755,0.067580,nan,nan,nan,nan,nan,nan,nan,0.061814
98820.000000,0.245747,0.244992,0.242721,0.238914,0.233535,0.226522,0.217772,0.207119,0.194275,0.178701,0.159253,0.132698,0.067559,nan,nan,nan,nan,nan,nan,nan,0.061795
98880.000000,0.245596,0.244841,0.242573,0.238770,0.233396,0.226389,0.217647,0.207004,0.194171,0.178610,0.159178,0.132642,0.067538,nan,nan,nan,nan,nan,nan,nan,0.061775
98940.000000,0.245445,0.244691,0.242425,0.238626,0.233257,0.226257,0.217523,0.206889,0.194067,0.178519,0.159102,0.132586,0.067517,nan,nan,nan,nan,nan,nan,nan,0.061756
99000.000000,0.245294,0.244542,0.242277,0.238482,0.233118,0.226124,0.217399,0.206774,0.193963,0.178429,0.159027,0.132530,0.067496,nan,nan,nan,nan,nan,nan,nan,0.061737
99060.000000,0.245144,0.244392,0.242130,0.238338,0.232979,0.225992,0.217275,0.206660,0.193860,0.178338,0.158952,0.132474,0.067475,nan,nan,nan,nan,nan,nan,nan,0.061717
99120.000000,0.244994,0.244243,0.241983,0.238195,0.232841,0.225860,0.217151,0.206546,0.193757,0.178248,0.158877,0.132418,0.067455,nan,nan,nan,nan,nan,nan,nan,0.061698
99180.000000,0.244844,0.244094,0.241836,0.238051,0.232703,0.225729,0.217027,0.206431,0.193654,0.178158,0.158802,0.132362,0.067434,nan,nan,nan,nan,nan,nan,nan,0.061679
99240.000000,0.244695,0.243945,0.241690,0.237909,0.232565,0.225597,0.216904,0.206318,0.193551,0.178068,0.158727,0.132307,0.067413,nan,nan,nan,nan,nan,nan,nan,0.061659
99300.000000,0.244546,0.243797,0.241543,0.237766,0.232427,0.225466,0.216781,0.206204,0.193448,0.177978,0.158653,0.132251,0.067392,nan,nan,nan,nan,nan,nan,nan,0.061640
99360.000000,0.244397,0.243649,0.241397,0.237623,0.232290,0.225335,0.216658,0.206090,0.193346,0.177888,0.158578,0.132195,0.067372,nan,nan,nan,nan,nan,nan,nan,0.061621
99420.000000,0.244248,0.243501,0.241252,0.237481,0.232153,0.225205,0.216535,0.205977,0.193243,0.177799,0.158504,0.132140,0.067351,nan,nan,nan,nan,nan,nan,nan,0.061602
99480.000000,0.244100,0.243353,0.241106,0.237339,0.232016,0.225074,0.216412,0.205864,0.193141,0.177709,0.158429,0.132085,0.067331,nan,nan,nan,nan,nan,nan,nan,0.061583
99540.000000,0.243952,0.243205,0.240961,0.237197,0.231879,0.224944,0.216290,0.205751,0.193039,0.177620,0.158355,0.132029,0.067310,nan,nan,nan,nan,nan,nan,nan,0.061564
99600.000000,0.243804,0.243058,0.240816,0.237056,0.231743,0.224814,0.216168,0.205638,0.192937,0.177531,0.158281,0.131974,0.067290,nan,nan,nan,nan,nan,nan,nan,0.061545
99660.000000,0.243656,0.242911,0.240671,0.236915,0.231606,0.224684,0.216046,0.205525,0.192835,0.177442,0.158207,0.131919,0.067269,nan,nan,nan,nan,nan,nan,nan,0.061526
99720.000000,0.243508,0.242765,0.240526,0.236774,0.231470,0.224554,0.215924,0.205413,0.192734,0.177353,0.158133,0.131864,0.067249,nan,nan,nan,nan,nan,nan,nan,0.061507
99780.000000,0.243361,0.242618,0.240382,0.236633,0.231335,0.224425,0.215802,0.205300,0.192632,0.177264,0.158059,0.131809,0.067229,nan,nan,nan,nan,nan,nan,nan,0.061488
99840.000000,0.243214,0.242472,0.240238,0.236492,0.231199,0.224296,0.215681,0.205188,0.192531,0.177176,0.157986,0.131754,0.067208,nan,nan,nan,nan,nan,nan,nan,0.061470
99900.000000,0.243068,0.242326,0.240094,0.236352,0.231064,0.224167,0.215560,0.205076,0.192430,0.177087,0.157912,0.131699,0.067188,nan,nan,nan,nan,nan,nan,nan,0.061451
99960.000000,0.242921,0.242180,0.239950,0.236212,0.230929,0.224038,0.215439,0.204965,0.192329,0.176999,0.157839,0.131645,0.067168,nan,nan,nan,nan,nan,nan,nan,0.061432
100020.000000,0.242775,0.242035,0.239807,0.236072,0.230794,0.223910,0.215318,0.204853,0.192228,0.176911,0.157765,0.131590,0.067148,nan,nan,nan,nan,nan,nan,nan,0.061414
100080.000000,0.242629,0.241889,0.239664,0.235933,0.230659,0.223781,0.215197,0.204742,0.192128,0.176823,0.157692,0.131536,0.067128,nan,nan,nan,nan,nan,nan,nan,0.061395
100140.000000,0.242483,0.241744,0.239521,0.235793,0.230525,0.223653,0.215077,0.204631,0.192027,0.176735,0.157619,0.131481,0.067108,nan,nan,nan,nan,nan,nan,nan,0.061377
100200.000000,0.242338,0.241600,0.239378,0.235654,0.230390,0.223525,0.214957,0.204520,0.191927,0.176647,0.157546,0.131427,0.067087,nan,nan,nan,nan,nan,nan,nan,0.061358
100260.000000,0.242193,0.241455,0.239236,0.235515,0.230256,0.223397,0.214837,0.204409,0.191827,0.176559,0.157473,0.131372,0.067067,nan,nan,nan,nan,nan,nan,nan,0.061340
100320.000000,0.242048,0.241311,0.239094,0.235377,0.230123,0.223270,0.214717,0.204298,0.191727,0.176472,0.157401,0.131318,0.067048,nan,nan,nan,nan,nan,nan,nan,0.061321
100380.000000,0.241903,0.241167,0.238952,0.235238,0.229989,0.223143,0.214598,0.204188,0.191627,0.176385,0.157328,0.131264,0.067028,nan,nan,nan,nan,nan,nan,nan,0.061303
100440.000000,0.241759,0.241023,0.238810,0.235100,0.229856,0.223016,0.214478,0.204077,0.191528,0.176297,0.157255,0.131210,0.067008,nan,nan,nan,nan,nan,nan,nan,0.061284
100500.000000,0.241615,0.240880,0.238669,0.234962,0.229723,0.222889,0.214359,0.203967,0.191428,0.176210,0.157183,0.131156,0.066988,nan,nan,nan,nan,nan,nan,nan,0.061266
100560.000000,0.241471,0.240736,0.238528,0.234824,0.229590,0.222762,0.214240,0.203857,0.191329,0.176123,0.157111,0.131102,0.066968,nan,nan,nan,nan,nan,nan,nan,0.061248
100620.000000,0.241327,0.240593,0.238387,0.234687,0.229457,0.222636,0.214121,0.203748,0.191230,0.176037,0.157038,0.131048,0.066948,nan,nan,nan,nan,nan,nan,nan,0.061230
100680.000000,0.241183,0.240451,0.238246,0.234550,0.229325,0.222510,0.214003,0.203638,0.191131,0.175950,0.156966,0.130994,0.066929,nan,nan,nan,nan,nan,nan,nan,0.061212
100740.000000,0.241040,0.240308,0.238106,0.234413,0.229193,0.222384,0.213884,0.203529,0.191032,0.175863,0.156894,0.130941,0.066909,nan,nan,nan,nan,nan,nan,nan,0.061193
100800.000000,0.240897,0.240166,0.237965,0.234276,0.229061,0.222258,0.213766,0.203419,0.190933,0.175777,0.156823,0.130887,0.066889,nan,nan,nan,nan,nan,nan,nan,0.061175
100860.000000,0.240754,0.240024,0.237825,0.234139,0.228929,0.222132,0.213648,0.203310,0.190835,0.175691,0.156751,0.130834,0.066870,nan,nan,nan,nan,nan,nan,nan,0.061157
100920.000000,0.240612,0.239882,0.237686,0.234003,0.228797,0.222007,0.213530,0.203202,0.190736,0.175605,0.156679,0.130780,0.066850,nan,nan,nan,nan,nan,nan,nan,0.061139
100980.000000,0.240470,0.239740,0.237546,0.233867,0.228666,0.221882,0.213412,0.203093,0.190638,0.175519,0.156608,0.130727,0.066831,nan,nan,nan,nan,nan,nan,nan,0.061121
101040.000000,0.240328,0.239599,0.237407,0.233731,0.228535,0.221757,0.213295,0.202984,0.190540,0.175433,0.156536,0.130674,0.066811,nan,nan,nan,nan,nan,nan,nan,0.061104
101100.000000,0.240186,0.239458,0.237268,0.233595,0.228404,0.221632,0.213178,0.202876,0.190442,0.175347,0.156465,0.130620,0.066792,nan,nan,nan,nan,nan,nan,nan,0.061086
101160.000000,0.240044,0.239317,0.237129,0.233460,0.228273,0.221507,0.213061,0.202768,0.190344,0.175261,0.156394,0.130567,0.066772,nan,nan,nan,nan,nan,nan,nan,0.061068
101220.000000,0.239903,0.239176,0.236990,0.233325,0.228143,0.221383,0.212944,0.202660,0.190247,0.175176,0.156323,0.130514,0.066753,nan,nan,nan,nan,nan,nan,nan,0.061050
101280.000000,0.239762,0.239036,0.236852,0.233190,0.228012,0.221259,0.212827,0.202552,0.190149,0.175091,0.156252,0.130461,0.066734,nan,nan,nan,nan,nan,nan,nan,0.061032
101340.000000,0.239621,0.238896,0.236714,0.233055,0.227882,0.221135,0.212710,0.202444,0.190052,0.175006,0.156181,0.130408,0.066714,nan,nan,nan,nan,nan,nan,nan,0.061015
101400.000000,0.239480,0.238756,0.236576,0.232920,0.227753,0.221011,0.212594,0.202337,0.189955,0.174920,0.156110,0.130356,0.066695,nan,nan,nan,nan,nan,nan,nan,0.060997
101460.000000,0.239340,0.238616,0.236438,0.232786,0.227623,0.220887,0.212478,0.202230,0.189858,0.174836,0.156039,0.130303,0.066676,nan,nan,nan,nan,nan,nan,nan,0.060980
101520.000000,0.239200,0.238477,0.236301,0.232652,0.227494,0.220764,0.212362,0.202123,0.189761,0.174751,0.155969,0.130250,0.066657,nan,nan,nan,nan,nan,nan,nan,0.060962
101580.000000,0.239060,0.238337,0.236163,0.232518,0.227364,0.220641,0.212246,0.202016,0.189665,0.174666,0.155898,0.130198,0.066637,nan,nan,nan,nan,nan,nan,nan,0.060944
101640.000000,0.238920,0.238198,0.236026,0.232384,0.227235,0.220518,0.212131,0.201909,0.189568,0.174582,0.155828,0.130145,0.066618,nan,nan,nan,nan,nan,nan,nan,0.060927
101700.000000,0.238781,0.238059,0.235890,0.232251,0.227107,0.220395,0.212015,0.201802,0.189472,0.174497,0.155758,0.130093,0.066599,nan,nan,nan,nan,nan,nan,nan,0.060910
101760.000000,0.238641,0.237921,0.235753,0.232118,0.226978,0.220273,0.211900,0.201696,0.189376,0.174413,0.155687,0.130040,0.066580,nan,nan,nan,nan,nan,nan,nan,0.060892
101820.000000,0.238502,0.237783,0.235617,0.231985,0.226850,0.220150,0.211785,0.201589,0.189279,0.174329,0.155617,0.129988,0.066561,nan,nan,nan,nan,nan,nan,nan,0.060875
101880.000000,0.238364,0.237644,0.235481,0.231852,0.226722,0.220028,0.211670,0.201483,0.189184,0.174245,0.155547,0.129936,0.066542,nan,nan,nan,nan,nan,nan,nan,0.060857
101940.000000,0.238225,0.237507,0.235345,0.231719,0.226594,0.219906,0.211556,0.201377,0.189088,0.174161,0.155478,0.129884,0.066523,nan,nan,nan,nan,nan,nan,nan,0.060840
102000.000000,0.238087,0.237369,0.235209,0.231587,0.226466,0.219784,0.211441,0.201272,0.188992,0.174077,0.155408,0.129832,0.066505,nan,nan,nan,nan,nan,nan,nan,0.060823
102060.000000,0.237949,0.237232,0.235074,0.231455,0.226338,0.219663,0.211327,0.201166,0.188897,0.173993,0.155338,0.129780,0.066486,nan,nan,nan,nan,nan,nan,nan,0.060806
102120.000000,0.237811,0.237094,0.234938,0.231323,0.226211,0.219542,0.211213,0.201061,0.188801,0.173910,0.155269,0.129728,0.066467,nan,nan,nan,nan,nan,nan,nan,0.060789
102180.000000,0.237673,0.236957,0.234803,0.231191,0.226084,0.219420,0.211099,0.200955,0.188706,0.173827,0.155199,0.129676,0.066448,nan,nan,nan,nan,nan,nan,nan,0.060772
102240.000000,0.237536,0.236821,0.234669,0.231060,0.225957,0.219299,0.210985,0.200850,0.188611,0.173743,0.155130,0.129624,0.066429,nan,nan,nan,nan,nan,nan,nan,0.060754
102300.000000,0.237399,0.236684,0.234534,0.230928,0.225831,0.219179,0.210872,0.200745,0.188516,0.173660,0.155061,0.129573,0.066411,nan,nan,nan,nan,nan,nan,nan,0.060737
102360.000000,0.237262,0.236548,0.234400,0.230797,0.225704,0.219058,0.210758,0.200641,0.188422,0.173577,0.154992,0.129521,0.066392,nan,nan,nan,nan,nan,nan,nan,0.060720
102420.000000,0.237125,0.236412,0.234266,0.230667,0.225578,0.218938,0.210645,0.200536,0.188327,0.173494,0.154923,0.129470,0.066374,nan,nan,nan,nan,nan,nan,nan,0.060703
102480.000000,0.236989,0.236276,0.234132,0.230536,0.225452,0.218818,0.210532,0.200431,0.188233,0.173412,0.154854,0.129418,0.066355,nan,nan,nan,nan,nan,nan,nan,0.060687
102540.000000,0.236852,0.236140,0.233998,0.230405,0.225326,0.218698,0.210419,0.200327,0.188138,0.173329,0.154785,0.129367,0.066336,nan,nan,nan,nan,nan,nan,nan,0.060670
102600.000000,0.236716,0.236005,0.233865,0.230275,0.225200,0.218578,0.210307,0.200223,0.188044,0.173246,0.154716,0.129315,0.066318,nan,nan,nan,nan,nan,nan,nan,0.060653
102660.000000,0.236580,0.235870,0.233731,0.230145,0.225075,0.218458,0.210194,0.200119,0.187950,0.173164,0.154648,0.129264,0.066299,nan,nan,nan,nan,nan,nan,nan,0.060636
102720.000000,0.236445,0.235735,0.233598,0.230016,0.224950,0.218339,0.210082,0.200015,0.187856,0.173082,0.154579,0.129213,0.066281,nan,nan,nan,nan,nan,nan,nan,0.060619
102780.000000,0.236309,0.235600,0.233466,0.229886,0.224825,0.218219,0.209970,0.199912,0.187763,0.173000,0.154511,0.129162,0.066263,nan,nan,nan,nan,nan,nan,nan,0.060603
102840.000000,0.236174,0.235466,0.233333,0.229757,0.224700,0.218100,0.209858,0.199808,0.187669,0.172918,0.154443,0.129111,0.066244,nan,nan,nan,nan,nan,nan,nan,0.060586
102900.000000,0.236039,0.235331,0.233201,0.229627,0.224575,0.217982,0.209746,0.199705,0.187576,0.172836,0.154374,0.129060,0.066226,nan,nan,nan,nan,nan,nan,nan,0.060569
102960.000000,0.235905,0.235197,0.233069,0.229499,0.224451,0.217863,0.209635,0.199602,0.187483,0.172754,0.154306,0.129009,0.066208,nan,nan,nan,nan,nan,nan,nan,0.060553
103020.000000,0.235770,0.235063,0.232937,0.229370,0.224326,0.217744,0.209523,0.199499,0.187389,0.172673,0.154238,0.128958,0.066189,nan,nan,nan,nan,nan,nan,nan,0.060536
103080.000000,0.235636,0.234930,0.232805,0.229241,0.224202,0.217626,0.209412,0.199396,0.187296,0.172591,0.154170,0.128908,0.066171,nan,nan,nan,nan,nan,nan,nan,0.060520
103140.000000,0.235502,0.234796,0.232673,0.229113,0.224078,0.217508,0.209301,0.199293,0.187204,0.172510,0.154103,0.128857,0.066153,nan,nan,nan,nan,nan,nan,nan,0.060503
103200.000000,0.235368,0.234663,0.232542,0.228985,0.223955,0.217390,0.209190,0.199191,0.187111,0.172428,0.154035,0.128807,0.066135,nan,nan,nan,nan,nan,nan,nan,0.060487
103260.000000,0.235234,0.234530,0.232411,0.228857,0.223831,0.217273,0.209080,0.199089,0.187018,0.172347,0.153967,0.128756,0.066117,nan,nan,nan,nan,nan,nan,nan,0.060470
103320.000000,0.235101,0.234397,0.232280,0.228729,0.223708,0.217155,0.208969,0.198986,0.186926,0.172266,0.153900,0.128706,0.066099,nan,nan,nan,nan,nan,nan,nan,0.060454
103380.000000,0.234968,0.234265,0.232150,0.228602,0.223585,0.217038,0.208859,0.198884,0.186834,0.172185,0.153833,0.128655,0.066081,nan,nan,nan,nan,nan,nan,nan,0.060438
103440.000000,0.234835,0.234132,0.232019,0.228475,0.223462,0.216921,0.208749,0.198783,0.186742,0.172105,0.153765,0.128605,0.066063,nan,nan,nan,nan,nan,nan,nan,0.060421
103500.000000,0.234702,0.234000,0.231889,0.228348,0.223340,0.216804,0.208639,0.198681,0.186650,0.172024,0.153698,0.128555,0.066045,nan,nan,nan,nan,nan,nan,nan,0.060405
103560.000000,0.234570,0.233868,0.231759,0.228221,0.223217,0.216687,0.208529,0.198579,0.186558,0.171944,0.153631,0.128505,0.066027,nan,nan,nan,nan,nan,nan,nan,0.060389
103620.000000,0.234437,0.233737,0.231629,0.228094,0.223095,0.216570,0.208419,0.198478,0.186466,0.171863,0.153564,0.128455,0.066009,nan,nan,nan,nan,nan,nan,nan,0.060373
103680.000000,0.234305,0.233605,0.231499,0.227968,0.222973,0.216454,0.208310,0.198377,0.186375,0.171783,0.153497,0.128405,0.065991,nan,nan,nan,nan,nan,nan,nan,0.060356
103740.000000,0.234173,0.233474,0.231370,0.227841,0.222851,0.216338,0.208200,0.198276,0.186283,0.171703,0.153430,0.128355,0.065973,nan,nan,nan,nan,nan,nan,nan,0.060340
103800.000000,0.234041,0.233343,0.231241,0.227715,0.222729,0.216222,0.208091,0.198175,0.186192,0.171623,0.153364,0.128305,0.065955,nan,nan,nan,nan,nan,nan,nan,0.060324
103860.000000,0.233910,0.233212,0.231112,0.227589,0.222608,0.216106,0.207982,0.198074,0.186101,0.171543,0.153297,0.128255,0.065938,nan,nan,nan,nan,nan,nan,nan,0.060308
103920.000000,0.233779,0.233081,0.230983,0.227464,0.222487,0.215990,0.207873,0.197973,0.186010,0.171463,0.153231,0.128205,0.065920,nan,nan,nan,nan,nan,nan,nan,0.060292
103980.000000,0.233648,0.232951,0.230855,0.227338,0.222366,0.215875,0.207765,0.197873,0.185919,0.171383,0.153164,0.128156,0.065902,nan,nan,nan,nan,nan,nan,nan,0.060276
104040.000000,0.233517,0.232821,0.230726,0.227213,0.222245,0.215759,0.207656,0.197773,0.185828,0.171304,0.153098,0.128106,0.065884,nan,nan,nan,nan,nan,nan,nan,0.060260
104100.000000,0.233386,0.232691,0.230598,0.227088,0.222124,0.215644,0.207548,0.197673,0.185738,0.171224,0.153032,0.128057,0.065867,nan,nan,nan,nan,nan,nan,nan,0.060244
104160.000000,0.233256,0.232561,0.230470,0.226963,0.222003,0.215529,0.207440,0.197573,0.185647,0.171145,0.152966,0.128007,0.065849,nan,nan,nan,nan,nan,nan,nan,0.060229
104220.000000,0.233126,0.232431,0.230342,0.226839,0.221883,0.215414,0.207332,0.197473,0.185557,0.171066,0.152900,0.127958,0.065832,nan,nan,nan,nan,nan,nan,nan,0.060213
104280.000000,0.232996,0.232302,0.230215,0.226714,0.221763,0.215300,0.207224,0.197373,0.185467,0.170987,0.152834,0.127908,0.065814,nan,nan,nan,nan,nan,nan,nan,0.060197
104340.000000,0.232866,0.232173,0.230088,0.226590,0.221643,0.215185,0.207117,0.197274,0.185377,0.170908,0.152768,0.127859,0.065797,nan,nan,nan,nan,nan,nan,nan,0.060181
104400.000000,0.232736,0.232044,0.229960,0.226466,0.221523,0.215071,0.207009,0.197174,0.185287,0.170829,0.152702,0.127810,0.065779,nan,nan,nan,nan,nan,nan,nan,0.060165
104460.000000,0.232607,0.231915,0.229834,0.226342,0.221404,0.214957,0.206902,0.197075,0.185197,0.170750,0.152636,0.127760,0.065754,nan,nan,nan,nan,nan,nan,nan,0.060150
104520.000000,0.232478,0.231787,0.229707,0.226218,0.221284,0.214843,0.206794,0.196975,0.185106,0.170670,0.152569,0.127708,0.065716,nan,nan,nan,nan,nan,nan,nan,0.060134
104580.000000,0.232349,0.231658,0.229580,0.226095,0.221165,0.214729,0.206687,0.196875,0.185015,0.170590,0.152501,0.127655,0.065664,nan,nan,nan,nan,nan,nan,nan,0.060119
104640.000000,0.232220,0.231530,0.229454,0.225971,0.221045,0.214615,0.206579,0.196775,0.184924,0.170509,0.152432,0.127600,0.065600,nan,nan,nan,nan,nan,nan,nan,0.060103
104700.000000,0.232091,0.231402,0.229328,0.225848,0.220926,0.214501,0.206471,0.196675,0.184833,0.170428,0.152362,0.127544,0.065525,nan,nan,nan,nan,nan,nan,nan,0.060088
104760.000000,0.231963,0.231274,0.229201,0.225725,0.220807,0.214387,0.206364,0.196575,0.184741,0.170346,0.152292,0.127487,0.065441,nan,nan,nan,nan,nan,nan,nan,0.060073
104820.000000,0.231835,0.231147,0.229076,0.225601,0.220688,0.214273,0.206256,0.196474,0.184649,0.170264,0.152221,0.127429,0.065347,nan,nan,nan,nan,nan,nan,nan,0.060057
104880.000000,0.231707,0.231019,0.228950,0.225479,0.220569,0.214159,0.206148,0.196374,0.184557,0.170182,0.152150,0.127370,0.065246,nan,nan,nan,nan,nan,nan,nan,0.060042
104940.000000,0.231579,0.230892,0.228824,0.225356,0.220450,0.214045,0.206040,0.196273,0.184465,0.170099,0.152078,0.127310,0.065137,nan,nan,nan,nan,nan,nan,nan,0.060027
105000.000000,0.231452,0.230765,0.228699,0.225233,0.220331,0.213931,0.205933,0.196173,0.184373,0.170016,0.152006,0.127249,0.065023,nan,nan,nan,nan,nan,nan,nan,0.060012
105060.000000,0.231324,0.230638,0.228574,0.225111,0.220213,0.213817,0.205825,0.196072,0.184280,0.169933,0.151933,0.127188,0.064904,nan,nan,nan,nan,nan,nan,nan,0.059997
105120.000000,0.231197,0.230512,0.228449,0.224989,0.220094,0.213704,0.205717,0.195972,0.184188,0.169850,0.151861,0.127126,0.064780,nan,nan,nan,nan,nan,nan,nan,0.059982
105180.000000,0.231070,0.230385,0.228324,0.224866,0.219976,0.213590,0.205610,0.195871,0.184096,0.169767,0.151788,0.127064,0.064654,nan,nan,nan,nan,nan,nan,nan,0.059967
105240.000000,0.230943,0.230259,0.228199,0.224745,0.219858,0.213477,0.205502,0.195771,0.184003,0.169684,0.151715,0.127002,0.064527,nan,nan,nan,nan,nan,nan,nan,0.059952
105300.000000,0.230817,0.230133,0.228075,0.224623,0.219740,0.213364,0.205395,0.195671,0.183911,0.169601,0.151642,0.126940,0.064398,nan,nan,nan,nan,nan,nan,nan,0.059938
105360.000000,0.230690,0.230007,0.227951,0.224501,0.219622,0.213251,0.205288,0.195571,0.183819,0.169518,0.151570,0.126878,0.064269,nan,nan,nan,nan,nan,nan,nan,0.059923
105420.000000,0.230564,0.229881,0.227827,0.224380,0.219504,0.213138,0.205181,0.195471,0.183727,0.169435,0.151497,0.126816,0.064141,nan,nan,nan,nan,nan,nan,nan,0.059908
105480.000000,0.230438,0.229756,0.227703,0.224259,0.219387,0.213026,0.205075,0.195371,0.183635,0.169353,0.151425,0.126754,0.064016,nan,nan,nan,nan,nan,nan,nan,0.059893
105540.000000,0.230312,0.229630,0.227579,0.224138,0.219270,0.212913,0.204968,0.195271,0.183544,0.169270,0.151353,0.126693,0.063894,nan,nan,nan,nan,nan,nan,nan,0.059879
105600.000000,0.230187,0.229505,0.227456,0.224017,0.219153,0.212801,0.204862,0.195172,0.183453,0.169188,0.151281,0.126633,0.063775,nan,nan,nan,nan,nan,nan,nan,0.059864
105660.000000,0.230061,0.229380,0.227332,0.223896,0.219036,0.212689,0.204756,0.195073,0.183362,0.169107,0.151210,0.126573,0.063662,nan,nan,nan,nan,nan,nan,nan,0.059849
105720.000000,0.229936,0.229256,0.227209,0.223776,0.218919,0.212577,0.204650,0.194974,0.183271,0.169026,0.151140,0.126514,0.063555,nan,nan,nan,nan,nan,nan,nan,0.059835
105780.000000,0.229811,0.229131,0.227086,0.223656,0.218803,0.212466,0.204545,0.194876,0.183181,0.168945,0.151070,0.126456,0.063455,nan,nan,nan,nan,nan,nan,nan,0.059820
105840.000000,0.229686,0.229007,0.226964,0.223536,0.218687,0.212355,0.204440,0.194778,0.183092,0.168865,0.151000,0.126399,0.063363,nan,nan,nan,nan,nan,nan,nan,0.059805
105900.000000,0.229561,0.228883,0.226841,0.223416,0.218571,0.212244,0.204335,0.194681,0.183002,0.168785,0.150932,0.126343,0.063280,nan,nan,nan,nan,nan,nan,nan,0.059791
105960.000000,0.229437,0.228759,0.226719,0.223297,0.218455,0.212133,0.204230,0.194583,0.182914,0.168706,0.150864,0.126289,0.063207,nan,nan,nan,nan,nan,nan,nan,0.059776
106020.000000,0.229312,0.228635,0.226597,0.223177,0.218340,0.212023,0.204126,0.194487,0.182826,0.168628,0.150798,0.126235,0.063145,nan,nan,nan,nan,nan,nan,nan,0.059762
106080.000000,0.229188,0.228511,0.226475,0.223058,0.218225,0.211913,0.204023,0.194390,0.182738,0.168551,0.150732,0.126184,0.063095,nan,nan,nan,nan,nan,nan,nan,0.059747
106140.000000,0.229064,0.228388,0.226353,0.222940,0.218110,0.211804,0.203919,0.194295,0.182651,0.168474,0.150667,0.126134,0.063058,nan,nan,nan,nan,nan,nan,nan,0.059732
106200.000000,0.228940,0.228265,0.226232,0.222821,0.217996,0.211694,0.203817,0.194199,0.182565,0.168398,0.150604,0.126086,0.063035,nan,nan,nan,nan,nan,nan,nan,0.059718
106260.000000,0.228817,0.228142,0.226111,0.222703,0.217882,0.211585,0.203714,0.194105,0.182479,0.168323,0.150541,0.126039,0.063020,nan,nan,nan,nan,nan,nan,nan,0.059703
106320.000000,0.228693,0.228019,0.225990,0.222585,0.217767,0.211476,0.203612,0.194010,0.182393,0.168247,0.150478,0.125992,0.063004,nan,nan,nan,nan,nan,nan,nan,0.059688
106380.000000,0.228570,0.227896,0.225869,0.222467,0.217654,0.211368,0.203509,0.193915,0.182308,0.168172,0.150416,0.125946,0.062988,nan,nan,nan,nan,nan,nan,nan,0.059674
106440.000000,0.228447,0.227774,0.225748,0.222349,0.217540,0.211259,0.203407,0.193821,0.182222,0.168097,0.150353,0.125899,0.062973,nan,nan,nan,nan,nan,nan,nan,0.059659
106500.000000,0.228325,0.227652,0.225628,0.222231,0.217426,0.211151,0.203305,0.193727,0.182137,0.168022,0.150291,0.125852,0.062957,nan,nan,nan,nan,nan,nan,nan,0.059645
106560.000000,0.228202,0.227530,0.225507,0.222114,0.217313,0.211043,0.203204,0.193632,0.182051,0.167948,0.150228,0.125805,0.062942,nan,nan,nan,nan,nan,nan,nan,0.059630
106620.000000,0.228080,0.227408,0.225387,0.221997,0.217200,0.210935,0.203102,0.193538,0.181966,0.167873,0.150166,0.125759,0.062926,nan,nan,nan,nan,nan,nan,nan,0.059616
106680.000000,0.227957,0.227286,0.225267,0.221880,0.217087,0.210827,0.203001,0.193444,0.181881,0.167798,0.150104,0.125712,0.062911,nan,nan,nan,nan,nan,nan,nan,0.059601
106740.000000,0.227835,0.227165,0.225148,0.221763,0.216974,0.210719,0.202899,0.193351,0.181796,0.167724,0.150041,0.125666,0.062895,nan,nan,nan,nan,nan,nan,nan,0.059587
106800.000000,0.227713,0.227044,0.225028,0.221646,0.216861,0.210612,0.202798,0.193257,0.181712,0.167649,0.149979,0.125619,0.062880,nan,nan,nan,nan,nan,nan,nan,0.059573
106860.000000,0.227592,0.226923,0.224909,0.221530,0.216749,0.210505,0.202697,0.193164,0.181627,0.167575,0.149917,0.125573,0.062864,nan,nan,nan,nan,nan,nan,nan,0.059558
106920.000000,0.227470,0.226802,0.224790,0.221413,0.216637,0.210397,0.202596,0.193070,0.181543,0.167501,0.149856,0.125527,0.062849,nan,nan,nan,nan,nan,nan,nan,0.059544
106980.000000,0.227349,0.226681,0.224671,0.221297,0.216524,0.210290,0.202496,0.192977,0.181458,0.167427,0.149794,0.125481,0.062834,nan,nan,nan,nan,nan,nan,nan,0.059530
107040.000000,0.227228,0.226561,0.224552,0.221181,0.216412,0.210184,0.202395,0.192884,0.181374,0.167353,0.149732,0.125434,0.062819,nan,nan,nan,nan,nan,nan,nan,0.059515
107100.000000,0.227107,0.226440,0.224433,0.221066,0.216301,0.210077,0.202295,0.192791,0.181290,0.167279,0.149670,0.125388,0.062803,nan,nan,nan,nan,nan,nan,nan,0.059501
107160.000000,0.226986,0.226320,0.224315,0.220950,0.216189,0.209970,0.202194,0.192698,0.181206,0.167205,0.149609,0.125342,0.062788,nan,nan,nan,nan,nan,nan,nan,0.059487
107220.000000,0.226866,0.226200,0.224196,0.220835,0.216078,0.209864,0.202094,0.192606,0.181122,0.167132,0.149548,0.125296,0.062773,nan,nan,nan,nan,nan,nan,nan,0.059473
107280.000000,0.226746,0.226080,0.224078,0.220719,0.215966,0.209758,0.201994,0.192513,0.181038,0.167058,0.149486,0.125250,0.062758,nan,nan,nan,nan,nan,nan,nan,0.059459
107340.000000,0.226626,0.225961,0.223961,0.220604,0.215855,0.209652,0.201895,0.192421,0.180955,0.166985,0.149425,0.125205,0.062742,nan,nan,nan,nan,nan,nan,nan,0.059444
107400.000000,0.226506,0.225841,0.223843,0.220489,0.215744,0.209546,0.201795,0.192329,0.180871,0.166912,0.149364,0.125159,0.062727,nan,nan,nan,nan,nan,nan,nan,0.059430
107460.000000,0.226386,0.225722,0.223725,0.220375,0.215633,0.209440,0.201695,0.192237,0.180788,0.166838,0.149303,0.125113,0.062712,nan,nan,nan,nan,nan,nan,nan,0.059416
107520.000000,0.226266,0.225603,0.223608,0.220260,0.215523,0.209335,0.201596,0.192145,0.180705,0.166765,0.149242,0.125067,0.062697,nan,nan,nan,nan,nan,nan,nan,0.059402
107580.000000,0.226147,0.225484,0.223491,0.220146,0.215412,0.209229,0.201497,0.192053,0.180621,0.166692,0.149181,0.125022,0.062682,nan,nan,nan,nan,nan,nan,nan,0.059388
107640.000000,0.226028,0.225366,0.223374,0.220032,0.215302,0.209124,0.201398,0.191961,0.180538,0.166619,0.149120,0.124976,0.062667,nan,nan,nan,nan,nan,nan,nan,0.059374
107700.000000,0.225909,0.225247,0.223257,0.219918,0.215192,0.209019,0.201299,0.191870,0.180455,0.166547,0.149059,0.124931,0.062652,nan,nan,nan,nan,nan,nan,nan,0.059360
107760.000000,0.225790,0.225129,0.223140,0.219804,0.215082,0.208914,0.201200,0.191778,0.180373,0.166474,0.148998,0.124885,0.062637,nan,nan,nan,nan,nan,nan,nan,0.059347
107820.000000,0.225671,0.225011,0.223024,0.219690,0.214972,0.208809,0.201102,0.191687,0.180290,0.166401,0.148938,0.124840,0.062622,nan,nan,nan,nan,nan,nan,nan,0.059333
107880.000000,0.225553,0.224893,0.222908,0.219577,0.214863,0.208705,0.201003,0.191596,0.180208,0.166329,0.148877,0.124795,0.062607,nan,nan,nan,nan,nan,nan,nan,0.059319
107940.000000,0.225434,0.224775,0.222792,0.219463,0.214753,0.208600,0.200905,0.191505,0.180125,0.166256,0.148817,0.124750,0.062593,nan,nan,nan,nan,nan,nan,nan,0.059305
108000.000000,0.225316,0.224658,0.222676,0.219350,0.214644,0.208496,0.200807,0.191414,0.180043,0.166184,0.148757,0.124704,0.062578,nan,nan,nan,nan,nan,nan,nan,0.059291
108060.000000,0.225198,0.224540,0.222560,0.219237,0.214535,0.208392,0.200709,0.191323,0.179961,0.166112,0.148696,0.124659,0.062563,nan,nan,nan,nan,nan,nan,nan,0.059278
108120.000000,0.225081,0.224423,0.222445,0.219124,0.214426,0.208288,0.200611,0.191233,0.179879,0.166040,0.148636,0.124614,0.062548,nan,nan,nan,nan,nan,nan,nan,0.059264
108180.000000,0.224963,0.224306,0.222329,0.219012,0.214317,0.208184,0.200513,0.191142,0.179797,0.165968,0.148576,0.124569,0.062533,nan,nan,nan,nan,nan,nan,nan,0.059250
108240.000000,0.224846,0.224189,0.222214,0.218899,0.214209,0.208081,0.200416,0.191052,0.179715,0.165896,0.148516,0.124524,0.062519,nan,nan,nan,nan,nan,nan,nan,0.059237
108300.000000,0.224728,0.224073,0.222099,0.218787,0.214100,0.207977,0.200318,0.190962,0.179633,0.165824,0.148456,0.124479,0.062504,nan,nan,nan,nan,nan,nan,nan,0.059223
108360.000000,0.224611,0.223956,0.221984,0.218675,0.213992,0.207874,0.200221,0.190872,0.179552,0.165753,0.148396,0.124435,0.062489,nan,nan,nan,nan,nan,nan,nan,0.059209
108420.000000,0.224494,0.223840,0.221869,0.218563,0.213884,0.207771,0.200124,0.190782,0.179470,0.165681,0.148337,0.124390,0.062475,nan,nan,nan,nan,nan,nan,nan,0.059196
108480.000000,0.224378,0.223724,0.221755,0.218451,0.213776,0.207668,0.200027,0.190692,0.179389,0.165610,0.148277,0.124345,0.062460,nan,nan,nan,nan,nan,nan,nan,0.059182
108540.000000,0.224261,0.223608,0.221641,0.218340,0.213668,0.207565,0.199930,0.190602,0.179308,0.165538,0.148217,0.124301,0.062445,nan,nan,nan,nan,nan,nan,nan,0.059169
108600.000000,0.224145,0.223492,0.221526,0.218228,0.213561,0.207462,0.199833,0.190513,0.179226,0.165467,0.148158,0.124256,0.062431,nan,nan,nan,nan,nan,nan,nan,0.059155
108660.000000,0.224029,0.223376,0.221413,0.218117,0.213453,0.207359,0.199737,0.190424,0.179145,0.165396,0.148098,0.124212,0.062416,nan,nan,nan,nan,nan,nan,nan,0.059142
108720.000000,0.223913,0.223261,0.221299,0.218006,0.213346,0.207257,0.199640,0.190334,0.179065,0.165325,0.148039,0.124167,0.062402,nan,nan,nan,nan,nan,nan,nan,0.059128
108780.000000,0.223797,0.223146,0.221185,0.217895,0.213239,0.207155,0.199544,0.190245,0.178984,0.165254,0.147980,0.124123,0.062387,nan,nan,nan,nan,nan,nan,nan,0.059115
108840.000000,0.223682,0.223031,0.221072,0.217784,0.213132,0.207053,0.199448,0.190156,0.178903,0.165183,0.147921,0.124078,0.062373,nan,nan,nan,nan,nan,nan,nan,0.059102
108900.000000,0.223566,0.222916,0.220958,0.217674,0.213025,0.206951,0.199352,0.190067,0.178823,0.165112,0.147862,0.124034,0.062359,nan,nan,nan,nan,nan,nan,nan,0.059088
108960.000000,0.223451,0.222801,0.220845,0.217563,0.212918,0.206849,0.199256,0.189978,0.178742,0.165042,0.147803,0.123990,0.062344,nan,nan,nan,nan,nan,nan,nan,0.059075
109020.000000,0.223336,0.222686,0.220732,0.217453,0.212812,0.206747,0.199160,0.189890,0.178662,0.164971,0.147744,0.123946,0.062330,nan,nan,nan,nan,nan,nan,nan,0.059062
109080.000000,0.223221,0.222572,0.220620,0.217343,0.212705,0.206646,0.199065,0.189801,0.178582,0.164901,0.147685,0.123902,0.062315,nan,nan,nan,nan,nan,nan,nan,0.059049
109140.000000,0.223106,0.222458,0.220507,0.217233,0.212599,0.206544,0.198969,0.189713,0.178502,0.164830,0.147626,0.123858,0.062301,nan,nan,nan,nan,nan,nan,nan,0.059035
109200.000000,0.222992,0.222344,0.220395,0.217123,0.212493,0.206443,0.198874,0.189625,0.178422,0.164760,0.147567,0.123814,0.062287,nan,nan,nan,nan,nan,nan,nan,0.059022
109260.000000,0.222877,0.222230,0.220282,0.217014,0.212387,0.206342,0.198779,0.189537,0.178342,0.164690,0.147509,0.123770,0.062273,nan,nan,nan,nan,nan,nan,nan,0.059009
109320.000000,0.222763,0.222116,0.220170,0.216904,0.212282,0.206241,0.198684,0.189449,0.178262,0.164620,0.147450,0.123726,0.062258,nan,nan,nan,nan,nan,nan,nan,0.058996
109380.000000,0.222649,0.222003,0.220058,0.216795,0.212176,0.206140,0.198589,0.189361,0.178183,0.164550,0.147392,0.123682,0.062244,nan,nan,nan,nan,nan,nan,nan,0.058983
109440.000000,0.222535,0.221890,0.219947,0.216686,0.212071,0.206040,0.198494,0.189273,0.178103,0.164480,0.147333,0.123638,0.062230,nan,nan,nan,nan,nan,nan,nan,0.058970
109500.000000,0.222421,0.221776,0.219835,0.216577,0.211965,0.205939,0.198400,0.189186,0.178024,0.164410,0.147275,0.123595,0.062216,nan,nan,nan,nan,nan,nan,nan,0.058957
109560.000000,0.222308,0.221663,0.219724,0.216468,0.211860,0.205839,0.198305,0.189098,0.177945,0.164341,0.147217,0.123551,0.062202,nan,nan,nan,nan,nan,nan,nan,0.058944
109620.000000,0.222194,0.221551,0.219612,0.216360,0.211755,0.205739,0.198211,0.189011,0.177865,0.164271,0.147159,0.123507,0.062188,nan,nan,nan,nan,nan,nan,nan,0.058931
109680.000000,0.222081,0.221438,0.219501,0.216251,0.211651,0.205639,0.198117,0.188924,0.177786,0.164202,0.147101,0.123464,0.062174,nan,nan,nan,nan,nan,nan,nan,0.058918
109740.000000,0.221968,0.221325,0.219390,0.216143,0.211546,0.205539,0.198023,0.188836,0.177707,0.164132,0.147043,0.123420,0.062160,nan,nan,nan,nan,nan,nan,nan,0.058905
109800.000000,0.221855,0.221213,0.219280,0.216035,0.211442,0.205439,0.197929,0.188750,0.177629,0.164063,0.146985,0.123377,0.062146,nan,nan,nan,nan,nan,nan,nan,0.058892
109860.000000,0.221743,0.221101,0.219169,0.215927,0.211337,0.205340,0.197835,0.188663,0.177550,0.163994,0.146927,0.123334,0.062132,nan,nan,nan,nan,nan,nan,nan,0.058879
109920.000000,0.221630,0.220989,0.219059,0.215819,0.211233,0.205240,0.197741,0.188576,0.177471,0.163925,0.146869,0.123290,0.062118,nan,nan,nan,nan,nan,nan,nan,0.058866
109980.000000,0.221518,0.220877,0.218948,0.215711,0.211129,0.205141,0.197648,0.188489,0.177393,0.163856,0.146812,0.123247,0.062104,nan,nan,nan,nan,nan,nan,nan,0.058853
110040.000000,0.221406,0.220765,0.218838,0.215604,0.211025,0.205042,0.197555,0.188403,0.177314,0.163787,0.146754,0.123204,0.062090,nan,nan,nan,nan,nan,nan,nan,0.058841
110100.000000,0.221294,0.220654,0.218728,0.215496,0.210922,0.204943,0.197461,0.188317,0.177236,0.163718,0.146697,0.123161,0.062076,nan,nan,nan,nan,nan,nan,nan,0.058828
110160.000000,0.221182,0.220543,0.218619,0.215389,0.210818,0.204844,0.197368,0.188230,0.177158,0.163650,0.146639,0.123118,0.062062,nan,nan,nan,nan,nan,nan,nan,0.058815
110220.000000,0.221070,0.220432,0.218509,0.215282,0.210715,0.204745,0.197275,0.188144,0.177080,0.163581,0.146582,0.123075,0.062048,nan,nan,nan,nan,nan,nan,nan,0.058802
110280.000000,0.220959,0.220321,0.218400,0.215175,0.210612,0.204647,0.197183,0.188058,0.177002,0.163513,0.146525,0.123032,0.062034,nan,nan,nan,nan,nan,nan,nan,0.058790
110340.000000,0.220847,0.220210,0.218290,0.215069,0.210509,0.204549,0.197090,0.187973,0.176924,0.163444,0.146468,0.122989,0.062021,nan,nan,nan,nan,nan,nan,nan,0.058777
110400.000000,0.220736,0.220099,0.218181,0.214962,0.210406,0.204450,0.196997,0.187887,0.176847,0.163376,0.146410,0.122946,0.062007,nan,nan,nan,nan,nan,nan,nan,0.058764
110460.000000,0.220625,0.219989,0.218072,0.214856,0.210303,0.204352,0.196905,0.187801,0.176769,0.163308,0.146353,0.122903,0.061993,nan,nan,nan,nan,nan,nan,nan,0.058752
110520.000000,0.220514,0.219878,0.217963,0.214750,0.210200,0.204254,0.196813,0.187716,0.176692,0.163240,0.146296,0.122861,0.061980,nan,nan,nan,nan,nan,nan,nan,0.058739
110580.000000,0.220404,0.219768,0.217855,0.214644,0.210098,0.204156,0.196721,0.187630,0.176614,0.163171,0.146240,0.122818,0.061966,nan,nan,nan,nan,nan,nan,nan,0.058727
110640.000000,0.220293,0.219658,0.217746,0.214538,0.209996,0.204059,0.196629,0.187545,0.176537,0.163104,0.146183,0.122775,0.061952,nan,nan,nan,nan,nan,nan,nan,0.058714
110700.000000,0.220183,0.219548,0.217638,0.214432,0.209893,0.203961,0.196537,0.187460,0.176460,0.163036,0.146126,0.122733,0.061939,nan,nan,nan,nan,nan,nan,nan,0.058702
110760.000000,0.220073,0.219439,0.217530,0.214326,0.209791,0.203864,0.196445,0.187375,0.176383,0.162968,0.146069,0.122690,0.061925,nan,nan,nan,nan,nan,nan,nan,0.058689
110820.000000,0.219963,0.219329,0.217422,0.214221,0.209690,0.203767,0.196353,0.187290,0.176306,0.162900,0.146013,0.122648,0.061911,nan,nan,nan,nan,nan,nan,nan,0.058677
110880.000000,0.219853,0.219220,0.217314,0.214116,0.209588,0.203669,0.196262,0.187205,0.176229,0.162833,0.145956,0.122606,0.061898,nan,nan,nan,nan,nan,nan,nan,0.058664
110940.000000,0.219743,0.219111,0.217207,0.214011,0.209486,0.203572,0.196171,0.187121,0.176152,0.162765,0.145900,0.122563,0.061884,nan,nan,nan,nan,nan,nan,nan,0.058652
111000.000000,0.219634,0.219002,0.217099,0.213906,0.209385,0.203476,0.196079,0.187036,0.176076,0.162698,0.145844,0.122521,0.061871,nan,nan,nan,nan,nan,nan,nan,0.058640
111060.000000,0.219524,0.218893,0.216992,0.213801,0.209284,0.203379,0.195988,0.186952,0.175999,0.162631,0.145787,0.122479,0.061857,nan,nan,nan,nan,nan,nan,nan,0.058627
111120.000000,0.219415,0.218784,0.216884,0.213696,0.209183,0.203282,0.195897,0.186868,0.175923,0.162563,0.145731,0.122437,0.061844,nan,nan,nan,nan,nan,nan,nan,0.058615
111180.000000,0.219306,0.218676,0.216777,0.213592,0.209082,0.203186,0.195806,0.186784,0.175846,0.162496,0.145675,0.122394,0.061831,nan,nan,nan,nan,nan,nan,nan,0.058603
111240.000000,0.219197,0.218567,0.216671,0.213487,0.208981,0.203090,0.195716,0.186700,0.175770,0.162429,0.145619,0.122352,0.061817,nan,nan,nan,nan,nan,nan,nan,0.058590
111300.000000,0.219088,0.218459,0.216564,0.213383,0.208880,0.202994,0.195625,0.186616,0.175694,0.162362,0.145563,0.122310,0.061804,nan,nan,nan,nan,nan,nan,nan,0.058578
111360.000000,0.218980,0.218351,0.216457,0.213279,0.208780,0.202898,0.195535,0.186532,0.175618,0.162296,0.145507,0.122268,0.061790,nan,nan,nan,nan,nan,nan,nan,0.058566
111420.000000,0.218872,0.218243,0.216351,0.213175,0.208679,0.202802,0.195445,0.186448,0.175542,0.162229,0.145451,0.122227,0.061777,nan,nan,nan,nan,nan,nan,nan,0.058554
111480.000000,0.218763,0.218135,0.216245,0.213072,0.208579,0.202706,0.195354,0.186365,0.175467,0.162162,0.145396,0.122185,0.061764,nan,nan,nan,nan,nan,nan,nan,0.058542
111540.000000,0.218655,0.218028,0.216139,0.212968,0.208479,0.202610,0.195264,0.186281,0.175391,0.162096,0.145340,0.122143,0.061751,nan,nan,nan,nan,nan,nan,nan,0.058529
111600.000000,0.218547,0.217920,0.216033,0.212864,0.208379,0.202515,0.195174,0.186198,0.175315,0.162029,0.145284,0.122101,0.061737,nan,nan,nan,nan,nan,nan,nan,0.058517
111660.000000,0.218440,0.217813,0.215927,0.212761,0.208279,0.202420,0.195085,0.186115,0.175240,0.161963,0.145229,0.122060,0.061724,nan,nan,nan,nan,nan,nan,nan,0.058505
111720.000000,0.218332,0.217706,0.215821,0.212658,0.208179,0.202324,0.194995,0.186032,0.175165,0.161897,0.145173,0.122018,0.061711,nan,nan,nan,nan,nan,nan,nan,0.058493
111780.000000,0.218225,0.217599,0.215716,0.212555,0.208080,0.202229,0.194905,0.185949,0.175089,0.161831,0.145118,0.121976,0.061698,nan,nan,nan,nan,nan,nan,nan,0.058481
111840.000000,0.218117,0.217492,0.215611,0.212452,0.207981,0.202135,0.194816,0.185866,0.175014,0.161764,0.145063,0.121935,0.061685,nan,nan,nan,nan,nan,nan,nan,0.058469
111900.000000,0.218010,0.217386,0.215505,0.212350,0.207881,0.202040,0.194727,0.185783,0.174939,0.161698,0.145008,0.121893,0.061671,nan,nan,nan,nan,nan,nan,nan,0.058457
111960.000000,0.217903,0.217279,0.215400,0.212247,0.207782,0.201945,0.194638,0.185701,0.174864,0.161633,0.144952,0.121852,0.061658,nan,nan,nan,nan,nan,nan,nan,0.058445
112020.000000,0.217796,0.217173,0.215296,0.212145,0.207683,0.201851,0.194549,0.185618,0.174789,0.161567,0.144897,0.121811,0.061645,nan,nan,nan,nan,nan,nan,nan,0.058433
112080.000000,0.217690,0.217067,0.215191,0.212042,0.207585,0.201756,0.194460,0.185536,0.174715,0.161501,0.144842,0.121769,0.061632,nan,nan,nan,nan,nan,nan,nan,0.058421
112140.000000,0.217583,0.216961,0.215086,0.211940,0.207486,0.201662,0.194371,0.185453,0.174640,0.161435,0.144787,0.121728,0.061619,nan,nan,nan,nan,nan,nan,nan,0.058409
112200.000000,0.217477,0.216855,0.214982,0.211838,0.207387,0.201568,0.194282,0.185371,0.174566,0.161370,0.144733,0.121687,0.061606,nan,nan,nan,nan,nan,nan,nan,0.058398
112260.000000,0.217371,0.216749,0.214878,0.211737,0.207289,0.201474,0.194194,0.185289,0.174491,0.161304,0.144678,0.121646,0.061593,nan,nan,nan,nan,nan,nan,nan,0.058386
112320.000000,0.217265,0.216643,0.214774,0.211635,0.207191,0.201380,0.194105,0.185207,0.174417,0.161239,0.144623,0.121605,0.061580,nan,nan,nan,nan,nan,nan,nan,0.058374
112380.000000,0.217159,0.216538,0.214670,0.211534,0.207093,0.201287,0.194017,0.185126,0.174343,0.161174,0.144568,0.121564,0.061567,nan,nan,nan,nan,nan,nan,nan,0.058362
112440.000000,0.217053,0.216433,0.214566,0.211432,0.206995,0.201193,0.193929,0.185044,0.174269,0.161108,0.144514,0.121523,0.061554,nan,nan,nan,nan,nan,nan,nan,0.058350
112500.000000,0.216947,0.216328,0.214462,0.211331,0.206897,0.201100,0.193841,0.184962,0.174195,0.161043,0.144459,0.121482,0.061542,nan,nan,nan,nan,nan,nan,nan,0.058339
112560.000000,0.216842,0.216223,0.214359,0.211230,0.206799,0.201006,0.193753,0.184881,0.174121,0.160978,0.144405,0.121441,0.061529,nan,nan,nan,nan,nan,nan,nan,0.058327
112620.000000,0.216737,0.216118,0.214256,0.211129,0.206702,0.200913,0.193665,0.184800,0.174047,0.160913,0.144351,0.121400,0.061516,nan,nan,nan,nan,nan,nan,nan,0.058315
112680.000000,0.216632,0.216013,0.214152,0.211028,0.206605,0.200820,0.193578,0.184718,0.173973,0.160849,0.144296,0.121359,0.061503,nan,nan,nan,nan,nan,nan,nan,0.058304
112740.000000,0.216527,0.215909,0.214049,0.210928,0.206507,0.200727,0.193490,0.184637,0.173900,0.160784,0.144242,0.121318,0.061490,nan,nan,nan,nan,nan,nan,nan,0.058292
112800.000000,0.216422,0.215805,0.213946,0.210827,0.206410,0.200635,0.193403,0.184556,0.173826,0.160719,0.144188,0.121278,0.061477,nan,nan,nan,nan,nan,nan,nan,0.058280
112860.000000,0.216317,0.215700,0.213844,0.210727,0.206313,0.200542,0.193316,0.184475,0.173753,0.160655,0.144134,0.121237,0.061465,nan,nan,nan,nan,nan,nan,nan,0.058269
112920.000000,0.216213,0.215596,0.213741,0.210627,0.206216,0.200450,0.193228,0.184395,0.173680,0.160590,0.144080,0.121196,0.061452,nan,nan,nan,nan,nan,nan,nan,0.058257
112980.000000,0.216108,0.215493,0.213639,0.210527,0.206120,0.200357,0.193141,0.184314,0.173606,0.160526,0.144026,0.121156,0.061439,nan,nan,nan,nan,nan,nan,nan,0.058246
113040.000000,0.216004,0.215389,0.213536,0.210427,0.206023,0.200265,0.193055,0.184233,0.173533,0.160461,0.143972,0.121115,0.061427,nan,nan,nan,nan,nan,nan,nan,0.058234
113100.000000,0.215900,0.215285,0.213434,0.210327,0.205927,0.200173,0.192968,0.184153,0.173460,0.160397,0.143918,0.121075,0.061414,nan,nan,nan,nan,nan,nan,nan,0.058223
113160.000000,0.215796,0.215182,0.213332,0.210227,0.205831,0.200081,0.192881,0.184073,0.173387,0.160333,0.143865,0.121035,0.061401,nan,nan,nan,nan,nan,nan,nan,0.058211
113220.000000,0.215692,0.215079,0.213230,0.210128,0.205734,0.199989,0.192795,0.183992,0.173315,0.160269,0.143811,0.120994,0.061389,nan,nan,nan,nan,nan,nan,nan,0.058200
113280.000000,0.215589,0.214975,0.213129,0.210029,0.205638,0.199898,0.192708,0.183912,0.173242,0.160205,0.143757,0.120954,0.061376,nan,nan,nan,nan,nan,nan,nan,0.058188
113340.000000,0.215485,0.214872,0.213027,0.209929,0.205543,0.199806,0.192622,0.183832,0.173169,0.160141,0.143704,0.120914,0.061364,nan,nan,nan,nan,nan,nan,nan,0.058177
113400.000000,0.215382,0.214770,0.212926,0.209830,0.205447,0.199715,0.192536,0.183752,0.173097,0.160077,0.143651,0.120874,0.061351,nan,nan,nan,nan,nan,nan,nan,0.058166
113460.000000,0.215279,0.214667,0.212825,0.209731,0.205351,0.199623,0.192450,0.183673,0.173024,0.160014,0.143597,0.120834,0.061338,nan,nan,nan,nan,nan,nan,nan,0.058154
113520.000000,0.215176,0.214564,0.212723,0.209633,0.205256,0.199532,0.192364,0.183593,0.172952,0.159950,0.143544,0.120794,0.061326,nan,nan,nan,nan,nan,nan,nan,0.058143
113580.000000,0.215073,0.214462,0.212622,0.209534,0.205161,0.199441,0.192278,0.183513,0.172880,0.159886,0.143491,0.120754,0.061314,nan,nan,nan,nan,nan,nan,nan,0.058132
113640.000000,0.214970,0.214360,0.212522,0.209436,0.205065,0.199350,0.192192,0.183434,0.172808,0.159823,0.143438,0.120714,0.061301,nan,nan,nan,nan,nan,nan,nan,0.058120
113700.000000,0.214868,0.214258,0.212421,0.209337,0.204970,0.199259,0.192107,0.183355,0.172736,0.159760,0.143384,0.120674,0.061289,nan,nan,nan,nan,nan,nan,nan,0.058109
113760.000000,0.214765,0.214156,0.212320,0.209239,0.204875,0.199169,0.192021,0.183275,0.172664,0.159696,0.143331,0.120634,0.061276,nan,nan,nan,nan,nan,nan,nan,0.058098
113820.000000,0.214663,0.214054,0.212220,0.209141,0.204781,0.199078,0.191936,0.183196,0.172592,0.159633,0.143278,0.120594,0.061264,nan,nan,nan,nan,nan,nan,nan,0.058087
113880.000000,0.214561,0.213952,0.212120,0.209043,0.204686,0.198988,0.191851,0.183117,0.172521,0.159570,0.143226,0.120554,0.061251,nan,nan,nan,nan,nan,nan,nan,0.058076
113940.000000,0.214459,0.213851,0.212020,0.208945,0.204592,0.198897,0.191766,0.183038,0.172449,0.159507,0.143173,0.120515,0.061239,nan,nan,nan,nan,nan,nan,nan,0.058064
114000.000000,0.214357,0.213749,0.211920,0.208848,0.204497,0.198807,0.191681,0.182960,0.172377,0.159444,0.143120,0.120475,0.061227,nan,nan,nan,nan,nan,nan,nan,0.058053
114060.000000,0.214256,0.213648,0.211820,0.208750,0.204403,0.198717,0.191596,0.182881,0.172306,0.159381,0.143067,0.120435,0.061215,nan,nan,nan,nan,nan,nan,nan,0.058042
114120.000000,0.214154,0.213547,0.211720,0.208653,0.204309,0.198627,0.191511,0.182802,0.172235,0.159318,0.143015,0.120396,0.061202,nan,nan,nan,nan,nan,nan,nan,0.058031
114180.000000,0.214053,0.213446,0.211621,0.208556,0.204215,0.198538,0.191426,0.182724,0.172163,0.159256,0.142962,0.120356,0.061190,nan,nan,nan,nan,nan,nan,nan,0.058020
114240.000000,0.213951,0.213345,0.211521,0.208459,0.204121,0.198448,0.191342,0.182645,0.172092,0.159193,0.142910,0.120317,0.061178,nan,nan,nan,nan,nan,nan,nan,0.058009
114300.000000,0.213850,0.213245,0.211422,0.208362,0.204027,0.198358,0.191257,0.182567,0.172021,0.159130,0.142857,0.120277,0.061166,nan,nan,nan,nan,nan,nan,nan,0.057998
114360.000000,0.213749,0.213144,0.211323,0.208265,0.203934,0.198269,0.191173,0.182489,0.171950,0.159068,0.142805,0.120238,0.061153,nan,nan,nan,nan,nan,nan,nan,0.057987
114420.000000,0.213648,0.213044,0.211224,0.208168,0.203840,0.198180,0.191089,0.182411,0.171880,0.159006,0.142753,0.120199,0.061141,nan,nan,nan,nan,nan,nan,nan,0.057976
114480.000000,0.213548,0.212944,0.211125,0.208072,0.203747,0.198091,0.191005,0.182333,0.171809,0.158943,0.142701,0.120159,0.061129,nan,nan,nan,nan,nan,nan,nan,0.057965
114540.000000,0.213447,0.212844,0.211026,0.207975,0.203654,0.198002,0.190921,0.182255,0.171738,0.158881,0.142649,0.120120,0.061117,nan,nan,nan,nan,nan,nan,nan,0.057954
114600.000000,0.213347,0.212744,0.210928,0.207879,0.203561,0.197913,0.190837,0.182178,0.171668,0.158819,0.142596,0.120081,0.061105,nan,nan,nan,nan,nan,nan,nan,0.057943
114660.000000,0.213247,0.212644,0.210829,0.207783,0.203468,0.197824,0.190754,0.182100,0.171597,0.158757,0.142544,0.120042,0.061093,nan,nan,nan,nan,nan,nan,nan,0.057932
114720.000000,0.213147,0.212544,0.210731,0.207687,0.203375,0.197735,0.190670,0.182022,0.171527,0.158695,0.142493,0.120003,0.061081,nan,nan,nan,nan,nan,nan,nan,0.057921
114780.000000,0.213047,0.212445,0.210633,0.207591,0.203282,0.197647,0.190587,0.181945,0.171457,0.158633,0.142441,0.119964,0.061069,nan,nan,nan,nan,nan,nan,nan,0.057910
114840.000000,0.212947,0.212345,0.210535,0.207495,0.203190,0.197558,0.190503,0.181868,0.171386,0.158571,0.142389,0.119925,0.061057,nan,nan,nan,nan,nan,nan,nan,0.057900
114900.000000,0.212847,0.212246,0.210437,0.207400,0.203098,0.197470,0.190420,0.181791,0.171316,0.158509,0.142337,0.119886,0.061045,nan,nan,nan,nan,nan,nan,nan,0.057889
114960.000000,0.212748,0.212147,0.210339,0.207304,0.203005,0.197382,0.190337,0.181714,0.171246,0.158448,0.142286,0.119847,0.061033,nan,nan,nan,nan,nan,nan,nan,0.057878
115020.000000,0.212648,0.212048,0.210242,0.207209,0.202913,0.197294,0.190254,0.181637,0.171176,0.158386,0.142234,0.119808,0.061021,nan,nan,nan,nan,nan,nan,nan,0.057867
115080.000000,0.212549,0.211949,0.210144,0.207114,0.202821,0.197206,0.190171,0.181560,0.171107,0.158325,0.142182,0.119769,0.061009,nan,nan,nan,nan,nan,nan,nan,0.057857
115140.000000,0.212450,0.211851,0.210047,0.207019,0.202729,0.197118,0.190088,0.181483,0.171037,0.158263,0.142131,0.119731,0.060997,nan,nan,nan,nan,nan,nan,nan,0.057846
115200.000000,0.212351,0.211752,0.209950,0.206924,0.202637,0.197030,0.190006,0.181406,0.170967,0.158202,0.142080,0.119692,0.060985,nan,nan,nan,nan,nan,nan,nan,0.057835
115260.000000,0.212252,0.211654,0.209853,0.206829,0.202546,0.196943,0.189923,0.181330,0.170898,0.158141,0.142028,0.119653,0.060973,nan,nan,nan,nan,nan,nan,nan,0.057825
115320.000000,0.212153,0.211556,0.209756,0.206734,0.202454,0.196855,0.189841,0.181253,0.170828,0.158080,0.141977,0.119615,0.060961,nan,nan,nan,nan,nan,nan,nan,0.057814
115380.000000,0.212055,0.211457,0.209659,0.206640,0.202363,0.196768,0.189758,0.181177,0.170759,0.158019,0.141926,0.119576,0.060950,nan,nan,nan,nan,nan,nan,nan,0.057803
115440.000000,0.211956,0.211359,0.209563,0.206545,0.202272,0.196681,0.189676,0.181101,0.170690,0.157958,0.141875,0.119538,0.060938,nan,nan,nan,nan,nan,nan,nan,0.057793
115500.000000,0.211858,0.211262,0.209466,0.206451,0.202181,0.196594,0.189594,0.181024,0.170621,0.157897,0.141824,0.119499,0.060926,nan,nan,nan,nan,nan,nan,nan,0.057782
115560.000000,0.211760,0.211164,0.209370,0.206357,0.202090,0.196507,0.189512,0.180948,0.170552,0.157836,0.141773,0.119461,0.060914,nan,nan,nan,nan,nan,nan,nan,0.057771
115620.000000,0.211662,0.211066,0.209273,0.206263,0.201999,0.196420,0.189430,0.180873,0.170483,0.157775,0.141722,0.119423,0.060902,nan,nan,nan,nan,nan,nan,nan,0.057761
115680.000000,0.211564,0.210969,0.209177,0.206169,0.201908,0.196333,0.189348,0.180797,0.170414,0.157714,0.141671,0.119384,0.060891,nan,nan,nan,nan,nan,nan,nan,0.057750
115740.000000,0.211466,0.210872,0.209081,0.206075,0.201817,0.196247,0.189267,0.180721,0.170345,0.157654,0.141620,0.119346,0.060879,nan,nan,nan,nan,nan,nan,nan,0.057740
115800.000000,0.211369,0.210775,0.208986,0.205982,0.201727,0.196160,0.189185,0.180645,0.170276,0.157593,0.141569,0.119308,0.060867,nan,nan,nan,nan,nan,nan,nan,0.057729
115860.000000,0.211271,0.210678,0.208890,0.205888,0.201637,0.196074,0.189104,0.180570,0.170208,0.157533,0.141519,0.119270,0.060856,nan,nan,nan,nan,nan,nan,nan,0.057719
115920.000000,0.211174,0.210581,0.208794,0.205795,0.201546,0.195988,0.189022,0.180494,0.170139,0.157473,0.141468,0.119231,0.060844,nan,nan,nan,nan,nan,nan,nan,0.057709
115980.000000,0.211077,0.210484,0.208699,0.205702,0.201456,0.195902,0.188941,0.180419,0.170071,0.157412,0.141417,0.119193,0.060832,nan,nan,nan,nan,nan,nan,nan,0.057698
116040.000000,0.210980,0.210387,0.208604,0.205609,0.201366,0.195816,0.188860,0.180344,0.170003,0.157352,0.141367,0.119155,0.060821,nan,nan,nan,nan,nan,nan,nan,0.057688
116100.000000,0.210883,0.210291,0.208509,0.205516,0.201276,0.195730,0.188779,0.180269,0.169934,0.157292,0.141317,0.119117,0.060809,nan,nan,nan,nan,nan,nan,nan,0.057677
116160.000000,0.210786,0.210194,0.208414,0.205423,0.201187,0.195644,0.188698,0.180194,0.169866,0.157232,0.141266,0.119079,0.060798,nan,nan,nan,nan,nan,nan,nan,0.057667
116220.000000,0.210689,0.210098,0.208319,0.205330,0.201097,0.195558,0.188618,0.180119,0.169798,0.157172,0.141216,0.119042,0.060786,nan,nan,nan,nan,nan,nan,nan,0.057657
116280.000000,0.210593,0.210002,0.208224,0.205238,0.201008,0.195473,0.188537,0.180044,0.169730,0.157112,0.141166,0.119004,0.060775,nan,nan,nan,nan,nan,nan,nan,0.057646
116340.000000,0.210496,0.209906,0.208129,0.205145,0.200918,0.195387,0.188456,0.179969,0.169662,0.157052,0.141115,0.118966,0.060763,nan,nan,nan,nan,nan,nan,nan,0.057636
116400.000000,0.210400,0.209810,0.208035,0.205053,0.200829,0.195302,0.188376,0.179895,0.169594,0.156993,0.141065,0.118928,0.060752,nan,nan,nan,nan,nan,nan,nan,0.057626
116460.000000,0.210304,0.209715,0.207940,0.204961,0.200740,0.195217,0.188296,0.179820,0.169527,0.156933,0.141015,0.118891,0.060740,nan,nan,nan,nan,nan,nan,nan,0.057616
116520.000000,0.210208,0.209619,0.207846,0.204869,0.200651,0.195132,0.188215,0.179746,0.169459,0.156873,0.140965,0.118853,0.060729,nan,nan,nan,nan,nan,nan,nan,0.057605
116580.000000,0.210112,0.209524,0.207752,0.204777,0.200562,0.195047,0.188135,0.179671,0.169392,0.156814,0.140915,0.118815,0.060717,nan,nan,nan,nan,nan,nan,nan,0.057595
116640.000000,0.210017,0.209429,0.207658,0.204685,0.200473,0.194962,0.188055,0.179597,0.169324,0.156754,0.140866,0.118778,0.060706,nan,nan,nan,nan,nan,nan,nan,0.057585
116700.000000,0.209921,0.209333,0.207564,0.204593,0.200384,0.194877,0.187975,0.179523,0.169257,0.156695,0.140816,0.118740,0.060695,nan,nan,nan,nan,nan,nan,nan,0.057575
116760.000000,0.209826,0.209238,0.207471,0.204502,0.200296,0.194793,0.187896,0.179449,0.169190,0.156636,0.140766,0.118703,0.060683,nan,nan,nan,nan,nan,nan,nan,0.057565
116820.000000,0.209730,0.209144,0.207377,0.204410,0.200208,0.194708,0.187816,0.179375,0.169123,0.156577,0.140716,0.118665,0.060672,nan,nan,nan,nan,nan,nan,nan,0.057554
116880.000000,0.209635,0.209049,0.207284,0.204319,0.200119,0.194624,0.187736,0.179301,0.169055,0.156517,0.140667,0.118628,0.060661,nan,nan,nan,nan,nan,nan,nan,0.057544
116940.000000,0.209540,0.208954,0.207190,0.204228,0.200031,0.194540,0.187657,0.179227,0.168988,0.156458,0.140617,0.118591,0.060649,nan,nan,nan,nan,nan,nan,nan,0.057534
117000.000000,0.209445,0.208860,0.207097,0.204137,0.199943,0.194455,0.187578,0.179154,0.168922,0.156399,0.140568,0.118553,0.060638,nan,nan,nan,nan,nan,nan,nan,0.057524
117060.000000,0.209350,0.208765,0.207004,0.204046,0.199855,0.194371,0.187498,0.179080,0.168855,0.156340,0.140518,0.118516,0.060627,nan,nan,nan,nan,nan,nan,nan,0.057514
117120.000000,0.209256,0.208671,0.206911,0.203955,0.199767,0.194288,0.187419,0.179007,0.168788,0.156282,0.140469,0.118479,0.060615,nan,nan,nan,nan,nan,nan,nan,0.057504
117180.000000,0.209161,0.208577,0.206818,0.203865,0.199680,0.194204,0.187340,0.178933,0.168721,0.156223,0.140420,0.118442,0.060604,nan,nan,nan,nan,nan,nan,nan,0.057494
117240.000000,0.209067,0.208483,0.206725,0.203774,0.199592,0.194120,0.187261,0.178860,0.168655,0.156164,0.140371,0.118405,0.060593,nan,nan,nan,nan,nan,nan,nan,0.057484
117300.000000,0.208973,0.208389,0.206633,0.203684,0.199505,0.194036,0.187182,0.178787,0.168588,0.156106,0.140321,0.118368,0.060582,nan,nan,nan,nan,nan,nan,nan,0.057474
117360.000000,0.208878,0.208296,0.206541,0.203593,0.199417,0.193953,0.187104,0.178714,0.168522,0.156047,0.140272,0.118330,0.060571,nan,nan,nan,nan,nan,nan,nan,0.057464
117420.000000,0.208784,0.208202,0.206448,0.203503,0.199330,0.193870,0.187025,0.178641,0.168456,0.155989,0.140223,0.118294,0.060560,nan,nan,nan,nan,nan,nan,nan,0.057454
117480.000000,0.208691,0.208109,0.206356,0.203413,0.199243,0.193786,0.186946,0.178568,0.168390,0.155930,0.140174,0.118257,0.060548,nan,nan,nan,nan,nan,nan,nan,0.057444
117540.000000,0.208597,0.208015,0.206264,0.203323,0.199156,0.193703,0.186868,0.178495,0.168323,0.155872,0.140125,0.118220,0.060537,nan,nan,nan,nan,nan,nan,nan,0.057434
117600.000000,0.208503,0.207922,0.206172,0.203233,0.199069,0.193620,0.186790,0.178423,0.168257,0.155814,0.140077,0.118183,0.060526,nan,nan,nan,nan,nan,nan,nan,0.057425
117660.000000,0.208410,0.207829,0.206080,0.203144,0.198983,0.193537,0.186712,0.178350,0.168191,0.155756,0.140028,0.118146,0.060515,nan,nan,nan,nan,nan,nan,nan,0.057415
117720.000000,0.208316,0.207736,0.205989,0.203054,0.198896,0.193455,0.186633,0.178278,0.168126,0.155698,0.139979,0.118109,0.060504,nan,nan,nan,nan,nan,nan,nan,0.057405
117780.000000,0.208223,0.207643,0.205897,0.202965,0.198810,0.193372,0.186555,0.178205,0.168060,0.155640,0.139930,0.118073,0.060493,nan,nan,nan,nan,nan,nan,nan,0.057395
117840.000000,0.208130,0.207551,0.205806,0.202875,0.198723,0.193289,0.186478,0.178133,0.167994,0.155582,0.139882,0.118036,0.060482,nan,nan,nan,nan,nan,nan,nan,0.057385
117900.000000,0.208037,0.207458,0.205714,0.202786,0.198637,0.193207,0.186400,0.178061,0.167929,0.155524,0.139833,0.117999,0.060471,nan,nan,nan,nan,nan,nan,nan,0.057376
117960.000000,0.207944,0.207366,0.205623,0.202697,0.198551,0.193125,0.186322,0.177989,0.167863,0.155466,0.139785,0.117963,0.060460,nan,nan,nan,nan,nan,nan,nan,0.057366
118020.000000,0.207851,0.207273,0.205532,0.202608,0.198465,0.193042,0.186245,0.177917,0.167798,0.155408,0.139736,0.117926,0.060449,nan,nan,nan,nan,nan,nan,nan,0.057356
118080.000000,0.207759,0.207181,0.205441,0.202519,0.198379,0.192960,0.186167,0.177845,0.167732,0.155351,0.139688,0.117890,0.060438,nan,nan,nan,nan,nan,nan,nan,0.057346
118140.000000,0.207666,0.207089,0.205350,0.202430,0.198293,0.192878,0.186090,0.177773,0.167667,0.155293,0.139640,0.117853,0.060427,nan,nan,nan,nan,nan,nan,nan,0.057337
118200.000000,0.207574,0.206997,0.205260,0.202342,0.198207,0.192796,0.186012,0.177701,0.167602,0.155236,0.139591,0.117817,0.060416,nan,nan,nan,nan,nan,nan,nan,0.057327
118260.000000,0.207482,0.206905,0.205169,0.202253,0.198122,0.192714,0.185935,0.177630,0.167537,0.155178,0.139543,0.117781,0.060406,nan,nan,nan,nan,nan,nan,nan,0.057317
118320.000000,0.207390,0.206814,0.205079,0.202165,0.198036,0.192633,0.185858,0.177558,0.167472,0.155121,0.139495,0.117744,0.060395,nan,nan,nan,nan,nan,nan,nan,0.057308
118380.000000,0.207298,0.206722,0.204988,0.202077,0.197951,0.192551,0.185781,0.177487,0.167407,0.155064,0.139447,0.117708,0.060384,nan,nan,nan,nan,nan,nan,nan,0.057298
118440.000000,0.207206,0.206631,0.204898,0.201989,0.197866,0.192470,0.185704,0.177415,0.167342,0.155007,0.139399,0.117672,0.060373,nan,nan,nan,nan,nan,nan,nan,0.057288
118500.000000,0.207114,0.206539,0.204808,0.201901,0.197781,0.192388,0.185628,0.177344,0.167277,0.154949,0.139351,0.117636,0.060362,nan,nan,nan,nan,nan,nan,nan,0.057279
118560.000000,0.207023,0.206448,0.204718,0.201813,0.197696,0.192307,0.185551,0.177273,0.167212,0.154892,0.139303,0.117599,0.060351,nan,nan,nan,nan,nan,nan,nan,0.057269
118620.000000,0.206931,0.206357,0.204628,0.201725,0.197611,0.192226,0.185474,0.177202,0.167148,0.154835,0.139255,0.117563,0.060341,nan,nan,nan,nan,nan,nan,nan,0.057260
118680.000000,0.206840,0.206266,0.204539,0.201637,0.197526,0.192145,0.185398,0.177131,0.167083,0.154778,0.139207,0.117527,0.060330,nan,nan,nan,nan,nan,nan,nan,0.057250
118740.000000,0.206749,0.206175,0.204449,0.201550,0.197441,0.192064,0.185322,0.177060,0.167019,0.154722,0.139160,0.117491,0.060319,nan,nan,nan,nan,nan,nan,nan,0.057241
118800.000000,0.206658,0.206085,0.204360,0.201462,0.197357,0.191983,0.185245,0.176989,0.166955,0.154665,0.139112,0.117455,0.060308,nan,nan,nan,nan,nan,nan,nan,0.057231
118860.000000,0.206567,0.205994,0.204270,0.201375,0.197273,0.191902,0.185169,0.176919,0.166890,0.154608,0.139064,0.117419,0.060298,nan,nan,nan,nan,nan,nan,nan,0.057222
118920.000000,0.206476,0.205904,0.204181,0.201288,0.197188,0.191822,0.185093,0.176848,0.166826,0.154552,0.139017,0.117383,0.060287,nan,nan,nan,nan,nan,nan,nan,0.057212
118980.000000,0.206385,0.205813,0.204092,0.201201,0.197104,0.191741,0.185017,0.176777,0.166762,0.154495,0.138969,0.117348,0.060276,nan,nan,nan,nan,nan,nan,nan,0.057203
119040.000000,0.206294,0.205723,0.204003,0.201114,0.197020,0.191661,0.184941,0.176707,0.166698,0.154439,0.138922,0.117312,0.060266,nan,nan,nan,nan,nan,nan,nan,0.057193
119100.000000,0.206204,0.205633,0.203914,0.201027,0.196936,0.191581,0.184866,0.176637,0.166634,0.154382,0.138875,0.117276,0.060255,nan,nan,nan,nan,nan,nan,nan,0.057184
119160.000000,0.206114,0.205543,0.203825,0.200940,0.196852,0.191501,0.184790,0.176566,0.166570,0.154326,0.138827,0.117240,0.060245,nan,nan,nan,nan,nan,nan,nan,0.057175
119220.000000,0.206023,0.205453,0.203737,0.200854,0.196768,0.191420,0.184714,0.176496,0.166507,0.154270,0.138780,0.117205,0.060234,nan,nan,nan,nan,nan,nan,nan,0.057165
119280.000000,0.205933,0.205364,0.203648,0.200767,0.196685,0.191340,0.184639,0.176426,0.166443,0.154213,0.138733,0.117169,0.060223,nan,nan,nan,nan,nan,nan,nan,0.057156
119340.000000,0.205843,0.205274,0.203560,0.200681,0.196601,0.191261,0.184564,0.176356,0.166379,0.154157,0.138686,0.117134,0.060213,nan,nan,nan,nan,nan,nan,nan,0.057147
119400.000000,0.205753,0.205184,0.203472,0.200595,0.196518,0.191181,0.184488,0.176286,0.166316,0.154101,0.138639,0.117098,0.060202,nan,nan,nan,nan,nan,nan,nan,0.057137
119460.000000,0.205664,0.205095,0.203384,0.200509,0.196435,0.191101,0.184413,0.176217,0.166252,0.154045,0.138592,0.117062,0.060192,nan,nan,nan,nan,nan,nan,nan,0.057128
119520.000000,0.205574,0.205006,0.203296,0.200423,0.196351,0.191022,0.184338,0.176147,0.166189,0.153989,0.138545,0.117027,0.060181,nan,nan,nan,nan,nan,nan,nan,0.057119
119580.000000,0.205484,0.204917,0.203208,0.200337,0.196268,0.190942,0.184263,0.176077,0.166126,0.153933,0.138498,0.116992,0.060171,nan,nan,nan,nan,nan,nan,nan,0.057110
119640.000000,0.205395,0.204828,0.203120,0.200251,0.196185,0.190863,0.184188,0.176008,0.166062,0.153878,0.138451,0.116956,0.060160,nan,nan,nan,nan,nan,nan,nan,0.057100
119700.000000,0.205306,0.204739,0.203032,0.200165,0.196102,0.190784,0.184114,0.175938,0.165999,0.153822,0.138404,0.116921,0.060150,nan,nan,nan,nan,nan,nan,nan,0.057091
119760.000000,0.205217,0.204650,0.202945,0.200080,0.196020,0.190705,0.184039,0.175869,0.165936,0.153766,0.138357,0.116886,0.060139,nan,nan,nan,nan,nan,nan,nan,0.057082
119820.000000,0.205128,0.204562,0.202857,0.199994,0.195937,0.190625,0.183964,0.175800,0.165873,0.153711,0.138311,0.116850,0.060129,nan,nan,nan,nan,nan,nan,nan,0.057073
119880.000000,0.205039,0.204473,0.202770,0.199909,0.195855,0.190547,0.183890,0.175731,0.165810,0.153655,0.138264,0.116815,0.060119,nan,nan,nan,nan,nan,nan,nan,0.057064
119940.000000,0.204950,0.204385,0.202683,0.199824,0.195772,0.190468,0.183815,0.175662,0.165748,0.153600,0.138217,0.116780,0.060108,nan,nan,nan,nan,nan,nan,nan,0.057054
120000.000000,0.204861,0.204296,0.202596,0.199739,0.195690,0.190389,0.183741,0.175593,0.165685,0.153545,0.138171,0.116745,0.060098,nan,nan,nan,nan,nan,nan,nan,0.057045
120060.000000,0.204773,0.204208,0.202509,0.199654,0.195608,0.190310,0.183667,0.175524,0.165622,0.153489,0.138125,0.116710,0.060088,nan,nan,nan,nan,nan,nan,nan,0.057036
120120.000000,0.204684,0.204120,0.202422,0.199569,0.195525,0.190232,0.183593,0.175455,0.165560,0.153434,0.138078,0.116675,0.060077,nan,nan,nan,nan,nan,nan,nan,0.057027
120180.000000,0.204596,0.204032,0.202335,0.199484,0.195443,0.190154,0.183519,0.175386,0.165497,0.153379,0.138032,0.116640,0.060067,nan,nan,nan,nan,nan,nan,nan,0.057018
120240.000000,0.204508,0.203944,0.202248,0.199399,0.195362,0.190075,0.183445,0.175318,0.165435,0.153324,0.137986,0.116605,0.060057,nan,nan,nan,nan,nan,nan,nan,0.057009
120300.000000,0.204420,0.203857,0.202162,0.199315,0.195280,0.189997,0.183371,0.175249,0.165372,0.153269,0.137939,0.116570,0.060046,nan,nan,nan,nan,nan,nan,nan,0.057000
120360.000000,0.204332,0.203769,0.202075,0.199230,0.195198,0.189919,0.183297,0.175181,0.165310,0.153214,0.137893,0.116535,0.060036,nan,nan,nan,nan,nan,nan,nan,0.056991
120420.000000,0.204244,0.203682,0.201989,0.199146,0.195117,0.189841,0.183224,0.175112,0.165248,0.153159,0.137847,0.116500,0.060026,nan,nan,nan,nan,nan,nan,nan,0.056982
120480.000000,0.204156,0.203594,0.201903,0.199062,0.195035,0.189763,0.183150,0.175044,0.165186,0.153104,0.137801,0.116465,0.060016,nan,nan,nan,nan,nan,nan,nan,0.056973
120540.000000,0.204068,0.203507,0.201817,0.198978,0.194954,0.189685,0.183077,0.174976,0.165124,0.153049,0.137755,0.116431,0.060005,nan,nan,nan,nan,nan,nan,nan,0.056964
120600.000000,0.203981,0.203420,0.201731,0.198894,0.194873,0.189608,0.183004,0.174908,0.165062,0.152995,0.137709,0.116396,0.059995,nan,nan,nan,nan,nan,nan,nan,0.056955
120660.000000,0.203894,0.203333,0.201645,0.198810,0.194791,0.189530,0.182930,0.174840,0.165000,0.152940,0.137663,0.116361,0.059985,nan,nan,nan,nan,nan,nan,nan,0.056946
120720.000000,0.203806,0.203246,0.201559,0.198726,0.194710,0.189452,0.182857,0.174772,0.164938,0.152886,0.137617,0.116327,0.059975,nan,nan,nan,nan,nan,nan,nan,0.056937
120780.000000,0.203719,0.203159,0.201474,0.198643,0.194630,0.189375,0.182784,0.174704,0.164877,0.152831,0.137571,0.116292,0.059965,nan,nan,nan,nan,nan,nan,nan,0.056928
120840.000000,0.203632,0.203073,0.201388,0.198559,0.194549,0.189298,0.182711,0.174636,0.164815,0.152777,0.137526,0.116257,0.059955,nan,nan,nan,nan,nan,nan,nan,0.056919
120900.000000,0.203545,0.202986,0.201303,0.198476,0.194468,0.189221,0.182638,0.174568,0.164754,0.152722,0.137480,0.116223,0.059944,nan,nan,nan,nan,nan,nan,nan,0.056910
120960.000000,0.203458,0.202900,0.201218,0.198392,0.194387,0.189144,0.182566,0.174501,0.164692,0.152668,0.137434,0.116188,0.059934,nan,nan,nan,nan,nan,nan,nan,0.056902
121020.000000,0.203372,0.202813,0.201133,0.198309,0.194307,0.189067,0.182493,0.174433,0.164631,0.152614,0.137389,0.116154,0.059924,nan,nan,nan,nan,nan,nan,nan,0.056893
121080.000000,0.203285,0.202727,0.201048,0.198226,0.194227,0.188990,0.182420,0.174366,0.164569,0.152560,0.137343,0.116120,0.059914,nan,nan,nan,nan,nan,nan,nan,0.056884
121140.000000,0.203199,0.202641,0.200963,0.198143,0.194146,0.188913,0.182348,0.174299,0.164508,0.152506,0.137298,0.116085,0.059904,nan,nan,nan,nan,nan,nan,nan,0.056875
121200.000000,0.203112,0.202555,0.200878,0.198060,0.194066,0.188836,0.182276,0.174231,0.164447,0.152452,0.137253,0.116051,0.059894,nan,nan,nan,nan,nan,nan,nan,0.056866
121260.000000,0.203026,0.202469,0.200793,0.197977,0.193986,0.188760,0.182203,0.174164,0.164386,0.152398,0.137207,0.116017,0.059884,nan,nan,nan,nan,nan,nan,nan,0.056858
121320.000000,0.202940,0.202384,0.200709,0.197895,0.193906,0.188683,0.182131,0.174097,0.164325,0.152344,0.137162,0.115982,0.059874,nan,nan,nan,nan,nan,nan,nan,0.056849
121380.000000,0.202854,0.202298,0.200624,0.197812,0.193826,0.188607,0.182059,0.174030,0.164264,0.152290,0.137117,0.115948,0.059864,nan,nan,nan,nan,nan,nan,nan,0.056840
121440.000000,0.202768,0.202212,0.200540,0.197730,0.193746,0.188530,0.181987,0.173963,0.164203,0.152236,0.137071,0.115914,0.059854,nan,nan,nan,nan,nan,nan,nan,0.056831
121500.000000,0.202682,0.202127,0.200455,0.197647,0.193667,0.188454,0.181915,0.173897,0.164142,0.152183,0.137026,0.115880,0.059844,nan,nan,nan,nan,nan,nan,nan,0.056823
121560.000000,0.202596,0.202042,0.200371,0.197565,0.193587,0.188378,0.181843,0.173830,0.164082,0.152129,0.136981,0.115846,0.059834,nan,nan,nan,nan,nan,nan,nan,0.056814
121620.000000,0.202511,0.201957,0.200287,0.197483,0.193508,0.188302,0.181771,0.173763,0.164021,0.152076,0.136936,0.115812,0.059824,nan,nan,nan,nan,nan,nan,nan,0.056805
121680.000000,0.202425,0.201871,0.200203,0.197401,0.193428,0.188226,0.181700,0.173697,0.163960,0.152022,0.136891,0.115778,0.059815,nan,nan,nan,nan,nan,nan,nan,0.056797
121740.000000,0.202340,0.201787,0.200119,0.197319,0.193349,0.188150,0.181628,0.173630,0.163900,0.151969,0.136846,0.115744,0.059805,nan,nan,nan,nan,nan,nan,nan,0.056788
121800.000000,0.202255,0.201702,0.200036,0.197237,0.193270,0.188075,0.181557,0.173564,0.163839,0.151915,0.136802,0.115710,0.059795,nan,nan,nan,nan,nan,nan,nan,0.056779
121860.000000,0.202170,0.201617,0.199952,0.197155,0.193191,0.187999,0.181485,0.173497,0.163779,0.151862,0.136757,0.115676,0.059785,nan,nan,nan,nan,nan,nan,nan,0.056771
121920.000000,0.202085,0.201532,0.199869,0.197074,0.193112,0.187924,0.181414,0.173431,0.163719,0.151809,0.136712,0.115642,0.059775,nan,nan,nan,nan,nan,nan,nan,0.056762
121980.000000,0.202000,0.201448,0.199785,0.196992,0.193033,0.187848,0.181343,0.173365,0.163659,0.151756,0.136667,0.115608,0.059765,nan,nan,nan,nan,nan,nan,nan,0.056754
122040.000000,0.201915,0.201363,0.199702,0.196911,0.192954,0.187773,0.181272,0.173299,0.163599,0.151703,0.136623,0.115575,0.059756,nan,nan,nan,nan,nan,nan,nan,0.056745
122100.000000,0.201830,0.201279,0.199619,0.196830,0.192876,0.187698,0.181201,0.173233,0.163539,0.151650,0.136578,0.115541,0.059746,nan,nan,nan,nan,nan,nan,nan,0.056737
122160.000000,0.201746,0.201195,0.199536,0.196749,0.192797,0.187622,0.181130,0.173167,0.163479,0.151597,0.136533,0.115507,0.059736,nan,nan,nan,nan,nan,nan,nan,0.056728
122220.000000,0.201661,0.201111,0.199453,0.196667,0.192719,0.187547,0.181059,0.173101,0.163419,0.151544,0.136489,0.115474,0.059726,nan,nan,nan,nan,nan,nan,nan,0.056720
122280.000000,0.201577,0.201027,0.199370,0.196586,0.192640,0.187473,0.180988,0.173036,0.163359,0.151491,0.136445,0.115440,0.059717,nan,nan,nan,nan,nan,nan,nan,0.056711
122340.000000,0.201493,0.200943,0.199287,0.196506,0.192562,0.187398,0.180918,0.172970,0.163299,0.151438,0.136400,0.115406,0.059707,nan,nan,nan,nan,nan,nan,nan,0.056703
122400.000000,0.201409,0.200859,0.199205,0.196425,0.192484,0.187323,0.180847,0.172904,0.163240,0.151385,0.136356,0.115373,0.059697,nan,nan,nan,nan,nan,nan,nan,0.056694
122460.000000,0.201325,0.200776,0.199122,0.196344,0.192406,0.187248,0.180777,0.172839,0.163180,0.151333,0.136312,0.115339,0.059687,nan,nan,nan,nan,nan,nan,nan,0.056686
122520.000000,0.201241,0.200692,0.199040,0.196264,0.192328,0.187174,0.180706,0.172773,0.163120,0.151280,0.136267,0.115306,0.059678,nan,nan,nan,nan,nan,nan,nan,0.056677
122580.000000,0.201157,0.200609,0.198957,0.196183,0.192250,0.187099,0.180636,0.172708,0.163061,0.151228,0.136223,0.115272,0.059668,nan,nan,nan,nan,nan,nan,nan,0.056669
122640.000000,0.201073,0.200525,0.198875,0.196103,0.192173,0.187025,0.180566,0.172643,0.163002,0.151175,0.136179,0.115239,0.059658,nan,nan,nan,nan,nan,nan,nan,0.056661
122700.000000,0.200990,0.200442,0.198793,0.196023,0.192095,0.186951,0.180496,0.172578,0.162942,0.151123,0.136135,0.115206,0.059649,nan,nan,nan,nan,nan,nan,nan,0.056652
122760.000000,0.200906,0.200359,0.198711,0.195943,0.192017,0.186877,0.180425,0.172513,0.162883,0.151071,0.136091,0.115172,0.059639,nan,nan,nan,nan,nan,nan,nan,0.056644
122820.000000,0.200823,0.200276,0.198629,0.195862,0.191940,0.186802,0.180356,0.172448,0.162824,0.151018,0.136047,0.115139,0.059630,nan,nan,nan,nan,nan,nan,nan,0.056635
122880.000000,0.200740,0.200193,0.198547,0.195783,0.191863,0.186728,0.180286,0.172383,0.162765,0.150966,0.136003,0.115106,0.059620,nan,nan,nan,nan,nan,nan,nan,0.056627
122940.000000,0.200657,0.200110,0.198466,0.195703,0.191785,0.186655,0.180216,0.172318,0.162706,0.150914,0.135959,0.115073,0.059611,nan,nan,nan,nan,nan,nan,nan,0.056619
123000.000000,0.200574,0.200028,0.198384,0.195623,0.191708,0.186581,0.180146,0.172253,0.162647,0.150862,0.135915,0.115040,0.059601,nan,nan,nan,nan,nan,nan,nan,0.056610
123060.000000,0.200491,0.199945,0.198303,0.195543,0.191631,0.186507,0.180077,0.172189,0.162588,0.150810,0.135872,0.115006,0.059591,nan,nan,nan,nan,nan,nan,nan,0.056602
123120.000000,0.200408,0.199863,0.198221,0.195464,0.191554,0.186433,0.180007,0.172124,0.162529,0.150758,0.135828,0.114973,0.059582,nan,nan,nan,nan,nan,nan,nan,0.056594
123180.000000,0.200325,0.199780,0.198140,0.195384,0.191477,0.186360,0.179938,0.172059,0.162471,0.150706,0.135784,0.114940,0.059572,nan,nan,nan,nan,nan,nan,nan,0.056586
123240.000000,0.200242,0.199698,0.198059,0.195305,0.191401,0.186287,0.179868,0.171995,0.162412,0.150654,0.135741,0.114907,0.059563,nan,nan,nan,nan,nan,nan,nan,0.056577
123300.000000,0.200160,0.199616,0.197978,0.195226,0.191324,0.186213,0.179799,0.171931,0.162353,0.150603,0.135697,0.114874,0.059553,nan,nan,nan,nan,nan,nan,nan,0.056569
123360.000000,0.200078,0.199534,0.197897,0.195147,0.191248,0.186140,0.179730,0.171866,0.162295,0.150551,0.135654,0.114841,0.059544,nan,nan,nan,nan,nan,nan,nan,0.056561
123420.000000,0.199995,0.199452,0.197816,0.195068,0.191171,0.186067,0.179661,0.171802,0.162236,0.150499,0.135610,0.114809,0.059535,nan,nan,nan,nan,nan,nan,nan,0.056553
123480.000000,0.199913,0.199370,0.197735,0.194989,0.191095,0.185994,0.179592,0.171738,0.162178,0.150448,0.135567,0.114776,0.059525,nan,nan,nan,nan,nan,nan,nan,0.056545
123540.000000,0.199831,0.199289,0.197655,0.194910,0.191018,0.185921,0.179523,0.171674,0.162120,0.150396,0.135523,0.114743,0.059516,nan,nan,nan,nan,nan,nan,nan,0.056536
123600.000000,0.199749,0.199207,0.197574,0.194831,0.190942,0.185848,0.179454,0.171610,0.162062,0.150345,0.135480,0.114710,0.059506,nan,nan,nan,nan,nan,nan,nan,0.056528
123660.000000,0.199667,0.199125,0.197494,0.194753,0.190866,0.185775,0.179386,0.171546,0.162003,0.150293,0.135437,0.114677,0.059497,nan,nan,nan,nan,nan,nan,nan,0.056520
123720.000000,0.199585,0.199044,0.197414,0.194674,0.190790,0.185702,0.179317,0.171482,0.161945,0.150242,0.135394,0.114645,0.059488,nan,nan,nan,nan,nan,nan,nan,0.056512
123780.000000,0.199504,0.198963,0.197333,0.194596,0.190714,0.185630,0.179248,0.171419,0.161887,0.150191,0.135351,0.114612,0.059478,nan,nan,nan,nan,nan,nan,nan,0.056504
123840.000000,0.199422,0.198882,0.197253,0.194518,0.190639,0.185557,0.179180,0.171355,0.161829,0.150140,0.135307,0.114579,0.059469,nan,nan,nan,nan,nan,nan,nan,0.056496
123900.000000,0.199341,0.198800,0.197173,0.194439,0.190563,0.185485,0.179111,0.171292,0.161772,0.150088,0.135264,0.114547,0.059460,nan,nan,nan,nan,nan,nan,nan,0.056488
123960.000000,0.199259,0.198719,0.197093,0.194361,0.190487,0.185413,0.179043,0.171228,0.161714,0.150037,0.135221,0.114514,0.059450,nan,nan,nan,nan,nan,nan,nan,0.056480
124020.000000,0.199178,0.198639,0.197014,0.194283,0.190412,0.185340,0.178975,0.171165,0.161656,0.149986,0.135178,0.114482,0.059441,nan,nan,nan,nan,nan,nan,nan,0.056472
124080.000000,0.199097,0.198558,0.196934,0.194205,0.190336,0.185268,0.178907,0.171101,0.161598,0.149935,0.135136,0.114449,0.059432,nan,nan,nan,nan,nan,nan,nan,0.056464
124140.000000,0.199016,0.198477,0.196854,0.194128,0.190261,0.185196,0.178839,0.171038,0.161541,0.149885,0.135093,0.114417,0.059422,nan,nan,nan,nan,nan,nan,nan,0.056456
124200.000000,0.198935,0.198397,0.196775,0.194050,0.190186,0.185124,0.178771,0.170975,0.161483,0.149834,0.135050,0.114384,0.059413,nan,nan,nan,nan,nan,nan,nan,0.056448
124260.000000,0.198854,0.198316,0.196695,0.193972,0.190111,0.185052,0.178703,0.170912,0.161426,0.149783,0.135007,0.114351,0.059397,nan,nan,nan,nan,nan,nan,nan,0.056440
124320.000000,0.198774,0.198236,0.196616,0.193895,0.190036,0.184980,0.178635,0.170848,0.161368,0.149731,0.134963,0.114317,0.059369,nan,nan,nan,nan,nan,nan,nan,0.056432
124380.000000,0.198693,0.198155,0.196537,0.193817,0.189961,0.184908,0.178566,0.170784,0.161309,0.149679,0.134918,0.114281,0.059330,nan,nan,nan,nan,nan,nan,nan,0.056424
124440.000000,0.198612,0.198075,0.196458,0.193740,0.189885,0.184836,0.178498,0.170721,0.161251,0.149626,0.134872,0.114243,0.059280,nan,nan,nan,nan,nan,nan,nan,0.056416
124500.000000,0.198532,0.197995,0.196378,0.193662,0.189810,0.184764,0.178430,0.170656,0.161192,0.149573,0.134826,0.114205,0.059220,nan,nan,nan,nan,nan,nan,nan,0.056408
124560.000000,0.198452,0.197915,0.196299,0.193585,0.189735,0.184692,0.178361,0.170592,0.161132,0.149520,0.134780,0.114166,0.059151,nan,nan,nan,nan,nan,nan,nan,0.056400
124620.000000,0.198371,0.197835,0.196221,0.193507,0.189660,0.184620,0.178293,0.170528,0.161073,0.149466,0.134732,0.114126,0.059075,nan,nan,nan,nan,nan,nan,nan,0.056393
124680.000000,0.198291,0.197755,0.196142,0.193430,0.189585,0.184548,0.178224,0.170464,0.161014,0.149412,0.134685,0.114085,0.058991,nan,nan,nan,nan,nan,nan,nan,0.056385
124740.000000,0.198211,0.197676,0.196063,0.193353,0.189510,0.184476,0.178155,0.170399,0.160954,0.149358,0.134637,0.114043,0.058902,nan,nan,nan,nan,nan,nan,nan,0.056377
124800.000000,0.198131,0.197596,0.195984,0.193276,0.189435,0.184403,0.178087,0.170334,0.160894,0.149303,0.134588,0.114001,0.058807,nan,nan,nan,nan,nan,nan,nan,0.056370
124860.000000,0.198051,0.197517,0.195906,0.193199,0.189360,0.184331,0.178018,0.170270,0.160834,0.149249,0.134540,0.113958,0.058708,nan,nan,nan,nan,nan,nan,nan,0.056362
124920.000000,0.197972,0.197437,0.195827,0.193122,0.189286,0.184259,0.177949,0.170205,0.160774,0.149194,0.134491,0.113915,0.058605,nan,nan,nan,nan,nan,nan,nan,0.056354
124980.000000,0.197892,0.197358,0.195749,0.193045,0.189211,0.184187,0.177881,0.170141,0.160714,0.149139,0.134442,0.113871,0.058500,nan,nan,nan,nan,nan,nan,nan,0.056347
125040.000000,0.197812,0.197279,0.195670,0.192968,0.189136,0.184115,0.177812,0.170076,0.160654,0.149084,0.134393,0.113828,0.058393,nan,nan,nan,nan,nan,nan,nan,0.056339
125100.000000,0.197733,0.197199,0.195592,0.192891,0.189062,0.184044,0.177744,0.170011,0.160594,0.149030,0.134344,0.113784,0.058285,nan,nan,nan,nan,nan,nan,nan,0.056332
125160.000000,0.197654,0.197120,0.195514,0.192815,0.188987,0.183972,0.177675,0.169947,0.160534,0.148975,0.134295,0.113741,0.058178,nan,nan,nan,nan,nan,nan,nan,0.056324
125220.000000,0.197574,0.197041,0.195436,0.192738,0.188913,0.183900,0.177607,0.169883,0.160474,0.148920,0.134246,0.113697,0.058071,nan,nan,nan,nan,nan,nan,nan,0.056317
125280.000000,0.197495,0.196962,0.195358,0.192662,0.188838,0.183829,0.177539,0.169818,0.160415,0.148866,0.134197,0.113654,0.057966,nan,nan,nan,nan,nan,nan,nan,0.056309
125340.000000,0.197416,0.196884,0.195280,0.192586,0.188764,0.183757,0.177471,0.169754,0.160355,0.148812,0.134149,0.113611,0.057864,nan,nan,nan,nan,nan,nan,nan,0.056302
125400.000000,0.197337,0.196805,0.195202,0.192509,0.188690,0.183686,0.177403,0.169690,0.160296,0.148757,0.134101,0.113569,0.057766,nan,nan,nan,nan,nan,nan,nan,0.056294
125460.000000,0.197258,0.196726,0.195125,0.192433,0.188616,0.183615,0.177335,0.169627,0.160237,0.148704,0.134053,0.113527,0.057672,nan,nan,nan,nan,nan,nan,nan,0.056287
125520.000000,0.197179,0.196648,0.195047,0.192357,0.188542,0.183543,0.177267,0.169563,0.160178,0.148650,0.134005,0.113486,0.057584,nan,nan,nan,nan,nan,nan,nan,0.056279
125580.000000,0.197101,0.196569,0.194970,0.192281,0.188469,0.183473,0.177200,0.169500,0.160119,0.148597,0.133959,0.113445,0.057501,nan,nan,nan,nan,nan,nan,nan,0.056272
125640.000000,0.197022,0.196491,0.194892,0.192205,0.188395,0.183402,0.177133,0.169437,0.160061,0.148544,0.133912,0.113406,0.057426,nan,nan,nan,nan,nan,nan,nan,0.056264
125700.000000,0.196944,0.196413,0.194815,0.192130,0.188322,0.183331,0.177066,0.169374,0.160003,0.148492,0.133866,0.113367,0.057359,nan,nan,nan,nan,nan,nan,nan,0.056257
125760.000000,0.196865,0.196335,0.194738,0.192054,0.188248,0.183261,0.176999,0.169311,0.159946,0.148440,0.133821,0.113330,0.057300,nan,nan,nan,nan,nan,nan,nan,0.056249
125820.000000,0.196787,0.196257,0.194661,0.191979,0.188175,0.183191,0.176932,0.169249,0.159888,0.148389,0.133777,0.113294,0.057252,nan,nan,nan,nan,nan,nan,nan,0.056242
125880.000000,0.196709,0.196179,0.194584,0.191904,0.188102,0.183121,0.176866,0.169187,0.159832,0.148338,0.133733,0.113259,0.057213,nan,nan,nan,nan,nan,nan,nan,0.056234
125940.000000,0.196630,0.196101,0.194507,0.191828,0.188029,0.183051,0.176800,0.169126,0.159775,0.148288,0.133691,0.113225,0.057187,nan,nan,nan,nan,nan,nan,nan,0.056227
126000.000000,0.196552,0.196023,0.194430,0.191754,0.187957,0.182982,0.176734,0.169064,0.159720,0.148239,0.133649,0.113193,0.057172,nan,nan,nan,nan,nan,nan,nan,0.056219
126060.000000,0.196474,0.195946,0.194354,0.191679,0.187884,0.182912,0.176669,0.169004,0.159664,0.148190,0.133608,0.113162,0.057164,nan,nan,nan,nan,nan,nan,nan,0.056212
126120.000000,0.196397,0.195868,0.194277,0.191604,0.187812,0.182843,0.176603,0.168943,0.159609,0.148141,0.133566,0.113131,0.057156,nan,nan,nan,nan,nan,nan,nan,0.056204
126180.000000,0.196319,0.195791,0.194201,0.191529,0.187740,0.182774,0.176538,0.168882,0.159554,0.148092,0.133525,0.113100,0.057148,nan,nan,nan,nan,nan,nan,nan,0.056197
126240.000000,0.196241,0.195714,0.194125,0.191455,0.187668,0.182705,0.176473,0.168821,0.159498,0.148043,0.133484,0.113068,0.057140,nan,nan,nan,nan,nan,nan,nan,0.056189
126300.000000,0.196164,0.195636,0.194049,0.191380,0.187595,0.182636,0.176408,0.168761,0.159443,0.147994,0.133443,0.113037,0.057132,nan,nan,nan,nan,nan,nan,nan,0.056182
126360.000000,0.196086,0.195559,0.193972,0.191306,0.187523,0.182567,0.176343,0.168700,0.159388,0.147946,0.133402,0.113006,0.057125,nan,nan,nan,nan,nan,nan,nan,0.056174
126420.000000,0.196009,0.195482,0.193896,0.191231,0.187452,0.182498,0.176278,0.168640,0.159333,0.147897,0.133361,0.112975,0.057117,nan,nan,nan,nan,nan,nan,nan,0.056167
126480.000000,0.195931,0.195405,0.193821,0.191157,0.187380,0.182429,0.176213,0.168579,0.159278,0.147848,0.133320,0.112944,0.057109,nan,nan,nan,nan,nan,nan,nan,0.056159
126540.000000,0.195854,0.195328,0.193745,0.191083,0.187308,0.182361,0.176148,0.168519,0.159223,0.147800,0.133279,0.112913,0.057101,nan,nan,nan,nan,nan,nan,nan,0.056152
126600.000000,0.195777,0.195252,0.193669,0.191009,0.187236,0.182292,0.176083,0.168459,0.159168,0.147751,0.133238,0.112882,0.057093,nan,nan,nan,nan,nan,nan,nan,0.056144
126660.000000,0.195700,0.195175,0.193593,0.190935,0.187165,0.182224,0.176018,0.168399,0.159113,0.147703,0.133197,0.112851,0.057085,nan,nan,nan,nan,nan,nan,nan,0.056137
126720.000000,0.195623,0.195099,0.193518,0.190861,0.187093,0.182155,0.175954,0.168338,0.159058,0.147654,0.133157,0.112820,0.057077,nan,nan,nan,nan,nan,nan,nan,0.056130
126780.000000,0.195547,0.195022,0.193442,0.190788,0.187022,0.182087,0.175889,0.168278,0.159004,0.147606,0.133116,0.112790,0.057069,nan,nan,nan,nan,nan,nan,nan,0.056122
126840.000000,0.195470,0.194946,0.193367,0.190714,0.186951,0.182019,0.175825,0.168218,0.158949,0.147558,0.133075,0.112759,0.057061,nan,nan,nan,nan,nan,nan,nan,0.056115
126900.000000,0.195393,0.194869,0.193292,0.190640,0.186879,0.181950,0.175760,0.168159,0.158895,0.147509,0.133035,0.112728,0.057054,nan,nan,nan,nan,nan,nan,nan,0.056107
126960.000000,0.195317,0.194793,0.193217,0.190567,0.186808,0.181882,0.175696,0.168099,0.158840,0.147461,0.132994,0.112697,0.057046,nan,nan,nan,nan,nan,nan,nan,0.056100
127020.000000,0.195240,0.194717,0.193142,0.190493,0.186737,0.181814,0.175632,0.168039,0.158786,0.147413,0.132953,0.112667,0.057038,nan,nan,nan,nan,nan,nan,nan,0.056093
127080.000000,0.195164,0.194641,0.193067,0.190420,0.186666,0.181746,0.175567,0.167979,0.158731,0.147365,0.132913,0.112636,0.057030,nan,nan,nan,nan,nan,nan,nan,0.056085
127140.000000,0.195088,0.194565,0.192992,0.190347,0.186595,0.181679,0.175503,0.167920,0.158677,0.147317,0.132872,0.112605,0.057022,nan,nan,nan,nan,nan,nan,nan,0.056078
127200.000000,0.195012,0.194490,0.192917,0.190274,0.186525,0.181611,0.175439,0.167860,0.158623,0.147269,0.132832,0.112575,0.057015,nan,nan,nan,nan,nan,nan,nan,0.056071
127260.000000,0.194936,0.194414,0.192842,0.190201,0.186454,0.181543,0.175375,0.167801,0.158569,0.147221,0.132792,0.112544,0.057007,nan,nan,nan,nan,nan,nan,nan,0.056063
127320.000000,0.194860,0.194338,0.192768,0.190128,0.186383,0.181476,0.175312,0.167741,0.158515,0.147173,0.132751,0.112514,0.056999,nan,nan,nan,nan,nan,nan,nan,0.056056
127380.000000,0.194784,0.194263,0.192693,0.190055,0.186313,0.181408,0.175248,0.167682,0.158461,0.147125,0.132711,0.112483,0.056991,nan,nan,nan,nan,nan,nan,nan,0.056049
127440.000000,0.194708,0.194187,0.192619,0.189982,0.186242,0.181341,0.175184,0.167623,0.158407,0.147078,0.132671,0.112453,0.056984,nan,nan,nan,nan,nan,nan,nan,0.056042
127500.000000,0.194633,0.194112,0.192544,0.189909,0.186172,0.181273,0.175120,0.167564,0.158353,0.147030,0.132631,0.112422,0.056976,nan,nan,nan,nan,nan,nan,nan,0.056034
127560.000000,0.194557,0.194037,0.192470,0.189837,0.186102,0.181206,0.175057,0.167505,0.158299,0.146982,0.132590,0.112392,0.056968,nan,nan,nan,nan,nan,nan,nan,0.056027
127620.000000,0.194482,0.193962,0.192396,0.189764,0.186032,0.181139,0.174993,0.167445,0.158245,0.146935,0.132550,0.112361,0.056961,nan,nan,nan,nan,nan,nan,nan,0.056020
127680.000000,0.194406,0.193887,0.192322,0.189692,0.185962,0.181072,0.174930,0.167387,0.158191,0.146887,0.132510,0.112331,0.056953,nan,nan,nan,nan,nan,nan,nan,0.056013
127740.000000,0.194331,0.193812,0.192248,0.189620,0.185892,0.181005,0.174867,0.167328,0.158138,0.146840,0.132470,0.112301,0.056945,nan,nan,nan,nan,nan,nan,nan,0.056005
127800.000000,0.194256,0.193737,0.192174,0.189547,0.185822,0.180938,0.174803,0.167269,0.158084,0.146792,0.132430,0.112270,0.056938,nan,nan,nan,nan,nan,nan,nan,0.055998
127860.000000,0.194181,0.193662,0.192100,0.189475,0.185752,0.180871,0.174740,0.167210,0.158030,0.146745,0.132390,0.112240,0.056930,nan,nan,nan,nan,nan,nan,nan,0.055991
127920.000000,0.194106,0.193587,0.192027,0.189403,0.185682,0.180804,0.174677,0.167151,0.157977,0.146698,0.132351,0.112210,0.056922,nan,nan,nan,nan,nan,nan,nan,0.055984
127980.000000,0.194031,0.193513,0.191953,0.189331,0.185612,0.180738,0.174614,0.167093,0.157924,0.146650,0.132311,0.112180,0.056915,nan,nan,nan,nan,nan,nan,nan,0.055977
128040.000000,0.193956,0.193438,0.191879,0.189259,0.185543,0.180671,0.174551,0.167034,0.157870,0.146603,0.132271,0.112150,0.056907,nan,nan,nan,nan,nan,nan,nan,0.055970
128100.000000,0.193881,0.193364,0.191806,0.189188,0.185473,0.180604,0.174488,0.166976,0.157817,0.146556,0.132231,0.112119,0.056900,nan,nan,nan,nan,nan,nan,nan,0.055963
128160.000000,0.193806,0.193290,0.191733,0.189116,0.185404,0.180538,0.174426,0.166917,0.157764,0.146509,0.132192,0.112089,0.056892,nan,nan,nan,nan,nan,nan,nan,0.055955
128220.000000,0.193732,0.193215,0.191659,0.189044,0.185335,0.180472,0.174363,0.166859,0.157711,0.146462,0.132152,0.112059,0.056885,nan,nan,nan,nan,nan,nan,nan,0.055948
128280.000000,0.193657,0.193141,0.191586,0.188973,0.185265,0.180405,0.174300,0.166801,0.157657,0.146415,0.132112,0.112029,0.056877,nan,nan,nan,nan,nan,nan,nan,0.055941
128340.000000,0.193583,0.193067,0.191513,0.188901,0.185196,0.180339,0.174238,0.166742,0.157604,0.146368,0.132073,0.111999,0.056869,nan,nan,nan,nan,nan,nan,nan,0.055934
128400.000000,0.193509,0.192993,0.191440,0.188830,0.185127,0.180273,0.174175,0.166684,0.157551,0.146321,0.132033,0.111969,0.056862,nan,nan,nan,nan,nan,nan,nan,0.055927
128460.000000,0.193435,0.192919,0.191367,0.188759,0.185058,0.180207,0.174113,0.166626,0.157499,0.146274,0.131994,0.111939,0.056854,nan,nan,nan,nan,nan,nan,nan,0.055920
128520.000000,0.193361,0.192846,0.191295,0.188688,0.184989,0.180141,0.174050,0.166568,0.157446,0.146228,0.131954,0.111910,0.056847,nan,nan,nan,nan,nan,nan,nan,0.055913
128580.000000,0.193287,0.192772,0.191222,0.188616,0.184920,0.180075,0.173988,0.166510,0.157393,0.146181,0.131915,0.111880,0.056839,nan,nan,nan,nan,nan,nan,nan,0.055906
128640.000000,0.193213,0.192698,0.191149,0.188545,0.184852,0.180009,0.173926,0.166452,0.157340,0.146134,0.131876,0.111850,0.056832,nan,nan,nan,nan,nan,nan,nan,0.055899
128700.000000,0.193139,0.192625,0.191077,0.188475,0.184783,0.179943,0.173864,0.166395,0.157287,0.146088,0.131836,0.111820,0.056825,nan,nan,nan,nan,nan,nan,nan,0.055892
128760.000000,0.193065,0.192551,0.191004,0.188404,0.184714,0.179878,0.173802,0.166337,0.157235,0.146041,0.131797,0.111790,0.056817,nan,nan,nan,nan,nan,nan,nan,0.055885
128820.000000,0.192991,0.192478,0.190932,0.188333,0.184646,0.179812,0.173740,0.166279,0.157182,0.145994,0.131758,0.111761,0.056810,nan,nan,nan,nan,nan,nan,nan,0.055878
128880.000000,0.192918,0.192405,0.190860,0.188262,0.184577,0.179747,0.173678,0.166222,0.157130,0.145948,0.131719,0.111731,0.056802,nan,nan,nan,nan,nan,nan,nan,0.055871
128940.000000,0.192844,0.192332,0.190787,0.188192,0.184509,0.179681,0.173616,0.166164,0.157077,0.145902,0.131680,0.111701,0.056795,nan,nan,nan,nan,nan,nan,nan,0.055864
129000.000000,0.192771,0.192259,0.190715,0.188121,0.184441,0.179616,0.173554,0.166107,0.157025,0.145855,0.131641,0.111672,0.056787,nan,nan,nan,nan,nan,nan,nan,0.055857
129060.000000,0.192698,0.192186,0.190643,0.188051,0.184373,0.179551,0.173492,0.166049,0.156973,0.145809,0.131601,0.111642,0.056780,nan,nan,nan,nan,nan,nan,nan,0.055850
129120.000000,0.192625,0.192113,0.190571,0.187980,0.184305,0.179486,0.173431,0.165992,0.156920,0.145763,0.131562,0.111612,0.056773,nan,nan,nan,nan,nan,nan,nan,0.055843
129180.000000,0.192551,0.192040,0.190500,0.187910,0.184237,0.179420,0.173369,0.165935,0.156868,0.145717,0.131524,0.111583,0.056765,nan,nan,nan,nan,nan,nan,nan,0.055836
129240.000000,0.192478,0.191967,0.190428,0.187840,0.184169,0.179355,0.173308,0.165878,0.156816,0.145670,0.131485,0.111553,0.056758,nan,nan,nan,nan,nan,nan,nan,0.055830
129300.000000,0.192406,0.191895,0.190356,0.187770,0.184101,0.179290,0.173246,0.165820,0.156764,0.145624,0.131446,0.111524,0.056751,nan,nan,nan,nan,nan,nan,nan,0.055823
129360.000000,0.192333,0.191822,0.190285,0.187700,0.184033,0.179226,0.173185,0.165763,0.156712,0.145578,0.131407,0.111495,0.056743,nan,nan,nan,nan,nan,nan,nan,0.055816
129420.000000,0.192260,0.191750,0.190213,0.187630,0.183965,0.179161,0.173124,0.165706,0.156660,0.145532,0.131368,0.111465,0.056736,nan,nan,nan,nan,nan,nan,nan,0.055809
129480.000000,0.192187,0.191677,0.190142,0.187560,0.183898,0.179096,0.173063,0.165649,0.156608,0.145486,0.131329,0.111436,0.056729,nan,nan,nan,nan,nan,nan,nan,0.055802
129540.000000,0.192115,0.191605,0.190070,0.187491,0.183830,0.179031,0.173002,0.165593,0.156556,0.145440,0.131291,0.111406,0.056721,nan,nan,nan,nan,nan,nan,nan,0.055795
129600.000000,0.192042,0.191533,0.189999,0.187421,0.183763,0.178967,0.172941,0.165536,0.156505,0.145395,0.131252,0.111377,0.056714,nan,nan,nan,nan,nan,nan,nan,0.055789
129660.000000,0.191970,0.191461,0.189928,0.187351,0.183695,0.178902,0.172880,0.165479,0.156453,0.145349,0.131213,0.111348,0.056707,nan,nan,nan,nan,nan,nan,nan,0.055782
129720.000000,0.191897,0.191389,0.189857,0.187282,0.183628,0.178838,0.172819,0.165422,0.156401,0.145303,0.131175,0.111319,0.056700,nan,nan,nan,nan,nan,nan,nan,0.055775
129780.000000,0.191825,0.191317,0.189786,0.187212,0.183561,0.178774,0.172758,0.165366,0.156350,0.145257,0.131136,0.111289,0.056692,nan,nan,nan,nan,nan,nan,nan,0.055768
129840.000000,0.191753,0.191245,0.189715,0.187143,0.183494,0.178709,0.172697,0.165309,0.156298,0.145212,0.131098,0.111260,0.056685,nan,nan,nan,nan,nan,nan,nan,0.055761
129900.000000,0.191681,0.191173,0.189644,0.187074,0.183427,0.178645,0.172636,0.165253,0.156247,0.145166,0.131059,0.111231,0.056678,nan,nan,nan,nan,nan,nan,nan,0.055755
129960.000000,0.191609,0.191102,0.189574,0.187005,0.183360,0.178581,0.172576,0.165196,0.156195,0.145121,0.131021,0.111202,0.056671,nan,nan,nan,nan,nan,nan,nan,0.055748
130020.000000,0.191537,0.191030,0.189503,0.186936,0.183293,0.178517,0.172515,0.165140,0.156144,0.145075,0.130983,0.111173,0.056664,nan,nan,nan,nan,nan,nan,nan,0.055741
130080.000000,0.191465,0.190959,0.189432,0.186867,0.183226,0.178453,0.172455,0.165084,0.156093,0.145030,0.130944,0.111144,0.056656,nan,nan,nan,nan,nan,nan,nan,0.055734
130140.000000,0.191394,0.190887,0.189362,0.186798,0.183159,0.178389,0.172394,0.165028,0.156041,0.144984,0.130906,0.111115,0.056649,nan,nan,nan,nan,nan,nan,nan,0.055728
130200.000000,0.191322,0.190816,0.189291,0.186729,0.183093,0.178325,0.172334,0.164971,0.155990,0.144939,0.130868,0.111086,0.056642,nan,nan,nan,nan,nan,nan,nan,0.055721
130260.000000,0.191251,0.190745,0.189221,0.186660,0.183026,0.178262,0.172274,0.164915,0.155939,0.144894,0.130830,0.111057,0.056635,nan,nan,nan,nan,nan,nan,nan,0.055714
130320.000000,0.191179,0.190674,0.189151,0.186591,0.182960,0.178198,0.172214,0.164859,0.155888,0.144849,0.130792,0.111028,0.056628,nan,nan,nan,nan,nan,nan,nan,0.055708
130380.000000,0.191108,0.190603,0.189081,0.186523,0.182893,0.178134,0.172154,0.164803,0.155837,0.144804,0.130754,0.110999,0.056621,nan,nan,nan,nan,nan,nan,nan,0.055701
130440.000000,0.191036,0.190532,0.189011,0.186454,0.182827,0.178071,0.172094,0.164748,0.155786,0.144758,0.130715,0.110970,0.056614,nan,nan,nan,nan,nan,nan,nan,0.055694
130500.000000,0.190965,0.190461,0.188941,0.186386,0.182761,0.178007,0.172034,0.164692,0.155735,0.144713,0.130677,0.110941,0.056606,nan,nan,nan,nan,nan,nan,nan,0.055688
130560.000000,0.190894,0.190390,0.188871,0.186318,0.182695,0.177944,0.171974,0.164636,0.155684,0.144668,0.130639,0.110912,0.056599,nan,nan,nan,nan,nan,nan,nan,0.055681
130620.000000,0.190823,0.190319,0.188801,0.186249,0.182629,0.177881,0.171914,0.164580,0.155634,0.144623,0.130602,0.110883,0.056592,nan,nan,nan,nan,nan,nan,nan,0.055675
130680.000000,0.190752,0.190249,0.188731,0.186181,0.182563,0.177817,0.171854,0.164525,0.155583,0.144578,0.130564,0.110855,0.056585,nan,nan,nan,nan,nan,nan,nan,0.055668
130740.000000,0.190681,0.190178,0.188662,0.186113,0.182497,0.177754,0.171794,0.164469,0.155532,0.144534,0.130526,0.110826,0.056578,nan,nan,nan,nan,nan,nan,nan,0.055661
130800.000000,0.190611,0.190108,0.188592,0.186045,0.182431,0.177691,0.171735,0.164414,0.155482,0.144489,0.130488,0.110797,0.056571,nan,nan,nan,nan,nan,nan,nan,0.055655
130860.000000,0.190540,0.190037,0.188523,0.185977,0.182365,0.177628,0.171675,0.164358,0.155431,0.144444,0.130450,0.110769,0.056564,nan,nan,nan,nan,nan,nan,nan,0.055648
130920.000000,0.190469,0.189967,0.188453,0.185909,0.182299,0.177565,0.171616,0.164303,0.155381,0.144399,0.130412,0.110740,0.056557,nan,nan,nan,nan,nan,nan,nan,0.055642
130980.000000,0.190399,0.189897,0.188384,0.185842,0.182234,0.177502,0.171556,0.164248,0.155330,0.144355,0.130375,0.110711,0.056550,nan,nan,nan,nan,nan,nan,nan,0.055635
131040.000000,0.190328,0.189826,0.188315,0.185774,0.182168,0.177440,0.171497,0.164192,0.155280,0.144310,0.130337,0.110683,0.056543,nan,nan,nan,nan,nan,nan,nan,0.055629
131100.000000,0.190258,0.189756,0.188246,0.185706,0.182103,0.177377,0.171438,0.164137,0.155229,0.144265,0.130300,0.110654,0.056536,nan,nan,nan,nan,nan,nan,nan,0.055622
131160.000000,0.190188,0.189686,0.188177,0.185639,0.182037,0.177314,0.171378,0.164082,0.155179,0.144221,0.130262,0.110626,0.056529,nan,nan,nan,nan,nan,nan,nan,0.055616
131220.000000,0.190118,0.189617,0.188108,0.185571,0.181972,0.177252,0.171319,0.164027,0.155129,0.144177,0.130224,0.110597,0.056522,nan,nan,nan,nan,nan,nan,nan,0.055609
131280.000000,0.190047,0.189547,0.188039,0.185504,0.181907,0.177189,0.171260,0.163972,0.155079,0.144132,0.130187,0.110569,0.056515,nan,nan,nan,nan,nan,nan,nan,0.055603
131340.000000,0.189977,0.189477,0.187970,0.185437,0.181842,0.177127,0.171201,0.163917,0.155029,0.144088,0.130149,0.110540,0.056508,nan,nan,nan,nan,nan,nan,nan,0.055596
131400.000000,0.189907,0.189407,0.187901,0.185369,0.181776,0.177065,0.171142,0.163862,0.154979,0.144043,0.130112,0.110512,0.056501,nan,nan,nan,nan,nan,nan,nan,0.055590
131460.000000,0.189838,0.189338,0.187833,0.185302,0.181711,0.177002,0.171083,0.163807,0.154929,0.143999,0.130075,0.110483,0.056494,nan,nan,nan,nan,nan,nan,nan,0.055583
131520.000000,0.189768,0.189268,0.187764,0.185235,0.181647,0.176940,0.171025,0.163753,0.154879,0.143955,0.130037,0.110455,0.056488,nan,nan,nan,nan,nan,nan,nan,0.055577
131580.000000,0.189698,0.189199,0.187696,0.185168,0.181582,0.176878,0.170966,0.163698,0.154829,0.143911,0.130000,0.110427,0.056481,nan,nan,nan,nan,nan,nan,nan,0.055570
131640.000000,0.189629,0.189130,0.187627,0.185101,0.181517,0.176816,0.170907,0.163643,0.154779,0.143867,0.129963,0.110399,0.056474,nan,nan,nan,nan,nan,nan,nan,0.055564
131700.000000,0.189559,0.189061,0.187559,0.185035,0.181452,0.176754,0.170849,0.163589,0.154729,0.143823,0.129926,0.110370,0.056467,nan,nan,nan,nan,nan,nan,nan,0.055557
131760.000000,0.189490,0.188991,0.187491,0.184968,0.181388,0.176692,0.170790,0.163534,0.154680,0.143779,0.129889,0.110342,0.056460,nan,nan,nan,nan,nan,nan,nan,0.055551
131820.000000,0.189420,0.188922,0.187423,0.184901,0.181323,0.176630,0.170732,0.163480,0.154630,0.143735,0.129851,0.110314,0.056453,nan,nan,nan,nan,nan,nan,nan,0.055545
131880.000000,0.189351,0.188853,0.187354,0.184835,0.181259,0.176569,0.170673,0.163426,0.154580,0.143691,0.129814,0.110286,0.056446,nan,nan,nan,nan,nan,nan,nan,0.055538
131940.000000,0.189282,0.188784,0.187286,0.184768,0.181194,0.176507,0.170615,0.163371,0.154531,0.143647,0.129777,0.110258,0.056440,nan,nan,nan,nan,nan,nan,nan,0.055532
132000.000000,0.189213,0.188716,0.187219,0.184702,0.181130,0.176445,0.170557,0.163317,0.154481,0.143603,0.129740,0.110229,0.056433,nan,nan,nan,nan,nan,nan,nan,0.055526
132060.000000,0.189144,0.188647,0.187151,0.184635,0.181066,0.176384,0.170498,0.163263,0.154432,0.143559,0.129703,0.110201,0.056426,nan,nan,nan,nan,nan,nan,nan,0.055519
132120.000000,0.189075,0.188578,0.187083,0.184569,0.181001,0.176322,0.170440,0.163209,0.154383,0.143515,0.129666,0.110173,0.056419,nan,nan,nan,nan,nan,nan,nan,0.055513
132180.000000,0.189006,0.188510,0.187015,0.184503,0.180937,0.176261,0.170382,0.163155,0.154333,0.143472,0.129629,0.110145,0.056412,nan,nan,nan,nan,nan,nan,nan,0.055507
132240.000000,0.188937,0.188441,0.186948,0.184437,0.180873,0.176199,0.170324,0.163101,0.154284,0.143428,0.129593,0.110117,0.056406,nan,nan,nan,nan,nan,nan,nan,0.055500
132300.000000,0.188868,0.188373,0.186880,0.184371,0.180809,0.176138,0.170266,0.163047,0.154235,0.143385,0.129556,0.110089,0.056399,nan,nan,nan,nan,nan,nan,nan,0.055494
132360.000000,0.188800,0.188304,0.186813,0.184305,0.180745,0.176077,0.170208,0.162993,0.154186,0.143341,0.129519,0.110061,0.056392,nan,nan,nan,nan,nan,nan,nan,0.055488
132420.000000,0.188731,0.188236,0.186745,0.184239,0.180682,0.176016,0.170151,0.162939,0.154137,0.143297,0.129482,0.110034,0.056385,nan,nan,nan,nan,nan,nan,nan,0.055481
132480.000000,0.188663,0.188168,0.186678,0.184173,0.180618,0.175955,0.170093,0.162885,0.154088,0.143254,0.129446,0.110006,0.056379,nan,nan,nan,nan,nan,nan,nan,0.055475
132540.000000,0.188594,0.188100,0.186611,0.184107,0.180554,0.175894,0.170035,0.162832,0.154039,0.143211,0.129409,0.109978,0.056372,nan,nan,nan,nan,nan,nan,nan,0.055469
132600.000000,0.188526,0.188032,0.186544,0.184042,0.180491,0.175833,0.169978,0.162778,0.153990,0.143167,0.129372,0.109950,0.056365,nan,nan,nan,nan,nan,nan,nan,0.055463
132660.000000,0.188458,0.187964,0.186477,0.183976,0.180427,0.175772,0.169920,0.162724,0.153941,0.143124,0.129336,0.109922,0.056358,nan,nan,nan,nan,nan,nan,nan,0.055456
132720.000000,0.188390,0.187896,0.186410,0.183911,0.180364,0.175711,0.169863,0.162671,0.153892,0.143081,0.129299,0.109894,0.056352,nan,nan,nan,nan,nan,nan,nan,0.055450
132780.000000,0.188322,0.187828,0.186343,0.183845,0.180300,0.175651,0.169805,0.162617,0.153843,0.143037,0.129263,0.109867,0.056345,nan,nan,nan,nan,nan,nan,nan,0.055444
132840.000000,0.188254,0.187761,0.186276,0.183780,0.180237,0.175590,0.169748,0.162564,0.153795,0.142994,0.129226,0.109839,0.056338,nan,nan,nan,nan,nan,nan,nan,0.055438
132900.000000,0.188186,0.187693,0.186209,0.183714,0.180174,0.175529,0.169691,0.162511,0.153746,0.142951,0.129190,0.109811,0.056332,nan,nan,nan,nan,nan,nan,nan,0.055432
132960.000000,0.188118,0.187626,0.186143,0.183649,0.180111,0.175469,0.169633,0.162457,0.153697,0.142908,0.129154,0.109784,0.056325,nan,nan,nan,nan,nan,nan,nan,0.055425
133020.000000,0.188050,0.187558,0.186076,0.183584,0.180048,0.175409,0.169576,0.162404,0.153649,0.142865,0.129117,0.109756,0.056318,nan,nan,nan,nan,nan,nan,nan,0.055419
133080.000000,0.187982,0.187491,0.186009,0.183519,0.179985,0.175348,0.169519,0.162351,0.153600,0.142822,0.129081,0.109728,0.056312,nan,nan,nan,nan,nan,nan,nan,0.055413
133140.000000,0.187915,0.187423,0.185943,0.183454,0.179922,0.175288,0.169462,0.162298,0.153552,0.142779,0.129045,0.109701,0.056305,nan,nan,nan,nan,nan,nan,nan,0.055407
133200.000000,0.187847,0.187356,0.185877,0.183389,0.179859,0.175228,0.169405,0.162245,0.153503,0.142736,0.129008,0.109673,0.056299,nan,nan,nan,nan,nan,nan,nan,0.055401
133260.000000,0.187780,0.187289,0.185810,0.183324,0.179796,0.175168,0.169348,0.162192,0.153455,0.142693,0.128972,0.109646,0.056292,nan,nan,nan,nan,nan,nan,nan,0.055395
133320.000000,0.187713,0.187222,0.185744,0.183260,0.179733,0.175107,0.169291,0.162139,0.153407,0.142651,0.128936,0.109618,0.056285,nan,nan,nan,nan,nan,nan,nan,0.055389
133380.000000,0.187645,0.187155,0.185678,0.183195,0.179671,0.175047,0.169235,0.162086,0.153359,0.142608,0.128900,0.109591,0.056279,nan,nan,nan,nan,nan,nan,nan,0.055382
133440.000000,0.187578,0.187088,0.185612,0.183130,0.179608,0.174988,0.169178,0.162033,0.153310,0.142565,0.128864,0.109564,0.056272,nan,nan,nan,nan,nan,nan,nan,0.055376
133500.000000,0.187511,0.187021,0.185546,0.183066,0.179546,0.174928,0.169121,0.161981,0.153262,0.142523,0.128828,0.109536,0.056266,nan,nan,nan,nan,nan,nan,nan,0.055370
133560.000000,0.187444,0.186954,0.185480,0.183001,0.179483,0.174868,0.169065,0.161928,0.153214,0.142480,0.128792,0.109509,0.056259,nan,nan,nan,nan,nan,nan,nan,0.055364
133620.000000,0.187377,0.186888,0.185414,0.182937,0.179421,0.174808,0.169008,0.161875,0.153166,0.142437,0.128756,0.109481,0.056253,nan,nan,nan,nan,nan,nan,nan,0.055358
133680.000000,0.187310,0.186821,0.185349,0.182873,0.179358,0.174748,0.168952,0.161823,0.153118,0.142395,0.128720,0.109454,0.056246,nan,nan,nan,nan,nan,nan,nan,0.055352
133740.000000,0.187243,0.186755,0.185283,0.182808,0.179296,0.174689,0.168895,0.161770,0.153070,0.142352,0.128684,0.109427,0.056240,nan,nan,nan,nan,nan,nan,nan,0.055346
133800.000000,0.187176,0.186688,0.185217,0.182744,0.179234,0.174629,0.168839,0.161718,0.153022,0.142310,0.128648,0.109400,0.056233,nan,nan,nan,nan,nan,nan,nan,0.055340
133860.000000,0.187110,0.186622,0.185152,0.182680,0.179172,0.174570,0.168783,0.161665,0.152975,0.142268,0.128613,0.109372,0.056227,nan,nan,nan,nan,nan,nan,nan,0.055334
133920.000000,0.187043,0.186556,0.185086,0.182616,0.179110,0.174510,0.168727,0.161613,0.152927,0.142225,0.128577,0.109345,0.056220,nan,nan,nan,nan,nan,nan,nan,0.055328
133980.000000,0.186977,0.186489,0.185021,0.182552,0.179048,0.174451,0.168671,0.161561,0.152879,0.142183,0.128541,0.109318,0.056214,nan,nan,nan,nan,nan,nan,nan,0.055322
134040.000000,0.186910,0.186423,0.184956,0.182488,0.178986,0.174392,0.168615,0.161509,0.152832,0.142141,0.128505,0.109291,0.056207,nan,nan,nan,nan,nan,nan,nan,0.055316
134100.000000,0.186844,0.186357,0.184891,0.182425,0.178925,0.174333,0.168559,0.161457,0.152784,0.142099,0.128470,0.109264,0.056201,nan,nan,nan,nan,nan,nan,nan,0.055310
134160.000000,0.186778,0.186291,0.184825,0.182361,0.178863,0.174274,0.168503,0.161404,0.152736,0.142057,0.128434,0.109237,0.056194,nan,nan,nan,nan,nan,nan,nan,0.055304
134220.000000,0.186711,0.186225,0.184760,0.182297,0.178801,0.174215,0.168447,0.161352,0.152689,0.142014,0.128399,0.109210,0.056188,nan,nan,nan,nan,nan,nan,nan,0.055298
134280.000000,0.186645,0.186159,0.184695,0.182234,0.178740,0.174156,0.168391,0.161300,0.152642,0.141972,0.128363,0.109183,0.056181,nan,nan,nan,nan,nan,nan,nan,0.055292
134340.000000,0.186579,0.186094,0.184630,0.182170,0.178678,0.174097,0.168335,0.161249,0.152594,0.141930,0.128328,0.109156,0.056175,nan,nan,nan,nan,nan,nan,nan,0.055286
134400.000000,0.186513,0.186028,0.184566,0.182107,0.178617,0.174038,0.168280,0.161197,0.152547,0.141888,0.128292,0.109129,0.056169,nan,nan,nan,nan,nan,nan,nan,0.055280
134460.000000,0.186447,0.185962,0.184501,0.182043,0.178555,0.173979,0.168224,0.161145,0.152500,0.141846,0.128257,0.109102,0.056162,nan,nan,nan,nan,nan,nan,nan,0.055274
134520.000000,0.186382,0.185897,0.184436,0.181980,0.178494,0.173920,0.168168,0.161093,0.152452,0.141805,0.128221,0.109075,0.056156,nan,nan,nan,nan,nan,nan,nan,0.055268
134580.000000,0.186316,0.185831,0.184372,0.181917,0.178433,0.173862,0.168113,0.161041,0.152405,0.141763,0.128186,0.109048,0.056149,nan,nan,nan,nan,nan,nan,nan,0.055262
134640.000000,0.186250,0.185766,0.184307,0.181854,0.178372,0.173803,0.168057,0.160990,0.152358,0.141721,0.128151,0.109021,0.056143,nan,nan,nan,nan,nan,nan,nan,0.055256
134700.000000,0.186185,0.185701,0.184243,0.181791,0.178311,0.173744,0.168002,0.160938,0.152311,0.141679,0.128115,0.108994,0.056137,nan,nan,nan,nan,nan,nan,nan,0.055251
134760.000000,0.186119,0.185635,0.184178,0.181728,0.178249,0.173686,0.167947,0.160887,0.152264,0.141638,0.128080,0.108967,0.056130,nan,nan,nan,nan,nan,nan,nan,0.055245
134820.000000,0.186054,0.185570,0.184114,0.181665,0.178189,0.173628,0.167892,0.160835,0.152217,0.141596,0.128045,0.108941,0.056124,nan,nan,nan,nan,nan,nan,nan,0.055239
134880.000000,0.185988,0.185505,0.184050,0.181602,0.178128,0.173569,0.167836,0.160784,0.152170,0.141554,0.128010,0.108914,0.056118,nan,nan,nan,nan,nan,nan,nan,0.055233
134940.000000,0.185923,0.185440,0.183985,0.181539,0.178067,0.173511,0.167781,0.160732,0.152123,0.141513,0.127975,0.108887,0.056111,nan,nan,nan,nan,nan,nan,nan,0.055227
135000.000000,0.185858,0.185375,0.183921,0.181477,0.178006,0.173453,0.167726,0.160681,0.152076,0.141471,0.127939,0.108860,0.056105,nan,nan,nan,nan,nan,nan,nan,0.055221
135060.000000,0.185793,0.185310,0.183857,0.181414,0.177945,0.173395,0.167671,0.160630,0.152030,0.141430,0.127904,0.108834,0.056099,nan,nan,nan,nan,nan,nan,nan,0.055215
135120.000000,0.185728,0.185246,0.183793,0.181351,0.177885,0.173337,0.167616,0.160579,0.151983,0.141388,0.127869,0.108807,0.056092,nan,nan,nan,nan,nan,nan,nan,0.055210
135180.000000,0.185663,0.185181,0.183729,0.181289,0.177824,0.173279,0.167561,0.160528,0.151936,0.141347,0.127834,0.108780,0.056086,nan,nan,nan,nan,nan,nan,nan,0.055204
135240.000000,0.185598,0.185116,0.183666,0.181226,0.177764,0.173221,0.167506,0.160477,0.151890,0.141306,0.127799,0.108754,0.056080,nan,nan,nan,nan,nan,nan,nan,0.055198
135300.000000,0.185533,0.185052,0.183602,0.181164,0.177703,0.173163,0.167452,0.160426,0.151843,0.141264,0.127765,0.108727,0.056074,nan,nan,nan,nan,nan,nan,nan,0.055192
135360.000000,0.185468,0.184987,0.183538,0.181102,0.177643,0.173105,0.167397,0.160375,0.151796,0.141223,0.127730,0.108701,0.056067,nan,nan,nan,nan,nan,nan,nan,0.055187
135420.000000,0.185403,0.184923,0.183475,0.181040,0.177583,0.173047,0.167342,0.160324,0.151750,0.141182,0.127695,0.108674,0.056061,nan,nan,nan,nan,nan,nan,nan,0.055181
135480.000000,0.185339,0.184858,0.183411,0.180977,0.177523,0.172989,0.167288,0.160273,0.151704,0.141141,0.127660,0.108648,0.056055,nan,nan,nan,nan,nan,nan,nan,0.055175
135540.000000,0.185274,0.184794,0.183348,0.180915,0.177463,0.172932,0.167233,0.160222,0.151657,0.141100,0.127625,0.108621,0.056049,nan,nan,nan,nan,nan,nan,nan,0.055169
135600.000000,0.185210,0.184730,0.183284,0.180853,0.177402,0.172874,0.167179,0.160171,0.151611,0.141058,0.127591,0.108595,0.056043,nan,nan,nan,nan,nan,nan,nan,0.055163
135660.000000,0.185145,0.184666,0.183221,0.180791,0.177342,0.172817,0.167124,0.160121,0.151565,0.141017,0.127556,0.108568,0.056036,nan,nan,nan,nan,nan,nan,nan,0.055158
135720.000000,0.185081,0.184602,0.183158,0.180730,0.177283,0.172759,0.167070,0.160070,0.151518,0.140976,0.127521,0.108542,0.056030,nan,nan,nan,nan,nan,nan,nan,0.055152
135780.000000,0.185017,0.184538,0.183095,0.180668,0.177223,0.172702,0.167016,0.160019,0.151472,0.140935,0.127487,0.108516,0.056024,nan,nan,nan,nan,nan,nan,nan,0.055146
135840.000000,0.184953,0.184474,0.183031,0.180606,0.177163,0.172645,0.166962,0.159969,0.151426,0.140895,0.127452,0.108489,0.056018,nan,nan,nan,nan,nan,nan,nan,0.055141
135900.000000,0.184888,0.184410,0.182968,0.180544,0.177103,0.172588,0.166907,0.159919,0.151380,0.140854,0.127417,0.108463,0.056012,nan,nan,nan,nan,nan,nan,nan,0.055135
135960.000000,0.184824,0.184346,0.182906,0.180483,0.177043,0.172530,0.166853,0.159868,0.151334,0.140813,0.127383,0.108437,0.056005,nan,nan,nan,nan,nan,nan,nan,0.055129
136020.000000,0.184760,0.184283,0.182843,0.180421,0.176984,0.172473,0.166799,0.159818,0.151288,0.140772,0.127348,0.108410,0.055999,nan,nan,nan,nan,nan,nan,nan,0.055124
136080.000000,0.184697,0.184219,0.182780,0.180360,0.176924,0.172416,0.166745,0.159767,0.151242,0.140731,0.127314,0.108384,0.055993,nan,nan,nan,nan,nan,nan,nan,0.055118
136140.000000,0.184633,0.184155,0.182717,0.180299,0.176865,0.172359,0.166691,0.159717,0.151196,0.140691,0.127280,0.108358,0.055987,nan,nan,nan,nan,nan,nan,nan,0.055112
136200.000000,0.184569,0.184092,0.182654,0.180237,0.176806,0.172302,0.166638,0.159667,0.151150,0.140650,0.127245,0.108332,0.055981,nan,nan,nan,nan,nan,nan,nan,0.055107
136260.000000,0.184505,0.184028,0.182592,0.180176,0.176746,0.172245,0.166584,0.159617,0.151105,0.140609,0.127211,0.108306,0.055975,nan,nan,nan,nan,nan,nan,nan,0.055101
136320.000000,0.184442,0.183965,0.182529,0.180115,0.176687,0.172189,0.166530,0.159567,0.151059,0.140569,0.127177,0.108280,0.055969,nan,nan,nan,nan,nan,nan,nan,0.055095
136380.000000,0.184378,0.183902,0.182467,0.180054,0.176628,0.172132,0.166476,0.159517,0.151013,0.140528,0.127142,0.108254,0.055963,nan,nan,nan,nan,nan,nan,nan,0.055090
136440.000000,0.184315,0.183839,0.182404,0.179993,0.176569,0.172075,0.166423,0.159467,0.150968,0.140488,0.127108,0.108227,0.055957,nan,nan,nan,nan,nan,nan,nan,0.055084
136500.000000,0.184251,0.183776,0.182342,0.179932,0.176510,0.172019,0.166369,0.159417,0.150922,0.140447,0.127074,0.108201,0.055951,nan,nan,nan,nan,nan,nan,nan,0.055079
136560.000000,0.184188,0.183712,0.182280,0.179871,0.176451,0.171962,0.166316,0.159367,0.150877,0.140407,0.127040,0.108175,0.055944,nan,nan,nan,nan,nan,nan,nan,0.055073
136620.000000,0.184125,0.183649,0.182218,0.179810,0.176392,0.171906,0.166262,0.159317,0.150831,0.140367,0.127006,0.108149,0.055938,nan,nan,nan,nan,nan,nan,nan,0.055067
136680.000000,0.184062,0.183587,0.182156,0.179749,0.176333,0.171849,0.166209,0.159268,0.150786,0.140326,0.126971,0.108123,0.055932,nan,nan,nan,nan,nan,nan,nan,0.055062
136740.000000,0.183998,0.183524,0.182094,0.179689,0.176274,0.171793,0.166156,0.159218,0.150740,0.140286,0.126937,0.108097,0.055926,nan,nan,nan,nan,nan,nan,nan,0.055056
136800.000000,0.183935,0.183461,0.182032,0.179628,0.176215,0.171737,0.166102,0.159168,0.150695,0.140246,0.126903,0.108072,0.055920,nan,nan,nan,nan,nan,nan,nan,0.055051
136860.000000,0.183872,0.183398,0.181970,0.179567,0.176157,0.171680,0.166049,0.159119,0.150650,0.140206,0.126869,0.108046,0.055914,nan,nan,nan,nan,nan,nan,nan,0.055045
136920.000000,0.183810,0.183336,0.181908,0.179507,0.176098,0.171624,0.165996,0.159069,0.150604,0.140166,0.126835,0.108020,0.055908,nan,nan,nan,nan,nan,nan,nan,0.055040
136980.000000,0.183747,0.183273,0.181846,0.179446,0.176039,0.171568,0.165943,0.159020,0.150559,0.140126,0.126802,0.107994,0.055902,nan,nan,nan,nan,nan,nan,nan,0.055034
137040.000000,0.183684,0.183211,0.181784,0.179386,0.175981,0.171512,0.165890,0.158970,0.150514,0.140085,0.126768,0.107968,0.055896,nan,nan,nan,nan,nan,nan,nan,0.055029
137100.000000,0.183621,0.183148,0.181723,0.179326,0.175923,0.171456,0.165837,0.158921,0.150469,0.140045,0.126734,0.107942,0.055890,nan,nan,nan,nan,nan,nan,nan,0.055023
137160.000000,0.183559,0.183086,0.181661,0.179266,0.175864,0.171400,0.165784,0.158872,0.150424,0.140006,0.126700,0.107917,0.055884,nan,nan,nan,nan,nan,nan,nan,0.055018
137220.000000,0.183496,0.183024,0.181600,0.179205,0.175806,0.171344,0.165731,0.158822,0.150379,0.139966,0.126666,0.107891,0.055878,nan,nan,nan,nan,nan,nan,nan,0.055012
137280.000000,0.183434,0.182961,0.181538,0.179145,0.175748,0.171288,0.165678,0.158773,0.150334,0.139926,0.126633,0.107865,0.055873,nan,nan,nan,nan,nan,nan,nan,0.055007
137340.000000,0.183371,0.182899,0.181477,0.179085,0.175690,0.171233,0.165625,0.158724,0.150289,0.139886,0.126599,0.107840,0.055867,nan,nan,nan,nan,nan,nan,nan,0.055001
137400.000000,0.183309,0.182837,0.181416,0.179025,0.175631,0.171177,0.165573,0.158675,0.150244,0.139846,0.126565,0.107814,0.055861,nan,nan,nan,nan,nan,nan,nan,0.054996
137460.000000,0.183247,0.182775,0.181355,0.178966,0.175573,0.171121,0.165520,0.158626,0.150199,0.139806,0.126531,0.107788,0.055855,nan,nan,nan,nan,nan,nan,nan,0.054990
137520.000000,0.183184,0.182713,0.181293,0.178906,0.175515,0.171066,0.165468,0.158577,0.150155,0.139767,0.126498,0.107763,0.055849,nan,nan,nan,nan,nan,nan,nan,0.054985
137580.000000,0.183122,0.182651,0.181232,0.178846,0.175458,0.171010,0.165415,0.158528,0.150110,0.139727,0.126464,0.107737,0.055843,nan,nan,nan,nan,nan,nan,nan,0.054979
137640.000000,0.183060,0.182590,0.181171,0.178786,0.175400,0.170955,0.165363,0.158479,0.150065,0.139687,0.126431,0.107711,0.055837,nan,nan,nan,nan,nan,nan,nan,0.054974
137700.000000,0.182998,0.182528,0.181110,0.178727,0.175342,0.170900,0.165310,0.158430,0.150021,0.139648,0.126397,0.107686,0.055831,nan,nan,nan,nan,nan,nan,nan,0.054968
137760.000000,0.182936,0.182466,0.181050,0.178667,0.175284,0.170844,0.165258,0.158381,0.149976,0.139608,0.126364,0.107660,0.055825,nan,nan,nan,nan,nan,nan,nan,0.054963
137820.000000,0.182875,0.182405,0.180989,0.178608,0.175227,0.170789,0.165205,0.158333,0.149932,0.139569,0.126330,0.107635,0.055819,nan,nan,nan,nan,nan,nan,nan,0.054958
137880.000000,0.182813,0.182343,0.180928,0.178548,0.175169,0.170734,0.165153,0.158284,0.149887,0.139529,0.126297,0.107610,0.055814,nan,nan,nan,nan,nan,nan,nan,0.054952
137940.000000,0.182751,0.182282,0.180867,0.178489,0.175112,0.170679,0.165101,0.158235,0.149843,0.139490,0.126264,0.107584,0.055808,nan,nan,nan,nan,nan,nan,nan,0.054947
138000.000000,0.182689,0.182220,0.180807,0.178430,0.175054,0.170624,0.165049,0.158187,0.149798,0.139450,0.126230,0.107559,0.055802,nan,nan,nan,nan,nan,nan,nan,0.054941
138060.000000,0.182628,0.182159,0.180746,0.178370,0.174997,0.170569,0.164997,0.158138,0.149754,0.139411,0.126197,0.107533,0.055796,nan,nan,nan,nan,nan,nan,nan,0.054936
138120.000000,0.182566,0.182098,0.180686,0.178311,0.174939,0.170514,0.164945,0.158090,0.149710,0.139372,0.126164,0.107508,0.055790,nan,nan,nan,nan,nan,nan,nan,0.054931
138180.000000,0.182505,0.182036,0.180625,0.178252,0.174882,0.170459,0.164893,0.158041,0.149666,0.139332,0.126130,0.107483,0.055784,nan,nan,nan,nan,nan,nan,nan,0.054925
138240.000000,0.182443,0.181975,0.180565,0.178193,0.174825,0.170404,0.164841,0.157993,0.149621,0.139293,0.126097,0.107457,0.055779,nan,nan,nan,nan,nan,nan,nan,0.054920
138300.000000,0.182382,0.181914,0.180505,0.178134,0.174768,0.170349,0.164789,0.157944,0.149577,0.139254,0.126064,0.107432,0.055773,nan,nan,nan,nan,nan,nan,nan,0.054915
138360.000000,0.182321,0.181853,0.180445,0.178075,0.174711,0.170295,0.164737,0.157896,0.149533,0.139215,0.126031,0.107407,0.055767,nan,nan,nan,nan,nan,nan,nan,0.054909
138420.000000,0.182260,0.181792,0.180384,0.178016,0.174654,0.170240,0.164686,0.157848,0.149489,0.139176,0.125998,0.107382,0.055761,nan,nan,nan,nan,nan,nan,nan,0.054904
138480.000000,0.182199,0.181732,0.180324,0.177958,0.174597,0.170185,0.164634,0.157800,0.149445,0.139137,0.125965,0.107356,0.055755,nan,nan,nan,nan,nan,nan,nan,0.054899
138540.000000,0.182138,0.181671,0.180264,0.177899,0.174540,0.170131,0.164582,0.157752,0.149401,0.139098,0.125932,0.107331,0.055750,nan,nan,nan,nan,nan,nan,nan,0.054894
138600.000000,0.182077,0.181610,0.180204,0.177840,0.174483,0.170076,0.164531,0.157704,0.149357,0.139059,0.125899,0.107306,0.055744,nan,nan,nan,nan,nan,nan,nan,0.054888
138660.000000,0.182016,0.181549,0.180145,0.177782,0.174426,0.170022,0.164479,0.157656,0.149313,0.139020,0.125866,0.107281,0.055738,nan,nan,nan,nan,nan,nan,nan,0.054883
138720.000000,0.181955,0.181489,0.180085,0.177723,0.174370,0.169968,0.164428,0.157608,0.149269,0.138981,0.125833,0.107256,0.055732,nan,nan,nan,nan,nan,nan,nan,0.054878
138780.000000,0.181894,0.181428,0.180025,0.177665,0.174313,0.169913,0.164376,0.157560,0.149226,0.138942,0.125800,0.107231,0.055727,nan,nan,nan,nan,nan,nan,nan,0.054872
138840.000000,0.181833,0.181368,0.179965,0.177606,0.174256,0.169859,0.164325,0.157512,0.149182,0.138903,0.125767,0.107206,0.055721,nan,nan,nan,nan,nan,nan,nan,0.054867
138900.000000,0.181773,0.181308,0.179906,0.177548,0.174200,0.169805,0.164274,0.157464,0.149138,0.138864,0.125734,0.107181,0.055715,nan,nan,nan,nan,nan,nan,nan,0.054862
138960.000000,0.181712,0.181247,0.179846,0.177490,0.174143,0.169751,0.164223,0.157416,0.149095,0.138826,0.125701,0.107156,0.055710,nan,nan,nan,nan,nan,nan,nan,0.054857
139020.000000,0.181652,0.181187,0.179787,0.177432,0.174087,0.169697,0.164171,0.157369,0.149051,0.138787,0.125669,0.107131,0.055704,nan,nan,nan,nan,nan,nan,nan,0.054851
139080.000000,0.181591,0.181127,0.179727,0.177373,0.174031,0.169643,0.164120,0.157321,0.149007,0.138748,0.125636,0.107106,0.055698,nan,nan,nan,nan,nan,nan,nan,0.054846
139140.000000,0.181531,0.181067,0.179668,0.177315,0.173974,0.169589,0.164069,0.157273,0.148964,0.138710,0.125603,0.107081,0.055692,nan,nan,nan,nan,nan,nan,nan,0.054841
139200.000000,0.181471,0.181007,0.179609,0.177257,0.173918,0.169535,0.164018,0.157226,0.148921,0.138671,0.125571,0.107056,0.055687,nan,nan,nan,nan,nan,nan,nan,0.054836
139260.000000,0.181410,0.180947,0.179549,0.177199,0.173862,0.169481,0.163967,0.157178,0.148877,0.138632,0.125538,0.107031,0.055681,nan,nan,nan,nan,nan,nan,nan,0.054831
139320.000000,0.181350,0.180887,0.179490,0.177142,0.173806,0.169427,0.163916,0.157131,0.148834,0.138594,0.125505,0.107006,0.055676,nan,nan,nan,nan,nan,nan,nan,0.054825
139380.000000,0.181290,0.180827,0.179431,0.177084,0.173750,0.169373,0.163865,0.157083,0.148790,0.138556,0.125473,0.106981,0.055670,nan,nan,nan,nan,nan,nan,nan,0.054820
139440.000000,0.181230,0.180767,0.179372,0.177026,0.173694,0.169320,0.163815,0.157036,0.148747,0.138517,0.125440,0.106956,0.055664,nan,nan,nan,nan,nan,nan,nan,0.054815
139500.000000,0.181170,0.180707,0.179313,0.176968,0.173638,0.169266,0.163764,0.156989,0.148704,0.138479,0.125408,0.106932,0.055659,nan,nan,nan,nan,nan,nan,nan,0.054810
139560.000000,0.181110,0.180648,0.179254,0.176911,0.173582,0.169213,0.163713,0.156941,0.148661,0.138440,0.125375,0.106907,0.055653,nan,nan,nan,nan,nan,nan,nan,0.054805
139620.000000,0.181050,0.180588,0.179196,0.176853,0.173526,0.169159,0.163663,0.156894,0.148618,0.138402,0.125343,0.106882,0.055647,nan,nan,nan,nan,nan,nan,nan,0.054800
139680.000000,0.180991,0.180529,0.179137,0.176796,0.173471,0.169106,0.163612,0.156847,0.148574,0.138364,0.125310,0.106857,0.055642,nan,nan,nan,nan,nan,nan,nan,0.054795
139740.000000,0.180931,0.180469,0.179078,0.176738,0.173415,0.169052,0.163561,0.156800,0.148531,0.138326,0.125278,0.106833,0.055636,nan,nan,nan,nan,nan,nan,nan,0.054789
139800.000000,0.180871,0.180410,0.179019,0.176681,0.173359,0.168999,0.163511,0.156753,0.148488,0.138287,0.125246,0.106808,0.055631,nan,nan,nan,nan,nan,nan,nan,0.054784
139860.000000,0.180812,0.180351,0.178961,0.176623,0.173304,0.168946,0.163461,0.156706,0.148445,0.138249,0.125213,0.106783,0.055625,nan,nan,nan,nan,nan,nan,nan,0.054779
139920.000000,0.180752,0.180291,0.178902,0.176566,0.173248,0.168893,0.163410,0.156659,0.148403,0.138211,0.125181,0.106759,0.055619,nan,nan,nan,nan,nan,nan,nan,0.054774
139980.000000,0.180693,0.180232,0.178844,0.176509,0.173193,0.168840,0.163360,0.156612,0.148360,0.138173,0.125149,0.106734,0.055614,nan,nan,nan,nan,nan,nan,nan,0.054769
140040.000000,0.180633,0.180173,0.178786,0.176452,0.173138,0.168786,0.163310,0.156565,0.148317,0.138135,0.125117,0.106709,0.055608,nan,nan,nan,nan,nan,nan,nan,0.054764
140100.000000,0.180574,0.180114,0.178727,0.176395,0.173082,0.168733,0.163259,0.156518,0.148274,0.138097,0.125085,0.106685,0.055603,nan,nan,nan,nan,nan,nan,nan,0.054759
140160.000000,0.180515,0.180055,0.178669,0.176338,0.173027,0.168680,0.163209,0.156472,0.148231,0.138059,0.125052,0.106660,0.055597,nan,nan,nan,nan,nan,nan,nan,0.054754
140220.000000,0.180456,0.179996,0.178611,0.176281,0.172972,0.168628,0.163159,0.156425,0.148189,0.138021,0.125020,0.106636,0.055592,nan,nan,nan,nan,nan,nan,nan,0.054749
140280.000000,0.180397,0.179937,0.178553,0.176224,0.172917,0.168575,0.163109,0.156378,0.148146,0.137983,0.124988,0.106611,0.055586,nan,nan,nan,nan,nan,nan,nan,0.054744
140340.000000,0.180337,0.179878,0.178495,0.176167,0.172862,0.168522,0.163059,0.156332,0.148103,0.137945,0.124956,0.106587,0.055581,nan,nan,nan,nan,nan,nan,nan,0.054739
140400.000000,0.180278,0.179819,0.178437,0.176110,0.172807,0.168469,0.163009,0.156285,0.148061,0.137908,0.124924,0.106563,0.055575,nan,nan,nan,nan,nan,nan,nan,0.054734
140460.000000,0.180220,0.179761,0.178379,0.176054,0.172752,0.168416,0.162959,0.156239,0.148018,0.137870,0.124892,0.106538,0.055570,nan,nan,nan,nan,nan,nan,nan,0.054728
140520.000000,0.180161,0.179702,0.178321,0.175997,0.172697,0.168364,0.162909,0.156192,0.147976,0.137832,0.124860,0.106514,0.055564,nan,nan,nan,nan,nan,nan,nan,0.054723
140580.000000,0.180102,0.179644,0.178263,0.175940,0.172642,0.168311,0.162860,0.156146,0.147933,0.137794,0.124828,0.106489,0.055559,nan,nan,nan,nan,nan,nan,nan,0.054718
140640.000000,0.180043,0.179585,0.178205,0.175884,0.172587,0.168259,0.162810,0.156099,0.147891,0.137757,0.124796,0.106465,0.055553,nan,nan,nan,nan,nan,nan,nan,0.054713
140700.000000,0.179984,0.179527,0.178147,0.175827,0.172532,0.168206,0.162760,0.156053,0.147849,0.137719,0.124764,0.106441,0.055548,nan,nan,nan,nan,nan,nan,nan,0.054708
140760.000000,0.179926,0.179468,0.178090,0.175771,0.172478,0.168154,0.162711,0.156007,0.147806,0.137682,0.124733,0.106416,0.055542,nan,nan,nan,nan,nan,nan,nan,0.054703
140820.000000,0.179867,0.179410,0.178032,0.175715,0.172423,0.168101,0.162661,0.155960,0.147764,0.137644,0.124701,0.106392,0.055537,nan,nan,nan,nan,nan,nan,nan,0.054698
140880.000000,0.179809,0.179352,0.177975,0.175658,0.172369,0.168049,0.162612,0.155914,0.147722,0.137607,0.124669,0.106368,0.055531,nan,nan,nan,nan,nan,nan,nan,0.054693
140940.000000,0.179750,0.179294,0.177917,0.175602,0.172314,0.167997,0.162562,0.155868,0.147680,0.137569,0.124637,0.106344,0.055526,nan,nan,nan,nan,nan,nan,nan,0.054689
141000.000000,0.179692,0.179235,0.177860,0.175546,0.172260,0.167945,0.162513,0.155822,0.147638,0.137532,0.124606,0.106319,0.055521,nan,nan,nan,nan,nan,nan,nan,0.054684
141060.000000,0.179634,0.179177,0.177803,0.175490,0.172205,0.167893,0.162463,0.155776,0.147595,0.137494,0.124574,0.106295,0.055515,nan,nan,nan,nan,nan,nan,nan,0.054679
141120.000000,0.179575,0.179119,0.177745,0.175434,0.172151,0.167841,0.162414,0.155730,0.147553,0.137457,0.124542,0.106271,0.055510,nan,nan,nan,nan,nan,nan,nan,0.054674
141180.000000,0.179517,0.179062,0.177688,0.175378,0.172097,0.167789,0.162365,0.155684,0.147511,0.137420,0.124511,0.106247,0.055504,nan,nan,nan,nan,nan,nan,nan,0.054669
141240.000000,0.179459,0.179004,0.177631,0.175322,0.172043,0.167737,0.162316,0.155638,0.147469,0.137382,0.124479,0.106223,0.055499,nan,nan,nan,nan,nan,nan,nan,0.054664
141300.000000,0.179401,0.178946,0.177574,0.175266,0.171989,0.167685,0.162266,0.155592,0.147428,0.137345,0.124448,0.106199,0.055494,nan,nan,nan,nan,nan,nan,nan,0.054659
141360.000000,0.179343,0.178888,0.177517,0.175210,0.171934,0.167633,0.162217,0.155547,0.147386,0.137308,0.124416,0.106175,0.055488,nan,nan,nan,nan,nan,nan,nan,0.054654
141420.000000,0.179285,0.178830,0.177460,0.175155,0.171880,0.167581,0.162168,0.155501,0.147344,0.137271,0.124385,0.106151,0.055483,nan,nan,nan,nan,nan,nan,nan,0.054649
141480.000000,0.179227,0.178773,0.177403,0.175099,0.171826,0.167529,0.162119,0.155455,0.147302,0.137234,0.124353,0.106127,0.055477,nan,nan,nan,nan,nan,nan,nan,0.054644
141540.000000,0.179170,0.178715,0.177346,0.175043,0.171773,0.167478,0.162070,0.155409,0.147260,0.137197,0.124322,0.106103,0.055472,nan,nan,nan,nan,nan,nan,nan,0.054639
141600.000000,0.179112,0.178658,0.177289,0.174988,0.171719,0.167426,0.162021,0.155364,0.147219,0.137159,0.124290,0.106079,0.055467,nan,nan,nan,nan,nan,nan,nan,0.054634
141660.000000,0.179054,0.178600,0.177233,0.174932,0.171665,0.167374,0.161972,0.155318,0.147177,0.137122,0.124259,0.106055,0.055461,nan,nan,nan,nan,nan,nan,nan,0.054630
141720.000000,0.178997,0.178543,0.177176,0.174877,0.171611,0.167323,0.161924,0.155273,0.147135,0.137086,0.124228,0.106031,0.055456,nan,nan,nan,nan,nan,nan,nan,0.054625
141780.000000,0.178939,0.178486,0.177120,0.174822,0.171557,0.167271,0.161875,0.155227,0.147094,0.137049,0.124196,0.106007,0.055451,nan,nan,nan,nan,nan,nan,nan,0.054620
141840.000000,0.178882,0.178428,0.177063,0.174766,0.171504,0.167220,0.161826,0.155182,0.147052,0.137012,0.124165,0.105983,0.055445,nan,nan,nan,nan,nan,nan,nan,0.054615
141900.000000,0.178824,0.178371,0.177007,0.174711,0.171450,0.167169,0.161778,0.155136,0.147011,0.136975,0.124134,0.105959,0.055440,nan,nan,nan,nan,nan,nan,nan,0.054610
141960.000000,0.178767,0.178314,0.176950,0.174656,0.171397,0.167117,0.161729,0.155091,0.146969,0.136938,0.124103,0.105935,0.055435,nan,nan,nan,nan,nan,nan,nan,0.054605
142020.000000,0.178709,0.178257,0.176894,0.174601,0.171343,0.167066,0.161680,0.155046,0.146928,0.136901,0.124071,0.105911,0.055430,nan,nan,nan,nan,nan,nan,nan,0.054600
142080.000000,0.178652,0.178200,0.176837,0.174546,0.171290,0.167015,0.161632,0.155001,0.146887,0.136864,0.124040,0.105888,0.055424,nan,nan,nan,nan,nan,nan,nan,0.054596
142140.000000,0.178595,0.178143,0.176781,0.174491,0.171237,0.166964,0.161584,0.154955,0.146845,0.136828,0.124009,0.105864,0.055419,nan,nan,nan,nan,nan,nan,nan,0.054591
142200.000000,0.178538,0.178086,0.176725,0.174436,0.171183,0.166913,0.161535,0.154910,0.146804,0.136791,0.123978,0.105840,0.055414,nan,nan,nan,nan,nan,nan,nan,0.054586
142260.000000,0.178481,0.178029,0.176669,0.174381,0.171130,0.166861,0.161487,0.154865,0.146763,0.136754,0.123947,0.105816,0.055408,nan,nan,nan,nan,nan,nan,nan,0.054581
142320.000000,0.178424,0.177973,0.176613,0.174326,0.171077,0.166810,0.161438,0.154820,0.146722,0.136718,0.123916,0.105793,0.055403,nan,nan,nan,nan,nan,nan,nan,0.054576
142380.000000,0.178367,0.177916,0.176557,0.174271,0.171024,0.166760,0.161390,0.154775,0.146680,0.136681,0.123885,0.105769,0.055398,nan,nan,nan,nan,nan,nan,nan,0.054572
142440.000000,0.178310,0.177859,0.176501,0.174216,0.170971,0.166709,0.161342,0.154730,0.146639,0.136645,0.123854,0.105745,0.055393,nan,nan,nan,nan,nan,nan,nan,0.054567
142500.000000,0.178253,0.177803,0.176445,0.174162,0.170918,0.166658,0.161294,0.154685,0.146598,0.136608,0.123823,0.105722,0.055388,nan,nan,nan,nan,nan,nan,nan,0.054562
142560.000000,0.178196,0.177746,0.176389,0.174107,0.170865,0.166607,0.161246,0.154640,0.146557,0.136572,0.123792,0.105698,0.055382,nan,nan,nan,nan,nan,nan,nan,0.054557
142620.000000,0.178140,0.177690,0.176334,0.174052,0.170812,0.166556,0.161198,0.154596,0.146516,0.136535,0.123761,0.105675,0.055377,nan,nan,nan,nan,nan,nan,nan,0.054553
142680.000000,0.178083,0.177633,0.176278,0.173998,0.170759,0.166506,0.161150,0.154551,0.146475,0.136499,0.123730,0.105651,0.055372,nan,nan,nan,nan,nan,nan,nan,0.054548
142740.000000,0.178026,0.177577,0.176222,0.173943,0.170706,0.166455,0.161102,0.154506,0.146434,0.136463,0.123700,0.105627,0.055367,nan,nan,nan,nan,nan,nan,nan,0.054543
142800.000000,0.177970,0.177521,0.176167,0.173889,0.170654,0.166404,0.161054,0.154461,0.146394,0.136426,0.123669,0.105604,0.055361,nan,nan,nan,nan,nan,nan,nan,0.054538
142860.000000,0.177913,0.177464,0.176111,0.173835,0.170601,0.166354,0.161006,0.154417,0.146353,0.136390,0.123638,0.105580,0.055356,nan,nan,nan,nan,nan,nan,nan,0.054534
142920.000000,0.177857,0.177408,0.176056,0.173780,0.170548,0.166303,0.160958,0.154372,0.146312,0.136354,0.123607,0.105557,0.055351,nan,nan,nan,nan,nan,nan,nan,0.054529
142980.000000,0.177801,0.177352,0.176000,0.173726,0.170496,0.166253,0.160911,0.154328,0.146271,0.136318,0.123577,0.105533,0.055346,nan,nan,nan,nan,nan,nan,nan,0.054524
143040.000000,0.177744,0.177296,0.175945,0.173672,0.170443,0.166203,0.160863,0.154283,0.146230,0.136281,0.123546,0.105510,0.055341,nan,nan,nan,nan,nan,nan,nan,0.054520
143100.000000,0.177688,0.177240,0.175890,0.173618,0.170391,0.166152,0.160815,0.154239,0.146190,0.136245,0.123515,0.105487,0.055336,nan,nan,nan,nan,nan,nan,nan,0.054515
143160.000000,0.177632,0.177184,0.175834,0.173564,0.170338,0.166102,0.160768,0.154194,0.146149,0.136209,0.123485,0.105463,0.055331,nan,nan,nan,nan,nan,nan,nan,0.054510
143220.000000,0.177576,0.177128,0.175779,0.173510,0.170286,0.166052,0.160720,0.154150,0.146109,0.136173,0.123454,0.105440,0.055325,nan,nan,nan,nan,nan,nan,nan,0.054506
143280.000000,0.177520,0.177072,0.175724,0.173456,0.170234,0.166002,0.160673,0.154106,0.146068,0.136137,0.123424,0.105417,0.055320,nan,nan,nan,nan,nan,nan,nan,0.054501
143340.000000,0.177464,0.177017,0.175669,0.173402,0.170182,0.165952,0.160625,0.154061,0.146028,0.136101,0.123393,0.105393,0.055315,nan,nan,nan,nan,nan,nan,nan,0.054496
143400.000000,0.177408,0.176961,0.175614,0.173348,0.170129,0.165902,0.160578,0.154017,0.145987,0.136065,0.123363,0.105370,0.055310,nan,nan,nan,nan,nan,nan,nan,0.054492
143460.000000,0.177352,0.176905,0.175559,0.173295,0.170077,0.165852,0.160530,0.153973,0.145947,0.136029,0.123332,0.105347,0.055305,nan,nan,nan,nan,nan,nan,nan,0.054487
143520.000000,0.177296,0.176850,0.175504,0.173241,0.170025,0.165802,0.160483,0.153929,0.145906,0.135993,0.123302,0.105323,0.055300,nan,nan,nan,nan,nan,nan,nan,0.054482
143580.000000,0.177241,0.176794,0.175450,0.173187,0.169973,0.165752,0.160436,0.153885,0.145866,0.135957,0.123271,0.105300,0.055295,nan,nan,nan,nan,nan,nan,nan,0.054478
143640.000000,0.177185,0.176739,0.175395,0.173134,0.169921,0.165702,0.160389,0.153841,0.145826,0.135922,0.123241,0.105277,0.055290,nan,nan,nan,nan,nan,nan,nan,0.054473
143700.000000,0.177129,0.176683,0.175340,0.173080,0.169869,0.165652,0.160341,0.153797,0.145786,0.135886,0.123211,0.105254,0.055285,nan,nan,nan,nan,nan,nan,nan,0.054468
143760.000000,0.177074,0.176628,0.175285,0.173027,0.169817,0.165603,0.160294,0.153753,0.145745,0.135850,0.123180,0.105230,0.055279,nan,nan,nan,nan,nan,nan,nan,0.054464
143820.000000,0.177018,0.176573,0.175231,0.172973,0.169766,0.165553,0.160247,0.153709,0.145705,0.135814,0.123150,0.105207,0.055274,nan,nan,nan,nan,nan,nan,nan,0.054459
143880.000000,0.176963,0.176518,0.175176,0.172920,0.169714,0.165503,0.160200,0.153665,0.145665,0.135779,0.123120,0.105184,0.055269,nan,nan,nan,nan,nan,nan,nan,0.054455
143940.000000,0.176907,0.176462,0.175122,0.172866,0.169662,0.165454,0.160153,0.153621,0.145625,0.135743,0.123089,0.105161,0.055264,nan,nan,nan,nan,nan,nan,nan,0.054450
144000.000000,0.176852,0.176407,0.175067,0.172813,0.169611,0.165404,0.160106,0.153577,0.145585,0.135707,0.123059,0.105138,0.055259,nan,nan,nan,nan,nan,nan,nan,0.054445
144060.000000,0.176797,0.176352,0.175013,0.172760,0.169559,0.165355,0.160059,0.153534,0.145545,0.135672,0.123029,0.105115,0.055254,nan,nan,nan,nan,nan,nan,nan,0.054441
144120.000000,0.176741,0.176297,0.174959,0.172707,0.169507,0.165305,0.160013,0.153490,0.145505,0.135636,0.122999,0.105092,0.055249,nan,nan,nan,nan,nan,nan,nan,0.054436
144180.000000,0.176686,0.176242,0.174904,0.172654,0.169456,0.165256,0.159966,0.153446,0.145465,0.135601,0.122969,0.105069,0.055244,nan,nan,nan,nan,nan,nan,nan,0.054432
144240.000000,0.176631,0.176187,0.174850,0.172601,0.169405,0.165206,0.159919,0.153403,0.145425,0.135565,0.122939,0.105046,0.055239,nan,nan,nan,nan,nan,nan,nan,0.054427
144300.000000,0.176576,0.176133,0.174796,0.172548,0.169353,0.165157,0.159872,0.153359,0.145385,0.135530,0.122909,0.105023,0.055234,nan,nan,nan,nan,nan,nan,nan,0.054423
144360.000000,0.176521,0.176078,0.174742,0.172495,0.169302,0.165108,0.159826,0.153315,0.145345,0.135494,0.122879,0.105000,0.055229,nan,nan,nan,nan,nan,nan,nan,0.054418
144420.000000,0.176466,0.176023,0.174688,0.172442,0.169251,0.165059,0.159779,0.153272,0.145306,0.135459,0.122849,0.104977,0.055224,nan,nan,nan,nan,nan,nan,nan,0.054413
144480.000000,0.176411,0.175969,0.174634,0.172389,0.169199,0.165010,0.159733,0.153229,0.145266,0.135424,0.122819,0.104954,0.055219,nan,nan,nan,nan,nan,nan,nan,0.054409
144540.000000,0.176357,0.175914,0.174580,0.172336,0.169148,0.164961,0.159686,0.153185,0.145226,0.135389,0.122789,0.104931,0.055214,nan,nan,nan,nan,nan,nan,nan,0.054404
144600.000000,0.176302,0.175859,0.174526,0.172284,0.169097,0.164912,0.159640,0.153142,0.145187,0.135353,0.122759,0.104908,0.055209,nan,nan,nan,nan,nan,nan,nan,0.054400
144660.000000,0.176247,0.175805,0.174473,0.172231,0.169046,0.164863,0.159593,0.153099,0.145147,0.135318,0.122729,0.104885,0.055204,nan,nan,nan,nan,nan,nan,nan,0.054395
144720.000000,0.176192,0.175750,0.174419,0.172178,0.168995,0.164814,0.159547,0.153055,0.145107,0.135283,0.122699,0.104863,0.055199,nan,nan,nan,nan,nan,nan,nan,0.054391
144780.000000,0.176138,0.175696,0.174365,0.172126,0.168944,0.164765,0.159501,0.153012,0.145068,0.135248,0.122669,0.104840,0.055194,nan,nan,nan,nan,nan,nan,nan,0.054386
144840.000000,0.176083,0.175642,0.174311,0.172073,0.168893,0.164716,0.159454,0.152969,0.145028,0.135213,0.122639,0.104817,0.055189,nan,nan,nan,nan,nan,nan,nan,0.054382
144900.000000,0.176029,0.175588,0.174258,0.172021,0.168842,0.164667,0.159408,0.152926,0.144989,0.135177,0.122610,0.104794,0.055184,nan,nan,nan,nan,nan,nan,nan,0.054377
144960.000000,0.175974,0.175533,0.174204,0.171968,0.168792,0.164619,0.159362,0.152883,0.144949,0.135142,0.122580,0.104771,0.055179,nan,nan,nan,nan,nan,nan,nan,0.054373
145020.000000,0.175920,0.175479,0.174151,0.171916,0.168741,0.164570,0.159316,0.152840,0.144910,0.135107,0.122550,0.104749,0.055175,nan,nan,nan,nan,nan,nan,nan,0.054368
145080.000000,0.175866,0.175425,0.174098,0.171864,0.168690,0.164521,0.159270,0.152797,0.144871,0.135072,0.122521,0.104726,0.055170,nan,nan,nan,nan,nan,nan,nan,0.054364
145140.000000,0.175811,0.175371,0.174044,0.171812,0.168640,0.164473,0.159224,0.152754,0.144831,0.135037,0.122491,0.104703,0.055165,nan,nan,nan,nan,nan,nan,nan,0.054360
145200.000000,0.175757,0.175317,0.173991,0.171759,0.168589,0.164424,0.159178,0.152711,0.144792,0.135003,0.122461,0.104681,0.055160,nan,nan,nan,nan,nan,nan,nan,0.054355
145260.000000,0.175703,0.175263,0.173938,0.171707,0.168538,0.164376,0.159132,0.152668,0.144753,0.134968,0.122432,0.104658,0.055155,nan,nan,nan,nan,nan,nan,nan,0.054351
145320.000000,0.175649,0.175209,0.173884,0.171655,0.168488,0.164327,0.159086,0.152625,0.144714,0.134933,0.122402,0.104635,0.055150,nan,nan,nan,nan,nan,nan,nan,0.054346
145380.000000,0.175595,0.175156,0.173831,0.171603,0.168438,0.164279,0.159040,0.152582,0.144675,0.134898,0.122373,0.104613,0.055145,nan,nan,nan,nan,nan,nan,nan,0.054342
145440.000000,0.175541,0.175102,0.173778,0.171551,0.168387,0.164231,0.158994,0.152540,0.144636,0.134863,0.122343,0.104590,0.055140,nan,nan,nan,nan,nan,nan,nan,0.054337
145500.000000,0.175487,0.175048,0.173725,0.171499,0.168337,0.164182,0.158949,0.152497,0.144596,0.134828,0.122314,0.104568,0.055135,nan,nan,nan,nan,nan,nan,nan,0.054333
145560.000000,0.175433,0.174994,0.173672,0.171448,0.168287,0.164134,0.158903,0.152454,0.144557,0.134794,0.122284,0.104545,0.055131,nan,nan,nan,nan,nan,nan,nan,0.054329
145620.000000,0.175379,0.174941,0.173619,0.171396,0.168236,0.164086,0.158857,0.152412,0.144518,0.134759,0.122255,0.104523,0.055126,nan,nan,nan,nan,nan,nan,nan,0.054324
145680.000000,0.175326,0.174887,0.173566,0.171344,0.168186,0.164038,0.158812,0.152369,0.144480,0.134724,0.122225,0.104500,0.055121,nan,nan,nan,nan,nan,nan,nan,0.054320
145740.000000,0.175272,0.174834,0.173514,0.171292,0.168136,0.163990,0.158766,0.152327,0.144441,0.134690,0.122196,0.104478,0.055116,nan,nan,nan,nan,nan,nan,nan,0.054315
145800.000000,0.175218,0.174780,0.173461,0.171241,0.168086,0.163942,0.158721,0.152284,0.144402,0.134655,0.122167,0.104455,0.055111,nan,nan,nan,nan,nan,nan,nan,0.054311
145860.000000,0.175165,0.174727,0.173408,0.171189,0.168036,0.163894,0.158675,0.152242,0.144363,0.134621,0.122137,0.104433,0.055106,nan,nan,nan,nan,nan,nan,nan,0.054307
145920.000000,0.175111,0.174674,0.173356,0.171138,0.167986,0.163846,0.158630,0.152199,0.144324,0.134586,0.122108,0.104410,0.055101,nan,nan,nan,nan,nan,nan,nan,0.054302
145980.000000,0.175058,0.174621,0.173303,0.171086,0.167936,0.163798,0.158584,0.152157,0.144285,0.134552,0.122079,0.104388,0.055097,nan,nan,nan,nan,nan,nan,nan,0.054298
146040.000000,0.175004,0.174567,0.173250,0.171035,0.167886,0.163750,0.158539,0.152115,0.144247,0.134517,0.122049,0.104366,0.055092,nan,nan,nan,nan,nan,nan,nan,0.054294
146100.000000,0.174951,0.174514,0.173198,0.170983,0.167836,0.163702,0.158494,0.152072,0.144208,0.134483,0.122020,0.104343,0.055087,nan,nan,nan,nan,nan,nan,nan,0.054289
146160.000000,0.174898,0.174461,0.173146,0.170932,0.167787,0.163654,0.158448,0.152030,0.144169,0.134448,0.121991,0.104321,0.055082,nan,nan,nan,nan,nan,nan,nan,0.054285
146220.000000,0.174844,0.174408,0.173093,0.170881,0.167737,0.163607,0.158403,0.151988,0.144131,0.134414,0.121962,0.104299,0.055077,nan,nan,nan,nan,nan,nan,nan,0.054281
146280.000000,0.174791,0.174355,0.173041,0.170829,0.167687,0.163559,0.158358,0.151946,0.144092,0.134380,0.121933,0.104276,0.055073,nan,nan,nan,nan,nan,nan,nan,0.054276
146340.000000,0.174738,0.174302,0.172989,0.170778,0.167638,0.163511,0.158313,0.151904,0.144054,0.134345,0.121904,0.104254,0.055068,nan,nan,nan,nan,nan,nan,nan,0.054272
146400.000000,0.174685,0.174249,0.172936,0.170727,0.167588,0.163464,0.158268,0.151862,0.144015,0.134311,0.121875,0.104232,0.055063,nan,nan,nan,nan,nan,nan,nan,0.054268
146460.000000,0.174632,0.174196,0.172884,0.170676,0.167539,0.163416,0.158223,0.151820,0.143977,0.134277,0.121845,0.104210,0.055058,nan,nan,nan,nan,nan,nan,nan,0.054263
146520.000000,0.174579,0.174144,0.172832,0.170625,0.167489,0.163369,0.158178,0.151778,0.143938,0.134243,0.121816,0.104187,0.055054,nan,nan,nan,nan,nan,nan,nan,0.054259
146580.000000,0.174526,0.174091,0.172780,0.170574,0.167440,0.163322,0.158133,0.151736,0.143900,0.134209,0.121787,0.104165,0.055049,nan,nan,nan,nan,nan,nan,nan,0.054255
146640.000000,0.174473,0.174038,0.172728,0.170523,0.167390,0.163274,0.158088,0.151694,0.143861,0.134175,0.121759,0.104143,0.055044,nan,nan,nan,nan,nan,nan,nan,0.054250
146700.000000,0.174420,0.173986,0.172676,0.170472,0.167341,0.163227,0.158043,0.151652,0.143823,0.134140,0.121730,0.104121,0.055039,nan,nan,nan,nan,nan,nan,nan,0.054246
146760.000000,0.174368,0.173933,0.172624,0.170422,0.167292,0.163180,0.157998,0.151610,0.143785,0.134106,0.121701,0.104099,0.055035,nan,nan,nan,nan,nan,nan,nan,0.054242
146820.000000,0.174315,0.173881,0.172572,0.170371,0.167243,0.163132,0.157954,0.151568,0.143747,0.134072,0.121672,0.104077,0.055030,nan,nan,nan,nan,nan,nan,nan,0.054238
146880.000000,0.174262,0.173828,0.172521,0.170320,0.167193,0.163085,0.157909,0.151527,0.143708,0.134038,0.121643,0.104054,0.055025,nan,nan,nan,nan,nan,nan,nan,0.054233
146940.000000,0.174210,0.173776,0.172469,0.170270,0.167144,0.163038,0.157864,0.151485,0.143670,0.134004,0.121614,0.104032,0.055021,nan,nan,nan,nan,nan,nan,nan,0.054229
147000.000000,0.174157,0.173724,0.172417,0.170219,0.167095,0.162991,0.157820,0.151443,0.143632,0.133971,0.121585,0.104010,0.055016,nan,nan,nan,nan,nan,nan,nan,0.054225
147060.000000,0.174105,0.173671,0.172366,0.170168,0.167046,0.162944,0.157775,0.151402,0.143594,0.133937,0.121557,0.103988,0.055011,nan,nan,nan,nan,nan,nan,nan,0.054221
147120.000000,0.174052,0.173619,0.172314,0.170118,0.166997,0.162897,0.157731,0.151360,0.143556,0.133903,0.121528,0.103966,0.055006,nan,nan,nan,nan,nan,nan,nan,0.054216
147180.000000,0.174000,0.173567,0.172262,0.170067,0.166948,0.162850,0.157686,0.151318,0.143518,0.133869,0.121499,0.103944,0.055002,nan,nan,nan,nan,nan,nan,nan,0.054212
147240.000000,0.173947,0.173515,0.172211,0.170017,0.166900,0.162803,0.157642,0.151277,0.143480,0.133835,0.121470,0.103922,0.054997,nan,nan,nan,nan,nan,nan,nan,0.054208
147300.000000,0.173895,0.173463,0.172160,0.169967,0.166851,0.162756,0.157597,0.151236,0.143442,0.133801,0.121442,0.103900,0.054992,nan,nan,nan,nan,nan,nan,nan,0.054204
147360.000000,0.173843,0.173411,0.172108,0.169916,0.166802,0.162710,0.157553,0.151194,0.143404,0.133768,0.121413,0.103878,0.054988,nan,nan,nan,nan,nan,nan,nan,0.054200
147420.000000,0.173791,0.173359,0.172057,0.169866,0.166753,0.162663,0.157509,0.151153,0.143366,0.133734,0.121384,0.103857,0.054983,nan,nan,nan,nan,nan,nan,nan,0.054195
147480.000000,0.173739,0.173307,0.172006,0.169816,0.166705,0.162616,0.157464,0.151111,0.143328,0.133700,0.121356,0.103835,0.054978,nan,nan,nan,nan,nan,nan,nan,0.054191
147540.000000,0.173686,0.173255,0.171954,0.169766,0.166656,0.162569,0.157420,0.151070,0.143291,0.133667,0.121327,0.103813,0.054974,nan,nan,nan,nan,nan,nan,nan,0.054187
147600.000000,0.173634,0.173203,0.171903,0.169716,0.166607,0.162523,0.157376,0.151029,0.143253,0.133633,0.121299,0.103791,0.054969,nan,nan,nan,nan,nan,nan,nan,0.054183
147660.000000,0.173582,0.173151,0.171852,0.169666,0.166559,0.162476,0.157332,0.150988,0.143215,0.133600,0.121270,0.103769,0.054965,nan,nan,nan,nan,nan,nan,nan,0.054179
147720.000000,0.173531,0.173100,0.171801,0.169616,0.166510,0.162430,0.157288,0.150947,0.143178,0.133566,0.121242,0.103747,0.054960,nan,nan,nan,nan,nan,nan,nan,0.054174
147780.000000,0.173479,0.173048,0.171750,0.169566,0.166462,0.162383,0.157244,0.150905,0.143140,0.133532,0.121213,0.103725,0.054955,nan,nan,nan,nan,nan,nan,nan,0.054170
147840.000000,0.173427,0.172996,0.171699,0.169516,0.166414,0.162337,0.157200,0.150864,0.143102,0.133499,0.121185,0.103704,0.054951,nan,nan,nan,nan,nan,nan,nan,0.054166
147900.000000,0.173375,0.172945,0.171648,0.169466,0.166365,0.162291,0.157156,0.150823,0.143065,0.133466,0.121156,0.103682,0.054946,nan,nan,nan,nan,nan,nan,nan,0.054162
147960.000000,0.173323,0.172893,0.171597,0.169416,0.166317,0.162244,0.157112,0.150782,0.143027,0.133432,0.121128,0.103660,0.054941,nan,nan,nan,nan,nan,nan,nan,0.054158
148020.000000,0.173272,0.172842,0.171546,0.169367,0.166269,0.162198,0.157068,0.150741,0.142990,0.133399,0.121100,0.103638,0.054937,nan,nan,nan,nan,nan,nan,nan,0.054154
148080.000000,0.173220,0.172791,0.171496,0.169317,0.166221,0.162152,0.157024,0.150700,0.142952,0.133365,0.121071,0.103617,0.054932,nan,nan,nan,nan,nan,nan,nan,0.054149
148140.000000,0.173169,0.172739,0.171445,0.169267,0.166172,0.162105,0.156980,0.150660,0.142915,0.133332,0.121043,0.103595,0.054928,nan,nan,nan,nan,nan,nan,nan,0.054145
148200.000000,0.173117,0.172688,0.171394,0.169218,0.166124,0.162059,0.156937,0.150619,0.142877,0.133299,0.121015,0.103573,0.054923,nan,nan,nan,nan,nan,nan,nan,0.054141
148260.000000,0.173066,0.172637,0.171344,0.169168,0.166076,0.162013,0.156893,0.150578,0.142840,0.133266,0.120987,0.103552,0.054919,nan,nan,nan,nan,nan,nan,nan,0.054137
148320.000000,0.173014,0.172586,0.171293,0.169119,0.166028,0.161967,0.156849,0.150537,0.142803,0.133232,0.120958,0.103530,0.054914,nan,nan,nan,nan,nan,nan,nan,0.054133
148380.000000,0.172963,0.172534,0.171243,0.169069,0.165980,0.161921,0.156806,0.150496,0.142765,0.133199,0.120930,0.103509,0.054909,nan,nan,nan,nan,nan,nan,nan,0.054129
148440.000000,0.172912,0.172483,0.171192,0.169020,0.165932,0.161875,0.156762,0.150456,0.142728,0.133166,0.120902,0.103487,0.054905,nan,nan,nan,nan,nan,nan,nan,0.054125
148500.000000,0.172860,0.172432,0.171142,0.168971,0.165885,0.161829,0.156719,0.150415,0.142691,0.133133,0.120874,0.103465,0.054900,nan,nan,nan,nan,nan,nan,nan,0.054121
148560.000000,0.172809,0.172381,0.171092,0.168921,0.165837,0.161783,0.156675,0.150374,0.142654,0.133100,0.120846,0.103444,0.054896,nan,nan,nan,nan,nan,nan,nan,0.054117
148620.000000,0.172758,0.172330,0.171041,0.168872,0.165789,0.161738,0.156632,0.150334,0.142617,0.133067,0.120818,0.103422,0.054891,nan,nan,nan,nan,nan,nan,nan,0.054113
148680.000000,0.172707,0.172280,0.170991,0.168823,0.165741,0.161692,0.156588,0.150293,0.142579,0.133034,0.120790,0.103401,0.054887,nan,nan,nan,nan,nan,nan,nan,0.054108
148740.000000,0.172656,0.172229,0.170941,0.168774,0.165694,0.161646,0.156545,0.150253,0.142542,0.133001,0.120762,0.103379,0.054882,nan,nan,nan,nan,nan,nan,nan,0.054104
148800.000000,0.172605,0.172178,0.170891,0.168725,0.165646,0.161600,0.156502,0.150212,0.142505,0.132968,0.120734,0.103358,0.054878,nan,nan,nan,nan,nan,nan,nan,0.054100
148860.000000,0.172554,0.172127,0.170841,0.168676,0.165599,0.161555,0.156458,0.150172,0.142468,0.132935,0.120706,0.103336,0.054873,nan,nan,nan,nan,nan,nan,nan,0.054096
148920.000000,0.172503,0.172077,0.170791,0.168627,0.165551,0.161509,0.156415,0.150132,0.142431,0.132902,0.120678,0.103315,0.054869,nan,nan,nan,nan,nan,nan,nan,0.054092
148980.000000,0.172452,0.172026,0.170741,0.168578,0.165504,0.161464,0.156372,0.150091,0.142394,0.132869,0.120650,0.103294,0.054864,nan,nan,nan,nan,nan,nan,nan,0.054088
149040.000000,0.172402,0.171975,0.170691,0.168529,0.165456,0.161418,0.156329,0.150051,0.142358,0.132836,0.120622,0.103272,0.054860,nan,nan,nan,nan,nan,nan,nan,0.054084
149100.000000,0.172351,0.171925,0.170641,0.168480,0.165409,0.161373,0.156286,0.150011,0.142321,0.132803,0.120594,0.103251,0.054855,nan,nan,nan,nan,nan,nan,nan,0.054080
149160.000000,0.172300,0.171874,0.170591,0.168431,0.165361,0.161327,0.156243,0.149971,0.142284,0.132771,0.120566,0.103230,0.054851,nan,nan,nan,nan,nan,nan,nan,0.054076
149220.000000,0.172250,0.171824,0.170541,0.168382,0.165314,0.161282,0.156200,0.149930,0.142247,0.132738,0.120538,0.103208,0.054846,nan,nan,nan,nan,nan,nan,nan,0.054072
149280.000000,0.172199,0.171774,0.170491,0.168334,0.165267,0.161236,0.156157,0.149890,0.142210,0.132705,0.120510,0.103187,0.054842,nan,nan,nan,nan,nan,nan,nan,0.054068
149340.000000,0.172149,0.171723,0.170442,0.168285,0.165220,0.161191,0.156114,0.149850,0.142174,0.132672,0.120483,0.103166,0.054837,nan,nan,nan,nan,nan,nan,nan,0.054064
149400.000000,0.172098,0.171673,0.170392,0.168236,0.165173,0.161146,0.156071,0.149810,0.142137,0.132640,0.120455,0.103144,0.054833,nan,nan,nan,nan,nan,nan,nan,0.054060
149460.000000,0.172048,0.171623,0.170342,0.168188,0.165125,0.161101,0.156028,0.149770,0.142100,0.132607,0.120427,0.103123,0.054829,nan,nan,nan,nan,nan,nan,nan,0.054056
149520.000000,0.171997,0.171573,0.170293,0.168139,0.165078,0.161056,0.155985,0.149730,0.142064,0.132574,0.120399,0.103102,0.054824,nan,nan,nan,nan,nan,nan,nan,0.054052
149580.000000,0.171947,0.171523,0.170243,0.168091,0.165031,0.161010,0.155942,0.149690,0.142027,0.132542,0.120372,0.103081,0.054820,nan,nan,nan,nan,nan,nan,nan,0.054048
149640.000000,0.171897,0.171472,0.170194,0.168042,0.164984,0.160965,0.155900,0.149650,0.141991,0.132509,0.120344,0.103059,0.054815,nan,nan,nan,nan,nan,nan,nan,0.054044
149700.000000,0.171846,0.171422,0.170145,0.167994,0.164938,0.160920,0.155857,0.149610,0.141954,0.132477,0.120316,0.103038,0.054811,nan,nan,nan,nan,nan,nan,nan,0.054040
149760.000000,0.171796,0.171372,0.170095,0.167946,0.164891,0.160875,0.155814,0.149571,0.141918,0.132444,0.120289,0.103017,0.054806,nan,nan,nan,nan,nan,nan,nan,0.054036
149820.000000,0.171746,0.171323,0.170046,0.167898,0.164844,0.160830,0.155772,0.149531,0.141881,0.132412,0.120261,0.102996,0.054802,nan,nan,nan,nan,nan,nan,nan,0.054032
149880.000000,0.171696,0.171273,0.169997,0.167849,0.164797,0.160786,0.155729,0.149491,0.141845,0.132379,0.120234,0.102975,0.054798,nan,nan,nan,nan,nan,nan,nan,0.054028
149940.000000,0.171646,0.171223,0.169947,0.167801,0.164750,0.160741,0.155687,0.149451,0.141808,0.132347,0.120206,0.102954,0.054793,nan,nan,nan,nan,nan,nan,nan,0.054024
150000.000000,0.171596,0.171173,0.169898,0.167753,0.164704,0.160696,0.155644,0.149412,0.141772,0.132315,0.120179,0.102933,0.054789,nan,nan,nan,nan,nan,nan,nan,0.054020
150060.000000,0.171546,0.171123,0.169849,0.167705,0.164657,0.160651,0.155602,0.149372,0.141736,0.132282,0.120151,0.102912,0.054784,nan,nan,nan,nan,nan,nan,nan,0.054016
150120.000000,0.171496,0.171074,0.169800,0.167657,0.164610,0.160606,0.155559,0.149332,0.141699,0.132250,0.120124,0.102891,0.054780,nan,nan,nan,nan,nan,nan,nan,0.054013
150180.000000,0.171446,0.171024,0.169751,0.167609,0.164564,0.160562,0.155517,0.149293,0.141663,0.132218,0.120096,0.102869,0.054776,nan,nan,nan,nan,nan,nan,nan,0.054009
150240.000000,0.171397,0.170975,0.169702,0.167561,0.164517,0.160517,0.155475,0.149253,0.141627,0.132186,0.120069,0.102848,0.054771,nan,nan,nan,nan,nan,nan,nan,0.054005
150300.000000,0.171347,0.170925,0.169653,0.167513,0.164471,0.160473,0.155432,0.149214,0.141591,0.132153,0.120042,0.102827,0.054767,nan,nan,nan,nan,nan,nan,nan,0.054001
150360.000000,0.171297,0.170876,0.169604,0.167465,0.164425,0.160428,0.155390,0.149174,0.141555,0.132121,0.120014,0.102806,0.054763,nan,nan,nan,nan,nan,nan,nan,0.053997
150420.000000,0.171248,0.170826,0.169556,0.167417,0.164378,0.160384,0.155348,0.149135,0.141519,0.132089,0.119987,0.102786,0.054758,nan,nan,nan,nan,nan,nan,nan,0.053993
150480.000000,0.171198,0.170777,0.169507,0.167370,0.164332,0.160339,0.155306,0.149096,0.141483,0.132057,0.119960,0.102765,0.054754,nan,nan,nan,nan,nan,nan,nan,0.053989
150540.000000,0.171149,0.170727,0.169458,0.167322,0.164286,0.160295,0.155264,0.149056,0.141446,0.132025,0.119932,0.102744,0.054750,nan,nan,nan,nan,nan,nan,nan,0.053985
150600.000000,0.171099,0.170678,0.169409,0.167274,0.164239,0.160250,0.155222,0.149017,0.141410,0.131993,0.119905,0.102723,0.054745,nan,nan,nan,nan,nan,nan,nan,0.053981
150660.000000,0.171050,0.170629,0.169361,0.167227,0.164193,0.160206,0.155180,0.148978,0.141375,0.131961,0.119878,0.102702,0.054741,nan,nan,nan,nan,nan,nan,nan,0.053977
150720.000000,0.171000,0.170580,0.169312,0.167179,0.164147,0.160162,0.155138,0.148938,0.141339,0.131929,0.119851,0.102681,0.054737,nan,nan,nan,nan,nan,nan,nan,0.053974
150780.000000,0.170951,0.170531,0.169264,0.167132,0.164101,0.160117,0.155096,0.148899,0.141303,0.131897,0.119823,0.102660,0.054732,nan,nan,nan,nan,nan,nan,nan,0.053970
150840.000000,0.170902,0.170481,0.169215,0.167084,0.164055,0.160073,0.155054,0.148860,0.141267,0.131865,0.119796,0.102639,0.054728,nan,nan,nan,nan,nan,nan,nan,0.053966
150900.000000,0.170852,0.170432,0.169167,0.167037,0.164009,0.160029,0.155012,0.148821,0.141231,0.131833,0.119769,0.102619,0.054724,nan,nan,nan,nan,nan,nan,nan,0.053962
150960.000000,0.170803,0.170383,0.169118,0.166989,0.163963,0.159985,0.154970,0.148782,0.141195,0.131801,0.119742,0.102598,0.054719,nan,nan,nan,nan,nan,nan,nan,0.053958
151020.000000,0.170754,0.170335,0.169070,0.166942,0.163917,0.159941,0.154928,0.148743,0.141159,0.131769,0.119715,0.102577,0.054715,nan,nan,nan,nan,nan,nan,nan,0.053954
151080.000000,0.170705,0.170286,0.169022,0.166895,0.163871,0.159897,0.154886,0.148704,0.141124,0.131737,0.119688,0.102556,0.054711,nan,nan,nan,nan,nan,nan,nan,0.053950
151140.000000,0.170656,0.170237,0.168974,0.166848,0.163825,0.159853,0.154845,0.148665,0.141088,0.131706,0.119661,0.102535,0.054707,nan,nan,nan,nan,nan,nan,nan,0.053947
151200.000000,0.170607,0.170188,0.168925,0.166800,0.163780,0.159809,0.154803,0.148626,0.141052,0.131674,0.119634,0.102515,0.054702,nan,nan,nan,nan,nan,nan,nan,0.053943
151260.000000,0.170558,0.170139,0.168877,0.166753,0.163734,0.159765,0.154761,0.148587,0.141017,0.131642,0.119607,0.102494,0.054698,nan,nan,nan,nan,nan,nan,nan,0.053939
151320.000000,0.170509,0.170091,0.168829,0.166706,0.163688,0.159721,0.154720,0.148548,0.140981,0.131610,0.119580,0.102473,0.054694,nan,nan,nan,nan,nan,nan,nan,0.053935
151380.000000,0.170460,0.170042,0.168781,0.166659,0.163643,0.159677,0.154678,0.148509,0.140946,0.131579,0.119553,0.102453,0.054690,nan,nan,nan,nan,nan,nan,nan,0.053931
151440.000000,0.170411,0.169993,0.168733,0.166612,0.163597,0.159634,0.154637,0.148471,0.140910,0.131547,0.119526,0.102432,0.054685,nan,nan,nan,nan,nan,nan,nan,0.053928
151500.000000,0.170363,0.169945,0.168685,0.166565,0.163551,0.159590,0.154595,0.148432,0.140875,0.131515,0.119499,0.102411,0.054681,nan,nan,nan,nan,nan,nan,nan,0.053924
151560.000000,0.170314,0.169896,0.168637,0.166518,0.163506,0.159546,0.154554,0.148393,0.140839,0.131484,0.119472,0.102391,0.054677,nan,nan,nan,nan,nan,nan,nan,0.053920
151620.000000,0.170265,0.169848,0.168589,0.166471,0.163460,0.159503,0.154513,0.148355,0.140804,0.131452,0.119445,0.102370,0.054673,nan,nan,nan,nan,nan,nan,nan,0.053916
151680.000000,0.170217,0.169799,0.168541,0.166424,0.163415,0.159459,0.154471,0.148316,0.140768,0.131421,0.119419,0.102350,0.054668,nan,nan,nan,nan,nan,nan,nan,0.053912
151740.000000,0.170168,0.169751,0.168494,0.166378,0.163370,0.159415,0.154430,0.148277,0.140733,0.131389,0.119392,0.102329,0.054664,nan,nan,nan,nan,nan,nan,nan,0.053909
151800.000000,0.170120,0.169703,0.168446,0.166331,0.163324,0.159372,0.154389,0.148239,0.140698,0.131358,0.119365,0.102309,0.054660,nan,nan,nan,nan,nan,nan,nan,0.053905
151860.000000,0.170071,0.169654,0.168398,0.166284,0.163279,0.159328,0.154347,0.148200,0.140662,0.131326,0.119338,0.102288,0.054656,nan,nan,nan,nan,nan,nan,nan,0.053901
151920.000000,0.170023,0.169606,0.168351,0.166238,0.163234,0.159285,0.154306,0.148162,0.140627,0.131295,0.119312,0.102268,0.054651,nan,nan,nan,nan,nan,nan,nan,0.053897
151980.000000,0.169974,0.169558,0.168303,0.166191,0.163189,0.159242,0.154265,0.148123,0.140592,0.131263,0.119285,0.102247,0.054647,nan,nan,nan,nan,nan,nan,nan,0.053893
152040.000000,0.169926,0.169510,0.168256,0.166144,0.163143,0.159198,0.154224,0.148085,0.140557,0.131232,0.119258,0.102227,0.054643,nan,nan,nan,nan,nan,nan,nan,0.053890
152100.000000,0.169878,0.169462,0.168208,0.166098,0.163098,0.159155,0.154183,0.148046,0.140521,0.131201,0.119232,0.102206,0.054639,nan,nan,nan,nan,nan,nan,nan,0.053886
152160.000000,0.169829,0.169414,0.168161,0.166052,0.163053,0.159112,0.154142,0.148008,0.140486,0.131169,0.119205,0.102186,0.054635,nan,nan,nan,nan,nan,nan,nan,0.053882
152220.000000,0.169781,0.169366,0.168113,0.166005,0.163008,0.159068,0.154101,0.147970,0.140451,0.131138,0.119178,0.102165,0.054631,nan,nan,nan,nan,nan,nan,nan,0.053879
152280.000000,0.169733,0.169318,0.168066,0.165959,0.162963,0.159025,0.154060,0.147932,0.140416,0.131107,0.119152,0.102145,0.054626,nan,nan,nan,nan,nan,nan,nan,0.053875
152340.000000,0.169685,0.169270,0.168019,0.165912,0.162918,0.158982,0.154019,0.147893,0.140381,0.131076,0.119125,0.102125,0.054622,nan,nan,nan,nan,nan,nan,nan,0.053871
152400.000000,0.169637,0.169222,0.167971,0.165866,0.162873,0.158939,0.153978,0.147855,0.140346,0.131045,0.119099,0.102104,0.054618,nan,nan,nan,nan,nan,nan,nan,0.053867
152460.000000,0.169589,0.169174,0.167924,0.165820,0.162829,0.158896,0.153937,0.147817,0.140311,0.131013,0.119072,0.102084,0.054614,nan,nan,nan,nan,nan,nan,nan,0.053864
152520.000000,0.169541,0.169126,0.167877,0.165774,0.162784,0.158853,0.153896,0.147779,0.140276,0.130982,0.119046,0.102063,0.054610,nan,nan,nan,nan,nan,nan,nan,0.053860
152580.000000,0.169493,0.169079,0.167830,0.165728,0.162739,0.158810,0.153856,0.147741,0.140241,0.130951,0.119019,0.102043,0.054606,nan,nan,nan,nan,nan,nan,nan,0.053856
152640.000000,0.169445,0.169031,0.167783,0.165681,0.162694,0.158767,0.153815,0.147703,0.140206,0.130920,0.118993,0.102023,0.054601,nan,nan,nan,nan,nan,nan,nan,0.053853
152700.000000,0.169397,0.168983,0.167736,0.165635,0.162650,0.158724,0.153774,0.147665,0.140172,0.130889,0.118966,0.102003,0.054597,nan,nan,nan,nan,nan,nan,nan,0.053849
152760.000000,0.169350,0.168936,0.167689,0.165589,0.162605,0.158681,0.153734,0.147627,0.140137,0.130858,0.118940,0.101982,0.054593,nan,nan,nan,nan,nan,nan,nan,0.053845
152820.000000,0.169302,0.168888,0.167642,0.165543,0.162560,0.158638,0.153693,0.147589,0.140102,0.130827,0.118914,0.101962,0.054589,nan,nan,nan,nan,nan,nan,nan,0.053841
152880.000000,0.169254,0.168841,0.167595,0.165497,0.162516,0.158596,0.153652,0.147551,0.140067,0.130796,0.118887,0.101942,0.054585,nan,nan,nan,nan,nan,nan,nan,0.053838
152940.000000,0.169207,0.168793,0.167548,0.165452,0.162471,0.158553,0.153612,0.147513,0.140032,0.130765,0.118861,0.101922,0.054581,nan,nan,nan,nan,nan,nan,nan,0.053834
153000.000000,0.169159,0.168746,0.167501,0.165406,0.162427,0.158510,0.153571,0.147475,0.139998,0.130734,0.118835,0.101901,0.054577,nan,nan,nan,nan,nan,nan,nan,0.053830
153060.000000,0.169112,0.168699,0.167454,0.165360,0.162382,0.158468,0.153531,0.147437,0.139963,0.130703,0.118808,0.101881,0.054573,nan,nan,nan,nan,nan,nan,nan,0.053827
153120.000000,0.169064,0.168651,0.167408,0.165314,0.162338,0.158425,0.153490,0.147399,0.139929,0.130672,0.118782,0.101861,0.054569,nan,nan,nan,nan,nan,nan,nan,0.053823
153180.000000,0.169017,0.168604,0.167361,0.165269,0.162294,0.158382,0.153450,0.147362,0.139894,0.130642,0.118756,0.101841,0.054564,nan,nan,nan,nan,nan,nan,nan,0.053819
153240.000000,0.168969,0.168557,0.167314,0.165223,0.162249,0.158340,0.153410,0.147324,0.139859,0.130611,0.118730,0.101821,0.054560,nan,nan,nan,nan,nan,nan,nan,0.053816
153300.000000,0.168922,0.168510,0.167268,0.165177,0.162205,0.158297,0.153369,0.147286,0.139825,0.130580,0.118704,0.101801,0.054556,nan,nan,nan,nan,nan,nan,nan,0.053812
153360.000000,0.168875,0.168463,0.167221,0.165132,0.162161,0.158255,0.153329,0.147249,0.139790,0.130549,0.118677,0.101781,0.054552,nan,nan,nan,nan,nan,nan,nan,0.053809
153420.000000,0.168827,0.168416,0.167175,0.165086,0.162117,0.158212,0.153289,0.147211,0.139756,0.130519,0.118651,0.101761,0.054548,nan,nan,nan,nan,nan,nan,nan,0.053805
153480.000000,0.168780,0.168369,0.167128,0.165041,0.162073,0.158170,0.153249,0.147174,0.139721,0.130488,0.118625,0.101741,0.054544,nan,nan,nan,nan,nan,nan,nan,0.053801
153540.000000,0.168733,0.168322,0.167082,0.164995,0.162028,0.158128,0.153209,0.147136,0.139687,0.130457,0.118599,0.101721,0.054540,nan,nan,nan,nan,nan,nan,nan,0.053798
153600.000000,0.168686,0.168275,0.167036,0.164950,0.161984,0.158085,0.153168,0.147099,0.139653,0.130427,0.118573,0.101701,0.054536,nan,nan,nan,nan,nan,nan,nan,0.053794
153660.000000,0.168639,0.168228,0.166989,0.164904,0.161940,0.158043,0.153128,0.147061,0.139618,0.130396,0.118547,0.101681,0.054532,nan,nan,nan,nan,nan,nan,nan,0.053790
153720.000000,0.168592,0.168181,0.166943,0.164859,0.161896,0.158001,0.153088,0.147024,0.139584,0.130366,0.118521,0.101661,0.054528,nan,nan,nan,nan,nan,nan,nan,0.053787
153780.000000,0.168545,0.168134,0.166897,0.164814,0.161853,0.157959,0.153048,0.146986,0.139550,0.130335,0.118495,0.101641,0.054524,nan,nan,nan,nan,nan,nan,nan,0.053783
153840.000000,0.168498,0.168087,0.166851,0.164769,0.161809,0.157917,0.153008,0.146949,0.139516,0.130304,0.118469,0.101621,0.054520,nan,nan,nan,nan,nan,nan,nan,0.053780
153900.000000,0.168451,0.168041,0.166804,0.164723,0.161765,0.157875,0.152968,0.146912,0.139481,0.130274,0.118443,0.101601,0.054516,nan,nan,nan,nan,nan,nan,nan,0.053776
153960.000000,0.168404,0.167994,0.166758,0.164678,0.161721,0.157833,0.152929,0.146874,0.139447,0.130243,0.118417,0.101581,0.054512,nan,nan,nan,nan,nan,nan,nan,0.053773
154020.000000,0.168357,0.167947,0.166712,0.164633,0.161677,0.157791,0.152889,0.146837,0.139413,0.130213,0.118391,0.101561,0.054508,nan,nan,nan,nan,nan,nan,nan,0.053769
154080.000000,0.168310,0.167901,0.166666,0.164588,0.161634,0.157749,0.152849,0.146800,0.139379,0.130183,0.118365,0.101541,0.054504,nan,nan,nan,nan,nan,nan,nan,0.053765
154140.000000,0.168264,0.167854,0.166620,0.164543,0.161590,0.157707,0.152809,0.146763,0.139345,0.130152,0.118340,0.101521,0.054500,nan,nan,nan,nan,nan,nan,nan,0.053762
154200.000000,0.168217,0.167808,0.166574,0.164498,0.161546,0.157665,0.152769,0.146726,0.139311,0.130122,0.118314,0.101501,0.054496,nan,nan,nan,nan,nan,nan,nan,0.053758
154260.000000,0.168170,0.167761,0.166528,0.164453,0.161503,0.157623,0.152730,0.146688,0.139277,0.130092,0.118288,0.101482,0.054492,nan,nan,nan,nan,nan,nan,nan,0.053755
154320.000000,0.168124,0.167715,0.166483,0.164408,0.161459,0.157581,0.152690,0.146651,0.139243,0.130061,0.118262,0.101462,0.054488,nan,nan,nan,nan,nan,nan,nan,0.053751
154380.000000,0.168077,0.167669,0.166437,0.164364,0.161416,0.157539,0.152650,0.146614,0.139209,0.130031,0.118236,0.101442,0.054484,nan,nan,nan,nan,nan,nan,nan,0.053748
154440.000000,0.168031,0.167622,0.166391,0.164319,0.161372,0.157498,0.152611,0.146577,0.139175,0.130001,0.118211,0.101422,0.054480,nan,nan,nan,nan,nan,nan,nan,0.053744
154500.000000,0.167984,0.167576,0.166345,0.164274,0.161329,0.157456,0.152571,0.146540,0.139141,0.129971,0.118185,0.101402,0.054476,nan,nan,nan,nan,nan,nan,nan,0.053740
154560.000000,0.167938,0.167530,0.166300,0.164229,0.161285,0.157414,0.152532,0.146503,0.139107,0.129940,0.118159,0.101383,0.054472,nan,nan,nan,nan,nan,nan,nan,0.053737
154620.000000,0.167892,0.167484,0.166254,0.164185,0.161242,0.157373,0.152492,0.146466,0.139073,0.129910,0.118134,0.101363,0.054468,nan,nan,nan,nan,nan,nan,nan,0.053733
154680.000000,0.167845,0.167437,0.166209,0.164140,0.161199,0.157331,0.152453,0.146430,0.139040,0.129880,0.118108,0.101343,0.054464,nan,nan,nan,nan,nan,nan,nan,0.053730
154740.000000,0.167799,0.167391,0.166163,0.164095,0.161155,0.157289,0.152413,0.146393,0.139006,0.129850,0.118082,0.101324,0.054460,nan,nan,nan,nan,nan,nan,nan,0.053726
154800.000000,0.167753,0.167345,0.166118,0.164051,0.161112,0.157248,0.152374,0.146356,0.138972,0.129820,0.118057,0.101304,0.054456,nan,nan,nan,nan,nan,nan,nan,0.053723
154860.000000,0.167707,0.167299,0.166072,0.164006,0.161069,0.157206,0.152335,0.146319,0.138938,0.129790,0.118031,0.101284,0.054452,nan,nan,nan,nan,nan,nan,nan,0.053719
154920.000000,0.167660,0.167253,0.166027,0.163962,0.161026,0.157165,0.152295,0.146282,0.138905,0.129760,0.118006,0.101265,0.054448,nan,nan,nan,nan,nan,nan,nan,0.053716
154980.000000,0.167614,0.167207,0.165981,0.163917,0.160983,0.157124,0.152256,0.146246,0.138871,0.129730,0.117980,0.101245,0.054444,nan,nan,nan,nan,nan,nan,nan,0.053712
155040.000000,0.167568,0.167162,0.165936,0.163873,0.160940,0.157082,0.152217,0.146209,0.138837,0.129700,0.117954,0.101225,0.054440,nan,nan,nan,nan,nan,nan,nan,0.053709
155100.000000,0.167522,0.167116,0.165891,0.163829,0.160897,0.157041,0.152178,0.146172,0.138804,0.129670,0.117929,0.101206,0.054436,nan,nan,nan,nan,nan,nan,nan,0.053705
155160.000000,0.167476,0.167070,0.165846,0.163784,0.160854,0.157000,0.152138,0.146136,0.138770,0.129640,0.117903,0.101186,0.054433,nan,nan,nan,nan,nan,nan,nan,0.053702
155220.000000,0.167430,0.167024,0.165800,0.163740,0.160811,0.156958,0.152099,0.146099,0.138737,0.129610,0.117878,0.101167,0.054429,nan,nan,nan,nan,nan,nan,nan,0.053698
155280.000000,0.167384,0.166979,0.165755,0.163696,0.160768,0.156917,0.152060,0.146063,0.138703,0.129580,0.117853,0.101147,0.054425,nan,nan,nan,nan,nan,nan,nan,0.053695
155340.000000,0.167339,0.166933,0.165710,0.163652,0.160725,0.156876,0.152021,0.146026,0.138670,0.129550,0.117827,0.101128,0.054421,nan,nan,nan,nan,nan,nan,nan,0.053692
155400.000000,0.167293,0.166887,0.165665,0.163608,0.160682,0.156835,0.151982,0.145990,0.138636,0.129521,0.117802,0.101108,0.054417,nan,nan,nan,nan,nan,nan,nan,0.053688
155460.000000,0.167247,0.166842,0.165620,0.163564,0.160639,0.156794,0.151943,0.145953,0.138603,0.129491,0.117776,0.101089,0.054413,nan,nan,nan,nan,nan,nan,nan,0.053685
155520.000000,0.167201,0.166796,0.165575,0.163520,0.160597,0.156753,0.151904,0.145917,0.138569,0.129461,0.117751,0.101069,0.054409,nan,nan,nan,nan,nan,nan,nan,0.053681
155580.000000,0.167156,0.166751,0.165530,0.163476,0.160554,0.156712,0.151865,0.145881,0.138536,0.129431,0.117726,0.101050,0.054405,nan,nan,nan,nan,nan,nan,nan,0.053678
155640.000000,0.167110,0.166705,0.165485,0.163432,0.160511,0.156671,0.151826,0.145844,0.138503,0.129402,0.117700,0.101030,0.054401,nan,nan,nan,nan,nan,nan,nan,0.053674
155700.000000,0.167064,0.166660,0.165440,0.163388,0.160469,0.156630,0.151788,0.145808,0.138470,0.129372,0.117675,0.101011,0.054398,nan,nan,nan,nan,nan,nan,nan,0.053671
155760.000000,0.167019,0.166615,0.165396,0.163344,0.160426,0.156589,0.151749,0.145772,0.138436,0.129342,0.117650,0.100991,0.054394,nan,nan,nan,nan,nan,nan,nan,0.053667
155820.000000,0.166973,0.166569,0.165351,0.163300,0.160384,0.156548,0.151710,0.145735,0.138403,0.129313,0.117625,0.100972,0.054390,nan,nan,nan,nan,nan,nan,nan,0.053664
155880.000000,0.166928,0.166524,0.165306,0.163256,0.160341,0.156507,0.151671,0.145699,0.138370,0.129283,0.117600,0.100953,0.054386,nan,nan,nan,nan,nan,nan,nan,0.053661
155940.000000,0.166883,0.166479,0.165261,0.163212,0.160299,0.156467,0.151633,0.145663,0.138337,0.129253,0.117574,0.100933,0.054382,nan,nan,nan,nan,nan,nan,nan,0.053657
156000.000000,0.166837,0.166434,0.165217,0.163169,0.160256,0.156426,0.151594,0.145627,0.138304,0.129224,0.117549,0.100914,0.054378,nan,nan,nan,nan,nan,nan,nan,0.053654
156060.000000,0.166792,0.166388,0.165172,0.163125,0.160214,0.156385,0.151555,0.145591,0.138270,0.129194,0.117524,0.100895,0.054374,nan,nan,nan,nan,nan,nan,nan,0.053650
156120.000000,0.166747,0.166343,0.165128,0.163081,0.160171,0.156345,0.151517,0.145555,0.138237,0.129165,0.117499,0.100875,0.054371,nan,nan,nan,nan,nan,nan,nan,0.053647
156180.000000,0.166701,0.166298,0.165083,0.163038,0.160129,0.156304,0.151478,0.145519,0.138204,0.129135,0.117474,0.100856,0.054367,nan,nan,nan,nan,nan,nan,nan,0.053643
156240.000000,0.166656,0.166253,0.165039,0.162994,0.160087,0.156263,0.151440,0.145483,0.138171,0.129106,0.117449,0.100837,0.054363,nan,nan,nan,nan,nan,nan,nan,0.053640
156300.000000,0.166611,0.166208,0.164994,0.162951,0.160045,0.156223,0.151401,0.145447,0.138138,0.129076,0.117424,0.100817,0.054359,nan,nan,nan,nan,nan,nan,nan,0.053637
156360.000000,0.166566,0.166163,0.164950,0.162907,0.160003,0.156182,0.151363,0.145411,0.138105,0.129047,0.117399,0.100798,0.054355,nan,nan,nan,nan,nan,nan,nan,0.053633
156420.000000,0.166521,0.166118,0.164906,0.162864,0.159960,0.156142,0.151324,0.145375,0.138072,0.129018,0.117374,0.100779,0.054351,nan,nan,nan,nan,nan,nan,nan,0.053630
156480.000000,0.166476,0.166074,0.164861,0.162820,0.159918,0.156101,0.151286,0.145339,0.138039,0.128988,0.117349,0.100760,0.054348,nan,nan,nan,nan,nan,nan,nan,0.053627
156540.000000,0.166431,0.166029,0.164817,0.162777,0.159876,0.156061,0.151248,0.145303,0.138007,0.128959,0.117324,0.100740,0.054344,nan,nan,nan,nan,nan,nan,nan,0.053623
156600.000000,0.166386,0.165984,0.164773,0.162734,0.159834,0.156021,0.151209,0.145267,0.137974,0.128930,0.117299,0.100721,0.054340,nan,nan,nan,nan,nan,nan,nan,0.053620
156660.000000,0.166341,0.165939,0.164729,0.162691,0.159792,0.155980,0.151171,0.145231,0.137941,0.128900,0.117274,0.100702,0.054336,nan,nan,nan,nan,nan,nan,nan,0.053616
156720.000000,0.166296,0.165895,0.164684,0.162647,0.159750,0.155940,0.151133,0.145196,0.137908,0.128871,0.117249,0.100683,0.054332,nan,nan,nan,nan,nan,nan,nan,0.053613
156780.000000,0.166251,0.165850,0.164640,0.162604,0.159708,0.155900,0.151095,0.145160,0.137875,0.128842,0.117224,0.100664,0.054329,nan,nan,nan,nan,nan,nan,nan,0.053610
156840.000000,0.166207,0.165805,0.164596,0.162561,0.159666,0.155860,0.151057,0.145124,0.137843,0.128813,0.117199,0.100645,0.054325,nan,nan,nan,nan,nan,nan,nan,0.053606
156900.000000,0.166162,0.165761,0.164552,0.162518,0.159625,0.155819,0.151018,0.145089,0.137810,0.128784,0.117174,0.100626,0.054321,nan,nan,nan,nan,nan,nan,nan,0.053603
156960.000000,0.166117,0.165716,0.164508,0.162475,0.159583,0.155779,0.150980,0.145053,0.137777,0.128754,0.117149,0.100607,0.054317,nan,nan,nan,nan,nan,nan,nan,0.053600
157020.000000,0.166072,0.165672,0.164464,0.162432,0.159541,0.155739,0.150942,0.145017,0.137745,0.128725,0.117125,0.100587,0.054314,nan,nan,nan,nan,nan,nan,nan,0.053596
157080.000000,0.166028,0.165627,0.164421,0.162389,0.159499,0.155699,0.150904,0.144982,0.137712,0.128696,0.117100,0.100568,0.054310,nan,nan,nan,nan,nan,nan,nan,0.053593
157140.000000,0.165983,0.165583,0.164377,0.162346,0.159458,0.155659,0.150866,0.144946,0.137680,0.128667,0.117075,0.100549,0.054306,nan,nan,nan,nan,nan,nan,nan,0.053590
157200.000000,0.165939,0.165539,0.164333,0.162303,0.159416,0.155619,0.150828,0.144911,0.137647,0.128638,0.117050,0.100530,0.054302,nan,nan,nan,nan,nan,nan,nan,0.053586
157260.000000,0.165894,0.165494,0.164289,0.162260,0.159374,0.155579,0.150790,0.144875,0.137614,0.128609,0.117026,0.100511,0.054299,nan,nan,nan,nan,nan,nan,nan,0.053583
157320.000000,0.165850,0.165450,0.164245,0.162217,0.159333,0.155539,0.150752,0.144840,0.137582,0.128580,0.117001,0.100492,0.054295,nan,nan,nan,nan,nan,nan,nan,0.053580
157380.000000,0.165805,0.165406,0.164202,0.162174,0.159291,0.155499,0.150715,0.144805,0.137549,0.128551,0.116976,0.100473,0.054291,nan,nan,nan,nan,nan,nan,nan,0.053576
157440.000000,0.165761,0.165362,0.164158,0.162132,0.159250,0.155459,0.150677,0.144769,0.137517,0.128522,0.116952,0.100454,0.054287,nan,nan,nan,nan,nan,nan,nan,0.053573
157500.000000,0.165717,0.165318,0.164114,0.162089,0.159208,0.155420,0.150639,0.144734,0.137485,0.128493,0.116927,0.100435,0.054284,nan,nan,nan,nan,nan,nan,nan,0.053570
157560.000000,0.165672,0.165274,0.164071,0.162046,0.159167,0.155380,0.150601,0.144699,0.137452,0.128464,0.116902,0.100417,0.054280,nan,nan,nan,nan,nan,nan,nan,0.053567
157620.000000,0.165628,0.165229,0.164027,0.162004,0.159126,0.155340,0.150564,0.144663,0.137420,0.128436,0.116878,0.100398,0.054276,nan,nan,nan,nan,nan,nan,nan,0.053563
157680.000000,0.165584,0.165185,0.163984,0.161961,0.159084,0.155300,0.150526,0.144628,0.137388,0.128407,0.116853,0.100379,0.054273,nan,nan,nan,nan,nan,nan,nan,0.053560
157740.000000,0.165540,0.165141,0.163940,0.161919,0.159043,0.155261,0.150488,0.144593,0.137355,0.128378,0.116829,0.100360,0.054269,nan,nan,nan,nan,nan,nan,nan,0.053557
157800.000000,0.165496,0.165098,0.163897,0.161876,0.159002,0.155221,0.150451,0.144558,0.137323,0.128349,0.116804,0.100341,0.054265,nan,nan,nan,nan,nan,nan,nan,0.053553
157860.000000,0.165452,0.165054,0.163854,0.161834,0.158961,0.155181,0.150413,0.144523,0.137291,0.128320,0.116780,0.100322,0.054261,nan,nan,nan,nan,nan,nan,nan,0.053550
157920.000000,0.165408,0.165010,0.163810,0.161791,0.158919,0.155142,0.150376,0.144488,0.137259,0.128292,0.116755,0.100303,0.054258,nan,nan,nan,nan,nan,nan,nan,0.053547
157980.000000,0.165364,0.164966,0.163767,0.161749,0.158878,0.155102,0.150338,0.144452,0.137226,0.128263,0.116731,0.100284,0.054254,nan,nan,nan,nan,nan,nan,nan,0.053544
158040.000000,0.165320,0.164922,0.163724,0.161706,0.158837,0.155063,0.150301,0.144417,0.137194,0.128234,0.116706,0.100266,0.054250,nan,nan,nan,nan,nan,nan,nan,0.053540
158100.000000,0.165276,0.164878,0.163681,0.161664,0.158796,0.155023,0.150263,0.144382,0.137162,0.128206,0.116682,0.100247,0.054247,nan,nan,nan,nan,nan,nan,nan,0.053537
158160.000000,0.165232,0.164835,0.163637,0.161622,0.158755,0.154984,0.150226,0.144347,0.137130,0.128177,0.116657,0.100228,0.054243,nan,nan,nan,nan,nan,nan,nan,0.053534
158220.000000,0.165188,0.164791,0.163594,0.161580,0.158714,0.154945,0.150188,0.144312,0.137098,0.128148,0.116633,0.100209,0.054239,nan,nan,nan,nan,nan,nan,nan,0.053531
158280.000000,0.165144,0.164748,0.163551,0.161537,0.158673,0.154905,0.150151,0.144278,0.137066,0.128120,0.116609,0.100191,0.054236,nan,nan,nan,nan,nan,nan,nan,0.053527
158340.000000,0.165101,0.164704,0.163508,0.161495,0.158632,0.154866,0.150114,0.144243,0.137034,0.128091,0.116584,0.100172,0.054232,nan,nan,nan,nan,nan,nan,nan,0.053524
158400.000000,0.165057,0.164660,0.163465,0.161453,0.158591,0.154827,0.150076,0.144208,0.137002,0.128063,0.116560,0.100153,0.054228,nan,nan,nan,nan,nan,nan,nan,0.053521
158460.000000,0.165013,0.164617,0.163422,0.161411,0.158550,0.154788,0.150039,0.144173,0.136970,0.128034,0.116536,0.100134,0.054225,nan,nan,nan,nan,nan,nan,nan,0.053518
158520.000000,0.164970,0.164573,0.163379,0.161369,0.158510,0.154748,0.150002,0.144138,0.136938,0.128006,0.116512,0.100116,0.054221,nan,nan,nan,nan,nan,nan,nan,0.053514
158580.000000,0.164926,0.164530,0.163336,0.161327,0.158469,0.154709,0.149965,0.144103,0.136906,0.127977,0.116487,0.100097,0.054218,nan,nan,nan,nan,nan,nan,nan,0.053511
158640.000000,0.164882,0.164487,0.163294,0.161285,0.158428,0.154670,0.149928,0.144069,0.136874,0.127949,0.116463,0.100078,0.054214,nan,nan,nan,nan,nan,nan,nan,0.053508
158700.000000,0.164839,0.164443,0.163251,0.161243,0.158387,0.154631,0.149891,0.144034,0.136843,0.127920,0.116439,0.100060,0.054210,nan,nan,nan,nan,nan,nan,nan,0.053505
158760.000000,0.164796,0.164400,0.163208,0.161201,0.158347,0.154592,0.149853,0.143999,0.136811,0.127892,0.116415,0.100041,0.054207,nan,nan,nan,nan,nan,nan,nan,0.053502
158820.000000,0.164752,0.164357,0.163165,0.161159,0.158306,0.154553,0.149816,0.143965,0.136779,0.127864,0.116390,0.100023,0.054203,nan,nan,nan,nan,nan,nan,nan,0.053498
158880.000000,0.164709,0.164314,0.163123,0.161117,0.158266,0.154514,0.149779,0.143930,0.136747,0.127835,0.116366,0.100004,0.054199,nan,nan,nan,nan,nan,nan,nan,0.053495
158940.000000,0.164665,0.164270,0.163080,0.161076,0.158225,0.154475,0.149742,0.143895,0.136715,0.127807,0.116342,0.099985,0.054196,nan,nan,nan,nan,nan,nan,nan,0.053492
159000.000000,0.164622,0.164227,0.163037,0.161034,0.158184,0.154436,0.149706,0.143861,0.136684,0.127779,0.116318,0.099967,0.054192,nan,nan,nan,nan,nan,nan,nan,0.053489
159060.000000,0.164579,0.164184,0.162995,0.160992,0.158144,0.154397,0.149669,0.143826,0.136652,0.127750,0.116294,0.099948,0.054189,nan,nan,nan,nan,nan,nan,nan,0.053486
159120.000000,0.164536,0.164141,0.162952,0.160951,0.158104,0.154358,0.149632,0.143792,0.136620,0.127722,0.116270,0.099930,0.054185,nan,nan,nan,nan,nan,nan,nan,0.053483
159180.000000,0.164492,0.164098,0.162910,0.160909,0.158063,0.154319,0.149595,0.143757,0.136589,0.127694,0.116246,0.099911,0.054181,nan,nan,nan,nan,nan,nan,nan,0.053479
159240.000000,0.164449,0.164055,0.162867,0.160867,0.158023,0.154281,0.149558,0.143723,0.136557,0.127666,0.116222,0.099893,0.054178,nan,nan,nan,nan,nan,nan,nan,0.053476
159300.000000,0.164406,0.164012,0.162825,0.160826,0.157982,0.154242,0.149521,0.143689,0.136526,0.127638,0.116198,0.099874,0.054174,nan,nan,nan,nan,nan,nan,nan,0.053473
159360.000000,0.164363,0.163969,0.162783,0.160784,0.157942,0.154203,0.149485,0.143654,0.136494,0.127609,0.116174,0.099856,0.054171,nan,nan,nan,nan,nan,nan,nan,0.053470
159420.000000,0.164320,0.163927,0.162740,0.160743,0.157902,0.154165,0.149448,0.143620,0.136463,0.127581,0.116150,0.099837,0.054167,nan,nan,nan,nan,nan,nan,nan,0.053467
159480.000000,0.164277,0.163884,0.162698,0.160701,0.157862,0.154126,0.149411,0.143586,0.136431,0.127553,0.116126,0.099819,0.054164,nan,nan,nan,nan,nan,nan,nan,0.053464
159540.000000,0.164234,0.163841,0.162656,0.160660,0.157822,0.154087,0.149375,0.143551,0.136400,0.127525,0.116102,0.099801,0.054160,nan,nan,nan,nan,nan,nan,nan,0.053460
159600.000000,0.164191,0.163798,0.162613,0.160619,0.157781,0.154049,0.149338,0.143517,0.136368,0.127497,0.116078,0.099782,0.054156,nan,nan,nan,nan,nan,nan,nan,0.053457
159660.000000,0.164148,0.163755,0.162571,0.160577,0.157741,0.154010,0.149301,0.143483,0.136337,0.127469,0.116054,0.099764,0.054153,nan,nan,nan,nan,nan,nan,nan,0.053454
159720.000000,0.164106,0.163713,0.162529,0.160536,0.157701,0.153972,0.149265,0.143449,0.136305,0.127441,0.116030,0.099745,0.054149,nan,nan,nan,nan,nan,nan,nan,0.053451
159780.000000,0.164063,0.163670,0.162487,0.160495,0.157661,0.153933,0.149228,0.143415,0.136274,0.127413,0.116006,0.099727,0.054146,nan,nan,nan,nan,nan,nan,nan,0.053448
159840.000000,0.164020,0.163628,0.162445,0.160454,0.157621,0.153895,0.149192,0.143380,0.136243,0.127385,0.115983,0.099709,0.054142,nan,nan,nan,nan,nan,nan,nan,0.053445
159900.000000,0.163977,0.163585,0.162403,0.160412,0.157581,0.153856,0.149155,0.143346,0.136212,0.127357,0.115959,0.099690,0.054139,nan,nan,nan,nan,nan,nan,nan,0.053442
159960.000000,0.163935,0.163543,0.162361,0.160371,0.157541,0.153818,0.149119,0.143312,0.136180,0.127329,0.115935,0.099672,0.054135,nan,nan,nan,nan,nan,nan,nan,0.053438
160020.000000,0.163892,0.163500,0.162319,0.160330,0.157501,0.153780,0.149083,0.143278,0.136149,0.127301,0.115911,0.099654,0.054132,nan,nan,nan,nan,nan,nan,nan,0.053435
160080.000000,0.163849,0.163458,0.162277,0.160289,0.157462,0.153741,0.149046,0.143244,0.136118,0.127274,0.115888,0.099635,0.054128,nan,nan,nan,nan,nan,nan,nan,0.053432
160140.000000,0.163807,0.163415,0.162235,0.160248,0.157422,0.153703,0.149010,0.143210,0.136087,0.127246,0.115864,0.099617,0.054125,nan,nan,nan,nan,nan,nan,nan,0.053429
160200.000000,0.163764,0.163373,0.162193,0.160207,0.157382,0.153665,0.148974,0.143176,0.136056,0.127218,0.115840,0.099599,0.054121,nan,nan,nan,nan,nan,nan,nan,0.053426
160260.000000,0.163722,0.163331,0.162151,0.160166,0.157342,0.153627,0.148937,0.143142,0.136024,0.127190,0.115816,0.099581,0.054118,nan,nan,nan,nan,nan,nan,nan,0.053423
160320.000000,0.163679,0.163288,0.162110,0.160125,0.157302,0.153589,0.148901,0.143108,0.135993,0.127162,0.115793,0.099562,0.054114,nan,nan,nan,nan,nan,nan,nan,0.053420
160380.000000,0.163637,0.163246,0.162068,0.160084,0.157263,0.153551,0.148865,0.143075,0.135962,0.127135,0.115769,0.099544,0.054110,nan,nan,nan,nan,nan,nan,nan,0.053417
160440.000000,0.163595,0.163204,0.162026,0.160044,0.157223,0.153512,0.148829,0.143041,0.135931,0.127107,0.115745,0.099526,0.054107,nan,nan,nan,nan,nan,nan,nan,0.053414
160500.000000,0.163552,0.163162,0.161985,0.160003,0.157184,0.153474,0.148793,0.143007,0.135900,0.127079,0.115722,0.099508,0.054104,nan,nan,nan,nan,nan,nan,nan,0.053411
160560.000000,0.163510,0.163120,0.161943,0.159962,0.157144,0.153436,0.148757,0.142973,0.135869,0.127052,0.115698,0.099490,0.054100,nan,nan,nan,nan,nan,nan,nan,0.053408
160620.000000,0.163468,0.163078,0.161901,0.159921,0.157104,0.153398,0.148721,0.142939,0.135838,0.127024,0.115675,0.099471,0.054097,nan,nan,nan,nan,nan,nan,nan,0.053404
160680.000000,0.163425,0.163036,0.161860,0.159881,0.157065,0.153360,0.148684,0.142906,0.135807,0.126996,0.115651,0.099453,0.054093,nan,nan,nan,nan,nan,nan,nan,0.053401
160740.000000,0.163383,0.162994,0.161818,0.159840,0.157025,0.153323,0.148648,0.142872,0.135776,0.126969,0.115628,0.099435,0.054090,nan,nan,nan,nan,nan,nan,nan,0.053398
160800.000000,0.163341,0.162952,0.161777,0.159799,0.156986,0.153285,0.148613,0.142838,0.135745,0.126941,0.115604,0.099417,0.054086,nan,nan,nan,nan,nan,nan,nan,0.053395
160860.000000,0.163299,0.162910,0.161736,0.159759,0.156947,0.153247,0.148577,0.142805,0.135715,0.126914,0.115581,0.099399,0.054083,nan,nan,nan,nan,nan,nan,nan,0.053392
160920.000000,0.163257,0.162868,0.161694,0.159718,0.156907,0.153209,0.148541,0.142771,0.135684,0.126886,0.115557,0.099381,0.054079,nan,nan,nan,nan,nan,nan,nan,0.053389
160980.000000,0.163215,0.162826,0.161653,0.159678,0.156868,0.153171,0.148505,0.142738,0.135653,0.126859,0.115534,0.099363,0.054076,nan,nan,nan,nan,nan,nan,nan,0.053386
161040.000000,0.163173,0.162784,0.161611,0.159637,0.156829,0.153133,0.148469,0.142704,0.135622,0.126831,0.115510,0.099345,0.054072,nan,nan,nan,nan,nan,nan,nan,0.053383
161100.000000,0.163131,0.162742,0.161570,0.159597,0.156789,0.153096,0.148433,0.142671,0.135591,0.126804,0.115487,0.099327,0.054069,nan,nan,nan,nan,nan,nan,nan,0.053380
161160.000000,0.163089,0.162701,0.161529,0.159556,0.156750,0.153058,0.148397,0.142637,0.135561,0.126776,0.115463,0.099309,0.054065,nan,nan,nan,nan,nan,nan,nan,0.053377
161220.000000,0.163047,0.162659,0.161488,0.159516,0.156711,0.153020,0.148362,0.142604,0.135530,0.126749,0.115440,0.099291,0.054062,nan,nan,nan,nan,nan,nan,nan,0.053374
161280.000000,0.163005,0.162617,0.161447,0.159476,0.156672,0.152983,0.148326,0.142570,0.135499,0.126721,0.115417,0.099273,0.054058,nan,nan,nan,nan,nan,nan,nan,0.053371
161340.000000,0.162964,0.162576,0.161405,0.159435,0.156633,0.152945,0.148290,0.142537,0.135469,0.126694,0.115393,0.099255,0.054055,nan,nan,nan,nan,nan,nan,nan,0.053368
161400.000000,0.162922,0.162534,0.161364,0.159395,0.156594,0.152908,0.148255,0.142504,0.135438,0.126667,0.115370,0.099237,0.054052,nan,nan,nan,nan,nan,nan,nan,0.053365
161460.000000,0.162880,0.162492,0.161323,0.159355,0.156555,0.152870,0.148219,0.142470,0.135408,0.126639,0.115347,0.099219,0.054048,nan,nan,nan,nan,nan,nan,nan,0.053362
161520.000000,0.162839,0.162451,0.161282,0.159315,0.156516,0.152833,0.148183,0.142437,0.135377,0.126612,0.115323,0.099201,0.054045,nan,nan,nan,nan,nan,nan,nan,0.053359
161580.000000,0.162797,0.162409,0.161241,0.159275,0.156477,0.152795,0.148148,0.142404,0.135346,0.126585,0.115300,0.099183,0.054041,nan,nan,nan,nan,nan,nan,nan,0.053356
161640.000000,0.162755,0.162368,0.161200,0.159234,0.156438,0.152758,0.148112,0.142370,0.135316,0.126558,0.115277,0.099165,0.054038,nan,nan,nan,nan,nan,nan,nan,0.053353
161700.000000,0.162714,0.162327,0.161159,0.159194,0.156399,0.152720,0.148077,0.142337,0.135285,0.126530,0.115254,0.099147,0.054035,nan,nan,nan,nan,nan,nan,nan,0.053350
161760.000000,0.162672,0.162285,0.161119,0.159154,0.156360,0.152683,0.148041,0.142304,0.135255,0.126503,0.115231,0.099129,0.054031,nan,nan,nan,nan,nan,nan,nan,0.053347
161820.000000,0.162631,0.162244,0.161078,0.159114,0.156321,0.152646,0.148006,0.142271,0.135225,0.126476,0.115207,0.099111,0.054028,nan,nan,nan,nan,nan,nan,nan,0.053344
161880.000000,0.162589,0.162203,0.161037,0.159074,0.156282,0.152608,0.147971,0.142238,0.135194,0.126449,0.115184,0.099094,0.054024,nan,nan,nan,nan,nan,nan,nan,0.053341
161940.000000,0.162548,0.162161,0.160996,0.159034,0.156244,0.152571,0.147935,0.142205,0.135164,0.126422,0.115161,0.099076,0.054021,nan,nan,nan,nan,nan,nan,nan,0.053338
162000.000000,0.162506,0.162120,0.160956,0.158995,0.156205,0.152534,0.147900,0.142172,0.135133,0.126395,0.115138,0.099058,0.054018,nan,nan,nan,nan,nan,nan,nan,0.053335
162060.000000,0.162465,0.162079,0.160915,0.158955,0.156166,0.152497,0.147864,0.142139,0.135103,0.126368,0.115115,0.099040,0.054014,nan,nan,nan,nan,nan,nan,nan,0.053332
162120.000000,0.162424,0.162038,0.160874,0.158915,0.156127,0.152460,0.147829,0.142106,0.135073,0.126340,0.115092,0.099022,0.054011,nan,nan,nan,nan,nan,nan,nan,0.053329
162180.000000,0.162382,0.161997,0.160834,0.158875,0.156089,0.152423,0.147794,0.142073,0.135042,0.126313,0.115069,0.099005,0.054007,nan,nan,nan,nan,nan,nan,nan,0.053326
162240.000000,0.162341,0.161956,0.160793,0.158835,0.156050,0.152385,0.147759,0.142040,0.135012,0.126286,0.115046,0.098987,0.054004,nan,nan,nan,nan,nan,nan,nan,0.053323
162300.000000,0.162300,0.161915,0.160752,0.158796,0.156012,0.152348,0.147724,0.142007,0.134982,0.126259,0.115023,0.098969,0.054001,nan,nan,nan,nan,nan,nan,nan,0.053320
162360.000000,0.162259,0.161874,0.160712,0.158756,0.155973,0.152311,0.147688,0.141974,0.134952,0.126232,0.115000,0.098951,0.053997,nan,nan,nan,nan,nan,nan,nan,0.053317
162420.000000,0.162218,0.161833,0.160671,0.158716,0.155935,0.152274,0.147653,0.141941,0.134922,0.126206,0.114977,0.098934,0.053994,nan,nan,nan,nan,nan,nan,nan,0.053314
162480.000000,0.162177,0.161792,0.160631,0.158677,0.155896,0.152237,0.147618,0.141908,0.134891,0.126179,0.114954,0.098916,0.053991,nan,nan,nan,nan,nan,nan,nan,0.053311
162540.000000,0.162136,0.161751,0.160591,0.158637,0.155858,0.152201,0.147583,0.141875,0.134861,0.126152,0.114931,0.098898,0.053987,nan,nan,nan,nan,nan,nan,nan,0.053308
162600.000000,0.162095,0.161710,0.160550,0.158597,0.155819,0.152164,0.147548,0.141842,0.134831,0.126125,0.114908,0.098881,0.053984,nan,nan,nan,nan,nan,nan,nan,0.053305
162660.000000,0.162054,0.161669,0.160510,0.158558,0.155781,0.152127,0.147513,0.141810,0.134801,0.126098,0.114885,0.098863,0.053981,nan,nan,nan,nan,nan,nan,nan,0.053303
162720.000000,0.162013,0.161628,0.160470,0.158518,0.155743,0.152090,0.147478,0.141777,0.134771,0.126071,0.114862,0.098845,0.053977,nan,nan,nan,nan,nan,nan,nan,0.053300
162780.000000,0.161972,0.161588,0.160429,0.158479,0.155704,0.152053,0.147443,0.141744,0.134741,0.126044,0.114839,0.098828,0.053974,nan,nan,nan,nan,nan,nan,nan,0.053297
162840.000000,0.161931,0.161547,0.160389,0.158440,0.155666,0.152016,0.147408,0.141712,0.134711,0.126018,0.114816,0.098810,0.053971,nan,nan,nan,nan,nan,nan,nan,0.053294
162900.000000,0.161890,0.161506,0.160349,0.158400,0.155628,0.151980,0.147373,0.141679,0.134681,0.125991,0.114793,0.098792,0.053967,nan,nan,nan,nan,nan,nan,nan,0.053291
162960.000000,0.161849,0.161466,0.160309,0.158361,0.155590,0.151943,0.147339,0.141646,0.134651,0.125964,0.114770,0.098775,0.053964,nan,nan,nan,nan,nan,nan,nan,0.053288
163020.000000,0.161809,0.161425,0.160269,0.158322,0.155552,0.151906,0.147304,0.141614,0.134621,0.125937,0.114748,0.098757,0.053961,nan,nan,nan,nan,nan,nan,nan,0.053285
163080.000000,0.161768,0.161384,0.160229,0.158282,0.155513,0.151870,0.147269,0.141581,0.134591,0.125911,0.114725,0.098740,0.053957,nan,nan,nan,nan,nan,nan,nan,0.053282
163140.000000,0.161727,0.161344,0.160189,0.158243,0.155475,0.151833,0.147234,0.141549,0.134562,0.125884,0.114702,0.098722,0.053954,nan,nan,nan,nan,nan,nan,nan,0.053279
163200.000000,0.161686,0.161303,0.160149,0.158204,0.155437,0.151796,0.147199,0.141516,0.134532,0.125857,0.114679,0.098705,0.053951,nan,nan,nan,nan,nan,nan,nan,0.053276
163260.000000,0.161646,0.161263,0.160109,0.158165,0.155399,0.151760,0.147165,0.141484,0.134502,0.125831,0.114657,0.098687,0.053947,nan,nan,nan,nan,nan,nan,nan,0.053273
163320.000000,0.161605,0.161223,0.160069,0.158126,0.155361,0.151723,0.147130,0.141451,0.134472,0.125804,0.114634,0.098669,0.053944,nan,nan,nan,nan,nan,nan,nan,0.053270
163380.000000,0.161565,0.161182,0.160029,0.158087,0.155323,0.151687,0.147095,0.141419,0.134442,0.125777,0.114611,0.098652,0.053941,nan,nan,nan,nan,nan,nan,nan,0.053268
163440.000000,0.161524,0.161142,0.159989,0.158048,0.155285,0.151650,0.147061,0.141386,0.134413,0.125751,0.114589,0.098635,0.053937,nan,nan,nan,nan,nan,nan,nan,0.053265
163500.000000,0.161484,0.161101,0.159949,0.158008,0.155248,0.151614,0.147026,0.141354,0.134383,0.125724,0.114566,0.098617,0.053934,nan,nan,nan,nan,nan,nan,nan,0.053262
163560.000000,0.161443,0.161061,0.159909,0.157970,0.155210,0.151578,0.146992,0.141322,0.134353,0.125698,0.114543,0.098600,0.053931,nan,nan,nan,nan,nan,nan,nan,0.053259
163620.000000,0.161403,0.161021,0.159870,0.157931,0.155172,0.151541,0.146957,0.141289,0.134323,0.125671,0.114521,0.098582,0.053928,nan,nan,nan,nan,nan,nan,nan,0.053256
163680.000000,0.161363,0.160981,0.159830,0.157892,0.155134,0.151505,0.146923,0.141257,0.134294,0.125645,0.114498,0.098565,0.053924,nan,nan,nan,nan,nan,nan,nan,0.053253
163740.000000,0.161322,0.160941,0.159790,0.157853,0.155096,0.151469,0.146888,0.141225,0.134264,0.125618,0.114475,0.098547,0.053921,nan,nan,nan,nan,nan,nan,nan,0.053250
163800.000000,0.161282,0.160900,0.159750,0.157814,0.155059,0.151432,0.146854,0.141193,0.134235,0.125592,0.114453,0.098530,0.053918,nan,nan,nan,nan,nan,nan,nan,0.053248
163860.000000,0.161242,0.160860,0.159711,0.157775,0.155021,0.151396,0.146819,0.141160,0.134205,0.125565,0.114430,0.098513,0.053915,nan,nan,nan,nan,nan,nan,nan,0.053245
163920.000000,0.161201,0.160820,0.159671,0.157736,0.154983,0.151360,0.146785,0.141128,0.134176,0.125539,0.114408,0.098495,0.053911,nan,nan,nan,nan,nan,nan,nan,0.053242
163980.000000,0.161161,0.160780,0.159632,0.157698,0.154946,0.151324,0.146751,0.141096,0.134146,0.125513,0.114385,0.098478,0.053908,nan,nan,nan,nan,nan,nan,nan,0.053239
164040.000000,0.161121,0.160740,0.159592,0.157659,0.154908,0.151288,0.146716,0.141064,0.134116,0.125486,0.114363,0.098460,0.053905,nan,nan,nan,nan,nan,nan,nan,0.053236
164100.000000,0.161081,0.160700,0.159553,0.157620,0.154871,0.151252,0.146682,0.141032,0.134087,0.125460,0.114340,0.098443,0.053902,nan,nan,nan,nan,nan,nan,nan,0.053233
164160.000000,0.161041,0.160660,0.159513,0.157581,0.154833,0.151216,0.146648,0.141000,0.134058,0.125434,0.114318,0.098426,0.053898,nan,nan,nan,nan,nan,nan,nan,0.053230
164220.000000,0.161001,0.160620,0.159474,0.157543,0.154796,0.151180,0.146614,0.140968,0.134028,0.125407,0.114295,0.098408,0.053895,nan,nan,nan,nan,nan,nan,nan,0.053228
164280.000000,0.160961,0.160581,0.159434,0.157504,0.154758,0.151144,0.146579,0.140936,0.133999,0.125381,0.114273,0.098391,0.053892,nan,nan,nan,nan,nan,nan,nan,0.053225
164340.000000,0.160921,0.160541,0.159395,0.157466,0.154721,0.151108,0.146545,0.140904,0.133969,0.125355,0.114251,0.098374,0.053889,nan,nan,nan,nan,nan,nan,nan,0.053222
164400.000000,0.160881,0.160501,0.159356,0.157427,0.154683,0.151072,0.146511,0.140872,0.133940,0.125329,0.114228,0.098357,0.053885,nan,nan,nan,nan,nan,nan,nan,0.053219
164460.000000,0.160841,0.160461,0.159317,0.157389,0.154646,0.151036,0.146477,0.140840,0.133911,0.125302,0.114206,0.098339,0.053882,nan,nan,nan,nan,nan,nan,nan,0.053216
164520.000000,0.160801,0.160422,0.159277,0.157350,0.154609,0.151000,0.146443,0.140808,0.133881,0.125276,0.114184,0.098322,0.053879,nan,nan,nan,nan,nan,nan,nan,0.053213
164580.000000,0.160761,0.160382,0.159238,0.157312,0.154571,0.150964,0.146409,0.140776,0.133852,0.125250,0.114161,0.098305,0.053876,nan,nan,nan,nan,nan,nan,nan,0.053211
164640.000000,0.160721,0.160342,0.159199,0.157274,0.154534,0.150928,0.146375,0.140744,0.133823,0.125224,0.114139,0.098288,0.053873,nan,nan,nan,nan,nan,nan,nan,0.053208
164700.000000,0.160682,0.160303,0.159160,0.157235,0.154497,0.150892,0.146341,0.140713,0.133794,0.125198,0.114117,0.098271,0.053869,nan,nan,nan,nan,nan,nan,nan,0.053205
164760.000000,0.160642,0.160263,0.159121,0.157197,0.154460,0.150857,0.146307,0.140681,0.133765,0.125172,0.114094,0.098253,0.053866,nan,nan,nan,nan,nan,nan,nan,0.053202
164820.000000,0.160602,0.160224,0.159082,0.157159,0.154422,0.150821,0.146273,0.140649,0.133735,0.125146,0.114072,0.098236,0.053863,nan,nan,nan,nan,nan,nan,nan,0.053199
164880.000000,0.160563,0.160184,0.159043,0.157120,0.154385,0.150785,0.146239,0.140617,0.133706,0.125120,0.114050,0.098219,0.053860,nan,nan,nan,nan,nan,nan,nan,0.053197
164940.000000,0.160523,0.160145,0.159004,0.157082,0.154348,0.150750,0.146205,0.140586,0.133677,0.125094,0.114028,0.098202,0.053857,nan,nan,nan,nan,nan,nan,nan,0.053194
165000.000000,0.160483,0.160105,0.158965,0.157044,0.154311,0.150714,0.146171,0.140554,0.133648,0.125068,0.114005,0.098185,0.053853,nan,nan,nan,nan,nan,nan,nan,0.053191
165060.000000,0.160444,0.160066,0.158926,0.157006,0.154274,0.150678,0.146138,0.140522,0.133619,0.125042,0.113983,0.098168,0.053850,nan,nan,nan,nan,nan,nan,nan,0.053188
165120.000000,0.160404,0.160026,0.158887,0.156968,0.154237,0.150643,0.146104,0.140491,0.133590,0.125016,0.113961,0.098151,0.053847,nan,nan,nan,nan,nan,nan,nan,0.053186
165180.000000,0.160365,0.159987,0.158848,0.156930,0.154200,0.150607,0.146070,0.140459,0.133561,0.124990,0.113939,0.098133,0.053844,nan,nan,nan,nan,nan,nan,nan,0.053183
165240.000000,0.160325,0.159948,0.158809,0.156892,0.154163,0.150572,0.146036,0.140427,0.133532,0.124964,0.113917,0.098116,0.053841,nan,nan,nan,nan,nan,nan,nan,0.053180
165300.000000,0.160286,0.159908,0.158770,0.156854,0.154126,0.150536,0.146003,0.140396,0.133503,0.124938,0.113895,0.098099,0.053838,nan,nan,nan,nan,nan,nan,nan,0.053177
165360.000000,0.160247,0.159869,0.158732,0.156816,0.154089,0.150501,0.145969,0.140364,0.133474,0.124912,0.113873,0.098082,0.053834,nan,nan,nan,nan,nan,nan,nan,0.053174
165420.000000,0.160207,0.159830,0.158693,0.156778,0.154052,0.150465,0.145935,0.140333,0.133445,0.124886,0.113850,0.098065,0.053831,nan,nan,nan,nan,nan,nan,nan,0.053172
165480.000000,0.160168,0.159791,0.158654,0.156740,0.154016,0.150430,0.145902,0.140301,0.133416,0.124860,0.113828,0.098048,0.053828,nan,nan,nan,nan,nan,nan,nan,0.053169
165540.000000,0.160129,0.159752,0.158615,0.156702,0.153979,0.150395,0.145868,0.140270,0.133387,0.124835,0.113806,0.098031,0.053825,nan,nan,nan,nan,nan,nan,nan,0.053166
165600.000000,0.160089,0.159713,0.158577,0.156664,0.153942,0.150359,0.145834,0.140238,0.133358,0.124809,0.113784,0.098014,0.053822,nan,nan,nan,nan,nan,nan,nan,0.053163
165660.000000,0.160050,0.159674,0.158538,0.156626,0.153905,0.150324,0.145801,0.140207,0.133329,0.124783,0.113762,0.097997,0.053819,nan,nan,nan,nan,nan,nan,nan,0.053161
165720.000000,0.160011,0.159635,0.158500,0.156588,0.153869,0.150289,0.145767,0.140176,0.133301,0.124757,0.113740,0.097980,0.053815,nan,nan,nan,nan,nan,nan,nan,0.053158
165780.000000,0.159972,0.159596,0.158461,0.156551,0.153832,0.150254,0.145734,0.140144,0.133272,0.124732,0.113718,0.097963,0.053812,nan,nan,nan,nan,nan,nan,nan,0.053155
165840.000000,0.159933,0.159557,0.158423,0.156513,0.153795,0.150218,0.145701,0.140113,0.133243,0.124706,0.113696,0.097946,0.053809,nan,nan,nan,nan,nan,nan,nan,0.053152
165900.000000,0.159894,0.159518,0.158384,0.156475,0.153759,0.150183,0.145667,0.140082,0.133214,0.124680,0.113675,0.097929,0.053806,nan,nan,nan,nan,nan,nan,nan,0.053150
165960.000000,0.159855,0.159479,0.158346,0.156438,0.153722,0.150148,0.145634,0.140051,0.133186,0.124654,0.113653,0.097913,0.053803,nan,nan,nan,nan,nan,nan,nan,0.053147
166020.000000,0.159816,0.159440,0.158307,0.156400,0.153686,0.150113,0.145600,0.140019,0.133157,0.124629,0.113631,0.097896,0.053800,nan,nan,nan,nan,nan,nan,nan,0.053144
166080.000000,0.159777,0.159401,0.158269,0.156362,0.153649,0.150078,0.145567,0.139988,0.133128,0.124603,0.113609,0.097879,0.053797,nan,nan,nan,nan,nan,nan,nan,0.053142
166140.000000,0.159738,0.159362,0.158231,0.156325,0.153613,0.150043,0.145534,0.139957,0.133100,0.124578,0.113587,0.097862,0.053794,nan,nan,nan,nan,nan,nan,nan,0.053139
166200.000000,0.159699,0.159324,0.158192,0.156287,0.153576,0.150008,0.145500,0.139926,0.133071,0.124552,0.113565,0.097845,0.053790,nan,nan,nan,nan,nan,nan,nan,0.053136
166260.000000,0.159660,0.159285,0.158154,0.156250,0.153540,0.149973,0.145467,0.139895,0.133042,0.124526,0.113543,0.097828,0.053787,nan,nan,nan,nan,nan,nan,nan,0.053133
166320.000000,0.159621,0.159246,0.158116,0.156212,0.153504,0.149938,0.145434,0.139864,0.133014,0.124501,0.113521,0.097811,0.053784,nan,nan,nan,nan,nan,nan,nan,0.053131
166380.000000,0.159582,0.159208,0.158078,0.156175,0.153467,0.149903,0.145401,0.139832,0.132985,0.124475,0.113500,0.097795,0.053781,nan,nan,nan,nan,nan,nan,nan,0.053128
166440.000000,0.159543,0.159169,0.158040,0.156137,0.153431,0.149868,0.145368,0.139801,0.132957,0.124450,0.113478,0.097778,0.053778,nan,nan,nan,nan,nan,nan,nan,0.053125
166500.000000,0.159505,0.159130,0.158001,0.156100,0.153395,0.149833,0.145335,0.139770,0.132928,0.124424,0.113456,0.097761,0.053775,nan,nan,nan,nan,nan,nan,nan,0.053123
166560.000000,0.159466,0.159092,0.157963,0.156063,0.153358,0.149798,0.145301,0.139739,0.132900,0.124399,0.113434,0.097744,0.053772,nan,nan,nan,nan,nan,nan,nan,0.053120
166620.000000,0.159427,0.159053,0.157925,0.156025,0.153322,0.149763,0.145268,0.139708,0.132871,0.124374,0.113413,0.097727,0.053769,nan,nan,nan,nan,nan,nan,nan,0.053117
166680.000000,0.159389,0.159015,0.157887,0.155988,0.153286,0.149729,0.145235,0.139677,0.132843,0.124348,0.113391,0.097711,0.053766,nan,nan,nan,nan,nan,nan,nan,0.053115
166740.000000,0.159350,0.158976,0.157849,0.155951,0.153250,0.149694,0.145202,0.139647,0.132814,0.124323,0.113369,0.097694,0.053763,nan,nan,nan,nan,nan,nan,nan,0.053112
166800.000000,0.159312,0.158938,0.157811,0.155914,0.153214,0.149659,0.145169,0.139616,0.132786,0.124297,0.113348,0.097677,0.053760,nan,nan,nan,nan,nan,nan,nan,0.053109
166860.000000,0.159273,0.158899,0.157773,0.155877,0.153178,0.149624,0.145136,0.139585,0.132758,0.124272,0.113326,0.097660,0.053757,nan,nan,nan,nan,nan,nan,nan,0.053106
166920.000000,0.159234,0.158861,0.157735,0.155839,0.153141,0.149590,0.145103,0.139554,0.132729,0.124247,0.113304,0.097644,0.053753,nan,nan,nan,nan,nan,nan,nan,0.053104
166980.000000,0.159196,0.158823,0.157698,0.155802,0.153105,0.149555,0.145070,0.139523,0.132701,0.124221,0.113283,0.097627,0.053750,nan,nan,nan,nan,nan,nan,nan,0.053101
167040.000000,0.159158,0.158784,0.157660,0.155765,0.153069,0.149520,0.145038,0.139492,0.132673,0.124196,0.113261,0.097610,0.053747,nan,nan,nan,nan,nan,nan,nan,0.053098
167100.000000,0.159119,0.158746,0.157622,0.155728,0.153033,0.149486,0.145005,0.139462,0.132645,0.124171,0.113239,0.097594,0.053744,nan,nan,nan,nan,nan,nan,nan,0.053096
167160.000000,0.159081,0.158708,0.157584,0.155691,0.152998,0.149451,0.144972,0.139431,0.132616,0.124146,0.113218,0.097577,0.053741,nan,nan,nan,nan,nan,nan,nan,0.053093
167220.000000,0.159042,0.158670,0.157546,0.155654,0.152962,0.149417,0.144939,0.139400,0.132588,0.124120,0.113196,0.097560,0.053738,nan,nan,nan,nan,nan,nan,nan,0.053091
167280.000000,0.159004,0.158632,0.157509,0.155617,0.152926,0.149382,0.144906,0.139369,0.132560,0.124095,0.113175,0.097544,0.053735,nan,nan,nan,nan,nan,nan,nan,0.053088
167340.000000,0.158966,0.158594,0.157471,0.155580,0.152890,0.149348,0.144874,0.139339,0.132532,0.124070,0.113153,0.097527,0.053732,nan,nan,nan,nan,nan,nan,nan,0.053085
167400.000000,0.158928,0.158555,0.157433,0.155543,0.152854,0.149313,0.144841,0.139308,0.132504,0.124045,0.113132,0.097510,0.053729,nan,nan,nan,nan,nan,nan,nan,0.053083
167460.000000,0.158889,0.158517,0.157396,0.155507,0.152818,0.149279,0.144808,0.139277,0.132475,0.124020,0.113110,0.097494,0.053726,nan,nan,nan,nan,nan,nan,nan,0.053080
167520.000000,0.158851,0.158479,0.157358,0.155470,0.152782,0.149245,0.144775,0.139247,0.132447,0.123994,0.113089,0.097477,0.053723,nan,nan,nan,nan,nan,nan,nan,0.053077
167580.000000,0.158813,0.158441,0.157321,0.155433,0.152747,0.149210,0.144743,0.139216,0.132419,0.123969,0.113067,0.097461,0.053720,nan,nan,nan,nan,nan,nan,nan,0.053075
167640.000000,0.158775,0.158403,0.157283,0.155396,0.152711,0.149176,0.144710,0.139186,0.132391,0.123944,0.113046,0.097444,0.053717,nan,nan,nan,nan,nan,nan,nan,0.053072
167700.000000,0.158737,0.158365,0.157246,0.155359,0.152675,0.149142,0.144678,0.139155,0.132363,0.123919,0.113024,0.097428,0.053714,nan,nan,nan,nan,nan,nan,nan,0.053069
167760.000000,0.158699,0.158328,0.157208,0.155323,0.152640,0.149107,0.144645,0.139125,0.132335,0.123894,0.113003,0.097411,0.053711,nan,nan,nan,nan,nan,nan,nan,0.053067
167820.000000,0.158661,0.158290,0.157171,0.155286,0.152604,0.149073,0.144613,0.139094,0.132307,0.123869,0.112982,0.097395,0.053708,nan,nan,nan,nan,nan,nan,nan,0.053064
167880.000000,0.158623,0.158252,0.157133,0.155249,0.152569,0.149039,0.144580,0.139064,0.132279,0.123844,0.112960,0.097378,0.053705,nan,nan,nan,nan,nan,nan,nan,0.053062
167940.000000,0.158585,0.158214,0.157096,0.155213,0.152533,0.149005,0.144548,0.139033,0.132251,0.123819,0.112939,0.097362,0.053702,nan,nan,nan,nan,nan,nan,nan,0.053059
168000.000000,0.158547,0.158176,0.157059,0.155176,0.152497,0.148971,0.144515,0.139003,0.132223,0.123794,0.112918,0.097345,0.053699,nan,nan,nan,nan,nan,nan,nan,0.053056
168060.000000,0.158509,0.158139,0.157021,0.155140,0.152462,0.148936,0.144483,0.138973,0.132195,0.123769,0.112896,0.097329,0.053696,nan,nan,nan,nan,nan,nan,nan,0.053054
168120.000000,0.158471,0.158101,0.156984,0.155103,0.152427,0.148902,0.144450,0.138942,0.132168,0.123744,0.112875,0.097312,0.053693,nan,nan,nan,nan,nan,nan,nan,0.053051
168180.000000,0.158433,0.158063,0.156947,0.155067,0.152391,0.148868,0.144418,0.138912,0.132140,0.123719,0.112854,0.097296,0.053690,nan,nan,nan,nan,nan,nan,nan,0.053048
168240.000000,0.158396,0.158026,0.156910,0.155030,0.152356,0.148834,0.144386,0.138882,0.132112,0.123694,0.112832,0.097279,0.053687,nan,nan,nan,nan,nan,nan,nan,0.053046
168300.000000,0.158358,0.157988,0.156873,0.154994,0.152320,0.148800,0.144353,0.138852,0.132084,0.123670,0.112811,0.097263,0.053684,nan,nan,nan,nan,nan,nan,nan,0.053043
168360.000000,0.158320,0.157950,0.156835,0.154958,0.152285,0.148766,0.144321,0.138821,0.132056,0.123645,0.112790,0.097247,0.053681,nan,nan,nan,nan,nan,nan,nan,0.053041
168420.000000,0.158282,0.157913,0.156798,0.154921,0.152250,0.148732,0.144289,0.138791,0.132028,0.123620,0.112769,0.097230,0.053678,nan,nan,nan,nan,nan,nan,nan,0.053038
168480.000000,0.158245,0.157875,0.156761,0.154885,0.152214,0.148698,0.144257,0.138761,0.132001,0.123595,0.112748,0.097214,0.053675,nan,nan,nan,nan,nan,nan,nan,0.053036
168540.000000,0.158207,0.157838,0.156724,0.154849,0.152179,0.148665,0.144224,0.138731,0.131973,0.123570,0.112726,0.097197,0.053672,nan,nan,nan,nan,nan,nan,nan,0.053033
168600.000000,0.158170,0.157800,0.156687,0.154812,0.152144,0.148631,0.144192,0.138701,0.131945,0.123546,0.112705,0.097181,0.053669,nan,nan,nan,nan,nan,nan,nan,0.053030
168660.000000,0.158132,0.157763,0.156650,0.154776,0.152109,0.148597,0.144160,0.138670,0.131918,0.123521,0.112684,0.097165,0.053666,nan,nan,nan,nan,nan,nan,nan,0.053028
168720.000000,0.158094,0.157726,0.156613,0.154740,0.152074,0.148563,0.144128,0.138640,0.131890,0.123496,0.112663,0.097148,0.053663,nan,nan,nan,nan,nan,nan,nan,0.053025
168780.000000,0.158057,0.157688,0.156576,0.154704,0.152038,0.148529,0.144096,0.138610,0.131862,0.123471,0.112642,0.097132,0.053660,nan,nan,nan,nan,nan,nan,nan,0.053023
168840.000000,0.158019,0.157651,0.156539,0.154668,0.152003,0.148496,0.144064,0.138580,0.131835,0.123447,0.112621,0.097116,0.053657,nan,nan,nan,nan,nan,nan,nan,0.053020
168900.000000,0.157982,0.157614,0.156503,0.154631,0.151968,0.148462,0.144032,0.138550,0.131807,0.123422,0.112600,0.097099,0.053654,nan,nan,nan,nan,nan,nan,nan,0.053018
168960.000000,0.157945,0.157576,0.156466,0.154595,0.151933,0.148428,0.144000,0.138520,0.131780,0.123397,0.112579,0.097083,0.053651,nan,nan,nan,nan,nan,nan,nan,0.053015
169020.000000,0.157907,0.157539,0.156429,0.154559,0.151898,0.148394,0.143968,0.138490,0.131752,0.123373,0.112558,0.097067,0.053648,nan,nan,nan,nan,nan,nan,nan,0.053012
169080.000000,0.157870,0.157502,0.156392,0.154523,0.151863,0.148361,0.143936,0.138460,0.131725,0.123348,0.112536,0.097051,0.053645,nan,nan,nan,nan,nan,nan,nan,0.053010
169140.000000,0.157833,0.157465,0.156356,0.154487,0.151828,0.148327,0.143904,0.138430,0.131697,0.123324,0.112515,0.097034,0.053643,nan,nan,nan,nan,nan,nan,nan,0.053007
169200.000000,0.157795,0.157428,0.156319,0.154451,0.151793,0.148294,0.143872,0.138401,0.131670,0.123299,0.112494,0.097018,0.053640,nan,nan,nan,nan,nan,nan,nan,0.053005
169260.000000,0.157758,0.157391,0.156282,0.154415,0.151758,0.148260,0.143840,0.138371,0.131642,0.123274,0.112473,0.097002,0.053637,nan,nan,nan,nan,nan,nan,nan,0.053002
169320.000000,0.157721,0.157353,0.156246,0.154379,0.151724,0.148227,0.143808,0.138341,0.131615,0.123250,0.112452,0.096986,0.053634,nan,nan,nan,nan,nan,nan,nan,0.053000
169380.000000,0.157684,0.157316,0.156209,0.154344,0.151689,0.148193,0.143776,0.138311,0.131587,0.123225,0.112432,0.096970,0.053631,nan,nan,nan,nan,nan,nan,nan,0.052997
169440.000000,0.157647,0.157279,0.156172,0.154308,0.151654,0.148160,0.143744,0.138281,0.131560,0.123201,0.112411,0.096953,0.053628,nan,nan,nan,nan,nan,nan,nan,0.052995
169500.000000,0.157609,0.157242,0.156136,0.154272,0.151619,0.148126,0.143713,0.138251,0.131533,0.123176,0.112390,0.096937,0.053625,nan,nan,nan,nan,nan,nan,nan,0.052992
169560.000000,0.157572,0.157205,0.156099,0.154236,0.151584,0.148093,0.143681,0.138222,0.131505,0.123152,0.112369,0.096921,0.053622,nan,nan,nan,nan,nan,nan,nan,0.052990
169620.000000,0.157535,0.157169,0.156063,0.154200,0.151550,0.148059,0.143649,0.138192,0.131478,0.123127,0.112348,0.096905,0.053619,nan,nan,nan,nan,nan,nan,nan,0.052987
169680.000000,0.157498,0.157132,0.156026,0.154165,0.151515,0.148026,0.143617,0.138162,0.131451,0.123103,0.112327,0.096889,0.053616,nan,nan,nan,nan,nan,nan,nan,0.052985
169740.000000,0.157461,0.157095,0.155990,0.154129,0.151480,0.147993,0.143586,0.138133,0.131423,0.123079,0.112306,0.096873,0.053613,nan,nan,nan,nan,nan,nan,nan,0.052982
169800.000000,0.157424,0.157058,0.155954,0.154093,0.151446,0.147959,0.143554,0.138103,0.131396,0.123054,0.112285,0.096857,0.053611,nan,nan,nan,nan,nan,nan,nan,0.052979
169860.000000,0.157387,0.157021,0.155917,0.154058,0.151411,0.147926,0.143523,0.138073,0.131369,0.123030,0.112265,0.096841,0.053608,nan,nan,nan,nan,nan,nan,nan,0.052977
169920.000000,0.157350,0.156984,0.155881,0.154022,0.151376,0.147893,0.143491,0.138044,0.131342,0.123006,0.112244,0.096824,0.053605,nan,nan,nan,nan,nan,nan,nan,0.052974
169980.000000,0.157314,0.156948,0.155845,0.153987,0.151342,0.147860,0.143459,0.138014,0.131314,0.122981,0.112223,0.096808,0.053602,nan,nan,nan,nan,nan,nan,nan,0.052972
170040.000000,0.157277,0.156911,0.155808,0.153951,0.151307,0.147826,0.143428,0.137985,0.131287,0.122957,0.112202,0.096792,0.053599,nan,nan,nan,nan,nan,nan,nan,0.052969
170100.000000,0.157240,0.156874,0.155772,0.153915,0.151273,0.147793,0.143396,0.137955,0.131260,0.122933,0.112181,0.096776,0.053596,nan,nan,nan,nan,nan,nan,nan,0.052967
170160.000000,0.157203,0.156838,0.155736,0.153880,0.151238,0.147760,0.143365,0.137926,0.131233,0.122908,0.112161,0.096760,0.053593,nan,nan,nan,nan,nan,nan,nan,0.052964
170220.000000,0.157166,0.156801,0.155700,0.153845,0.151204,0.147727,0.143333,0.137896,0.131206,0.122884,0.112140,0.096744,0.053590,nan,nan,nan,nan,nan,nan,nan,0.052962
170280.000000,0.157130,0.156765,0.155664,0.153809,0.151170,0.147694,0.143302,0.137867,0.131179,0.122860,0.112119,0.096728,0.053587,nan,nan,nan,nan,nan,nan,nan,0.052959
170340.000000,0.157093,0.156728,0.155627,0.153774,0.151135,0.147661,0.143270,0.137837,0.131152,0.122836,0.112098,0.096712,0.053585,nan,nan,nan,nan,nan,nan,nan,0.052957
170400.000000,0.157056,0.156691,0.155591,0.153738,0.151101,0.147628,0.143239,0.137808,0.131125,0.122812,0.112078,0.096696,0.053582,nan,nan,nan,nan,nan,nan,nan,0.052955
170460.000000,0.157020,0.156655,0.155555,0.153703,0.151067,0.147595,0.143208,0.137778,0.131098,0.122787,0.112057,0.096680,0.053579,nan,nan,nan,nan,nan,nan,nan,0.052952
170520.000000,0.156983,0.156619,0.155519,0.153668,0.151032,0.147562,0.143176,0.137749,0.131071,0.122763,0.112036,0.096664,0.053576,nan,nan,nan,nan,nan,nan,nan,0.052950
170580.000000,0.156947,0.156582,0.155483,0.153632,0.150998,0.147529,0.143145,0.137720,0.131044,0.122739,0.112016,0.096648,0.053573,nan,nan,nan,nan,nan,nan,nan,0.052947
170640.000000,0.156910,0.156546,0.155447,0.153597,0.150964,0.147496,0.143114,0.137690,0.131017,0.122715,0.111995,0.096632,0.053570,nan,nan,nan,nan,nan,nan,nan,0.052945
170700.000000,0.156873,0.156509,0.155411,0.153562,0.150930,0.147463,0.143082,0.137661,0.130990,0.122691,0.111975,0.096616,0.053567,nan,nan,nan,nan,nan,nan,nan,0.052942
170760.000000,0.156837,0.156473,0.155376,0.153527,0.150895,0.147430,0.143051,0.137632,0.130963,0.122667,0.111954,0.096601,0.053565,nan,nan,nan,nan,nan,nan,nan,0.052940
170820.000000,0.156801,0.156437,0.155340,0.153492,0.150861,0.147397,0.143020,0.137603,0.130936,0.122643,0.111934,0.096585,0.053562,nan,nan,nan,nan,nan,nan,nan,0.052937
170880.000000,0.156764,0.156400,0.155304,0.153456,0.150827,0.147364,0.142989,0.137573,0.130909,0.122619,0.111913,0.096569,0.053559,nan,nan,nan,nan,nan,nan,nan,0.052935
170940.000000,0.156728,0.156364,0.155268,0.153421,0.150793,0.147332,0.142958,0.137544,0.130882,0.122595,0.111892,0.096553,0.053556,nan,nan,nan,nan,nan,nan,nan,0.052932
171000.000000,0.156691,0.156328,0.155232,0.153386,0.150759,0.147299,0.142927,0.137515,0.130856,0.122571,0.111872,0.096537,0.053553,nan,nan,nan,nan,nan,nan,nan,0.052930
171060.000000,0.156655,0.156292,0.155196,0.153351,0.150725,0.147266,0.142895,0.137486,0.130829,0.122547,0.111851,0.096521,0.053550,nan,nan,nan,nan,nan,nan,nan,0.052927
171120.000000,0.156619,0.156256,0.155161,0.153316,0.150691,0.147233,0.142864,0.137457,0.130802,0.122523,0.111831,0.096505,0.053548,nan,nan,nan,nan,nan,nan,nan,0.052925
171180.000000,0.156583,0.156220,0.155125,0.153281,0.150657,0.147201,0.142833,0.137428,0.130775,0.122499,0.111810,0.096490,0.053545,nan,nan,nan,nan,nan,nan,nan,0.052923
171240.000000,0.156546,0.156183,0.155089,0.153246,0.150623,0.147168,0.142802,0.137399,0.130748,0.122475,0.111790,0.096474,0.053542,nan,nan,nan,nan,nan,nan,nan,0.052920
171300.000000,0.156510,0.156147,0.155054,0.153211,0.150589,0.147136,0.142771,0.137370,0.130722,0.122451,0.111770,0.096458,0.053539,nan,nan,nan,nan,nan,nan,nan,0.052918
171360.000000,0.156474,0.156111,0.155018,0.153176,0.150555,0.147103,0.142740,0.137341,0.130695,0.122427,0.111749,0.096442,0.053536,nan,nan,nan,nan,nan,nan,nan,0.052915
171420.000000,0.156438,0.156075,0.154983,0.153142,0.150521,0.147070,0.142709,0.137312,0.130668,0.122403,0.111729,0.096426,0.053534,nan,nan,nan,nan,nan,nan,nan,0.052913
171480.000000,0.156402,0.156039,0.154947,0.153107,0.150487,0.147038,0.142678,0.137283,0.130642,0.122379,0.111708,0.096411,0.053531,nan,nan,nan,nan,nan,nan,nan,0.052910
171540.000000,0.156366,0.156003,0.154911,0.153072,0.150454,0.147005,0.142647,0.137254,0.130615,0.122356,0.111688,0.096395,0.053528,nan,nan,nan,nan,nan,nan,nan,0.052908
171600.000000,0.156330,0.155968,0.154876,0.153037,0.150420,0.146973,0.142617,0.137225,0.130589,0.122332,0.111668,0.096379,0.053525,nan,nan,nan,nan,nan,nan,nan,0.052906
171660.000000,0.156294,0.155932,0.154841,0.153002,0.150386,0.146940,0.142586,0.137196,0.130562,0.122308,0.111647,0.096363,0.053522,nan,nan,nan,nan,nan,nan,nan,0.052903
171720.000000,0.156258,0.155896,0.154805,0.152968,0.150352,0.146908,0.142555,0.137167,0.130535,0.122284,0.111627,0.096348,0.053520,nan,nan,nan,nan,nan,nan,nan,0.052901
171780.000000,0.156222,0.155860,0.154770,0.152933,0.150319,0.146875,0.142524,0.137138,0.130509,0.122261,0.111607,0.096332,0.053517,nan,nan,nan,nan,nan,nan,nan,0.052898
171840.000000,0.156186,0.155824,0.154734,0.152898,0.150285,0.146843,0.142493,0.137109,0.130482,0.122237,0.111586,0.096316,0.053514,nan,nan,nan,nan,nan,nan,nan,0.052896
171900.000000,0.156150,0.155788,0.154699,0.152864,0.150251,0.146811,0.142463,0.137080,0.130456,0.122213,0.111566,0.096300,0.053511,nan,nan,nan,nan,nan,nan,nan,0.052893
171960.000000,0.156114,0.155753,0.154664,0.152829,0.150218,0.146778,0.142432,0.137051,0.130429,0.122189,0.111546,0.096285,0.053508,nan,nan,nan,nan,nan,nan,nan,0.052891
172020.000000,0.156078,0.155717,0.154628,0.152795,0.150184,0.146746,0.142401,0.137023,0.130403,0.122166,0.111525,0.096269,0.053506,nan,nan,nan,nan,nan,nan,nan,0.052889
172080.000000,0.156042,0.155681,0.154593,0.152760,0.150151,0.146714,0.142370,0.136994,0.130376,0.122142,0.111505,0.096253,0.053503,nan,nan,nan,nan,nan,nan,nan,0.052886
172140.000000,0.156006,0.155646,0.154558,0.152725,0.150117,0.146682,0.142340,0.136965,0.130350,0.122118,0.111485,0.096238,0.053500,nan,nan,nan,nan,nan,nan,nan,0.052884
172200.000000,0.155971,0.155610,0.154523,0.152691,0.150083,0.146649,0.142309,0.136937,0.130324,0.122095,0.111465,0.096222,0.053497,nan,nan,nan,nan,nan,nan,nan,0.052881
172260.000000,0.155935,0.155575,0.154488,0.152656,0.150050,0.146617,0.142278,0.136908,0.130297,0.122071,0.111445,0.096207,0.053495,nan,nan,nan,nan,nan,nan,nan,0.052879
172320.000000,0.155899,0.155539,0.154452,0.152622,0.150017,0.146585,0.142248,0.136879,0.130271,0.122048,0.111424,0.096191,0.053492,nan,nan,nan,nan,nan,nan,nan,0.052877
172380.000000,0.155864,0.155503,0.154417,0.152588,0.149983,0.146553,0.142217,0.136851,0.130245,0.122024,0.111404,0.096175,0.053489,nan,nan,nan,nan,nan,nan,nan,0.052874
172440.000000,0.155828,0.155468,0.154382,0.152553,0.149950,0.146521,0.142187,0.136822,0.130218,0.122000,0.111384,0.096160,0.053486,nan,nan,nan,nan,nan,nan,nan,0.052872
172500.000000,0.155792,0.155432,0.154347,0.152519,0.149916,0.146489,0.142156,0.136793,0.130192,0.121977,0.111364,0.096144,0.053484,nan,nan,nan,nan,nan,nan,nan,0.052870
172560.000000,0.155757,0.155397,0.154312,0.152485,0.149883,0.146457,0.142126,0.136765,0.130166,0.121953,0.111344,0.096129,0.053481,nan,nan,nan,nan,nan,nan,nan,0.052867
172620.000000,0.155721,0.155362,0.154277,0.152450,0.149850,0.146424,0.142095,0.136736,0.130139,0.121930,0.111324,0.096113,0.053478,nan,nan,nan,nan,nan,nan,nan,0.052865
172680.000000,0.155686,0.155326,0.154242,0.152416,0.149816,0.146392,0.142065,0.136708,0.130113,0.121906,0.111304,0.096098,0.053475,nan,nan,nan,nan,nan,nan,nan,0.052862
172740.000000,0.155650,0.155291,0.154207,0.152382,0.149783,0.146360,0.142034,0.136679,0.130087,0.121883,0.111284,0.096082,0.053473,nan,nan,nan,nan,nan,nan,nan,0.052860
172800.000000,0.155615,0.155256,0.154172,0.152348,0.149750,0.146328,0.142004,0.136651,0.130061,0.121860,0.111264,0.096067,0.053470,nan,nan,nan,nan,nan,nan,nan,0.052858
172860.000000,0.155579,0.155220,0.154137,0.152313,0.149717,0.146297,0.141974,0.136622,0.130035,0.121836,0.111244,0.096051,0.053467,nan,nan,nan,nan,nan,nan,nan,0.052855
172920.000000,0.155544,0.155185,0.154103,0.152279,0.149683,0.146265,0.141943,0.136594,0.130008,0.121813,0.111223,0.096036,0.053464,nan,nan,nan,nan,nan,nan,nan,0.052853
172980.000000,0.155509,0.155150,0.154068,0.152245,0.149650,0.146233,0.141913,0.136565,0.129982,0.121789,0.111203,0.096020,0.053462,nan,nan,nan,nan,nan,nan,nan,0.052851
173040.000000,0.155473,0.155115,0.154033,0.152211,0.149617,0.146201,0.141883,0.136537,0.129956,0.121766,0.111183,0.096005,0.053459,nan,nan,nan,nan,nan,nan,nan,0.052848
173100.000000,0.155438,0.155079,0.153998,0.152177,0.149584,0.146169,0.141852,0.136509,0.129930,0.121743,0.111163,0.095989,0.053456,nan,nan,nan,nan,nan,nan,nan,0.052846
173160.000000,0.155403,0.155044,0.153963,0.152143,0.149551,0.146137,0.141822,0.136480,0.129904,0.121719,0.111144,0.095974,0.053454,nan,nan,nan,nan,nan,nan,nan,0.052844
173220.000000,0.155367,0.155009,0.153929,0.152109,0.149518,0.146105,0.141792,0.136452,0.129878,0.121696,0.111124,0.095958,0.053451,nan,nan,nan,nan,nan,nan,nan,0.052841
173280.000000,0.155332,0.154974,0.153894,0.152075,0.149485,0.146074,0.141762,0.136424,0.129852,0.121673,0.111104,0.095943,0.053448,nan,nan,nan,nan,nan,nan,nan,0.052839
173340.000000,0.155297,0.154939,0.153859,0.152041,0.149452,0.146042,0.141732,0.136395,0.129826,0.121649,0.111084,0.095927,0.053445,nan,nan,nan,nan,nan,nan,nan,0.052837
173400.000000,0.155262,0.154904,0.153825,0.152007,0.149419,0.146010,0.141701,0.136367,0.129800,0.121626,0.111064,0.095912,0.053443,nan,nan,nan,nan,nan,nan,nan,0.052834
173460.000000,0.155227,0.154869,0.153790,0.151973,0.149386,0.145979,0.141671,0.136339,0.129774,0.121603,0.111044,0.095897,0.053440,nan,nan,nan,nan,nan,nan,nan,0.052832
173520.000000,0.155192,0.154834,0.153756,0.151939,0.149353,0.145947,0.141641,0.136311,0.129748,0.121580,0.111024,0.095881,0.053437,nan,nan,nan,nan,nan,nan,nan,0.052830
173580.000000,0.155156,0.154799,0.153721,0.151905,0.149320,0.145915,0.141611,0.136283,0.129722,0.121556,0.111004,0.095866,0.053435,nan,nan,nan,nan,nan,nan,nan,0.052827
173640.000000,0.155121,0.154764,0.153687,0.151871,0.149287,0.145884,0.141581,0.136254,0.129696,0.121533,0.110984,0.095851,0.053432,nan,nan,nan,nan,nan,nan,nan,0.052825
173700.000000,0.155086,0.154729,0.153652,0.151838,0.149254,0.145852,0.141551,0.136226,0.129670,0.121510,0.110965,0.095835,0.053429,nan,nan,nan,nan,nan,nan,nan,0.052823
173760.000000,0.155051,0.154694,0.153618,0.151804,0.149222,0.145820,0.141521,0.136198,0.129645,0.121487,0.110945,0.095820,0.053427,nan,nan,nan,nan,nan,nan,nan,0.052820
173820.000000,0.155016,0.154659,0.153583,0.151770,0.149189,0.145789,0.141491,0.136170,0.129619,0.121464,0.110925,0.095805,0.053424,nan,nan,nan,nan,nan,nan,nan,0.052818
173880.000000,0.154981,0.154625,0.153549,0.151736,0.149156,0.145757,0.141461,0.136142,0.129593,0.121441,0.110905,0.095789,0.053421,nan,nan,nan,nan,nan,nan,nan,0.052816
173940.000000,0.154947,0.154590,0.153514,0.151703,0.149123,0.145726,0.141431,0.136114,0.129567,0.121418,0.110885,0.095774,0.053419,nan,nan,nan,nan,nan,nan,nan,0.052813
174000.000000,0.154912,0.154555,0.153480,0.151669,0.149091,0.145694,0.141401,0.136086,0.129541,0.121394,0.110866,0.095759,0.053416,nan,nan,nan,nan,nan,nan,nan,0.052811
174060.000000,0.154877,0.154520,0.153446,0.151635,0.149058,0.145663,0.141371,0.136058,0.129516,0.121371,0.110846,0.095743,0.053413,nan,nan,nan,nan,nan,nan,nan,0.052809
174120.000000,0.154842,0.154486,0.153412,0.151602,0.149025,0.145632,0.141342,0.136030,0.129490,0.121348,0.110826,0.095728,0.053411,nan,nan,nan,nan,nan,nan,nan,0.052807
174180.000000,0.154807,0.154451,0.153377,0.151568,0.148993,0.145600,0.141312,0.136002,0.129464,0.121325,0.110806,0.095713,0.053408,nan,nan,nan,nan,nan,nan,nan,0.052804
174240.000000,0.154772,0.154416,0.153343,0.151535,0.148960,0.145569,0.141282,0.135974,0.129438,0.121302,0.110787,0.095698,0.053405,nan,nan,nan,nan,nan,nan,nan,0.052802
174300.000000,0.154738,0.154382,0.153309,0.151501,0.148928,0.145538,0.141252,0.135946,0.129413,0.121279,0.110767,0.095682,0.053403,nan,nan,nan,nan,nan,nan,nan,0.052800
174360.000000,0.154703,0.154347,0.153275,0.151468,0.148895,0.145506,0.141222,0.135918,0.129387,0.121256,0.110747,0.095667,0.053400,nan,nan,nan,nan,nan,nan,nan,0.052797
174420.000000,0.154668,0.154313,0.153240,0.151434,0.148863,0.145475,0.141193,0.135890,0.129361,0.121233,0.110728,0.095652,0.053397,nan,nan,nan,nan,nan,nan,nan,0.052795
174480.000000,0.154634,0.154278,0.153206,0.151401,0.148830,0.145444,0.141163,0.135862,0.129336,0.121210,0.110708,0.095637,0.053395,nan,nan,nan,nan,nan,nan,nan,0.052793
174540.000000,0.154599,0.154244,0.153172,0.151367,0.148798,0.145412,0.141133,0.135835,0.129310,0.121188,0.110689,0.095622,0.053392,nan,nan,nan,nan,nan,nan,nan,0.052791
174600.000000,0.154564,0.154209,0.153138,0.151334,0.148765,0.145381,0.141104,0.135807,0.129285,0.121165,0.110669,0.095606,0.053389,nan,nan,nan,nan,nan,nan,nan,0.052788
174660.000000,0.154530,0.154175,0.153104,0.151301,0.148733,0.145350,0.141074,0.135779,0.129259,0.121142,0.110649,0.095591,0.053387,nan,nan,nan,nan,nan,nan,nan,0.052786
174720.000000,0.154495,0.154140,0.153070,0.151267,0.148700,0.145319,0.141044,0.135751,0.129233,0.121119,0.110630,0.095576,0.053384,nan,nan,nan,nan,nan,nan,nan,0.052784
174780.000000,0.154461,0.154106,0.153036,0.151234,0.148668,0.145288,0.141015,0.135723,0.129208,0.121096,0.110610,0.095561,0.053381,nan,nan,nan,nan,nan,nan,nan,0.052781
174840.000000,0.154426,0.154072,0.153002,0.151201,0.148636,0.145257,0.140985,0.135696,0.129182,0.121073,0.110591,0.095546,0.053379,nan,nan,nan,nan,nan,nan,nan,0.052779
174900.000000,0.154392,0.154037,0.152968,0.151167,0.148603,0.145226,0.140956,0.135668,0.129157,0.121050,0.110571,0.095531,0.053376,nan,nan,nan,nan,nan,nan,nan,0.052777
174960.000000,0.154357,0.154003,0.152934,0.151134,0.148571,0.145195,0.140926,0.135640,0.129131,0.121028,0.110552,0.095516,0.053374,nan,nan,nan,nan,nan,nan,nan,0.052775
175020.000000,0.154323,0.153969,0.152901,0.151101,0.148539,0.145164,0.140897,0.135613,0.129106,0.121005,0.110532,0.095500,0.053371,nan,nan,nan,nan,nan,nan,nan,0.052772
175080.000000,0.154289,0.153934,0.152867,0.151068,0.148507,0.145133,0.140867,0.135585,0.129081,0.120982,0.110513,0.095485,0.053368,nan,nan,nan,nan,nan,nan,nan,0.052770
175140.000000,0.154254,0.153900,0.152833,0.151035,0.148474,0.145102,0.140838,0.135557,0.129055,0.120959,0.110493,0.095470,0.053366,nan,nan,nan,nan,nan,nan,nan,0.052768
175200.000000,0.154220,0.153866,0.152799,0.151001,0.148442,0.145071,0.140808,0.135530,0.129030,0.120937,0.110474,0.095455,0.053363,nan,nan,nan,nan,nan,nan,nan,0.052766
175260.000000,0.154186,0.153832,0.152765,0.150968,0.148410,0.145040,0.140779,0.135502,0.129004,0.120914,0.110454,0.095440,0.053361,nan,nan,nan,nan,nan,nan,nan,0.052763
175320.000000,0.154151,0.153798,0.152732,0.150935,0.148378,0.145009,0.140749,0.135475,0.128979,0.120891,0.110435,0.095425,0.053358,nan,nan,nan,nan,nan,nan,nan,0.052761
175380.000000,0.154117,0.153764,0.152698,0.150902,0.148346,0.144978,0.140720,0.135447,0.128954,0.120868,0.110415,0.095410,0.053355,nan,nan,nan,nan,nan,nan,nan,0.052759
175440.000000,0.154083,0.153730,0.152664,0.150869,0.148314,0.144947,0.140691,0.135420,0.128928,0.120846,0.110396,0.095395,0.053353,nan,nan,nan,nan,nan,nan,nan,0.052757
175500.000000,0.154049,0.153696,0.152631,0.150836,0.148282,0.144916,0.140661,0.135392,0.128903,0.120823,0.110377,0.095380,0.053350,nan,nan,nan,nan,nan,nan,nan,0.052754
175560.000000,0.154015,0.153662,0.152597,0.150803,0.148250,0.144885,0.140632,0.135365,0.128878,0.120800,0.110357,0.095365,0.053348,nan,nan,nan,nan,nan,nan,nan,0.052752
175620.000000,0.153980,0.153628,0.152563,0.150770,0.148218,0.144855,0.140603,0.135337,0.128853,0.120778,0.110338,0.095350,0.053345,nan,nan,nan,nan,nan,nan,nan,0.052750
175680.000000,0.153946,0.153594,0.152530,0.150737,0.148186,0.144824,0.140573,0.135310,0.128827,0.120755,0.110318,0.095335,0.053342,nan,nan,nan,nan,nan,nan,nan,0.052748
175740.000000,0.153912,0.153560,0.152496,0.150705,0.148154,0.144793,0.140544,0.135282,0.128802,0.120733,0.110299,0.095320,0.053340,nan,nan,nan,nan,nan,nan,nan,0.052746
175800.000000,0.153878,0.153526,0.152463,0.150672,0.148122,0.144762,0.140515,0.135255,0.128777,0.120710,0.110280,0.095305,0.053337,nan,nan,nan,nan,nan,nan,nan,0.052743
175860.000000,0.153844,0.153492,0.152429,0.150639,0.148090,0.144732,0.140486,0.135228,0.128752,0.120688,0.110261,0.095290,0.053335,nan,nan,nan,nan,nan,nan,nan,0.052741
175920.000000,0.153810,0.153458,0.152396,0.150606,0.148058,0.144701,0.140457,0.135200,0.128727,0.120665,0.110241,0.095275,0.053332,nan,nan,nan,nan,nan,nan,nan,0.052739
175980.000000,0.153776,0.153424,0.152362,0.150573,0.148026,0.144670,0.140428,0.135173,0.128702,0.120643,0.110222,0.095260,0.053329,nan,nan,nan,nan,nan,nan,nan,0.052737
176040.000000,0.153742,0.153390,0.152329,0.150540,0.147994,0.144640,0.140398,0.135146,0.128676,0.120620,0.110203,0.095245,0.053327,nan,nan,nan,nan,nan,nan,nan,0.052734
176100.000000,0.153708,0.153357,0.152295,0.150508,0.147962,0.144609,0.140369,0.135119,0.128651,0.120598,0.110183,0.095231,0.053324,nan,nan,nan,nan,nan,nan,nan,0.052732
176160.000000,0.153674,0.153323,0.152262,0.150475,0.147931,0.144579,0.140340,0.135091,0.128626,0.120575,0.110164,0.095216,0.053322,nan,nan,nan,nan,nan,nan,nan,0.052730
176220.000000,0.153641,0.153289,0.152229,0.150442,0.147899,0.144548,0.140311,0.135064,0.128601,0.120553,0.110145,0.095201,0.053319,nan,nan,nan,nan,nan,nan,nan,0.052728
176280.000000,0.153607,0.153255,0.152195,0.150410,0.147867,0.144517,0.140282,0.135037,0.128576,0.120530,0.110126,0.095186,0.053317,nan,nan,nan,nan,nan,nan,nan,0.052726
176340.000000,0.153573,0.153222,0.152162,0.150377,0.147835,0.144487,0.140253,0.135010,0.128551,0.120508,0.110107,0.095171,0.053314,nan,nan,nan,nan,nan,nan,nan,0.052723
176400.000000,0.153539,0.153188,0.152129,0.150345,0.147804,0.144457,0.140224,0.134982,0.128526,0.120485,0.110087,0.095156,0.053311,nan,nan,nan,nan,nan,nan,nan,0.052721
176460.000000,0.153505,0.153154,0.152096,0.150312,0.147772,0.144426,0.140195,0.134955,0.128501,0.120463,0.110068,0.095141,0.053309,nan,nan,nan,nan,nan,nan,nan,0.052719
176520.000000,0.153472,0.153121,0.152062,0.150279,0.147741,0.144396,0.140166,0.134928,0.128476,0.120441,0.110049,0.095127,0.053306,nan,nan,nan,nan,nan,nan,nan,0.052717
176580.000000,0.153438,0.153087,0.152029,0.150247,0.147709,0.144365,0.140137,0.134901,0.128451,0.120418,0.110030,0.095112,0.053304,nan,nan,nan,nan,nan,nan,nan,0.052715
176640.000000,0.153404,0.153054,0.151996,0.150214,0.147677,0.144335,0.140109,0.134874,0.128426,0.120396,0.110011,0.095097,0.053301,nan,nan,nan,nan,nan,nan,nan,0.052713
176700.000000,0.153371,0.153020,0.151963,0.150182,0.147646,0.144305,0.140080,0.134847,0.128401,0.120374,0.109992,0.095082,0.053299,nan,nan,nan,nan,nan,nan,nan,0.052710
176760.000000,0.153337,0.152987,0.151930,0.150149,0.147614,0.144274,0.140051,0.134820,0.128377,0.120351,0.109973,0.095067,0.053296,nan,nan,nan,nan,nan,nan,nan,0.052708
176820.000000,0.153304,0.152953,0.151897,0.150117,0.147583,0.144244,0.140022,0.134793,0.128352,0.120329,0.109954,0.095053,0.053294,nan,nan,nan,nan,nan,nan,nan,0.052706
176880.000000,0.153270,0.152920,0.151864,0.150085,0.147551,0.144214,0.139993,0.134766,0.128327,0.120307,0.109935,0.095038,0.053291,nan,nan,nan,nan,nan,nan,nan,0.052704
176940.000000,0.153236,0.152886,0.151831,0.150052,0.147520,0.144183,0.139964,0.134739,0.128302,0.120285,0.109916,0.095023,0.053289,nan,nan,nan,nan,nan,nan,nan,0.052702
177000.000000,0.153203,0.152853,0.151798,0.150020,0.147488,0.144153,0.139936,0.134712,0.128277,0.120262,0.109897,0.095008,0.053286,nan,nan,nan,nan,nan,nan,nan,0.052699
177060.000000,0.153169,0.152820,0.151765,0.149988,0.147457,0.144123,0.139907,0.134685,0.128252,0.120240,0.109878,0.094994,0.053284,nan,nan,nan,nan,nan,nan,nan,0.052697
177120.000000,0.153136,0.152786,0.151732,0.149955,0.147426,0.144093,0.139878,0.134658,0.128228,0.120218,0.109859,0.094979,0.053281,nan,nan,nan,nan,nan,nan,nan,0.052695
177180.000000,0.153103,0.152753,0.151699,0.149923,0.147394,0.144063,0.139850,0.134631,0.128203,0.120196,0.109840,0.094964,0.053279,nan,nan,nan,nan,nan,nan,nan,0.052693
177240.000000,0.153069,0.152720,0.151666,0.149891,0.147363,0.144032,0.139821,0.134604,0.128178,0.120174,0.109821,0.094949,0.053276,nan,nan,nan,nan,nan,nan,nan,0.052691
177300.000000,0.153036,0.152687,0.151633,0.149859,0.147332,0.144002,0.139792,0.134577,0.128153,0.120152,0.109802,0.094935,0.053274,nan,nan,nan,nan,nan,nan,nan,0.052689
177360.000000,0.153002,0.152653,0.151600,0.149826,0.147300,0.143972,0.139764,0.134551,0.128129,0.120130,0.109783,0.094920,0.053271,nan,nan,nan,nan,nan,nan,nan,0.052687
177420.000000,0.152969,0.152620,0.151568,0.149794,0.147269,0.143942,0.139735,0.134524,0.128104,0.120107,0.109764,0.094905,0.053269,nan,nan,nan,nan,nan,nan,nan,0.052684
177480.000000,0.152936,0.152587,0.151535,0.149762,0.147238,0.143912,0.139706,0.134497,0.128079,0.120085,0.109745,0.094891,0.053266,nan,nan,nan,nan,nan,nan,nan,0.052682
177540.000000,0.152903,0.152554,0.151502,0.149730,0.147207,0.143882,0.139678,0.134470,0.128055,0.120063,0.109726,0.094876,0.053264,nan,nan,nan,nan,nan,nan,nan,0.052680
177600.000000,0.152869,0.152521,0.151469,0.149698,0.147176,0.143852,0.139649,0.134443,0.128030,0.120041,0.109707,0.094861,0.053261,nan,nan,nan,nan,nan,nan,nan,0.052678
177660.000000,0.152836,0.152488,0.151437,0.149666,0.147144,0.143822,0.139621,0.134417,0.128006,0.120019,0.109688,0.094847,0.053259,nan,nan,nan,nan,nan,nan,nan,0.052676
177720.000000,0.152803,0.152455,0.151404,0.149634,0.147113,0.143792,0.139592,0.134390,0.127981,0.119997,0.109669,0.094832,0.053256,nan,nan,nan,nan,nan,nan,nan,0.052674
177780.000000,0.152770,0.152422,0.151371,0.149602,0.147082,0.143762,0.139564,0.134363,0.127956,0.119975,0.109650,0.094818,0.053254,nan,nan,nan,nan,nan,nan,nan,0.052672
177840.000000,0.152737,0.152389,0.151339,0.149570,0.147051,0.143732,0.139535,0.134337,0.127932,0.119953,0.109632,0.094803,0.053251,nan,nan,nan,nan,nan,nan,nan,0.052669
177900.000000,0.152704,0.152356,0.151306,0.149538,0.147020,0.143702,0.139507,0.134310,0.127907,0.119931,0.109613,0.094788,0.053249,nan,nan,nan,nan,nan,nan,nan,0.052667
177960.000000,0.152670,0.152323,0.151274,0.149506,0.146989,0.143673,0.139479,0.134283,0.127883,0.119909,0.109594,0.094774,0.053246,nan,nan,nan,nan,nan,nan,nan,0.052665
178020.000000,0.152637,0.152290,0.151241,0.149474,0.146958,0.143643,0.139450,0.134257,0.127858,0.119887,0.109575,0.094759,0.053244,nan,nan,nan,nan,nan,nan,nan,0.052663
178080.000000,0.152604,0.152257,0.151208,0.149442,0.146927,0.143613,0.139422,0.134230,0.127834,0.119865,0.109556,0.094745,0.053241,nan,nan,nan,nan,nan,nan,nan,0.052661
178140.000000,0.152571,0.152224,0.151176,0.149410,0.146896,0.143583,0.139394,0.134204,0.127809,0.119843,0.109538,0.094730,0.053239,nan,nan,nan,nan,nan,nan,nan,0.052659
178200.000000,0.152538,0.152191,0.151143,0.149378,0.146865,0.143553,0.139365,0.134177,0.127785,0.119822,0.109519,0.094716,0.053236,nan,nan,nan,nan,nan,nan,nan,0.052657
178260.000000,0.152505,0.152158,0.151111,0.149347,0.146834,0.143524,0.139337,0.134151,0.127761,0.119800,0.109500,0.094701,0.053234,nan,nan,nan,nan,nan,nan,nan,0.052655
178320.000000,0.152473,0.152125,0.151079,0.149315,0.146803,0.143494,0.139309,0.134124,0.127736,0.119778,0.109481,0.094687,0.053231,nan,nan,nan,nan,nan,nan,nan,0.052652
178380.000000,0.152440,0.152093,0.151046,0.149283,0.146772,0.143464,0.139280,0.134098,0.127712,0.119756,0.109463,0.094672,0.053229,nan,nan,nan,nan,nan,nan,nan,0.052650
178440.000000,0.152407,0.152060,0.151014,0.149251,0.146742,0.143435,0.139252,0.134071,0.127687,0.119734,0.109444,0.094658,0.053226,nan,nan,nan,nan,nan,nan,nan,0.052648
178500.000000,0.152374,0.152027,0.150982,0.149220,0.146711,0.143405,0.139224,0.134045,0.127663,0.119712,0.109425,0.094643,0.053224,nan,nan,nan,nan,nan,nan,nan,0.052646
178560.000000,0.152341,0.151994,0.150949,0.149188,0.146680,0.143375,0.139196,0.134018,0.127639,0.119691,0.109407,0.094629,0.053221,nan,nan,nan,nan,nan,nan,nan,0.052644
178620.000000,0.152308,0.151962,0.150917,0.149156,0.146649,0.143346,0.139168,0.133992,0.127615,0.119669,0.109388,0.094614,0.053219,nan,nan,nan,nan,nan,nan,nan,0.052642
178680.000000,0.152275,0.151929,0.150885,0.149125,0.146618,0.143316,0.139140,0.133965,0.127590,0.119647,0.109369,0.094600,0.053217,nan,nan,nan,nan,nan,nan,nan,0.052640
178740.000000,0.152243,0.151897,0.150852,0.149093,0.146588,0.143287,0.139111,0.133939,0.127566,0.119625,0.109351,0.094585,0.053214,nan,nan,nan,nan,nan,nan,nan,0.052638
178800.000000,0.152210,0.151864,0.150820,0.149061,0.146557,0.143257,0.139083,0.133913,0.127542,0.119603,0.109332,0.094571,0.053212,nan,nan,nan,nan,nan,nan,nan,0.052636
178860.000000,0.152177,0.151831,0.150788,0.149030,0.146526,0.143227,0.139055,0.133886,0.127517,0.119582,0.109313,0.094556,0.053209,nan,nan,nan,nan,nan,nan,nan,0.052634
178920.000000,0.152145,0.151799,0.150756,0.148998,0.146496,0.143198,0.139027,0.133860,0.127493,0.119560,0.109295,0.094542,0.053207,nan,nan,nan,nan,nan,nan,nan,0.052631
178980.000000,0.152112,0.151766,0.150724,0.148967,0.146465,0.143169,0.138999,0.133834,0.127469,0.119538,0.109276,0.094528,0.053204,nan,nan,nan,nan,nan,nan,nan,0.052629
179040.000000,0.152079,0.151734,0.150692,0.148935,0.146435,0.143139,0.138971,0.133808,0.127445,0.119517,0.109258,0.094513,0.053202,nan,nan,nan,nan,nan,nan,nan,0.052627
179100.000000,0.152047,0.151701,0.150659,0.148904,0.146404,0.143110,0.138943,0.133781,0.127421,0.119495,0.109239,0.094499,0.053200,nan,nan,nan,nan,nan,nan,nan,0.052625
179160.000000,0.152014,0.151669,0.150627,0.148872,0.146373,0.143080,0.138915,0.133755,0.127397,0.119473,0.109221,0.094484,0.053197,nan,nan,nan,nan,nan,nan,nan,0.052623
179220.000000,0.151982,0.151636,0.150595,0.148841,0.146343,0.143051,0.138887,0.133729,0.127372,0.119452,0.109202,0.094470,0.053195,nan,nan,nan,nan,nan,nan,nan,0.052621
179280.000000,0.151949,0.151604,0.150563,0.148810,0.146312,0.143022,0.138859,0.133703,0.127348,0.119430,0.109184,0.094456,0.053192,nan,nan,nan,nan,nan,nan,nan,0.052619
179340.000000,0.151917,0.151572,0.150531,0.148778,0.146282,0.142992,0.138831,0.133677,0.127324,0.119409,0.109165,0.094441,0.053190,nan,nan,nan,nan,nan,nan,nan,0.052617
179400.000000,0.151884,0.151539,0.150499,0.148747,0.146251,0.142963,0.138804,0.133650,0.127300,0.119387,0.109147,0.094427,0.053187,nan,nan,nan,nan,nan,nan,nan,0.052615
179460.000000,0.151852,0.151507,0.150467,0.148716,0.146221,0.142934,0.138776,0.133624,0.127276,0.119366,0.109128,0.094413,0.053185,nan,nan,nan,nan,nan,nan,nan,0.052613
179520.000000,0.151819,0.151475,0.150436,0.148684,0.146191,0.142904,0.138748,0.133598,0.127252,0.119344,0.109110,0.094398,0.053183,nan,nan,nan,nan,nan,nan,nan,0.052611
179580.000000,0.151787,0.151443,0.150404,0.148653,0.146160,0.142875,0.138720,0.133572,0.127228,0.119322,0.109091,0.094384,0.053180,nan,nan,nan,nan,nan,nan,nan,0.052609
179640.000000,0.151755,0.151410,0.150372,0.148622,0.146130,0.142846,0.138692,0.133546,0.127204,0.119301,0.109073,0.094370,0.053178,nan,nan,nan,nan,nan,nan,nan,0.052607
179700.000000,0.151722,0.151378,0.150340,0.148591,0.146099,0.142817,0.138665,0.133520,0.127180,0.119279,0.109054,0.094356,0.053175,nan,nan,nan,nan,nan,nan,nan,0.052605
179760.000000,0.151690,0.151346,0.150308,0.148559,0.146069,0.142787,0.138637,0.133494,0.127156,0.119258,0.109036,0.094341,0.053173,nan,nan,nan,nan,nan,nan,nan,0.052602
179820.000000,0.151658,0.151314,0.150276,0.148528,0.146039,0.142758,0.138609,0.133468,0.127132,0.119237,0.109018,0.094327,0.053171,nan,nan,nan,nan,nan,nan,nan,0.052600
179880.000000,0.151625,0.151282,0.150245,0.148497,0.146009,0.142729,0.138581,0.133442,0.127108,0.119215,0.108999,0.094313,0.053168,nan,nan,nan,nan,nan,nan,nan,0.052598
179940.000000,0.151593,0.151249,0.150213,0.148466,0.145978,0.142700,0.138554,0.133416,0.127084,0.119194,0.108981,0.094299,0.053166,nan,nan,nan,nan,nan,nan,nan,0.052596
180000.000000,0.151561,0.151217,0.150181,0.148435,0.145948,0.142671,0.138526,0.133390,0.127060,0.119172,0.108962,0.094284,0.053163,nan,nan,nan,nan,nan,nan,nan,0.052594
180060.000000,0.151529,0.151185,0.150149,0.148404,0.145918,0.142642,0.138498,0.133364,0.127037,0.119151,0.108944,0.094270,0.053161,nan,nan,nan,nan,nan,nan,nan,0.052592
180120.000000,0.151497,0.151153,0.150118,0.148373,0.145888,0.142613,0.138471,0.133338,0.127013,0.119129,0.108926,0.094256,0.053159,nan,nan,nan,nan,nan,nan,nan,0.052590
180180.000000,0.151465,0.151121,0.150086,0.148342,0.145858,0.142584,0.138443,0.133312,0.126989,0.119108,0.108908,0.094242,0.053156,nan,nan,nan,nan,nan,nan,nan,0.052588
180240.000000,0.151432,0.151089,0.150054,0.148311,0.145827,0.142555,0.138416,0.133286,0.126965,0.119087,0.108889,0.094228,0.053154,nan,nan,nan,nan,nan,nan,nan,0.052586
180300.000000,0.151400,0.151057,0.150023,0.148280,0.145797,0.142526,0.138388,0.133261,0.126941,0.119065,0.108871,0.094213,0.053151,nan,nan,nan,nan,nan,nan,nan,0.052584
180360.000000,0.151368,0.151025,0.149991,0.148249,0.145767,0.142497,0.138360,0.133235,0.126918,0.119044,0.108853,0.094199,0.053149,nan,nan,nan,nan,nan,nan,nan,0.052582
180420.000000,0.151336,0.150993,0.149960,0.148218,0.145737,0.142468,0.138333,0.133209,0.126894,0.119023,0.108834,0.094185,0.053147,nan,nan,nan,nan,nan,nan,nan,0.052580
180480.000000,0.151304,0.150962,0.149928,0.148187,0.145707,0.142439,0.138305,0.133183,0.126870,0.119002,0.108816,0.094171,0.053144,nan,nan,nan,nan,nan,nan,nan,0.052578
180540.000000,0.151272,0.150930,0.149897,0.148156,0.145677,0.142410,0.138278,0.133157,0.126846,0.118980,0.108798,0.094157,0.053142,nan,nan,nan,nan,nan,nan,nan,0.052576
180600.000000,0.151240,0.150898,0.149865,0.148125,0.145647,0.142381,0.138250,0.133132,0.126823,0.118959,0.108780,0.094143,0.053140,nan,nan,nan,nan,nan,nan,nan,0.052574
180660.000000,0.151208,0.150866,0.149834,0.148094,0.145617,0.142353,0.138223,0.133106,0.126799,0.118938,0.108761,0.094128,0.053137,nan,nan,nan,nan,nan,nan,nan,0.052572
180720.000000,0.151176,0.150834,0.149802,0.148064,0.145587,0.142324,0.138196,0.133080,0.126775,0.118917,0.108743,0.094114,0.053135,nan,nan,nan,nan,nan,nan,nan,0.052570
180780.000000,0.151145,0.150802,0.149771,0.148033,0.145557,0.142295,0.138168,0.133054,0.126752,0.118895,0.108725,0.094100,0.053133,nan,nan,nan,nan,nan,nan,nan,0.052568
180840.000000,0.151113,0.150771,0.149740,0.148002,0.145527,0.142266,0.138141,0.133029,0.126728,0.118874,0.108707,0.094086,0.053130,nan,nan,nan,nan,nan,nan,nan,0.052566
180900.000000,0.151081,0.150739,0.149708,0.147971,0.145498,0.142237,0.138113,0.133003,0.126704,0.118853,0.108689,0.094072,0.053128,nan,nan,nan,nan,nan,nan,nan,0.052564
180960.000000,0.151049,0.150707,0.149677,0.147941,0.145468,0.142209,0.138086,0.132977,0.126681,0.118832,0.108671,0.094058,0.053126,nan,nan,nan,nan,nan,nan,nan,0.052562
181020.000000,0.151017,0.150676,0.149646,0.147910,0.145438,0.142180,0.138059,0.132952,0.126657,0.118811,0.108653,0.094044,0.053123,nan,nan,nan,nan,nan,nan,nan,0.052560
181080.000000,0.150985,0.150644,0.149614,0.147879,0.145408,0.142151,0.138032,0.132926,0.126633,0.118790,0.108634,0.094030,0.053121,nan,nan,nan,nan,nan,nan,nan,0.052558
181140.000000,0.150954,0.150612,0.149583,0.147849,0.145378,0.142123,0.138004,0.132901,0.126610,0.118768,0.108616,0.094016,0.053119,nan,nan,nan,nan,nan,nan,nan,0.052556
181200.000000,0.150922,0.150581,0.149552,0.147818,0.145349,0.142094,0.137977,0.132875,0.126586,0.118747,0.108598,0.094002,0.053116,nan,nan,nan,nan,nan,nan,nan,0.052554
181260.000000,0.150890,0.150549,0.149521,0.147787,0.145319,0.142065,0.137950,0.132850,0.126563,0.118726,0.108580,0.093988,0.053114,nan,nan,nan,nan,nan,nan,nan,0.052552
181320.000000,0.150859,0.150518,0.149489,0.147757,0.145289,0.142037,0.137923,0.132824,0.126539,0.118705,0.108562,0.093974,0.053111,nan,nan,nan,nan,nan,nan,nan,0.052550
181380.000000,0.150827,0.150486,0.149458,0.147726,0.145259,0.142008,0.137895,0.132798,0.126516,0.118684,0.108544,0.093960,0.053109,nan,nan,nan,nan,nan,nan,nan,0.052548
181440.000000,0.150795,0.150455,0.149427,0.147696,0.145230,0.141980,0.137868,0.132773,0.126492,0.118663,0.108526,0.093946,0.053107,nan,nan,nan,nan,nan,nan,nan,0.052546
181500.000000,0.150764,0.150423,0.149396,0.147665,0.145200,0.141951,0.137841,0.132748,0.126469,0.118642,0.108508,0.093932,0.053105,nan,nan,nan,nan,nan,nan,nan,0.052544
181560.000000,0.150732,0.150392,0.149365,0.147635,0.145170,0.141923,0.137814,0.132722,0.126446,0.118621,0.108490,0.093918,0.053102,nan,nan,nan,nan,nan,nan,nan,0.052542
181620.000000,0.150701,0.150360,0.149334,0.147604,0.145141,0.141894,0.137787,0.132697,0.126422,0.118600,0.108472,0.093904,0.053100,nan,nan,nan,nan,nan,nan,nan,0.052540
181680.000000,0.150669,0.150329,0.149303,0.147574,0.145111,0.141866,0.137760,0.132671,0.126399,0.118579,0.108454,0.093890,0.053098,nan,nan,nan,nan,nan,nan,nan,0.052538
181740.000000,0.150638,0.150298,0.149272,0.147543,0.145082,0.141837,0.137733,0.132646,0.126375,0.118558,0.108436,0.093876,0.053095,nan,nan,nan,nan,nan,nan,nan,0.052536
181800.000000,0.150606,0.150266,0.149241,0.147513,0.145052,0.141809,0.137706,0.132620,0.126352,0.118537,0.108418,0.093862,0.053093,nan,nan,nan,nan,nan,nan,nan,0.052534
181860.000000,0.150575,0.150235,0.149210,0.147483,0.145023,0.141780,0.137679,0.132595,0.126329,0.118516,0.108400,0.093848,0.053091,nan,nan,nan,nan,nan,nan,nan,0.052532
181920.000000,0.150543,0.150204,0.149179,0.147452,0.144993,0.141752,0.137652,0.132570,0.126305,0.118495,0.108382,0.093834,0.053088,nan,nan,nan,nan,nan,nan,nan,0.052530
181980.000000,0.150512,0.150172,0.149148,0.147422,0.144964,0.141724,0.137625,0.132544,0.126282,0.118474,0.108364,0.093820,0.053086,nan,nan,nan,nan,nan,nan,nan,0.052528
182040.000000,0.150481,0.150141,0.149117,0.147392,0.144934,0.141695,0.137598,0.132519,0.126259,0.118453,0.108346,0.093806,0.053084,nan,nan,nan,nan,nan,nan,nan,0.052526
182100.000000,0.150449,0.150110,0.149086,0.147361,0.144905,0.141667,0.137571,0.132494,0.126235,0.118433,0.108328,0.093793,0.053081,nan,nan,nan,nan,nan,nan,nan,0.052524
182160.000000,0.150418,0.150079,0.149055,0.147331,0.144875,0.141639,0.137544,0.132469,0.126212,0.118412,0.108311,0.093779,0.053079,nan,nan,nan,nan,nan,nan,nan,0.052522
182220.000000,0.150387,0.150047,0.149025,0.147301,0.144846,0.141610,0.137517,0.132443,0.126189,0.118391,0.108293,0.093765,0.053077,nan,nan,nan,nan,nan,nan,nan,0.052520
182280.000000,0.150355,0.150016,0.148994,0.147271,0.144817,0.141582,0.137490,0.132418,0.126166,0.118370,0.108275,0.093751,0.053075,nan,nan,nan,nan,nan,nan,nan,0.052518
182340.000000,0.150324,0.149985,0.148963,0.147241,0.144787,0.141554,0.137463,0.132393,0.126142,0.118349,0.108257,0.093737,0.053072,nan,nan,nan,nan,nan,nan,nan,0.052516
182400.000000,0.150293,0.149954,0.148932,0.147210,0.144758,0.141526,0.137436,0.132368,0.126119,0.118328,0.108239,0.093723,0.053070,nan,nan,nan,nan,nan,nan,nan,0.052515
182460.000000,0.150262,0.149923,0.148901,0.147180,0.144729,0.141497,0.137409,0.132343,0.126096,0.118308,0.108221,0.093709,0.053068,nan,nan,nan,nan,nan,nan,nan,0.052513
182520.000000,0.150230,0.149892,0.148871,0.147150,0.144699,0.141469,0.137383,0.132317,0.126073,0.118287,0.108204,0.093696,0.053065,nan,nan,nan,nan,nan,nan,nan,0.052511
182580.000000,0.150199,0.149861,0.148840,0.147120,0.144670,0.141441,0.137356,0.132292,0.126050,0.118266,0.108186,0.093682,0.053063,nan,nan,nan,nan,nan,nan,nan,0.052509
182640.000000,0.150168,0.149830,0.148809,0.147090,0.144641,0.141413,0.137329,0.132267,0.126027,0.118245,0.108168,0.093668,0.053061,nan,nan,nan,nan,nan,nan,nan,0.052507
182700.000000,0.150137,0.149799,0.148779,0.147060,0.144612,0.141385,0.137302,0.132242,0.126004,0.118225,0.108150,0.093654,0.053059,nan,nan,nan,nan,nan,nan,nan,0.052505
182760.000000,0.150106,0.149768,0.148748,0.147030,0.144583,0.141357,0.137276,0.132217,0.125980,0.118204,0.108132,0.093640,0.053056,nan,nan,nan,nan,nan,nan,nan,0.052503
182820.000000,0.150075,0.149737,0.148718,0.147000,0.144553,0.141329,0.137249,0.132192,0.125957,0.118183,0.108115,0.093627,0.053054,nan,nan,nan,nan,nan,nan,nan,0.052501
182880.000000,0.150044,0.149706,0.148687,0.146970,0.144524,0.141301,0.137222,0.132167,0.125934,0.118163,0.108097,0.093613,0.053052,nan,nan,nan,nan,nan,nan,nan,0.052499
182940.000000,0.150013,0.149675,0.148656,0.146940,0.144495,0.141273,0.137196,0.132142,0.125911,0.118142,0.108079,0.093599,0.053049,nan,nan,nan,nan,nan,nan,nan,0.052497
